mean_ear,min_ear,max_ear,std_ear,ear_q10,ear_q25,ear_q75,ear_q90,ear_range,ear_slope,perclos,longest_eye_close,longest_eye_close_seconds,mean_eye_close_duration,eye_close_events,eye_close_event_rate,mean_mar,min_mar,max_mar,std_mar,mar_q75,mar_q90,mar_q95,mar_range,mar_slope,mouth_open_ratio,mouth_open_events,longest_mouth_open,longest_mouth_open_seconds,mean_mouth_open_duration,eye_mouth_ratio,fatigue_score,yawn_score,label,source,video_name,group_id,window_index,frame_start,frame_end,fps,samples_per_second,window_seconds
0.17751276353180154,0.14347147297304946,0.2002284263430755,0.012295498288176547,0.16078316395054576,0.17143850759302987,0.18389243202546535,0.19218523242463878,0.056756953370026036,0.00016323080946015317,0.05084745762711865,1,0.16683976809025278,0.16683976809025278,3,0.3047682108956929,0.017077464530756366,0.0,0.0531306428361855,0.01195168509924351,0.022989375939956425,0.03183229627001047,0.035107053202330284,0.0531306428361855,-9.048271928431846e-05,0.0,0,0,0.0,0.0,10.393953344700355,0.05084745762711865,0.0,NORMAL,uta,data\raw\uta\normal\normal_001_5323f00c.mov,group_001,1,5,300,29.968874071409797,5.993774814281959,10.0
0.1896344571907931,0.16660913932436516,0.2109651116300583,0.0096273065752894,0.17878159081644196,0.18408267921660754,0.1954770054267812,0.20133341622728984,0.04435597230569313,5.150509884104914e-05,0.0,0,0.0,0.0,0,0.0,0.015603460898985943,0.0,0.05171645175253436,0.011115220327940085,0.017694812452664525,0.024464884707901115,0.03429403910249373,0.05171645175253436,-7.665875089350513e-06,0.0,0,0,0.0,0.0,12.15257985638687,0.0,0.0,NORMAL,uta,data\raw\uta\normal\normal_001_5323f00c.mov,group_001,2,305,595,29.968874071409797,5.993774814281959,10.0
0.17648786616308265,0.15260842673023667,0.20256720171820353,0.012111894963041232,0.15898361823353593,0.16570740544724244,0.18470986698173447,0.19149405335835085,0.04995877498796686,-0.0001557555508884417,0.0,0,0.0,0.0,0,0.0,0.00941311564039966,0.0,0.024776471541572212,0.009812115004623418,0.017380495175633025,0.02316081663600661,0.02394154335487417,0.024776471541572212,5.398091263461367e-05,0.0,0,0,0.0,0.0,18.747152988614676,0.0,0.0,NORMAL,uta,data\raw\uta\normal\normal_001_5323f00c.mov,group_001,3,600,890,29.968874071409797,5.993774814281959,10.0
0.17304599931527428,0.11839280692147604,0.20533689142574899,0.01668527338641994,0.15470569396316863,0.1639623160774441,0.18281638274494333,0.19350768030037682,0.08694408450427295,0.00010617381578789229,0.06779661016949153,2,0.33367953618050555,0.22245302412033702,3,0.3047682108956929,0.019839842716647946,0.0,0.06943774745378858,0.012376913771841934,0.024801226197977585,0.036770964434390166,0.039293246372731246,0.06943774745378858,-0.0002569306513034471,0.0,0,0,0.0,0.0,8.721706118363398,0.13559322033898305,0.0,NORMAL,uta,data\raw\uta\normal\normal_001_5323f00c.mov,group_001,4,895,1205,29.968874071409797,5.993774814281959,10.0
0.1874651014559829,0.1508874000516429,0.20914503374720092,0.011080092893417244,0.1759611231233285,0.18154363120779016,0.19439189816934282,0.20169327631772216,0.05825763369555803,-0.00010057817072208149,0.0,0,0.0,0.0,0,0.0,0.013642960377686544,0.0,0.0518406173798095,0.01298751446471782,0.017092767897066236,0.03278248047860214,0.03612424402734798,0.0518406173798095,0.0002708768720066996,0.0,0,0,0.0,0.0,13.739786415868302,0.0,0.0,NORMAL,uta,data\raw\uta\normal\normal_001_5323f00c.mov,group_001,5,1210,1500,29.968874071409797,5.993774814281959,10.0
0.18344666117495295,0.14754564477112686,0.2038136901774068,0.009418986636628036,0.17542991304794966,0.17967965417189924,0.18814183103117813,0.19345581989482769,0.05626804540627994,4.8658507579562346e-05,0.01694915254237288,1,0.16683976809025278,0.16683976809025278,1,0.10158940363189763,0.021385706797835788,0.0,0.06666666666666667,0.013687836775331237,0.03225596697632459,0.03787770095392851,0.03953053091760445,0.06666666666666667,8.131447226075833e-05,0.0,0,0,0.0,0.0,8.577602101578195,0.01694915254237288,0.0,NORMAL,uta,data\raw\uta\normal\normal_001_5323f00c.mov,group_001,6,1505,1795,29.968874071409797,5.993774814281959,10.0
0.18841707067237,0.15890208481977802,0.21646258044227581,0.013607595421427305,0.16872891245636587,0.1810012905491839,0.1977282412574859,0.20752804298030328,0.05756049562249779,-5.874602153476702e-06,0.0,0,0.0,0.0,0,0.0,0.019413823125875647,0.0,0.050840155629863056,0.012191615422575413,0.023966279201637068,0.034791480110457566,0.03787933232437041,0.050840155629863056,-0.00013318386297796393,0.0,0,0,0.0,0.0,9.70480490348902,0.0,0.0,NORMAL,uta,data\raw\uta\normal\normal_001_5323f00c.mov,group_001,7,1800,2090,29.968874071409797,5.993774814281959,10.0
0.19201412816471408,0.1543049341858469,0.21210478023985024,0.010495143481704607,0.1824686591530411,0.18804907841976598,0.19815169322129073,0.20374558436014203,0.057799846054003345,-8.51521096770564e-05,0.0,0,0.0,0.0,0,0.0,0.029477576501773278,0.0,0.0723240570679579,0.01654551613548606,0.03447763450168957,0.050840155629863056,0.06662966046527696,0.0723240570679579,-0.00026044795908582554,0.0,0,0,0.0,0.0,6.513683866422909,0.0,0.0,NORMAL,uta,data\raw\uta\normal\normal_001_5323f00c.mov,group_001,8,2095,2385,29.968874071409797,5.993774814281959,10.0
0.1900474990349499,0.1519499353029356,0.20564614272672405,0.010369795136906368,0.17940521250650862,0.18555847942706252,0.1975943652960381,0.20356111963795878,0.053696207423788445,-2.3158773898652906e-05,0.0,0,0.0,0.0,0,0.0,0.021308349985653032,0.0,0.08328707558159619,0.016123836712548825,0.024350440792625046,0.04030077216353885,0.052562870830443975,0.08328707558159619,-0.00014015401896163226,0.0,0,0,0.0,0.0,8.918502871411064,0.0,0.0,NORMAL,uta,data\raw\uta\normal\normal_001_5323f00c.mov,group_001,9,2390,2680,29.968874071409797,5.993774814281959,10.0
0.18496882493238517,0.15083787243254335,0.2114675645482967,0.011787535491094792,0.16400304934133828,0.18148072351617783,0.19267040980940314,0.19573343297787138,0.060629692115753364,2.6527361839416674e-05,0.0,0,0.0,0.0,0,0.0,0.01915351432938977,0.0,0.03920513652301045,0.012047637432463322,0.02457792034849409,0.03600264691583447,0.03791850195655561,0.03920513652301045,0.0002635701515768855,0.0,0,0,0.0,0.0,9.656670054462193,0.0,0.0,NORMAL,uta,data\raw\uta\normal\normal_001_5323f00c.mov,group_001,10,2685,2975,29.968874071409797,5.993774814281959,10.0
0.1859316065919733,0.16041611808099807,0.2150217449876101,0.009077318971316969,0.17315578067365106,0.1816444324842561,0.19059737271476782,0.19419750626252938,0.054605626906612026,3.349583144815226e-05,0.0,0,0.0,0.0,0,0.0,0.026099918998613112,0.0,0.055401874609544474,0.013523220150646572,0.035066140133044446,0.041442489429136975,0.050840155629863056,0.055401874609544474,0.00017312337947888523,0.0,0,0,0.0,0.0,7.123565518970918,0.0,0.0,NORMAL,uta,data\raw\uta\normal\normal_001_5323f00c.mov,group_001,11,2980,3270,29.968874071409797,5.993774814281959,10.0
0.18705767093340503,0.1488277239653754,0.2121212348371589,0.011022152363724494,0.17276094260544764,0.18158441946416717,0.1932278715430243,0.19839357033353905,0.06329351087178348,0.00022167388175338846,0.01694915254237288,1,0.16683976809025278,0.16683976809025278,1,0.10158940363189763,0.024085142420422038,0.0,0.08766535033261111,0.016919758392367625,0.03477188731736701,0.03920513652301045,0.05190109550234579,0.08766535033261111,0.0003105370720947249,0.0,0,0,0.0,0.0,7.766194671953924,0.01694915254237288,0.0,NORMAL,uta,data\raw\uta\normal\normal_001_5323f00c.mov,group_001,12,3275,3565,29.968874071409797,5.993774814281959,10.0
0.18475084175842826,0.14646426494292075,0.20681972761162423,0.011989379498071476,0.1699008656144181,0.17878016775032227,0.19327757490351266,0.198417908667392,0.06035546266870348,-0.00026311092433272515,0.01694915254237288,1,0.16683976809025278,0.16683976809025278,1,0.10158940363189763,0.027867777794324193,0.0,0.07229069982562639,0.014943725469943832,0.035052681107443445,0.05278682731337708,0.05353985511682173,0.07229069982562639,-0.0002595420225731586,0.0,0,0,0.0,0.0,6.629312671044188,0.01694915254237288,0.0,NORMAL,uta,data\raw\uta\normal\normal_001_5323f00c.mov,group_001,13,3570,3860,29.968874071409797,5.993774814281959,10.0
0.1800627367391179,0.14182258213306437,0.20274736482854114,0.010558672789839161,0.16460680794129073,0.17615726107563506,0.18592871572601402,0.1911837152423762,0.06092478269547677,0.00016107672354649525,0.01694915254237288,1,0.16683976809025278,0.16683976809025278,1,0.10158940363189763,0.020662762765680544,0.0,0.03665685209016049,0.005771482139533892,0.023183828891362217,0.023570226039551587,0.03263881931854803,0.03665685209016049,4.481923966014375e-05,0.0,0,0,0.0,0.0,8.713937475036031,0.01694915254237288,0.0,NORMAL,uta,data\raw\uta\normal\normal_001_5323f00c.mov,group_001,14,3865,4155,29.968874071409797,5.993774814281959,10.0
0.17934769968327033,0.1335471194662813,0.2082034527738419,0.016960938906553466,0.15886071581564917,0.16752843848279694,0.1919964782801032,0.1989512679816146,0.07465633330756058,0.00025025082260431223,0.05084745762711865,2,0.33367953618050555,0.25025965213537915,2,0.20317880726379525,0.017556101030850507,0.0,0.03982831174232289,0.01042460799689661,0.024309052217516038,0.02561494902559226,0.03594697556965567,0.03982831174232289,0.0002650346817863291,0.0,0,0,0.0,0.0,10.215108939005876,0.1016949152542373,0.0,NORMAL,uta,data\raw\uta\normal\normal_001_5323f00c.mov,group_001,15,4160,4450,29.968874071409797,5.993774814281959,10.0
0.18868548472534163,0.16006623299515535,0.21469051824209057,0.013476192913242674,0.17257949030940617,0.17897014328933988,0.19641340499842821,0.20785896552294386,0.05462428524693522,-8.593540241543753e-05,0.0,0,0.0,0.0,0,0.0,0.020011621331203985,0.0,0.052558833122763673,0.013259556387349079,0.02499706251730334,0.03862774677545672,0.039872611141445,0.052558833122763673,-0.00035700960175747695,0.0,0,0,0.0,0.0,9.428324336059882,0.0,0.0,NORMAL,uta,data\raw\uta\normal\normal_001_5323f00c.mov,group_001,16,4455,4745,29.968874071409797,5.993774814281959,10.0
0.18677111157553658,0.14686245616120702,0.21108160597479345,0.010301264925556115,0.17798733587163731,0.18181205202588802,0.19151786049806369,0.19789427048794822,0.06421914981358642,0.00019457384843949308,0.01694915254237288,1,0.16683976809025278,0.16683976809025278,1,0.10158940363189763,0.02644258576997025,0.0,0.04999305700198,0.01043479576512392,0.035052681107443445,0.0361287646007157,0.03850428429205165,0.04999305700198,-8.180440278723344e-05,0.0,0,0,0.0,0.0,7.063002468736172,0.01694915254237288,0.0,NORMAL,uta,data\raw\uta\normal\normal_001_5323f00c.mov,group_001,17,4750,5040,29.968874071409797,5.993774814281959,10.0
0.18862266702260014,0.1531576956207672,0.211215632563974,0.011096704840434353,0.17594545183419086,0.18169024615966953,0.1952735951021092,0.20043866479789094,0.058057936943206795,7.13190249524339e-05,0.0,0,0.0,0.0,0,0.0,0.020565946004196096,0.0,0.06665740933597333,0.017114402676033164,0.03304865535562031,0.04047856132834713,0.052292937744492445,0.06665740933597333,0.0001553227383550427,0.0,0,0,0.0,0.0,9.171155843172684,0.0,0.0,NORMAL,uta,data\raw\uta\normal\normal_001_5323f00c.mov,group_001,18,5045,5335,29.968874071409797,5.993774814281959,10.0
0.1922579703136564,0.15138481532566744,0.21210031772353036,0.013739144563250639,0.17482630072515823,0.18692156030413953,0.20070867427482078,0.20975297682287708,0.060715502397862914,4.6630075393549645e-05,0.0,0,0.0,0.0,0,0.0,0.026312349630307482,0.0,0.05171645175253436,0.01281731465012459,0.03446227583977888,0.038665023879439785,0.04925565434631088,0.05171645175253436,-2.025785210683366e-05,0.0,0,0,0.0,0.0,7.30648028528513,0.0,0.0,NORMAL,uta,data\raw\uta\normal\normal_001_5323f00c.mov,group_001,19,5340,5630,29.968874071409797,5.993774814281959,10.0
0.1874182663932212,0.15219601763070606,0.21405869868243663,0.015368561450117576,0.16528348047618666,0.17498601705195063,0.19968739100785232,0.2034445024293176,0.06186268105173057,-0.0003108579440466186,0.0,0,0.0,0.0,0,0.0,0.02311358497779836,0.0,0.1253515660854349,0.01850652583249367,0.03333066307217963,0.03608965896831948,0.04043865520107251,0.1253515660854349,-0.00015182500296923965,0.01694915254237288,1,1,0.16683976809025278,0.16683976809025278,8.108225459087286,0.0,0.0021246028150073712,NORMAL,uta,data\raw\uta\normal\normal_001_5323f00c.mov,group_001,20,5635,5935,29.968874071409797,5.993774814281959,10.0
0.18057715265485255,0.08492356354329172,0.20883414156452113,0.019509911702951358,0.16022821201635484,0.17169691415794155,0.19304175965141945,0.20079485663269048,0.1239105780212294,0.00027248295940924,0.03389830508474576,1,0.1668396028399861,0.1668396028399861,2,0.20317900850709425,0.02961246321537764,0.0,0.11440431083564995,0.01980547624073825,0.037267799624996496,0.040632955167754725,0.04954478362503383,0.11440431083564995,2.2214477595789896e-05,0.0,0,0,0.0,0.0,6.097805965534037,0.03389830508474576,0.0,NORMAL,uta,data\raw\uta\normal\normal_002_92524308.mov,group_002,1,5,300,29.968903754796397,5.99378075095928,10.0
0.1787434425138588,0.1278118984515438,0.20291967385882972,0.011477051797602843,0.1660328340192775,0.17304264460166985,0.1853438231371185,0.19080199565516087,0.07510777540728591,3.520630929976045e-05,0.01694915254237288,1,0.1668396028399861,0.1668396028399861,1,0.10158950425354712,0.018523116605155272,0.0,0.03789401465834748,0.007125644324644105,0.023969721396154154,0.024898569029604696,0.025712973861329,0.03789401465834748,-0.00013605185381442285,0.0,0,0,0.0,0.0,9.649228965883013,0.01694915254237288,0.0,NORMAL,uta,data\raw\uta\normal\normal_002_92524308.mov,group_002,2,305,595,29.968903754796397,5.99378075095928,10.0
0.17270794239720233,0.13016544505642347,0.19656750300508954,0.011842160293306462,0.16062013455687948,0.16612199513741088,0.18077973418563237,0.1884408018738407,0.06640205794866608,-0.00017328878568713705,0.03389830508474576,1,0.1668396028399861,0.1668396028399861,2,0.20317900850709425,0.014678710052950864,0.0,0.024810764252159563,0.008282951536571263,0.017543859649122806,0.023646818303445106,0.024810764252159563,0.024810764252159563,-3.396004112290734e-06,0.0,0,0,0.0,0.0,11.765078586309352,0.03389830508474576,0.0,NORMAL,uta,data\raw\uta\normal\normal_002_92524308.mov,group_002,3,600,890,29.968903754796397,5.99378075095928,10.0
0.17179315685926352,0.12089790676102968,0.18989649120992497,0.011046084462808683,0.16160986499134655,0.16832725384695285,0.17715867053197315,0.1823589122854705,0.06899858444889528,0.00012464886735159348,0.03389830508474576,1,0.1668396028399861,0.1668396028399861,2,0.20317900850709425,0.01564581032903352,0.0,0.03571428571428571,0.01109405741135704,0.024806946917841695,0.025250593234269224,0.035082860624877615,0.03571428571428571,-9.8177279178141e-05,0.0,0,0,0.0,0.0,10.979436271461145,0.03389830508474576,0.0,NORMAL,uta,data\raw\uta\normal\normal_002_92524308.mov,group_002,4,895,1185,29.968903754796397,5.99378075095928,10.0
0.16884858693189375,0.14237162201901973,0.18953833031248976,0.0105678860993543,0.15238613165672607,0.16326375124630615,0.17496904327773732,0.1805783535511464,0.04716670829347003,8.777269921589766e-05,0.0847457627118644,3,0.5005188085199583,0.4170990070999653,2,0.20317900850709425,0.04260233463359671,0.0,0.0997081789332128,0.024230542836389805,0.058023308089089724,0.07361749723266503,0.08978534391473161,0.0997081789332128,0.0005331567582272093,0.0,0,0,0.0,0.0,3.9632716167419644,0.2542372881355932,0.0,NORMAL,uta,data\raw\uta\normal\normal_002_92524308.mov,group_002,5,1190,1480,29.968903754796397,5.99378075095928,10.0
0.16029487346295268,0.1282055127918789,0.18282646307086944,0.008127453639626471,0.1522610474058236,0.1561520895122313,0.16482972392616307,0.16837302154833225,0.054620950278990554,-0.0001086382129129115,0.06779661016949153,2,0.3336792056799722,0.22245280378664814,3,0.3047685127606414,0.050449233750098584,0.01817881366751496,0.09264821092241589,0.01652666969940191,0.05748645634914616,0.07286641897100785,0.07665602764349846,0.07446939725490093,0.0005815267130897482,0.0,0,0,0.0,0.0,3.1772870321465945,0.13559322033898305,0.0,NORMAL,uta,data\raw\uta\normal\normal_002_92524308.mov,group_002,6,1485,1775,29.968903754796397,5.99378075095928,10.0
0.15507544957521746,0.12877252928419006,0.1696468615806121,0.00885204988329564,0.14471935244806625,0.1483409097614008,0.1624797625207842,0.16550516448847158,0.04087433229642204,1.0700807621727594e-05,0.3220338983050847,10,1.6683960283998611,0.45285035056567663,7,0.7111265297748298,0.06062669014974329,0.03845442846268641,0.09619079498135935,0.015850391622296962,0.07359756255960573,0.09099590527639176,0.09100025533186817,0.05773636651867294,-0.0003526287709816744,0.0,0,0,0.0,0.0,2.5578320597766346,3.2203389830508473,0.0,NORMAL,uta,data\raw\uta\normal\normal_002_92524308.mov,group_002,7,1780,2070,29.968903754796397,5.99378075095928,10.0
0.16967037492697834,0.10887936026154614,0.1982459772489886,0.016190025529239618,0.14992919236313157,0.16170924990561586,0.17954272778627056,0.18617191989050144,0.08936661698744246,3.603026051114708e-05,0.1016949152542373,4,0.6673584113599444,0.3336792056799722,3,0.3047685127606414,0.029010209042286333,0.0,0.057692307692307696,0.012067137460655741,0.03773249147591551,0.04140298750940411,0.043413172905198395,0.057692307692307696,-0.00044250478832259273,0.0,0,0,0.0,0.0,5.848442051472904,0.4067796610169492,0.0,NORMAL,uta,data\raw\uta\normal\normal_002_92524308.mov,group_002,8,2075,2365,29.968903754796397,5.99378075095928,10.0
0.17739135038482767,0.12333762156690815,0.20161286960148175,0.010407183406024222,0.1688095201346879,0.17216238020800978,0.18249012596290445,0.18756338910803058,0.0782752480345736,7.873615441540909e-05,0.01694915254237288,1,0.1668396028399861,0.1668396028399861,1,0.10158950425354712,0.012945852269386512,0.0,0.025712973861329,0.009637796519331205,0.01818181818181818,0.02525381361380527,0.02570872483645304,0.025712973861329,-0.00017170495738503107,0.0,0,0,0.0,0.0,13.701504172120549,0.01694915254237288,0.0,NORMAL,uta,data\raw\uta\normal\normal_002_92524308.mov,group_002,9,2370,2660,29.968903754796397,5.99378075095928,10.0
0.16744971474016312,0.14816768744965347,0.18920641348331124,0.008258637316825003,0.15606566995420443,0.16266005308856613,0.1725298646067973,0.1765936772708474,0.04103872603365777,-4.482574772039985e-05,0.01694915254237288,1,0.1668396028399861,0.1668396028399861,1,0.10158950425354712,0.017006082110845516,0.0,0.03636363636363636,0.00862301911382652,0.018864566947613626,0.026185548493043817,0.026678526425610413,0.03636363636363636,4.82792270114143e-05,0.0,0,0,0.0,0.0,9.84588147742166,0.01694915254237288,0.0,NORMAL,uta,data\raw\uta\normal\normal_002_92524308.mov,group_002,10,2665,2955,29.968903754796397,5.99378075095928,10.0
0.164569143386787,0.1450935637270313,0.18347965369565994,0.008439092957425632,0.15306766922057213,0.16070313665340766,0.1681661118726615,0.17414848161217483,0.038386089968628634,6.088282446257261e-05,0.06779661016949153,3,0.5005188085199583,0.3336792056799722,2,0.20317900850709425,0.016756673722448597,0.0,0.04064906311086571,0.00893803652373731,0.019227214231343204,0.02628417135761674,0.02724468328436383,0.04064906311086571,-0.0001310741901189697,0.0,0,0,0.0,0.0,9.820524382589571,0.2033898305084746,0.0,NORMAL,uta,data\raw\uta\normal\normal_002_92524308.mov,group_002,11,2960,3250,29.968903754796397,5.99378075095928,10.0
0.16710792283298104,0.14202045023685075,0.187382266102968,0.009541703099887965,0.1556066559836567,0.16004806811301567,0.17402314900232418,0.17862165143856626,0.04536181586611723,-0.000157865602581233,0.03389830508474576,1,0.1668396028399861,0.1668396028399861,2,0.20317900850709425,0.014958277556694054,0.0,0.03843312210120439,0.011022912776619279,0.0226169036569105,0.026951343362229294,0.028233496609684876,0.03843312210120439,-0.0001369519051304906,0.0,0,0,0.0,0.0,11.170855156584933,0.03389830508474576,0.0,NORMAL,uta,data\raw\uta\normal\normal_002_92524308.mov,group_002,12,3255,3545,29.968903754796397,5.99378075095928,10.0
0.1796774836601153,0.12652866422339754,0.20587564848429735,0.012780681706717882,0.1701340856264552,0.1735847389659182,0.1859349683624309,0.19545299880375322,0.07934698426089981,0.00035106918974135714,0.01694915254237288,1,0.1668396028399861,0.1668396028399861,1,0.10158950425354712,0.015877948484862226,0.0,0.03630966210657986,0.008701454800537668,0.018518518518518517,0.025224080422304618,0.025756317413339558,0.03630966210657986,3.184305750499578e-05,0.0,0,0,0.0,0.0,11.315452268858108,0.01694915254237288,0.0,NORMAL,uta,data\raw\uta\normal\normal_002_92524308.mov,group_002,13,3550,3840,29.968903754796397,5.99378075095928,10.0
0.17602577419288365,0.15888859598609767,0.1984781226959704,0.009643243938031601,0.1657254293535241,0.16858644114217178,0.18150812989199985,0.19118028302902182,0.03958952670987273,0.00024646867833517315,0.0,0,0.0,0.0,0,0.0,0.015310087870878787,0.0,0.03636363636363636,0.009823903212743824,0.01818181818181818,0.025345645663310018,0.025760590479590718,0.03636363636363636,-0.00010116178426211555,0.0,0,0,0.0,0.0,11.496620989791275,0.0,0.0,NORMAL,uta,data\raw\uta\normal\normal_002_92524308.mov,group_002,14,3845,4135,29.968903754796397,5.99378075095928,10.0
0.16679369829281682,0.15146898388241703,0.17949120692830717,0.006355713543402388,0.15888574806909744,0.16235709266116122,0.17141386152374222,0.173660326639613,0.028022223045890138,-0.00011175472630601476,0.0,0,0.0,0.0,0,0.0,0.019191524281346857,0.0,0.03636363636363636,0.006399404461271774,0.01818181818181818,0.025249788139385214,0.026709280924236252,0.03636363636363636,2.3832526753691215e-05,0.0,0,0,0.0,0.0,8.690555543802176,0.0,0.0,NORMAL,uta,data\raw\uta\normal\normal_002_92524308.mov,group_002,15,4140,4430,29.968903754796397,5.99378075095928,10.0
0.17196275014762638,0.13239511488739147,0.19966394149314115,0.01254824576070934,0.16143873085123492,0.16711419780204356,0.17845902999169316,0.18776087432702376,0.06726882660574968,-0.0004393090034744815,0.05084745762711865,3,0.5005188085199583,0.5005188085199583,1,0.10158950425354712,0.015257310058711624,0.0,0.02719138713261855,0.008907172494614986,0.018864566947613626,0.02618465060531822,0.026189140043946207,0.02719138713261855,0.00018325920907158184,0.0,0,0,0.0,0.0,11.270104584710905,0.15254237288135594,0.0,NORMAL,uta,data\raw\uta\normal\normal_002_92524308.mov,group_002,16,4435,4725,29.968903754796397,5.99378075095928,10.0
0.16539099081639305,0.12345927011642421,0.20078900406382677,0.012956498351342209,0.15366811273698913,0.15837889432371471,0.17151872408212265,0.18384673751042843,0.07732973394740256,0.00013847063665091945,0.06779661016949153,3,0.5005188085199583,0.3336792056799722,2,0.20317900850709425,0.019698256627410024,0.0,0.04271788288583805,0.009101288593970788,0.0192218876409727,0.02871867798534725,0.03772913389522725,0.04271788288583805,0.00013477100166102646,0.0,0,0,0.0,0.0,8.395798579844074,0.2033898305084746,0.0,NORMAL,uta,data\raw\uta\normal\normal_002_92524308.mov,group_002,17,4730,5025,29.968903754796397,5.99378075095928,10.0
0.16596624392491535,0.11272252429872176,0.18163850938025408,0.01088002323635958,0.15400302323039866,0.16162527421516532,0.17301423272234318,0.1776791533331906,0.06891598508153232,-0.00016618541874266292,0.03389830508474576,1,0.1668396028399861,0.1668396028399861,2,0.20317900850709425,0.01725971377288185,0.0,0.04215995475058805,0.008743374142738833,0.019227214231343204,0.026171196129510688,0.026664296612298865,0.04215995475058805,0.000180407271531154,0.0,0,0,0.0,0.0,9.615259606799308,0.03389830508474576,0.0,NORMAL,uta,data\raw\uta\normal\normal_002_92524308.mov,group_002,18,5030,5320,29.968903754796397,5.99378075095928,10.0
0.16980557698133125,0.15825030119639422,0.19164593725974557,0.006477263614421534,0.1607964764160717,0.16533124980950917,0.17427720282217474,0.17707043062245,0.03339563606335136,4.2117399940332896e-05,0.0,0,0.0,0.0,0,0.0,0.01893554463497984,0.0,0.03772913389522725,0.007072449622031174,0.01904224278945204,0.026664296612298865,0.026678526425610413,0.03772913389522725,-7.115550977597304e-05,0.0,0,0,0.0,0.0,8.967083502006172,0.0,0.0,NORMAL,uta,data\raw\uta\normal\normal_002_92524308.mov,group_002,19,5325,5615,29.968903754796397,5.99378075095928,10.0
0.1724689087780457,0.13606947321819002,0.19893914147065547,0.010843083024139633,0.16213117379875944,0.16727461683981362,0.17799219667868868,0.18640792502368508,0.06286966825246545,-0.0002158799840202731,0.03389830508474576,2,0.3336792056799722,0.3336792056799722,1,0.10158950425354712,0.03837127178471398,0.0,0.0574579812596343,0.011988499318205276,0.04064906311086571,0.056438660378074684,0.05646114282057777,0.0574579812596343,0.000329971273196994,0.0,0,0,0.0,0.0,4.494623350571351,0.06779661016949153,0.0,NORMAL,uta,data\raw\uta\normal\normal_002_92524308.mov,group_002,20,5620,5910,29.968903754796397,5.99378075095928,10.0
0.18233366161573455,0.13464736017001006,0.23184087990134727,0.016934653281594474,0.16508560292442934,0.17293600161061934,0.18962567438558245,0.20384225458579447,0.09719351973133722,-0.0003661834626244066,0.03389830508474576,2,0.33367930132126056,0.33367930132126056,1,0.10158947513531584,0.020522243807376397,0.0,0.1011126373511183,0.01758235917083095,0.025140330837038274,0.04369981539842373,0.05163566699485679,0.1011126373511183,-0.00014439395628144385,0.0,0,0,0.0,0.0,8.884251599164884,0.06779661016949153,0.0,NORMAL,uta,data\raw\uta\normal\normal_003_719d8415.mov,group_003,1,5,295,29.968895164918173,5.9937790329836345,10.0
0.18455091909572208,0.13950171316558452,0.21349943151457132,0.014297940245041439,0.16897405759952577,0.1745720475682614,0.1943700728662648,0.20048237270122587,0.0739977183489868,6.722066334628996e-07,0.01694915254237288,1,0.16683965066063028,0.16683965066063028,1,0.10158947513531584,0.013334490137044942,0.0,0.030628194591584446,0.0075428555487212865,0.01937642455954128,0.020553959236062624,0.02117049618657241,0.030628194591584446,4.027528370532387e-05,0.0,0,0,0.0,0.0,13.83908031869441,0.01694915254237288,0.0,NORMAL,uta,data\raw\uta\normal\normal_003_719d8415.mov,group_003,2,300,590,29.968895164918173,5.9937790329836345,10.0
0.1754665776817941,0.1264075783024625,0.19633529715542858,0.013290650150913597,0.15903609436130012,0.16951308947656593,0.18360055864434777,0.19158817096267217,0.06992771885296609,-0.00015479541468215366,0.06779661016949153,2,0.33367930132126056,0.22245286754750704,3,0.30476842540594756,0.017179600688901953,0.0,0.0653505658126752,0.014917197659685417,0.020203050891044218,0.031143358122834097,0.05009680766689826,0.0653505658126752,-3.545373796280862e-05,0.0,0,0,0.0,0.0,10.21306419135503,0.13559322033898305,0.0,NORMAL,uta,data\raw\uta\normal\normal_003_719d8415.mov,group_003,3,595,885,29.968895164918173,5.9937790329836345,10.0
0.1760381291741127,0.14895416217936464,0.20828065416704186,0.010661626062764813,0.16580434745345074,0.1685109313219691,0.18106142677340642,0.18915204815490108,0.05932649198767723,0.00020999858592994067,0.01694915254237288,1,0.16683965066063028,0.16683965066063028,1,0.10158947513531584,0.011848110372101282,0.0,0.020788268748151588,0.00659671118385835,0.014486669343481482,0.019693632787207684,0.019916723058210198,0.020788268748151588,5.56026091891245e-05,0.0,0,0,0.0,0.0,14.85665367659958,0.01694915254237288,0.0,NORMAL,uta,data\raw\uta\normal\normal_003_719d8415.mov,group_003,4,890,1180,29.968895164918173,5.9937790329836345,10.0
0.19212357514767825,0.13960235466119814,0.21448315953273045,0.014408009985323178,0.1724410957918428,0.1861641827812464,0.20156323908967858,0.2073037742617153,0.07488080487153231,0.00029343942893550836,0.03389830508474576,1,0.16683965066063028,0.16683965066063028,2,0.20317895027063168,0.014351945833617203,0.0,0.02109826721772369,0.006685577833559089,0.020194809793050484,0.020788268748151588,0.020788268748151588,0.02109826721772369,-9.240461375109662e-05,0.0,0,0,0.0,0.0,13.385654580935574,0.03389830508474576,0.0,NORMAL,uta,data\raw\uta\normal\normal_003_719d8415.mov,group_003,5,1185,1475,29.968895164918173,5.9937790329836345,10.0
0.19827675153872676,0.16861047542783386,0.20984138524100734,0.008214180218717462,0.18679736013873952,0.19518217292627665,0.20341462317955744,0.20672922727764026,0.04123090981317348,0.00011970028177052116,0.0,0,0.0,0.0,0,0.0,0.015950977309776317,0.0,0.020493696595977915,0.005101977230195177,0.019900743804199785,0.020194809793050484,0.02047650389446504,0.020493696595977915,5.3321342725315596e-05,0.0,0,0,0.0,0.0,12.429603408300425,0.0,0.0,NORMAL,uta,data\raw\uta\normal\normal_003_719d8415.mov,group_003,6,1480,1770,29.968895164918173,5.9937790329836345,10.0
0.19235698789519773,0.15461814843502802,0.20828030317112534,0.01142262960052668,0.17836413792079747,0.18796750494941827,0.20076686188789974,0.20269064122177854,0.05366215473609731,9.504653015700124e-05,0.0,0,0.0,0.0,0,0.0,0.017660296076384266,0.0,0.04513396460143642,0.009317663262995267,0.020194809793050484,0.028639037163684218,0.033316914148846244,0.04513396460143642,0.00013598185841363864,0.0,0,0,0.0,0.0,10.891442341675429,0.0,0.0,NORMAL,uta,data\raw\uta\normal\normal_003_719d8415.mov,group_003,7,1775,2065,29.968895164918173,5.9937790329836345,10.0
0.19206557121301562,0.15034351228066517,0.2218928117839748,0.01686955892287204,0.17094050860564283,0.1794316332620735,0.2033664181186941,0.2128712000100878,0.07154929950330963,0.00021263010135765616,0.0,0,0.0,0.0,0,0.0,0.02094853501342112,0.0,0.06848672513487422,0.009429898699119924,0.020788268748151588,0.03157879307733704,0.03286913892792812,0.06848672513487422,0.0002279658486619357,0.0,0,0,0.0,0.0,9.168011179721681,0.0,0.0,NORMAL,uta,data\raw\uta\normal\normal_003_719d8415.mov,group_003,8,2070,2360,29.968895164918173,5.9937790329836345,10.0
0.17913856499354863,0.1494024606614507,0.2241508375626182,0.01916129630374218,0.1581548238184491,0.1648363894213701,0.1926808026422053,0.20616645323550042,0.07474837690116751,0.0007553007012055777,0.01694915254237288,1,0.16683965066063028,0.16683965066063028,1,0.10158947513531584,0.029540593923744682,0.0,0.085396816252546,0.018397851491594303,0.042483606825001616,0.05557961936460551,0.05990129587947189,0.085396816252546,-0.0006834508979019331,0.0,0,0,0.0,0.0,6.063943789084522,0.01694915254237288,0.0,NORMAL,uta,data\raw\uta\normal\normal_003_719d8415.mov,group_003,9,2365,2655,29.968895164918173,5.9937790329836345,10.0
0.19881446324663274,0.14586821630600358,0.23730791433085124,0.016617894459050358,0.1798249852152161,0.1916444370371494,0.20659989860135045,0.2136426611020414,0.09143969802484767,8.381412353550802e-05,0.01694915254237288,1,0.16683965066063028,0.16683965066063028,1,0.10158947513531584,0.01872162875660847,0.0,0.058020139896964806,0.009379776441442033,0.020468999808473803,0.02916623017150223,0.032862873664593006,0.058020139896964806,-0.00011849003759506061,0.0,0,0,0.0,0.0,10.618939564053353,0.01694915254237288,0.0,NORMAL,uta,data\raw\uta\normal\normal_003_719d8415.mov,group_003,10,2660,2950,29.968895164918173,5.9937790329836345,10.0
0.19884226950895506,0.16872009862205412,0.20920878087776237,0.006889747772245259,0.190921227933232,0.19435951201072166,0.20343205344788556,0.20637506741300404,0.04048868225570826,-0.00011969064743273404,0.0,0,0.0,0.0,0,0.0,0.01743889958210319,0.013482771598464758,0.03189180243655983,0.003940584933152325,0.020315821300004946,0.020761369963434993,0.021715299167341082,0.01840903083809507,-4.999526523856595e-05,0.0,0,0,0.0,0.0,11.40157192837319,0.0,0.0,NORMAL,uta,data\raw\uta\normal\normal_003_719d8415.mov,group_003,11,2955,3245,29.968895164918173,5.9937790329836345,10.0
0.20420989479241572,0.17185017586148427,0.22677795167537754,0.012883307030951134,0.18858740779632072,0.1963822319935722,0.2143249535817861,0.22004528097573664,0.05492777581389327,3.7966244473777547e-06,0.0,0,0.0,0.0,0,0.0,0.01986932721080767,0.0,0.04578685464956301,0.007797924427880223,0.020761369963434993,0.027897052967967278,0.032644653597223204,0.04578685464956301,-2.7207214491138862e-05,0.0,0,0,0.0,0.0,10.277127931811002,0.0,0.0,NORMAL,uta,data\raw\uta\normal\normal_003_719d8415.mov,group_003,12,3250,3540,29.968895164918173,5.9937790329836345,10.0
0.20901746454953482,0.1892022377653378,0.2273376367660966,0.007259372671657279,0.20172658965405826,0.20487133399392576,0.2124187879054559,0.21645296712052625,0.038135399000758824,4.276974857162067e-05,0.0,0,0.0,0.0,0,0.0,0.015620198478580507,0.0,0.021388233719233228,0.006373222502962565,0.020601379990239067,0.020761369963434993,0.021070148679394957,0.021388233719233228,6.991772789633334e-05,0.0,0,0,0.0,0.0,13.380373140776339,0.0,0.0,NORMAL,uta,data\raw\uta\normal\normal_003_719d8415.mov,group_003,13,3545,3835,29.968895164918173,5.9937790329836345,10.0
0.20086778726549193,0.1757254138167933,0.2155343883318751,0.010290128094764251,0.18597609362015377,0.19466994323433334,0.20767220973522588,0.21278621720007385,0.03980897451508181,0.00023273011564489985,0.0,0,0.0,0.0,0,0.0,0.014083597928996586,0.0,0.033314830232638475,0.00716277632320576,0.020177334733051767,0.020761369963434993,0.021071787560033386,0.033314830232638475,-9.753124683899863e-05,0.0,0,0,0.0,0.0,14.261520866843952,0.0,0.0,NORMAL,uta,data\raw\uta\normal\normal_003_719d8415.mov,group_003,14,3840,4130,29.968895164918173,5.9937790329836345,10.0
0.21028091041263816,0.1864362711567777,0.22812673536590736,0.008710529987093285,0.20079582336145232,0.2057184768486488,0.21515498550402723,0.2196275522646333,0.04169046420912967,-1.772079879665329e-05,0.0,0,0.0,0.0,0,0.0,0.015443659660411755,0.0,0.022054054569561544,0.0067750880520174315,0.021218200953563318,0.021388233719233228,0.02169534634707981,0.022054054569561544,-3.5749329407054835e-05,0.0,0,0,0.0,0.0,13.615121021516384,0.0,0.0,NORMAL,uta,data\raw\uta\normal\normal_003_719d8415.mov,group_003,15,4135,4425,29.968895164918173,5.9937790329836345,10.0
0.20155020561694623,0.17153741715132806,0.2314959018349503,0.014631700683924487,0.18143548085893174,0.1870081303487515,0.2114013968779322,0.21758560949323758,0.05995848468362225,0.00039964106736253824,0.0,0,0.0,0.0,0,0.0,0.021093148203853964,0.0,0.07340252743933794,0.012595220636518455,0.02108653748577924,0.03235246540841873,0.04827505846398607,0.07340252743933794,0.00036244089194051283,0.0,0,0,0.0,0.0,9.554792337152652,0.0,0.0,NORMAL,uta,data\raw\uta\normal\normal_003_719d8415.mov,group_003,16,4430,4720,29.968895164918173,5.9937790329836345,10.0
0.1985230685316874,0.167787202891572,0.23319862655531365,0.014011926123823142,0.17795130040823146,0.1891744338340956,0.20832715300113042,0.21595462593706594,0.06541142366374164,-0.00014773842811143423,0.0,0,0.0,0.0,0,0.0,0.018343956998587936,0.0,0.05471244670214178,0.008949115075500398,0.021084207948559322,0.029043532626969598,0.031631131096618685,0.05471244670214178,-0.00021312796679955068,0.0,0,0,0.0,0.0,10.821669876193676,0.0,0.0,NORMAL,uta,data\raw\uta\normal\normal_003_719d8415.mov,group_003,17,4725,5015,29.968895164918173,5.9937790329836345,10.0
0.19028460966082278,0.14803707835157512,0.21907839847909238,0.013650733125403536,0.1754967296660652,0.1813361033386886,0.1983151446206622,0.20785295095176393,0.07104132012751727,3.686581568976267e-06,0.01694915254237288,1,0.16683965066063028,0.16683965066063028,1,0.10158947513531584,0.020064742259863447,0.0,0.04578685464956301,0.007783394631556375,0.02108653748577924,0.03200211902689118,0.03285139771708852,0.04578685464956301,-1.5681312956329018e-05,0.0,0,0,0.0,0.0,9.483058597908938,0.01694915254237288,0.0,NORMAL,uta,data\raw\uta\normal\normal_003_719d8415.mov,group_003,18,5020,5310,29.968895164918173,5.9937790329836345,10.0
0.1931636003929025,0.16317918350871657,0.21188959193706344,0.01159590355774072,0.1751299022921291,0.18758058612405398,0.2031999472645531,0.20577371980923434,0.04871040842834687,6.207868890871503e-07,0.0,0,0.0,0.0,0,0.0,0.01772882679993539,0.0,0.0333407432107914,0.0069510304703599285,0.02109826721772369,0.02205781370780974,0.03235246540841873,0.0333407432107914,-0.00014638822021103878,0.0,0,0,0.0,0.0,10.894838543691042,0.0,0.0,NORMAL,uta,data\raw\uta\normal\normal_003_719d8415.mov,group_003,19,5315,5605,29.968895164918173,5.9937790329836345,10.0
0.21573423200279165,0.1756619334292988,0.2372901545852751,0.01262132560199736,0.19947928214577948,0.20676877184940737,0.2241633884297261,0.23196668461547607,0.0616282211559763,-0.0002739566351406812,0.0,0,0.0,0.0,0,0.0,0.015143261655984085,0.0,0.02240272433692913,0.005782730741018237,0.020330513241520624,0.021388233719233228,0.02146783488058279,0.02240272433692913,2.084976578145244e-05,0.0,0,0,0.0,0.0,14.245278964626625,0.0,0.0,NORMAL,uta,data\raw\uta\normal\normal_003_719d8415.mov,group_003,20,5610,5900,29.968895164918173,5.9937790329836345,10.0
0.36856529668003124,0.29279558607693806,0.43425440120341596,0.03269687607792966,0.32147597836115066,0.3445823338476778,0.3929508001999254,0.40320111651342283,0.1414588151264779,0.0011301071263938288,0.0,0,0.0,0.0,0,0.0,0.013378489995157429,0.0,0.040406101782088436,0.014802234256904632,0.02702456060724901,0.029400322912291697,0.035236147524601705,0.040406101782088436,2.04216899326043e-05,0.0,0,0,0.0,0.0,27.547036308067778,0.0,0.0,NORMAL,uta,data\raw\uta\normal\normal_004_7bfc5796.mp4,group_004,1,5,250,25.0,5.0,10.0
0.3671877061988462,0.09024902876285243,0.4317694055317282,0.05172068520658972,0.33232621564262976,0.3530219780180528,0.3901455715126395,0.406626817468425,0.3415203767688758,0.0003057608152498128,0.02,1,0.2,0.2,1,0.1,0.012559292242766857,0.0,0.04038961958610097,0.01495176208911855,0.02855977389887699,0.029488059105780378,0.034098987496377735,0.04038961958610097,-0.00013342338949886515,0.0,0,0,0.0,0.0,29.234009774756636,0.02,0.0,NORMAL,uta,data\raw\uta\normal\normal_004_7bfc5796.mp4,group_004,2,255,500,25.0,5.0,10.0
0.35453212578733573,0.14350504617666304,0.4114459654252495,0.046544584677121116,0.31107604967689584,0.3411190230527894,0.3805751932170417,0.3946815187430222,0.2679409192485865,-0.0005421386140706732,0.02,1,0.2,0.2,1,0.1,0.004244627841923132,0.0,0.04159451654038515,0.010662063947195127,0.0,0.027846337906205658,0.02856618396878036,0.04159451654038515,-0.00012551621784925507,0.0,0,0,0.0,0.0,83.50522914103186,0.02,0.0,NORMAL,uta,data\raw\uta\normal\normal_004_7bfc5796.mp4,group_004,3,505,750,25.0,5.0,10.0
0.3626406404558764,0.18311184911899422,0.43182397487520663,0.03746879200687588,0.3260046389782239,0.34429003565035743,0.3877254866173803,0.4014258543170879,0.2487121257562124,0.0001602283204491964,0.0,0,0.0,0.0,0,0.0,0.012325719437346082,0.0,0.03928371006591931,0.014768319093776818,0.02701716134791496,0.027768138294095735,0.03762443179761517,0.03928371006591931,-9.978759591317845e-05,0.0,0,0,0.0,0.0,29.41907149741637,0.0,0.0,NORMAL,uta,data\raw\uta\normal\normal_004_7bfc5796.mp4,group_004,4,755,1000,25.0,5.0,10.0
0.3330335577775046,0.13762254888642977,0.4119961988765881,0.06244083329180215,0.23000175179078747,0.31396206942623517,0.3773725895703794,0.39032359464735034,0.27437364999015834,-0.0024631762984303205,0.02,1,0.2,0.2,1,0.1,0.012381880387552844,0.0,0.03928371006591931,0.014859706838129238,0.02702702702702703,0.0278559773898877,0.03877266954271086,0.03928371006591931,-9.259004732481362e-05,0.0,0,0,0.0,0.0,26.894676145968983,0.02,0.0,NORMAL,uta,data\raw\uta\normal\normal_004_7bfc5796.mp4,group_004,5,1005,1250,25.0,5.0,10.0
0.341049750200267,0.30360735183147436,0.3947888401109471,0.023511038665996225,0.3099461391212075,0.3209894095872273,0.35907229487712755,0.368113979635963,0.09118148827947276,0.0006791089787123784,0.0,0,0.0,0.0,0,0.0,0.009868224443127844,0.0,0.036214298417007414,0.013224283791979386,0.026773821331859158,0.027076233364994626,0.027681826617913324,0.036214298417007414,6.608155114005066e-05,0.0,0,0,0.0,0.0,34.5568947353049,0.0,0.0,NORMAL,uta,data\raw\uta\normal\normal_004_7bfc5796.mp4,group_004,6,1255,1500,25.0,5.0,10.0
0.37536007269854443,0.0658732523685571,0.49053778203562926,0.052789687400717315,0.34175783225807393,0.36250038190715705,0.40114670540674274,0.418565806223339,0.42466452966707213,0.00036504318556071556,0.02,1,0.2,0.2,1,0.1,0.012616238454496114,0.0,0.042835293687811936,0.015116825502415379,0.027759052883080327,0.029495341255388635,0.03520288185354633,0.042835293687811936,6.102993993988557e-05,0.0,0,0,0.0,0.0,29.749780354257,0.02,0.0,NORMAL,uta,data\raw\uta\normal\normal_004_7bfc5796.mp4,group_004,7,1505,1750,25.0,5.0,10.0
0.3698137020467104,0.18546707242888122,0.4418301524947257,0.041221925618595126,0.32010047041577083,0.3600099973883184,0.3944508168984896,0.41484625853302187,0.25636308006584446,0.0004899977182578857,0.0,0,0.0,0.0,0,0.0,0.0075773877347263706,0.0,0.02838664779018298,0.012156858387928663,0.02621842038738034,0.027607881518711633,0.027728708960255304,0.02838664779018298,-0.00029934522664897727,0.0,0,0,0.0,0.0,48.79846677046052,0.0,0.0,NORMAL,uta,data\raw\uta\normal\normal_004_7bfc5796.mp4,group_004,8,1755,2000,25.0,5.0,10.0
0.3571226611182846,0.11861789891823675,0.4275528732403476,0.04006270269390677,0.3324530377518811,0.34884397530211697,0.3724326134130965,0.389648042902638,0.3089349743221108,0.0004210293533097023,0.02,1,0.2,0.2,1,0.1,0.011204026243097975,0.0,0.038561494363984955,0.013814454810400886,0.0273041637501484,0.027687144937248137,0.02843086741909557,0.038561494363984955,6.338455942761982e-05,0.0,0,0,0.0,0.0,31.87164879138624,0.02,0.0,NORMAL,uta,data\raw\uta\normal\normal_004_7bfc5796.mp4,group_004,9,2005,2250,25.0,5.0,10.0
0.35496727924005633,0.26373293124861946,0.3941831727987229,0.0227989948131659,0.33188164107559986,0.3402665657213092,0.3724380031422617,0.3817539962483286,0.13045024155010343,0.00045523074584609554,0.0,0,0.0,0.0,0,0.0,0.0063229781102182294,0.0,0.03922322702763681,0.012095828884894612,0.0,0.026877276962722484,0.02787200832084744,0.03922322702763681,0.00027753282481968053,0.0,0,0,0.0,0.0,56.130377596738235,0.0,0.0,NORMAL,uta,data\raw\uta\normal\normal_004_7bfc5796.mp4,group_004,10,2255,2500,25.0,5.0,10.0
0.3808156591246179,0.2817998987692176,0.6636767988924289,0.0644392403218741,0.33586768546263224,0.35803609654352464,0.3887620425842695,0.415139836129127,0.3818769001232113,0.0005899593686599143,0.0,0,0.0,0.0,0,0.0,0.009176045681699113,0.0,0.048765984909417075,0.014412894904157604,0.026111406417681178,0.02870131840640774,0.03458969487474875,0.048765984909417075,6.961615345850585e-05,0.0,0,0,0.0,0.0,41.49654173390915,0.0,0.0,NORMAL,uta,data\raw\uta\normal\normal_004_7bfc5796.mp4,group_004,11,2505,2750,25.0,5.0,10.0
0.4380550925594946,0.21784022890932808,0.7321428571428572,0.11128166203773361,0.3248076078849519,0.37017533136168923,0.4928101332771303,0.6070771326171595,0.5143026282335291,-0.0004063657532382274,0.0,0,0.0,0.0,0,0.0,0.01922585834773717,0.0,0.056934094230957195,0.019497520351934756,0.035674529132798075,0.04200377349111045,0.051521285455324646,0.056934094230957195,0.0003443461310928058,0.0,0,0,0.0,0.0,22.783498200112852,0.0,0.0,NORMAL,uta,data\raw\uta\normal\normal_004_7bfc5796.mp4,group_004,12,2755,3000,25.0,5.0,10.0
0.37359556502054986,0.22531731389339027,0.4540499526027132,0.04133320542520903,0.3271883324980247,0.35359344506736556,0.3958628751802761,0.4228047391994109,0.22873263870932292,0.00035811311100727473,0.0,0,0.0,0.0,0,0.0,0.01772692761970714,0.0,0.052999894000317994,0.01494854521500696,0.028510433230812003,0.030303030303030304,0.03162663093065179,0.052999894000317994,-5.9360026454862986e-05,0.0,0,0,0.0,0.0,21.073843092931217,0.0,0.0,NORMAL,uta,data\raw\uta\normal\normal_004_7bfc5796.mp4,group_004,13,3005,3250,25.0,5.0,10.0
0.38745896828826665,0.30353676085392245,0.490908901356518,0.03501836747587968,0.3389266780669175,0.3643573488555232,0.4078541037218965,0.42303063322032564,0.18737214050259554,-0.000934826790081285,0.0,0,0.0,0.0,0,0.0,0.013887156366129978,0.0,0.04267895997763199,0.015289884391580744,0.028510433230812003,0.03026159217748577,0.033236271335370306,0.04267895997763199,0.00017083518767853535,0.0,0,0,0.0,0.0,27.89851713026432,0.0,0.0,NORMAL,uta,data\raw\uta\normal\normal_004_7bfc5796.mp4,group_004,14,3255,3500,25.0,5.0,10.0
0.3757442121499045,0.3136068865543546,0.4759708920899277,0.029584510778793576,0.34606363226143705,0.35752240210517905,0.39307473234535373,0.40149854964256404,0.16236400553557312,-2.149697516768166e-05,0.0,0,0.0,0.0,0,0.0,0.013807026838170557,0.0,0.04025848411142373,0.015280972618620192,0.027681826617913324,0.03008975772673109,0.03805358774415653,0.04025848411142373,-3.0402808751415255e-05,0.0,0,0,0.0,0.0,27.21201345808561,0.0,0.0,NORMAL,uta,data\raw\uta\normal\normal_004_7bfc5796.mp4,group_004,15,3505,3750,25.0,5.0,10.0
0.3581884662283039,0.18912381627711033,0.4342918086554129,0.04265960694536165,0.3228691641054798,0.3406629301650732,0.385617293613896,0.3973215941789596,0.24516799237830256,-2.1609774395840336e-05,0.0,0,0.0,0.0,0,0.0,0.009411037100482484,0.0,0.05397525801500045,0.01421762865966612,0.026234161806670223,0.028593436931515757,0.030296534804847584,0.05397525801500045,0.00011520758994332574,0.0,0,0,0.0,0.0,38.05642311056576,0.0,0.0,NORMAL,uta,data\raw\uta\normal\normal_004_7bfc5796.mp4,group_004,16,3755,4000,25.0,5.0,10.0
0.35339464200709436,0.30730445872384277,0.3911746384668118,0.018193122697254396,0.3307502636966172,0.3422242168960824,0.36425318561670494,0.37559692483316065,0.08387017974296901,-0.00017819576857059844,0.0,0,0.0,0.0,0,0.0,0.006462273812782014,0.0,0.03710070742448329,0.011600147312142314,0.0,0.02630668208823282,0.026311691150231086,0.03710070742448329,-0.00019886526698091584,0.0,0,0,0.0,0.0,54.67734343982268,0.0,0.0,NORMAL,uta,data\raw\uta\normal\normal_004_7bfc5796.mp4,group_004,17,4005,4250,25.0,5.0,10.0
0.3394455228791557,0.07921047593874309,0.3858235365617916,0.04218289408329553,0.3181244410269168,0.33078035463035116,0.35730008122698453,0.3682651644751732,0.3066130606230485,-7.502597919619737e-05,0.02,1,0.2,0.2,1,0.1,0.013353851518541736,0.0,0.03721614637823935,0.014110399726945048,0.02631578947368421,0.02702702702702703,0.03316705764469809,0.03721614637823935,7.205242414084687e-06,0.0,0,0,0.0,0.0,25.417394001563636,0.02,0.0,NORMAL,uta,data\raw\uta\normal\normal_004_7bfc5796.mp4,group_004,18,4255,4500,25.0,5.0,10.0
0.3339307880820664,0.24931146516565705,0.40014270013193814,0.03210981169122411,0.29104051576614387,0.3125549371181493,0.35487559821077397,0.37265025636805155,0.1508312349662811,0.00035778605786861227,0.0,0,0.0,0.0,0,0.0,0.014650524837225334,0.0,0.04025848411142373,0.014196510809118282,0.027681826617913324,0.028467047115478598,0.029160130685051938,0.04025848411142373,-0.00019231700022332072,0.0,0,0,0.0,0.0,22.79153820451806,0.0,0.0,NORMAL,uta,data\raw\uta\normal\normal_004_7bfc5796.mp4,group_004,19,4505,4750,25.0,5.0,10.0
0.31013091521894404,0.26512663280879867,0.38406911669831856,0.026620773860920363,0.27726852855751327,0.29246591757345947,0.3269814180098772,0.3446567753566121,0.11894248388951989,-0.0006702581400810381,0.0,0,0.0,0.0,0,0.0,0.010786020137481998,0.0,0.0808158687660548,0.017341821540357835,0.026117712619174078,0.026987629007500225,0.02741197800275553,0.0808158687660548,-0.00016680109805757316,0.0,0,0,0.0,0.0,28.750378813266735,0.0,0.0,NORMAL,uta,data\raw\uta\normal\normal_004_7bfc5796.mp4,group_004,20,4755,5000,25.0,5.0,10.0
0.17244193413047773,0.12331961650483936,0.1970834061245072,0.014534543845297692,0.1574017028358215,0.16258185805922046,0.1822368887453316,0.1888335164307893,0.07376378961966784,-0.0002128340323860313,0.05,1,0.16652996559840666,0.16652996559840666,3,0.3002462639101055,0.03966966860292095,0.0,0.10352232528303155,0.023404654486288586,0.056525131936742884,0.06922116091819051,0.0864643584395549,0.10352232528303155,0.000891336693514959,0.0,0,0,0.0,0.0,4.346837101650988,0.05,0.0,NORMAL,uta,data\raw\uta\normal\normal_005_33aea274.mov,group_005,1,5,300,30.024626391010553,6.00492527820211,10.0
0.1637509246807745,0.10016807146563214,0.18261018784966598,0.014092255327099982,0.1510179502470893,0.16206019378284212,0.17204450948955125,0.1750211226263768,0.08244211638403384,0.0002779893386005207,0.1,3,0.49958989679522,0.3330599311968133,3,0.3002462639101055,0.05321083944864868,0.02692299726935668,0.07794212000088672,0.010951067497696632,0.061705368626731885,0.06986980542892567,0.07102656227547464,0.051019122731530045,1.9006712904964083e-05,0.0,0,0,0.0,0.0,3.0773400502119457,0.30000000000000004,0.0,NORMAL,uta,data\raw\uta\normal\normal_005_33aea274.mov,group_005,2,305,600,30.024626391010553,6.00492527820211,10.0
0.1627657397865762,0.10368262211531537,0.1831628963699541,0.01525792344197436,0.14518837285283817,0.15783848684894736,0.17266679289205072,0.1781155041402218,0.07948027425463872,0.00029003347863612133,0.13333333333333333,4,0.6661198623936266,0.3330599311968133,4,0.4003283518801407,0.05441225913285927,0.028268445348078746,0.08705861627592837,0.013314417837592412,0.06289697934536359,0.0725237724293895,0.07699195926544736,0.05879017092784962,0.00014926620988834317,0.0,0,0,0.0,0.0,2.9912881966719884,0.5333333333333333,0.0,NORMAL,uta,data\raw\uta\normal\normal_005_33aea274.mov,group_005,3,605,900,30.024626391010553,6.00492527820211,10.0
0.18734820334194507,0.1458889719261607,0.23342038208374466,0.01516101945732504,0.17206099136367037,0.179868778011105,0.19390693409565235,0.20645715119928826,0.08753141015758395,-0.0002311235763519446,0.016666666666666666,1,0.16652996559840666,0.16652996559840666,1,0.10008208797003518,0.07900192914401256,0.0376588404560219,0.12242829649556278,0.020668840345896656,0.09085172211339876,0.1050846073978479,0.10975732430698404,0.08476945603954088,0.000311714308334723,0.016666666666666666,1,1,0.16652996559840666,0.16652996559840666,2.3714083182970658,0.016666666666666666,0.00204047160825938,NORMAL,uta,data\raw\uta\normal\normal_005_33aea274.mov,group_005,4,905,1200,30.024626391010553,6.00492527820211,10.0
0.1920250342199964,0.14257930929875032,0.21393169841122747,0.011849939538180036,0.17756690133175032,0.1863048523224361,0.19915398291534492,0.2026350234505085,0.07135238911247715,0.00033980693194169635,0.016666666666666666,1,0.16652996559840666,0.16652996559840666,1,0.10008208797003518,0.07226932666146571,0.042895881120763577,0.1339900047184581,0.017795528874452522,0.08530143516762746,0.09302696025636073,0.1021227390912389,0.09109412359769452,0.00021653842307620933,0.016666666666666666,1,1,0.16652996559840666,0.16652996559840666,2.6570384152197764,0.016666666666666666,0.002233166745307635,NORMAL,uta,data\raw\uta\normal\normal_005_33aea274.mov,group_005,5,1205,1500,30.024626391010553,6.00492527820211,10.0
0.18418945443866075,0.12489180502643292,0.20587934823650816,0.014331068903645989,0.16909342128603436,0.18036295734566887,0.19293994043425128,0.200797739405146,0.08098754321007524,0.0002680537212354987,0.03333333333333333,1,0.16652996559840666,0.16652996559840666,2,0.20016417594007035,0.09558633467745883,0.05914715006323464,0.1733750716635171,0.02302526711619441,0.11253853340297987,0.11948033676278898,0.13042997877584794,0.11422792160028244,0.00032951674104368726,0.1,6,1,0.16652996559840666,0.16652996559840666,1.9269232169740145,0.03333333333333333,0.01733750716635171,NORMAL,uta,data\raw\uta\normal\normal_005_33aea274.mov,group_005,6,1505,1800,30.024626391010553,6.00492527820211,10.0
0.19057880730389515,0.1556022888325525,0.21742333787764911,0.01577401696854811,0.17103845720936953,0.17770792320208606,0.2049567997446878,0.21089524962560324,0.06182104904509661,-0.0004824699197757023,0.0,0,0.0,0.0,0,0.0,0.10804827783088664,0.058751822522762585,0.1586444908275071,0.02333886456850704,0.12456989054747884,0.14164696267916574,0.14806434875214455,0.0998926683047445,-3.21613970570671e-05,0.2833333333333333,11,5,0.8326498279920334,0.25736449228844666,1.7638137998680532,0.0,0.044949272401127005,NORMAL,uta,data\raw\uta\normal\normal_005_33aea274.mov,group_005,7,1805,2120,30.024626391010553,6.00492527820211,10.0
0.19138887446739605,0.142907179335002,0.2161857332148493,0.013574381424739516,0.17408929615523455,0.18294704155831026,0.2009909211793932,0.20691156464759133,0.0732785538798473,-0.00011186174679273607,0.016666666666666666,1,0.16652996559840666,0.16652996559840666,1,0.10008208797003518,0.1110229968112419,0.06927759867831113,0.13794918058124908,0.014668101307730372,0.12404752999950777,0.12971596992897708,0.13278349206633333,0.06867158190293796,-0.0002551258287528021,0.35,16,3,0.49958989679522,0.21857057984790876,1.7238514191917174,0.016666666666666666,0.048282213203437174,NORMAL,uta,data\raw\uta\normal\normal_005_33aea274.mov,group_005,8,2125,2425,30.024626391010553,6.00492527820211,10.0
0.18770906513093835,0.1520353308770112,0.2114784313736292,0.013577206706823027,0.16878072335097927,0.18050240630067754,0.1959894427897509,0.2064907062015985,0.059443100496617995,-0.00011160219089618785,0.0,0,0.0,0.0,0,0.0,0.12365854102393546,0.05798251768521417,0.21293103536515146,0.03489749764083776,0.14323576276003191,0.18006949996197646,0.1838623148579281,0.15494851767993728,0.0013463622946980236,0.48333333333333334,9,19,3.1640693463697267,0.5365965558170882,1.517950524291575,0.0,0.10291666709315654,NORMAL,uta,data\raw\uta\normal\normal_005_33aea274.mov,group_005,9,2430,2735,30.024626391010553,6.00492527820211,10.0
0.18275249927240936,0.14194814339612669,0.21152545017696744,0.015963762128287425,0.1626515098299874,0.17276968021351635,0.1970395864561932,0.20350259379635488,0.06957730678084076,-5.382469652243688e-05,0.016666666666666666,1,0.16652996559840666,0.16652996559840666,1,0.10008208797003518,0.11043099516977037,0.04263626742297782,0.16715037003515032,0.02324833424724621,0.12150697991083881,0.1372091282894822,0.15224409519973786,0.1245141026121725,-0.0002853948737521505,0.26666666666666666,9,5,0.8326498279920334,0.29605327217494515,1.6548872361805882,0.016666666666666666,0.044573432009373415,NORMAL,uta,data\raw\uta\normal\normal_005_33aea274.mov,group_005,10,2740,3050,30.024626391010553,6.00492527820211,10.0
0.17975878077401622,0.14595975684771823,0.20865894816050518,0.011598582710276023,0.16852737489120384,0.1741939129940863,0.1874904344591305,0.19211935564824736,0.06269919131278695,-0.00018054096254657888,0.03333333333333333,1,0.16652996559840666,0.16652996559840666,2,0.20016417594007035,0.09577439749576878,0.06310938383870401,0.14310835055998652,0.01674102243333471,0.10666056481323256,0.11236857655145248,0.12643214647487955,0.07999896672128251,-0.0001581830160265232,0.08333333333333333,4,2,0.3330599311968133,0.20816245699800834,1.8768784622580938,0.03333333333333333,0.011925695879998876,NORMAL,uta,data\raw\uta\normal\normal_005_33aea274.mov,group_005,11,3055,3380,30.024626391010553,6.00492527820211,10.0
0.1720490796091484,0.12728980938861115,0.201908447393733,0.01746801931127636,0.14769897388204895,0.16377852180565367,0.18336660764060864,0.19186270330470098,0.07461863800512186,-5.409059124347074e-05,0.11666666666666667,3,0.49958989679522,0.3885699197296156,3,0.3002462639101055,0.08584353184136981,0.042345052228989655,0.1476272236074428,0.023687682679025417,0.10347177543894467,0.11725733708997883,0.12517169438208947,0.10528217137845314,-0.000876636691006055,0.1,3,4,0.6661198623936266,0.3330599311968133,2.004193813149031,0.35,0.01476272236074428,NORMAL,uta,data\raw\uta\normal\normal_005_33aea274.mov,group_005,12,3385,3685,30.024626391010553,6.00492527820211,10.0
0.1704375738460209,0.12348405619578542,0.1857660973456558,0.011661622497885424,0.15905242398340175,0.16878486661524583,0.17819405247791023,0.17902410423750964,0.062282041149870376,3.74009451490295e-05,0.08333333333333333,2,0.3330599311968133,0.20816245699800834,4,0.4003283518801407,0.07428750088883897,0.053494721371611896,0.10438821090056556,0.010322309092616866,0.08105526921741807,0.0829061417021459,0.09249273805339805,0.050893489528953666,-0.00020057108709942582,0.0,0,0,0.0,0.0,2.294265893197305,0.16666666666666666,0.0,NORMAL,uta,data\raw\uta\normal\normal_005_33aea274.mov,group_005,13,3690,3985,30.024626391010553,6.00492527820211,10.0
0.16997132918643315,0.14067716356873486,0.18432019336218597,0.008456543611230907,0.15939055272902575,0.16613662636164025,0.17580168988355516,0.1777230773789653,0.04364302979345111,2.0697644383640165e-05,0.03333333333333333,2,0.3330599311968133,0.3330599311968133,1,0.10008208797003518,0.07322794883780495,0.05355008792262278,0.09866649988627595,0.009052063496856904,0.08013640384376598,0.08265999862086386,0.09007396748869093,0.045116411963653166,6.672109415322787e-05,0.0,0,0,0.0,0.0,2.3210947567048,0.06666666666666667,0.0,NORMAL,uta,data\raw\uta\normal\normal_005_33aea274.mov,group_005,14,3990,4285,30.024626391010553,6.00492527820211,10.0
0.17128722731707116,0.15715897796724998,0.1877109640811648,0.0069508364818354085,0.16253491478026427,0.16623002287408234,0.17599513164774366,0.17939822210574882,0.030551986113914825,6.779260795991633e-05,0.0,0,0.0,0.0,0,0.0,0.07570305169364874,0.049858244018582215,0.09695986244955497,0.010172303420971225,0.08271653546583588,0.08783583284262333,0.08885986734483055,0.047101618430972755,-0.00011391301417592516,0.0,0,0,0.0,0.0,2.262589960313068,0.0,0.0,NORMAL,uta,data\raw\uta\normal\normal_005_33aea274.mov,group_005,15,4290,4585,30.024626391010553,6.00492527820211,10.0
0.15104296218634874,0.10689100092409545,0.18513790514335604,0.018928995909096306,0.12396629045104224,0.13721396992709392,0.16678602098981032,0.172099191233123,0.07824690421926059,-0.00039376856114887684,0.4166666666666667,20,3.3305993119681334,1.0408122849900416,4,0.4003283518801407,0.04866732123714058,0.012191496227354269,0.11091895035177042,0.023884653346500986,0.06957164740481123,0.08087241094555665,0.08687171684039134,0.09872745412441615,-0.0008727236760269442,0.0,0,0,0.0,0.0,3.103516997234791,8.333333333333334,0.0,NORMAL,uta,data\raw\uta\normal\normal_005_33aea274.mov,group_005,16,4590,4885,30.024626391010553,6.00492527820211,10.0
0.17276419133169477,0.11771216219743239,0.18657501061504123,0.0115378674066531,0.16137109562783156,0.17004845520157136,0.1794537611571591,0.18212369073907858,0.06886284841760884,0.0002771175483917464,0.03333333333333333,1,0.16652996559840666,0.16652996559840666,2,0.20016417594007035,0.03554077867562226,0.0,0.07012530625102963,0.01968752565582632,0.05464853477941938,0.06797748618593398,0.06801871645740619,0.07012530625102963,0.0006553026543902306,0.0,0,0,0.0,0.0,4.8608763480425345,0.03333333333333333,0.0,NORMAL,uta,data\raw\uta\normal\normal_005_33aea274.mov,group_005,17,4890,5185,30.024626391010553,6.00492527820211,10.0
0.1746642509886833,0.15659372033031663,0.18293221603648457,0.005228236350967455,0.16654322118361542,0.17279798020192377,0.1777321963140434,0.179808618629342,0.026338495706167947,-4.751799444660879e-05,0.0,0,0.0,0.0,0,0.0,0.0628488021792526,0.04231296490481311,0.08678003687985467,0.010272301879936479,0.06933752452815364,0.07089159301491997,0.07976918058965944,0.04446707197504156,0.0002396125101031944,0.0,0,0,0.0,0.0,2.779073997568474,0.0,0.0,NORMAL,uta,data\raw\uta\normal\normal_005_33aea274.mov,group_005,18,5190,5485,30.024626391010553,6.00492527820211,10.0
0.17659045771902723,0.14846608313845833,0.19397214245421268,0.008669462146052234,0.16633945681995818,0.17211840641269813,0.182494827575667,0.18534447262790935,0.045506059315754355,-8.732262520031802e-05,0.016666666666666666,1,0.16652996559840666,0.16652996559840666,1,0.10008208797003518,0.06763694782927984,0.03247634908414431,0.10034423509719617,0.013979005385734492,0.07883280561759314,0.08102610445936408,0.08702353172293528,0.06786788601305185,0.00020107198923198166,0.0,0,0,0.0,0.0,2.61081927211551,0.016666666666666666,0.0,NORMAL,uta,data\raw\uta\normal\normal_005_33aea274.mov,group_005,19,5490,5785,30.024626391010553,6.00492527820211,10.0
0.17617075563183143,0.1519786199178223,0.1961919438654765,0.008675095489587325,0.16688354236420477,0.1720511856510855,0.18181845621334056,0.1858600247536695,0.044213323947654204,-2.073304221922277e-08,0.0,0,0.0,0.0,0,0.0,0.06827381486694682,0.03363363969981562,0.0905613464236445,0.013496848177692602,0.07976918058965944,0.08678003687985467,0.08949828701146445,0.05692770672382887,6.491108288918877e-05,0.0,0,0,0.0,0.0,2.5803183205278692,0.0,0.0,NORMAL,uta,data\raw\uta\normal\normal_005_33aea274.mov,group_005,20,5790,6085,30.024626391010553,6.00492527820211,10.0
0.36952703643950635,0.19359076350851567,0.4454474229922629,0.038460173580423265,0.338612830181769,0.3519471285526895,0.38221743768803307,0.4185344171181987,0.25185665948374725,0.0010020377620643386,0.0,0,0.0,0.0,0,0.0,0.011905839261815534,0.0,0.04559607525875532,0.015913080200341913,0.030178582014172842,0.031189143077590267,0.03744592249778185,0.04559607525875532,4.0288973757003556e-05,0.0,0,0,0.0,0.0,31.034855540928966,0.0,0.0,NORMAL,uta,data\raw\uta\normal\normal_006_25c88d4e.mp4,group_006,1,5,245,24.962141116864142,4.992428223372828,10.0
0.36513537967247106,0.1457782183852086,0.4428039540223339,0.06377365190791186,0.3270737357242672,0.35500902126553074,0.394116460155971,0.4181814667915078,0.2970257356371253,-0.000414041731533036,0.02040816326530612,1,0.2003033304151164,0.2003033304151164,1,0.10188629027291486,0.009809480685339647,0.0,0.040406101782088436,0.014184364422352621,0.02855977389887699,0.030247530200945175,0.030856502082940378,0.040406101782088436,-0.0002089158293656986,0.0,0,0,0.0,0.0,37.21890816401213,0.02040816326530612,0.0,NORMAL,uta,data\raw\uta\normal\normal_006_25c88d4e.mp4,group_006,2,250,490,24.962141116864142,4.992428223372828,10.0
0.3943637673323013,0.06723813985419455,0.452204354307721,0.055055452833301745,0.36248973005538654,0.3907361061582325,0.41834149934087583,0.4291449071024459,0.3849662144535264,-0.0009615786859329355,0.02040816326530612,1,0.2003033304151164,0.2003033304151164,1,0.10188629027291486,0.01294552282175735,0.0,0.08571428571428572,0.018100999337599854,0.02857142857142857,0.030680652042220754,0.034700047089428275,0.08571428571428572,0.000501892386580763,0.0,0,0,0.0,0.0,30.460979582065935,0.02040816326530612,0.0,NORMAL,uta,data\raw\uta\normal\normal_006_25c88d4e.mp4,group_006,3,495,735,24.962141116864142,4.992428223372828,10.0
0.38785375518606285,0.22091802802536983,0.4545586224738162,0.03818052332927346,0.35362235430408495,0.37142614470555757,0.4140392280409292,0.4273044398542215,0.23364059444844634,-0.0002763292206432152,0.0,0,0.0,0.0,0,0.0,0.017925576166914592,0.0,0.2660760420950957,0.04028655684053739,0.02702702702702703,0.02906686669094943,0.03904445922282609,0.2660760420950957,-0.000996681336145164,0.02040816326530612,1,1,0.2003033304151164,0.2003033304151164,21.63568500614681,0.0,0.005430123308063178,NORMAL,uta,data\raw\uta\normal\normal_006_25c88d4e.mp4,group_006,4,740,990,24.962141116864142,4.992428223372828,10.0
0.3237951950535997,0.25030932758134783,0.3769417944756739,0.027762863650449686,0.28567728280697874,0.3098275835172793,0.3423094450501417,0.36325777312778235,0.12663246689432606,0.0001676892761071343,0.0,0,0.0,0.0,0,0.0,0.013956501200013086,0.0,0.09262612816416577,0.021248706395040774,0.0282842712474619,0.0326981590990316,0.05912466891725846,0.09262612816416577,-0.0006071308749041321,0.0,0,0,0.0,0.0,23.198650704991245,0.0,0.0,NORMAL,uta,data\raw\uta\normal\normal_006_25c88d4e.mp4,group_006,5,995,1235,24.962141116864142,4.992428223372828,10.0
0.38064211194133785,0.22785669939645647,0.4435573723081033,0.040946234106116634,0.3302130042354816,0.3478929659364771,0.4078835911440659,0.41997570733282774,0.21570067291164685,0.0016394649949071315,0.0,0,0.0,0.0,0,0.0,0.015589369848100125,0.0,0.041576537496303176,0.014894123457290742,0.028524895269256473,0.03048937471796849,0.03331483023263848,0.041576537496303176,0.00025343958322976895,0.0,0,0,0.0,0.0,24.41520731387419,0.0,0.0,NORMAL,uta,data\raw\uta\normal\normal_006_25c88d4e.mp4,group_006,6,1240,1480,24.962141116864142,4.992428223372828,10.0
0.39221499710856633,0.30272542431485816,0.4382758195614384,0.032414546857151345,0.34313091072787083,0.3697887827178399,0.4175276456328832,0.4310158500944143,0.13555039524658025,-0.00125660156904378,0.0,0,0.0,0.0,0,0.0,0.015180685435139583,0.0,0.040406101782088436,0.015000173073087184,0.02857142857142857,0.03123780190217697,0.03225135631406064,0.040406101782088436,-5.5429784263455495e-05,0.0,0,0,0.0,0.0,25.834746661312327,0.0,0.0,NORMAL,uta,data\raw\uta\normal\normal_006_25c88d4e.mp4,group_006,7,1485,1725,24.962141116864142,4.992428223372828,10.0
0.3452126079998741,0.13681520682881193,0.4514152697846622,0.0679099403555718,0.28006200557912303,0.30646402265921113,0.39830013209780657,0.42793011924250346,0.31460006295585025,-0.0010988087016511167,0.04081632653061224,1,0.2003033304151164,0.2003033304151164,2,0.20377258054582972,0.012709438149481571,0.0,0.04703604341917987,0.016199905626258282,0.031234752377721213,0.033259505261886965,0.034677917101127664,0.04703604341917987,0.0003423340199033541,0.0,0,0,0.0,0.0,27.159772459453297,0.04081632653061224,0.0,NORMAL,uta,data\raw\uta\normal\normal_006_25c88d4e.mp4,group_006,8,1730,1970,24.962141116864142,4.992428223372828,10.0
0.31308550709277816,0.12773344409086165,0.3484716045811288,0.04031186284866699,0.29647793368625086,0.30880552430308206,0.331675299042286,0.33801879212087793,0.22073816049026715,0.00022487998824435033,0.04081632653061224,1,0.2003033304151164,0.2003033304151164,2,0.20377258054582972,0.005750831817408475,0.0,0.04267895997763199,0.01237743292205682,0.0,0.028402727655242103,0.029297936765452382,0.04267895997763199,2.2057747354199765e-05,0.0,0,0,0.0,0.0,54.43231252784454,0.04081632653061224,0.0,NORMAL,uta,data\raw\uta\normal\normal_006_25c88d4e.mp4,group_006,9,1975,2215,24.962141116864142,4.992428223372828,10.0
0.33253103259478006,0.21957485788286718,0.38143087682977206,0.030707304145151527,0.2923168144635786,0.3149323877355083,0.35239824442007217,0.35993410969430695,0.16185601894690488,0.000468344656178029,0.0,0,0.0,0.0,0,0.0,0.024369893384133205,0.0,0.18891340305250157,0.03478303574190798,0.027767067240353285,0.038644352713255004,0.04273746445413267,0.18891340305250157,0.00011885054459964991,0.04081632653061224,1,2,0.4006066608302328,0.4006066608302328,13.64459756782146,0.0,0.007710751145000063,NORMAL,uta,data\raw\uta\normal\normal_006_25c88d4e.mp4,group_006,10,2220,2460,24.962141116864142,4.992428223372828,10.0
0.364062023342944,0.12782834168545476,0.5671469246578456,0.0859198526148871,0.2727611557837613,0.33429872458122556,0.405206209359131,0.4624640023385016,0.4393185829723908,-0.0004456275034526982,0.04081632653061224,1,0.2003033304151164,0.2003033304151164,2,0.20377258054582972,0.019903505019424866,0.0,0.20485900789263356,0.04168843206268368,0.02701716134791496,0.028534201929690892,0.10153738483300775,0.20485900789263356,-0.0008971176776752398,0.061224489795918366,1,3,0.6009099912453492,0.6009099912453492,18.290433396241443,0.04081632653061224,0.012542388238324504,NORMAL,uta,data\raw\uta\normal\normal_006_25c88d4e.mp4,group_006,11,2465,2705,24.962141116864142,4.992428223372828,10.0
0.35214842438195393,0.15994466171421867,0.42952183999326776,0.04779110295801022,0.30081952869117556,0.34014213464485754,0.3743760312245883,0.4115937069101237,0.2695771782790491,0.0013832976217563163,0.0,0,0.0,0.0,0,0.0,0.014256163093687884,0.0,0.19611613513818404,0.029687008213569108,0.026234161806670223,0.026987629007500225,0.029003425431632538,0.19611613513818404,-0.0004394414915575837,0.02040816326530612,1,1,0.2003033304151164,0.2003033304151164,24.69975422655168,0.0,0.0040023701048608985,NORMAL,uta,data\raw\uta\normal\normal_006_25c88d4e.mp4,group_006,12,2710,2950,24.962141116864142,4.992428223372828,10.0
0.3483690904210445,0.14260223384567453,0.4194667821108652,0.04984470490390636,0.3210414842885368,0.3348346179842482,0.3754830975268818,0.39227154118241264,0.2768645482651907,0.0006894983644383982,0.02040816326530612,1,0.2003033304151164,0.2003033304151164,1,0.10188629027291486,0.014049388851460728,0.0,0.16609095970747995,0.0258690005720087,0.026234161806670223,0.027735009811261455,0.02843488738536035,0.16609095970747995,-0.00026381824643428777,0.02040816326530612,1,1,0.2003033304151164,0.2003033304151164,24.794266842289343,0.02040816326530612,0.0033896114226016315,NORMAL,uta,data\raw\uta\normal\normal_006_25c88d4e.mp4,group_006,13,2955,3195,24.962141116864142,4.992428223372828,10.0
0.3700609283255871,0.21728991351794735,0.42695445873353477,0.05216876434828805,0.28666920950734226,0.34555559444766415,0.4095684110712273,0.41909764907001573,0.20966454521558742,-0.000683138673874723,0.0,0,0.0,0.0,0,0.0,0.01807598484328486,0.0,0.20588235294117646,0.03239001975408959,0.026987629007500225,0.02809346411266118,0.0474449717193528,0.20588235294117646,0.000827111383630821,0.02040816326530612,1,1,0.2003033304151164,0.2003033304151164,20.47138566158921,0.0,0.004201680672268907,NORMAL,uta,data\raw\uta\normal\normal_006_25c88d4e.mp4,group_006,14,3200,3440,24.962141116864142,4.992428223372828,10.0
0.3618070337766377,0.12282535884148174,0.41178992572930007,0.05548129409798926,0.31744441469968243,0.3567930301419773,0.3902796128540972,0.40050856574105764,0.28896456688781835,0.0013675087575905284,0.02040816326530612,1,0.2003033304151164,0.2003033304151164,1,0.10188629027291486,0.021542226418369503,0.0,0.03926856307863329,0.011903742984706896,0.026987629007500225,0.027735009811261455,0.03342369175144814,0.03926856307863329,-2.1533261094384078e-05,0.0,0,0,0.0,0.0,16.794468328482665,0.02040816326530612,0.0,NORMAL,uta,data\raw\uta\normal\normal_006_25c88d4e.mp4,group_006,15,3445,3685,24.962141116864142,4.992428223372828,10.0
0.38669833555187294,0.3563033657664335,0.4108767595345124,0.015076628560000405,0.36696058300951523,0.37171228659729033,0.40011168414566073,0.40372009879764753,0.054573393768078904,-0.00039455359358862944,0.0,0,0.0,0.0,0,0.0,0.011893351482570211,0.0,0.027735009811261455,0.01318248551542042,0.026234161806670223,0.026987629007500225,0.026987629007500225,0.027735009811261455,-0.0001083095726514372,0.0,0,0,0.0,0.0,32.5110903371684,0.0,0.0,NORMAL,uta,data\raw\uta\normal\normal_006_25c88d4e.mp4,group_006,16,3690,3930,24.962141116864142,4.992428223372828,10.0
0.38803406543491625,0.2656171689525988,0.4131298929261841,0.022650192078267718,0.3711280727741309,0.3861082814919632,0.39987564911679596,0.40585549249049313,0.14751272397358528,-0.00046259911257157495,0.0,0,0.0,0.0,0,0.0,0.005372433110702339,0.0,0.026938622922018266,0.010612302977404783,0.0,0.026171196129510688,0.026870460745022952,0.026938622922018266,6.781022536045288e-05,0.0,0,0,0.0,0.0,72.21343551519486,0.0,0.0,NORMAL,uta,data\raw\uta\normal\normal_006_25c88d4e.mp4,group_006,17,3935,4175,24.962141116864142,4.992428223372828,10.0
0.3627139341287079,0.2814203534053119,0.403591220724189,0.021149410120231707,0.3389888053836654,0.35189669064835327,0.3788924156319407,0.38604741828906397,0.12217086731887711,0.0009259486755046186,0.0,0,0.0,0.0,0,0.0,0.01367608827312268,0.0,0.03809696588797297,0.015545940733662096,0.026938622922018266,0.03800057001282532,0.03805840753791391,0.03809696588797297,0.00014398741693876012,0.0,0,0,0.0,0.0,26.519821096825822,0.0,0.0,NORMAL,uta,data\raw\uta\normal\normal_006_25c88d4e.mp4,group_006,18,4180,4420,24.962141116864142,4.992428223372828,10.0
0.36226780301563327,0.27079220613797006,0.4030082778559244,0.02072670461691038,0.3511701557889982,0.3577921290197642,0.37060652670284155,0.37984899528375754,0.13221607171795435,0.00010409705241115096,0.0,0,0.0,0.0,0,0.0,0.012924855095324863,0.0,0.03820803599504351,0.013911469352302436,0.02630668208823282,0.02701716134791496,0.02701716134791496,0.03820803599504351,2.935923446758227e-06,0.0,0,0,0.0,0.0,28.026602522154338,0.0,0.0,NORMAL,uta,data\raw\uta\normal\normal_006_25c88d4e.mp4,group_006,19,4425,4665,24.962141116864142,4.992428223372828,10.0
0.3677414646248157,0.32640115089040944,0.40205839396904364,0.014211220294536767,0.35229510094118144,0.36188126507964014,0.3769334256310512,0.38112346584683615,0.0756572430786342,2.2975042703425885e-05,0.0,0,0.0,0.0,0,0.0,0.017255584623573635,0.0,0.14285714285714285,0.023192528752884117,0.02701716134791496,0.027175035069692283,0.027777777777777776,0.14285714285714285,9.880056962508063e-05,0.02040816326530612,1,1,0.2003033304151164,0.2003033304151164,21.31021129884859,0.0,0.0029154518950437313,NORMAL,uta,data\raw\uta\normal\normal_006_25c88d4e.mp4,group_006,20,4670,4910,24.962141116864142,4.992428223372828,10.0
0.1462187400712214,0.04338146740805558,0.17372535751202398,0.021967139471175068,0.12853225670484278,0.1434067402003446,0.15586254168622607,0.16305121853289534,0.1303438901039684,1.8384207855271685e-06,0.3389830508474576,7,1.1670123840536808,0.476331585328033,7,0.7116535230684143,0.014264050396587511,0.0,0.029419400489327837,0.0054178623261905935,0.01744746408634046,0.017672147846090083,0.018790624148507056,0.029419400489327837,-8.148500334035011e-05,0.0,0,0,0.0,0.0,10.250138345546953,2.3728813559322033,0.0,NORMAL,uta,data\raw\uta\normal\normal_007_d770bacc.mp4,group_007,1,5,305,29.991112757883172,5.998222551576634,10.0
0.143762358325494,0.028497272853155252,0.16205117577858869,0.02449782235493942,0.13065742895276117,0.14415836146385352,0.15518326780646166,0.15806393762715246,0.13355390292543343,7.837291277973076e-06,0.4406779661016949,18,3.000888987566608,0.6192310609264429,7,0.7116535230684143,0.00990986509563903,0.0,0.017655613788661217,0.006906971700008366,0.01723050018299295,0.01744746408634046,0.017467042043271336,0.017655613788661217,-7.816622625887322e-05,0.0,0,0,0.0,0.0,14.505530742089528,7.932203389830509,0.0,NORMAL,uta,data\raw\uta\normal\normal_007_d770bacc.mp4,group_007,2,310,605,29.991112757883172,5.998222551576634,10.0
0.1525802591347802,0.03396556880837404,0.16966670979613693,0.017921740450063353,0.14654758593628286,0.15133561334007775,0.1601354799967774,0.16479744545411396,0.1357011409877629,0.00016718632875436043,0.1694915254237288,3,0.5001481645944346,0.2778600914413526,6,0.6099887340586408,0.01391509837208806,0.0,0.035934973411004316,0.006884376042479573,0.017018965440026172,0.01765892060014699,0.02543890035282862,0.035934973411004316,9.937400813714578e-05,0.0,0,0,0.0,0.0,10.964298688834727,0.5084745762711864,0.0,NORMAL,uta,data\raw\uta\normal\normal_007_d770bacc.mp4,group_007,3,610,910,29.991112757883172,5.998222551576634,10.0
0.14089969388593618,0.05357123779448486,0.15565511141512597,0.018917444947561913,0.13293712157524512,0.14037294712268128,0.14943973460815127,0.15165196949386586,0.10208387362064111,5.773922007378173e-05,0.8305084745762712,17,2.834172932701796,1.0211358360469707,8,0.8133183120781877,0.01179797266672793,0.0,0.024388430433987696,0.005849600488544791,0.012493657888233147,0.01707112375801956,0.018312999143573948,0.024388430433987696,-8.650155150673235e-06,0.0,0,0,0.0,0.0,11.941691693486247,14.11864406779661,0.0,NORMAL,uta,data\raw\uta\normal\normal_007_d770bacc.mp4,group_007,4,915,1205,29.991112757883172,5.998222551576634,10.0
0.13920544066110868,0.029433959321363754,0.16944575245926877,0.019518554677503373,0.11854660095958205,0.13254966769190957,0.15032499706307284,0.15603791457567573,0.14001179313790502,-8.173188175154429e-05,0.7288135593220338,13,2.16730871324255,0.7965322621318773,9,0.9149831010879612,0.019106087867214464,0.0,0.0633586723558769,0.014150221746638216,0.022955885185363997,0.039188756303782636,0.04730745415374408,0.0633586723558769,0.0002029097430777234,0.0,0,0,0.0,0.0,7.285539357359055,9.47457627118644,0.0,NORMAL,uta,data\raw\uta\normal\normal_007_d770bacc.mp4,group_007,5,1210,1540,29.991112757883172,5.998222551576634,10.0
0.1443409852621467,0.044495394145782206,0.17764496288676612,0.021059698776452678,0.1338199532445217,0.1416347055712358,0.1533849430855762,0.16112312779428697,0.1331495687409839,-0.00014208347001663286,0.6101694915254238,10,1.6671605486481154,0.750222246891652,8,0.8133183120781877,0.01045551950626907,0.0,0.03674831822873134,0.006715429691058836,0.0120369629384752,0.01613234687116576,0.016473427655033058,0.03674831822873134,5.319828236295881e-05,0.0,0,0,0.0,0.0,13.803922536137282,6.101694915254238,0.0,NORMAL,uta,data\raw\uta\normal\normal_007_d770bacc.mp4,group_007,6,1545,1850,29.991112757883172,5.998222551576634,10.0
0.15292928017942956,0.060636184031064355,0.17990839013687154,0.020616001877515323,0.14161185427404838,0.1494727478858595,0.1613657415564635,0.1705643186318652,0.11927220610580719,-0.00032417851376698734,0.2542372881355932,6,1.0002963291888691,0.41679013716202884,6,0.6099887340586408,0.019670845686096023,0.0,0.08035304331665313,0.019819791486540946,0.01663320290643224,0.05566975520362644,0.0669028735443308,0.08035304331665313,0.00027654264013189086,0.0,0,0,0.0,0.0,7.774017884225237,1.5254237288135593,0.0,NORMAL,uta,data\raw\uta\normal\normal_007_d770bacc.mp4,group_007,7,1855,2150,29.991112757883172,5.998222551576634,10.0
0.1515282931020678,0.06027530163398568,0.194949285742411,0.02341339136719169,0.12512794054586623,0.15271603519012705,0.16105102437162816,0.16345141415424583,0.13467398410842532,-0.0002564162034650437,0.1694915254237288,4,0.6668642194592461,0.41679013716202884,4,0.40665915603909386,0.009049175523432266,0.0,0.01744746408634046,0.005959476874062926,0.012034225871422001,0.016246745055455074,0.01681765274866726,0.01744746408634046,-5.616188235112002e-05,0.0,0,0,0.0,0.0,16.743133070705454,0.6779661016949152,0.0,NORMAL,uta,data\raw\uta\normal\normal_007_d770bacc.mp4,group_007,8,2155,2445,29.991112757883172,5.998222551576634,10.0
0.15764035811459115,0.10138208822724279,0.17205470188396155,0.010850078386648643,0.14957246368459295,0.15369531490287444,0.16398189419093306,0.1661350377827854,0.07067261365671876,-0.00020689082293616083,0.11864406779661017,2,0.33343210972962306,0.1945020640089468,6,0.6099887340586408,0.011448163447216107,0.0,0.01744746408634046,0.005899164880603757,0.016526881098254165,0.016825148837502295,0.01684453049775468,0.01744746408634046,8.388723932329014e-05,0.0,0,0,0.0,0.0,13.768722827773221,0.23728813559322035,0.0,NORMAL,uta,data\raw\uta\normal\normal_007_d770bacc.mp4,group_007,9,2450,2740,29.991112757883172,5.998222551576634,10.0
0.1605954805516665,0.06976512359236903,0.17573140318925762,0.015518725604031818,0.15444957065758533,0.15845253072713306,0.16825963613470732,0.17165022587225728,0.10596627959688859,5.282405423132083e-06,0.0847457627118644,3,0.5001481645944346,0.41679013716202884,2,0.20332957801954693,0.012743692060739347,0.0,0.027250890267063607,0.006192201211474065,0.016825148837502295,0.01743817681534255,0.01768758209305881,0.027250890267063607,4.022300264596714e-06,0.0,0,0,0.0,0.0,12.60096986151504,0.2542372881355932,0.0,NORMAL,uta,data\raw\uta\normal\normal_007_d770bacc.mp4,group_007,10,2745,3035,29.991112757883172,5.998222551576634,10.0
0.1777415662430688,0.0986106169232077,0.1893376771515102,0.012382897723673587,0.17132080327966911,0.17496309893190948,0.18270881148949514,0.186160252082337,0.0907270602283025,-5.328530684813909e-05,0.03389830508474576,2,0.33343210972962306,0.33343210972962306,1,0.10166478900977347,0.014067878445984611,0.0,0.02793121748098987,0.0057483093532495816,0.017540710235495895,0.01792633721523152,0.024692056386980358,0.02793121748098987,3.5762654387411454e-05,0.0,0,0,0.0,0.0,12.633669906629828,0.06779661016949153,0.0,NORMAL,uta,data\raw\uta\normal\normal_007_d770bacc.mp4,group_007,11,3040,3330,29.991112757883172,5.998222551576634,10.0
0.15460846574652304,0.06211560766413584,0.18325512726214477,0.024879928701750757,0.13120891499806478,0.15038536802351263,0.16835410955435792,0.1790191281295168,0.12113951959800892,0.0002725432861152791,0.2542372881355932,4,0.6668642194592461,0.3572486889960247,7,0.7116535230684143,0.03185734511802234,0.0,0.1635838728763408,0.04165981948436425,0.027910889110850018,0.1119429837605022,0.12961181495179638,0.1635838728763408,0.0012495455558829886,0.1016949152542373,3,2,0.33343210972962306,0.33343210972962306,4.852997391225468,1.0169491525423728,0.016635648089119406,NORMAL,uta,data\raw\uta\normal\normal_007_d770bacc.mp4,group_007,12,3335,3640,29.991112757883172,5.998222551576634,10.0
0.14502574806247887,0.05911252532533348,0.17233295625674966,0.014163224517235957,0.1358634814684216,0.1406083739466122,0.15237963862891948,0.15597913836809124,0.11322043093141618,-0.0003418885997643309,0.6949152542372882,22,3.6677532070258536,1.7088395623643182,4,0.40665915603909386,0.015051200855965277,0.0,0.04347569267434932,0.007547133782322421,0.01662745363976212,0.025118969075002908,0.026562683181560368,0.04347569267434932,-0.00011903446401698269,0.0,0,0,0.0,0.0,9.634853364649615,15.288135593220339,0.0,NORMAL,uta,data\raw\uta\normal\normal_007_d770bacc.mp4,group_007,13,3645,3950,29.991112757883172,5.998222551576634,10.0
0.14777695834635254,0.05483662736092748,0.16696859420465682,0.02201670718647927,0.13671253062892574,0.14090735656310294,0.15981207487385635,0.1645254506982784,0.11213196684372934,0.00037249688311183913,0.3389830508474576,10,1.6671605486481154,0.5557201828827052,6,0.6099887340586408,0.011343394079034192,0.0,0.060492197791871066,0.009656540353538377,0.01605609516079888,0.01662745363976212,0.017704274073233092,0.060492197791871066,-2.0812771163310577e-05,0.0,0,0,0.0,0.0,13.026430262984444,3.389830508474576,0.0,NORMAL,uta,data\raw\uta\normal\normal_007_d770bacc.mp4,group_007,14,3955,4255,29.991112757883172,5.998222551576634,10.0
0.15486865089666776,0.06038196545083937,0.17393554509737472,0.017633079671463006,0.1460398020629063,0.15396929632605438,0.16334207514606755,0.16541302812082684,0.11355357964653534,-0.0003270471704634477,0.11864406779661017,3,0.5001481645944346,0.2917530960134202,4,0.40665915603909386,0.009938385072142956,0.0,0.049322612310635,0.008267583887432685,0.012410936637011753,0.01681681984990781,0.017060886577557808,0.049322612310635,-4.681169906754829e-05,0.0,0,0,0.0,0.0,15.581311094457648,0.3559322033898305,0.0,NORMAL,uta,data\raw\uta\normal\normal_007_d770bacc.mp4,group_007,15,4260,4560,29.991112757883172,5.998222551576634,10.0
0.1586895946132927,0.04775110477859483,0.17578006363837945,0.021371395049137685,0.14806379493588276,0.15473497658776203,0.1685112182870597,0.17290801407615908,0.1280289588597846,-0.0003844325899016861,0.11864406779661017,2,0.33343210972962306,0.23340247681073614,5,0.5083239450488674,0.010454414152533533,0.0,0.024052781609473422,0.006320832349059042,0.014629103305710755,0.017010101073971426,0.0170385223474649,0.024052781609473422,-9.70614961469467e-05,0.0,0,0,0.0,0.0,15.177743540158035,0.23728813559322035,0.0,NORMAL,uta,data\raw\uta\normal\normal_007_d770bacc.mp4,group_007,16,4565,4855,29.991112757883172,5.998222551576634,10.0
0.15830830159917827,0.07535617387705373,0.17858540904037473,0.013346500360922834,0.14806379493588276,0.15386873686527364,0.16480068076521268,0.16780793893665885,0.103229235163321,7.721241864229377e-05,0.15254237288135594,4,0.6668642194592461,0.375111123445826,4,0.40665915603909386,0.009251338143446758,0.0,0.017214534514413484,0.006669128712510574,0.012255645753005574,0.017007884982457738,0.01700899302821458,0.017214534514413484,-7.409036919131062e-05,0.0,0,0,0.0,0.0,17.110086028503492,0.6101694915254238,0.0,NORMAL,uta,data\raw\uta\normal\normal_007_d770bacc.mp4,group_007,17,4860,5155,29.991112757883172,5.998222551576634,10.0
0.1577230174624307,0.04893144466609378,0.17317947224112784,0.02015475078580405,0.15159415479362312,0.15756615000971105,0.16711981988090047,0.1691257462993669,0.12424802757503406,-0.0002948472152244039,0.0847457627118644,2,0.33343210972962306,0.2778600914413526,3,0.3049943670293204,0.00951995931915109,0.0,0.034716781409194084,0.006873401962717148,0.012034225871422001,0.016619414672860742,0.017007884982457738,0.034716781409194084,-5.481981833757167e-05,0.0,0,0,0.0,0.0,16.5658745274939,0.1694915254237288,0.0,NORMAL,uta,data\raw\uta\normal\normal_007_d770bacc.mp4,group_007,18,5160,5455,29.991112757883172,5.998222551576634,10.0
0.1525370050618476,0.09717949144361149,0.1734895102672262,0.012426589356563674,0.14731359016113715,0.14987578381347022,0.1581083882571028,0.16274961256170936,0.07631001882361471,2.384146585150126e-05,0.2542372881355932,4,0.6668642194592461,0.41679013716202884,6,0.6099887340586408,0.01652988290022275,0.0,0.08669094353009192,0.016700015398649327,0.01663205448506164,0.03633985839646656,0.04717830849011341,0.08669094353009192,0.00025000436054887706,0.0,0,0,0.0,0.0,9.2273961398512,1.0169491525423728,0.0,NORMAL,uta,data\raw\uta\normal\normal_007_d770bacc.mp4,group_007,19,5460,5765,29.991112757883172,5.998222551576634,10.0
0.16720382368737874,0.09350170786396525,0.19193602492039963,0.015049893499451732,0.15339818812358166,0.15984030832420976,0.17770701419054974,0.1839338589995932,0.09843431705643438,0.00012514378013959881,0.06779661016949153,2,0.33343210972962306,0.22228807315308202,3,0.3049943670293204,0.04956432002447828,0.0,0.16874033115237128,0.04694674988184226,0.0676542108933204,0.130459544027938,0.15036932821822221,0.16874033115237128,-0.0001888715089403019,0.13559322033898305,5,4,0.6668642194592461,0.26674568778369845,3.373403492700211,0.13559322033898305,0.022880044902016443,NORMAL,uta,data\raw\uta\normal\normal_007_d770bacc.mp4,group_007,20,5770,6080,29.991112757883172,5.998222551576634,10.0
0.16504953377403264,0.1450108614347363,0.20032495465155115,0.010714207103735326,0.15433939595235438,0.15829934009298835,0.16894791005477927,0.17661319395622668,0.05531409321681485,0.0002670396864631336,0.08333333333333333,2,0.3333329661857033,0.20833310386606455,4,0.40000044057764134,0.01715550513212855,0.0,0.1271997456007632,0.020249099235423958,0.023124983963604545,0.032855833237099015,0.045391812983830514,0.1271997456007632,-0.00023799848074654826,0.016666666666666666,1,1,0.16666648309285165,0.16666648309285165,9.620230490005135,0.16666666666666666,0.00211999576001272,NORMAL,uta,data\raw\uta\normal\normal_008_b38a5924.mp4,group_008,1,5,300,30.0000330433231,6.00000660866462,10.0
0.1585843073926774,0.05833789378327554,0.19821927755838478,0.022056025183838993,0.13446646028153786,0.1547679168406551,0.16896102138929114,0.17590814697512047,0.13988138377510922,-0.00016051648622262377,0.2,4,0.6666659323714066,0.3333329661857033,6,0.600000660866462,0.020169364879578357,0.0,0.03287979746107146,0.012309237285551299,0.031591424623600255,0.03287979746107146,0.03287979746107146,0.03287979746107146,0.00012399910352584078,0.0,0,0,0.0,0.0,7.862242866674034,0.8,0.0,NORMAL,uta,data\raw\uta\normal\normal_008_b38a5924.mp4,group_008,2,305,600,30.0000330433231,6.00000660866462,10.0
0.15398102548929504,0.1344858647943506,0.16953702023934314,0.009538895861855582,0.1405491535315947,0.14525487368041154,0.16194555653027257,0.1660887854736916,0.03505115544499254,0.0001807601120719776,0.35,4,0.6666659323714066,0.34999961449498845,10,1.0000011014441033,0.022972570092222075,0.0,0.033671751485073696,0.009920745086579072,0.03287979746107146,0.03296603988672356,0.03366221139379705,0.033671751485073696,6.853642393977842e-05,0.0,0,0,0.0,0.0,6.702529248661565,1.4,0.0,NORMAL,uta,data\raw\uta\normal\normal_008_b38a5924.mp4,group_008,3,605,900,30.0000330433231,6.00000660866462,10.0
0.12944181147155998,0.10254774949454491,0.16618695274159867,0.012533479076540911,0.11526070493491054,0.11969775458886518,0.13857381919115852,0.14525826274727613,0.06363920324705376,-0.00029586418648171105,0.95,40,6.666659323714065,4.749994768146272,2,0.20000022028882067,0.023875453225907596,0.0,0.03287979746107146,0.009067249156124488,0.032108064953396784,0.03213291960680524,0.03285317054554652,0.03287979746107146,-2.722626604365221e-05,0.0,0,0,0.0,0.0,5.421316568539027,38.0,0.0,NORMAL,uta,data\raw\uta\normal\normal_008_b38a5924.mp4,group_008,4,905,1200,30.0000330433231,6.00000660866462,10.0
0.13703693156983607,0.11523437434781961,0.1674430816515543,0.015219799512864736,0.12049878655509308,0.123831148863713,0.1506397329507671,0.160537065911264,0.0522087073037347,0.0002546805436877433,0.7333333333333333,21,3.4999961449498844,1.4666650512170945,5,0.5000005507220516,0.019763691364171058,0.0,0.03288868749704872,0.011464778895940693,0.023802777946288958,0.032855833237099015,0.03287979746107146,0.03288868749704872,-0.00033072147059162244,0.0,0,0,0.0,0.0,6.933421273567328,15.399999999999999,0.0,NORMAL,uta,data\raw\uta\normal\normal_008_b38a5924.mp4,group_008,5,1205,1500,30.0000330433231,6.00000660866462,10.0
0.1388311788139983,0.09789732675834731,0.16314010264724024,0.012944639015643623,0.12441438447770117,0.12910835945779758,0.14828402582677291,0.15441085633806784,0.06524277588889293,-0.00021959345003806839,0.8166666666666667,18,2.9999966956713298,0.9074064079499701,9,0.900000991299693,0.025832792257061126,0.0,0.051875482282116206,0.011052369719360999,0.03285982727442775,0.03366221139379705,0.035216094150121544,0.051875482282116206,0.00028886843500685385,0.0,0,0,0.0,0.0,5.374014679399294,14.7,0.0,NORMAL,uta,data\raw\uta\normal\normal_008_b38a5924.mp4,group_008,6,1505,1800,30.0000330433231,6.00000660866462,10.0
0.13892248683772948,0.10573232725292502,0.17146401959035593,0.01588815743468394,0.11813360057967776,0.12494866673346008,0.15377169779698718,0.1611158917922655,0.06573169233743091,0.000764451450512638,0.7,35,5.833326908249807,1.3999984579799538,5,0.5000005507220516,0.023182654855581113,0.0,0.05194542364094178,0.011623855244085782,0.03228328265160742,0.03292647163672439,0.03363363969981562,0.05194542364094178,-3.869105105104635e-07,0.0,0,0,0.0,0.0,5.992259965183444,24.5,0.0,NORMAL,uta,data\raw\uta\normal\normal_008_b38a5924.mp4,group_008,7,1805,2100,30.0000330433231,6.00000660866462,10.0
0.13965015902547348,0.0572976070085805,0.18146396748444354,0.026714633475276556,0.11361930811122514,0.12778816135093046,0.1596984676826262,0.17651422914616036,0.12416636047586305,-0.0008082470558861556,0.7,28,4.666661526599846,2.333330763299923,3,0.300000330433231,0.023933773096014906,0.0,0.03445204812747773,0.011570942387092864,0.03280893574623933,0.03363363969981562,0.034401045807689073,0.03445204812747773,3.021189761493947e-05,0.0,0,0,0.0,0.0,5.834613867667079,19.599999999999998,0.0,NORMAL,uta,data\raw\uta\normal\normal_008_b38a5924.mp4,group_008,8,2105,2400,30.0000330433231,6.00000660866462,10.0
0.13631039087054395,0.038513382916335874,0.20069068271828383,0.02518915304025215,0.13001694997496743,0.13292275991237518,0.14375058855061218,0.15696406072351776,0.16217729980194795,-6.650111004754565e-05,0.8333333333333334,31,5.166660975878401,2.0833310386606456,4,0.40000044057764134,0.03006768533076337,0.0,0.035311227577322434,0.006024393229039064,0.03363363969981562,0.03445204812747773,0.03445204812747773,0.035311227577322434,3.1426643390382624e-05,0.0,0,0,0.0,0.0,4.533300653856134,25.833333333333336,0.0,NORMAL,uta,data\raw\uta\normal\normal_008_b38a5924.mp4,group_008,9,2405,2700,30.0000330433231,6.00000660866462,10.0
0.14269167318732293,0.06969935755224994,0.17608873336777922,0.01821042033300667,0.13285700765736783,0.1345207196870017,0.15528952005987873,0.16689198513795309,0.10638937581552928,0.00011141833073513403,0.7333333333333333,40,6.666659323714065,2.4444417520284905,3,0.300000330433231,0.024421402605948977,0.0,0.035311227577322434,0.00999222239918258,0.03363363969981562,0.03445204812747773,0.03449226170664552,0.035311227577322434,-4.23219176870572e-05,0.0,0,0,0.0,0.0,5.84265502004971,29.333333333333332,0.0,NORMAL,uta,data\raw\uta\normal\normal_008_b38a5924.mp4,group_008,10,2705,3000,30.0000330433231,6.00000660866462,10.0
0.15392537339129853,0.08615904615503467,0.17618690063568632,0.014133634208013668,0.14260255311300266,0.14709771331801696,0.16344360051340873,0.1694015437337806,0.09002785448065165,-0.00026895283076048643,0.3333333333333333,5,0.8333324154642582,0.37036996242855924,9,0.900000991299693,0.02885125184088605,0.0,0.05447347107028433,0.008687253555597161,0.03366221139379705,0.03445204812747773,0.03448275862068966,0.05447347107028433,2.6292758754908375e-05,0.0,0,0,0.0,0.0,5.334951817284965,1.6666666666666665,0.0,NORMAL,uta,data\raw\uta\normal\normal_008_b38a5924.mp4,group_008,11,3005,3300,30.0000330433231,6.00000660866462,10.0
0.15584627606227297,0.11732567327175134,0.17626531712599594,0.014178980700732615,0.13693610190850472,0.14411750788139782,0.16615772795897393,0.16961534282091595,0.058939643854244606,-0.0003989548479177698,0.31666666666666665,5,0.8333324154642582,0.5277771964606969,6,0.600000660866462,0.022597056391243656,0.0,0.033671751485073696,0.010372106113124098,0.03229434135143422,0.03287979746107146,0.03366221139379705,0.033671751485073696,0.00017920904895050828,0.0,0,0,0.0,0.0,6.896446020139175,1.5833333333333333,0.0,NORMAL,uta,data\raw\uta\normal\normal_008_b38a5924.mp4,group_008,12,3305,3600,30.0000330433231,6.00000660866462,10.0
0.15033814426151174,0.11309283182520524,0.17224459366285838,0.015572121853812392,0.12689905751556074,0.1407380654811994,0.16247265243309733,0.1651797418322529,0.05915176183765314,-0.00014824769438437214,0.4166666666666667,8,1.3333318647428132,0.5952374396173273,7,0.7000007710108723,0.025957932328511492,0.0,0.03366221139379705,0.006598956382317988,0.03213291960680524,0.03285317054554652,0.03363363969981562,0.03366221139379705,6.585679333624734e-05,0.0,0,0,0.0,0.0,5.791383958283628,3.3333333333333335,0.0,NORMAL,uta,data\raw\uta\normal\normal_008_b38a5924.mp4,group_008,13,3605,3900,30.0000330433231,6.00000660866462,10.0
0.1419045904115927,0.1156721668763714,0.17115342003133358,0.014438914851379187,0.1204186833584703,0.13011482429420124,0.15347867253916805,0.15727039100562204,0.055481253154962176,-4.141902633075095e-05,0.6166666666666667,12,1.9999977971142198,1.0277766457392519,6,0.600000660866462,0.024619317814809374,0.0,0.03366221139379705,0.008725084663442214,0.03213291960680524,0.03287979746107146,0.03291748957300867,0.03366221139379705,-5.424801653279567e-05,0.0,0,0,0.0,0.0,5.76371887150196,7.4,0.0,NORMAL,uta,data\raw\uta\normal\normal_008_b38a5924.mp4,group_008,14,3905,4200,30.0000330433231,6.00000660866462,10.0
0.14761999153613353,0.050456238881164975,0.17758095696993104,0.022469163423872743,0.11522188342592364,0.14480063220775066,0.16076128598843867,0.16800952104706554,0.12712471808876608,4.212236742436802e-05,0.4,7,1.1666653816499615,0.49999944927855494,8,0.8000008811552827,0.027598590045064517,0.0,0.05076730825668096,0.009604232858992584,0.032108064953396784,0.03285317054554652,0.03285450189132277,0.05076730825668096,-4.759528147174477e-05,0.0,0,0,0.0,0.0,5.348629863526962,2.8000000000000003,0.0,NORMAL,uta,data\raw\uta\normal\normal_008_b38a5924.mp4,group_008,15,4205,4500,30.0000330433231,6.00000660866462,10.0
0.13550117191153213,0.09667329995758109,0.17972131405108954,0.018995880944002758,0.11522196713724371,0.11751432911827082,0.14973920672948804,0.15957123873764434,0.08304801409350845,-1.926324762931391e-05,0.75,16,2.6666637294856264,1.2499986231963873,6,0.600000660866462,0.02234941972533957,0.0,0.03363363969981562,0.011421218047329023,0.032108064953396784,0.03220494470067937,0.03285317054554652,0.03363363969981562,2.5951484464271223e-05,0.0,0,0,0.0,0.0,6.062578402405079,12.0,0.0,NORMAL,uta,data\raw\uta\normal\normal_008_b38a5924.mp4,group_008,16,4505,4800,30.0000330433231,6.00000660866462,10.0
0.1485964195983369,0.11483450544925533,0.21382627768983847,0.022158656761759488,0.12745376286343768,0.1289057736687167,0.165422889179471,0.179127602786626,0.09899177224058314,0.0009676945121296076,0.6333333333333333,22,3.666662628042736,1.5833315893820905,4,0.40000044057764134,0.023793398380590747,0.0,0.046494029387639225,0.010598699089516023,0.032108064953396784,0.03294382533073427,0.03423934786989504,0.046494029387639225,-3.1405537852614383e-05,0.0,0,0,0.0,0.0,6.245016882609984,13.933333333333334,0.0,NORMAL,uta,data\raw\uta\normal\normal_008_b38a5924.mp4,group_008,17,4805,5100,30.0000330433231,6.00000660866462,10.0
0.15410044443504098,0.06365065623868002,0.1826394839031085,0.022087811570326566,0.13326618949925706,0.1473774520109036,0.1671350286170149,0.17379514388278003,0.11898882766442848,4.0238725709609385e-06,0.31666666666666665,5,0.8333324154642582,0.4523804541091688,7,0.7000007710108723,0.03676721518375687,0.0,0.06755660236665674,0.014743674103923934,0.05260121621008483,0.05574513610066167,0.05581618904800373,0.06755660236665674,0.00019562487787074364,0.0,0,0,0.0,0.0,4.191132032514814,1.5833333333333333,0.0,NORMAL,uta,data\raw\uta\normal\normal_008_b38a5924.mp4,group_008,18,5105,5400,30.0000330433231,6.00000660866462,10.0
0.1553846732872423,0.06390592087740979,0.19248828646711647,0.023955932234974123,0.13013596840492048,0.14921984457121665,0.1704559578127987,0.17689027349287154,0.12858236558970668,-0.00012586328278479359,0.25,7,1.1666653816499615,0.4166662077321291,6,0.600000660866462,0.030618675456494514,0.023782574707724703,0.05583195306044417,0.007548010594138672,0.03445972575078071,0.03531453438880821,0.04878330687493372,0.03204937835271947,-7.631433367550282e-06,0.0,0,0,0.0,0.0,5.074667545317983,1.75,0.0,NORMAL,uta,data\raw\uta\normal\normal_008_b38a5924.mp4,group_008,19,5405,5700,30.0000330433231,6.00000660866462,10.0
0.15270691492340374,0.1372793050866495,0.16937486076835243,0.007322266462897796,0.14470306866744675,0.1471704536010851,0.15706968741161714,0.16306438543440036,0.032095555681702914,-5.090712425811412e-05,0.38333333333333336,12,1.9999977971142198,0.958332277783897,4,0.40000044057764134,0.028988970974549184,0.023782574707724703,0.035344295692180165,0.005148663991586428,0.03445972575078071,0.035344295692180165,0.035344295692180165,0.011561720984455463,-7.859787224571262e-05,0.0,0,0,0.0,0.0,5.2675773652021896,4.6000000000000005,0.0,NORMAL,uta,data\raw\uta\normal\normal_008_b38a5924.mp4,group_008,20,5705,6000,30.0000330433231,6.00000660866462,10.0
0.15482245221598587,0.10284343084815928,0.17882002115418397,0.01373254565581807,0.14059273594222246,0.14682231843550575,0.16206561127146157,0.17383702144125934,0.07597659030602469,5.09510509481502e-05,0.3050847457627119,2,0.33569752610715164,0.25177314458036376,12,1.2117445896432035,0.013249937029570866,0.0,0.046423834544262965,0.010852191374268377,0.015151515151515152,0.02110578458973433,0.03219178136740339,0.046423834544262965,0.00012254262249885087,0.0,0,0,0.0,0.0,11.68388709949215,0.6101694915254238,0.0,NORMAL,uta,data\raw\uta\normal\normal_009_ec5ff143.mp4,group_009,1,5,600,29.78872116206209,5.957744232412418,10.0
0.15934348203741097,0.05004840365180009,0.19913244133780722,0.01940708494896842,0.14072082339941422,0.151506234013253,0.1700992146392611,0.1785698328201875,0.14908403768600714,-0.00026758965191232815,0.2033898305084746,4,0.6713950522143033,0.25177314458036376,8,0.8078297264288024,0.01575642327398569,0.0,0.05804888408495399,0.010984590955877425,0.020348373743511068,0.029935762885749843,0.031996739691351285,0.05804888408495399,-0.00015571397341091687,0.0,0,0,0.0,0.0,10.112280368864303,0.8135593220338984,0.0,NORMAL,uta,data\raw\uta\normal\normal_009_ec5ff143.mp4,group_009,2,605,1155,29.78872116206209,5.957744232412418,10.0
0.14727708325014383,0.01460515594592465,0.18073010157388114,0.02263669210110882,0.13024205395064403,0.1414408732682292,0.15928370661395216,0.16449114086034913,0.1661249456279565,-0.00010261288059092087,0.4915254237288136,5,0.8392438152678792,0.32450760857024663,15,1.5146807370540045,0.016805144283775168,0.0,0.04823051395218605,0.011845799378582334,0.022276297503341178,0.03398764248413675,0.035587920276328185,0.04823051395218605,-0.00012185551099497065,0.0,0,0,0.0,0.0,8.763288042952642,2.457627118644068,0.0,NORMAL,uta,data\raw\uta\normal\normal_009_ec5ff143.mp4,group_009,3,1160,1605,29.78872116206209,5.957744232412418,10.0
0.13255545761413054,0.018735839660302178,0.16820248245217967,0.027102367166695177,0.10922520806231711,0.12408913902287413,0.14961518570689053,0.1550772371821916,0.1494666427918775,-0.000359253129068432,0.7796610169491526,16,2.685580208857213,1.2868405167440815,6,0.6058722948216018,0.02167344898267224,0.0,0.05796586369886271,0.011540072696999713,0.024806946917841695,0.037103328765691446,0.03798782508746458,0.05796586369886271,-1.2285406425343275e-05,0.0,0,0,0.0,0.0,6.115747520045503,12.474576271186441,0.0,NORMAL,uta,data\raw\uta\normal\normal_009_ec5ff143.mp4,group_009,4,1610,2075,29.78872116206209,5.957744232412418,10.0
0.14369932708671243,0.10439425834651125,0.17238532928331002,0.011656561417641185,0.12969452424160013,0.13608309740940303,0.15054804752903744,0.15571224182679738,0.06799107093679876,-8.403040506508485e-05,0.7288135593220338,9,1.5106388674821825,0.5155354865216972,14,1.4137020212504041,0.01739096842299735,0.0,0.05159164819453113,0.011420843348690977,0.022762572680299274,0.03529722270496511,0.036110234516870815,0.05159164819453113,-0.00022705847352629246,0.0,0,0,0.0,0.0,8.26239581350086,6.5593220338983045,0.0,NORMAL,uta,data\raw\uta\normal\normal_009_ec5ff143.mp4,group_009,5,2085,2530,29.78872116206209,5.957744232412418,10.0
0.14157942453600156,0.014256705253588898,0.1865517120203166,0.033978334249510855,0.11610310993537061,0.13782839423236964,0.15916709576467947,0.16509124169809836,0.17229500676672768,-0.0005836239326910315,0.4915254237288136,5,0.8392438152678792,0.44251037532306353,11,1.1107658738396033,0.01574752933736798,0.0,0.03920513652301045,0.01081937858912404,0.02244076912319841,0.0267475556541831,0.03519656000334925,0.03920513652301045,-6.178763965176444e-05,0.0,0,0,0.0,0.0,8.990009257566868,2.457627118644068,0.0,NORMAL,uta,data\raw\uta\normal\normal_009_ec5ff143.mp4,group_009,6,2535,3030,29.78872116206209,5.957744232412418,10.0
0.15803179171782095,0.055391985632778744,0.19192416177504057,0.024468546157280602,0.13453333389133057,0.14931281744551883,0.1750624680391896,0.17974767346573547,0.13653217614226182,0.0006207303675751475,0.2711864406779661,6,1.007092578321455,0.5371160417714427,5,0.5048935790180015,0.017859950964248153,0.0,0.03493429796801333,0.007369925561444035,0.022266809098157377,0.023566953078897113,0.025155499704577318,0.03493429796801333,9.452333488915926e-06,0.0,0,0,0.0,0.0,8.847893487538792,1.6271186440677967,0.0,NORMAL,uta,data\raw\uta\normal\normal_009_ec5ff143.mp4,group_009,7,3035,3705,29.78872116206209,5.957744232412418,10.0
0.1516940639182374,0.06190653430953168,0.1922248312799508,0.024036159569203804,0.12807038608891327,0.13753836135576558,0.16713767226546428,0.1802343689123766,0.13031829697041913,-0.00023200371479918284,0.4576271186440678,7,1.174941341375031,0.4531916602446548,10,1.009787158036003,0.018126538765483164,0.0,0.053808205135149875,0.00990580016482803,0.02209708691207961,0.022809896167307987,0.03606561254031919,0.053808205135149875,0.00012939204437719483,0.0,0,0,0.0,0.0,8.368155538416481,3.2033898305084745,0.0,NORMAL,uta,data\raw\uta\normal\normal_009_ec5ff143.mp4,group_009,8,3715,4410,29.78872116206209,5.957744232412418,10.0
0.1450465272635072,0.06111776905974147,0.17533501951340452,0.0230701748377992,0.12317991420398976,0.13167993229053612,0.16378226316451716,0.16626261670926987,0.11421725045366304,-0.00029497988687952957,0.5254237288135594,11,1.8463363935893342,0.5781457394067613,9,0.9088084422324028,0.018885338367554266,0.0,0.04501035357211934,0.00834148995765499,0.022622935976380064,0.02489058076738289,0.033530590240959994,0.04501035357211934,-6.386553868006297e-05,0.0,0,0,0.0,0.0,7.679970804329625,5.779661016949153,0.0,NORMAL,uta,data\raw\uta\normal\normal_009_ec5ff143.mp4,group_009,9,4415,4895,29.78872116206209,5.957744232412418,10.0
0.15043009491678377,0.12202905302557897,0.17609189980414153,0.012818917572339435,0.13345108116230106,0.13980482414421402,0.15891088947310159,0.16674134133244062,0.05406284677856256,0.00019865657079654473,0.4745762711864407,4,0.6713950522143033,0.31331769103334156,15,1.5146807370540045,0.013799864438926019,0.0,0.04346799081843115,0.009966493590126429,0.02158715900996859,0.02280752307191674,0.023222141310115706,0.04346799081843115,-4.470868612997664e-06,0.0,0,0,0.0,0.0,10.900048731185873,1.8983050847457628,0.0,NORMAL,uta,data\raw\uta\normal\normal_009_ec5ff143.mp4,group_009,10,4905,5425,29.78872116206209,5.957744232412418,10.0
0.1309512510117772,0.04534488075438006,0.16767928268763824,0.02249876547677081,0.10221661991816096,0.12145731538231788,0.14614703984781674,0.15462090091798772,0.12233440193325817,0.00036155186234345293,0.7966101694915254,21,3.5248240241250923,1.314815310586344,6,0.6058722948216018,0.01617375236872119,0.0,0.05530663187549722,0.011408819548489156,0.02243653128423514,0.023180714250535188,0.0340112726226323,0.05530663187549722,-0.0001046689545243219,0.0,0,0,0.0,0.0,8.096028181860227,16.728813559322035,0.0,NORMAL,uta,data\raw\uta\normal\normal_009_ec5ff143.mp4,group_009,11,5440,5965,29.78872116206209,5.957744232412418,10.0
0.1431267863783025,0.027630709161199883,0.19170726218970854,0.03026205803582875,0.13050327095156308,0.13844171886093654,0.15821220246216125,0.17008589406895788,0.16407655302850865,-0.00034886706516641105,0.6271186440677966,9,1.5106388674821825,0.6210404232982306,10,1.009787158036003,0.01655523111667207,0.0,0.041522739926869986,0.010151476623564994,0.02242242646654375,0.025094009447159345,0.03439697540055092,0.041522739926869986,7.751381675544697e-05,0.0,0,0,0.0,0.0,8.644889369427458,5.6440677966101696,0.0,NORMAL,uta,data\raw\uta\normal\normal_009_ec5ff143.mp4,group_009,12,5975,6630,29.78872116206209,5.957744232412418,10.0
0.15006687104232888,0.04078797765554475,0.1889652219128256,0.027808792615025304,0.12722322335670277,0.14235073054712996,0.16257312059193849,0.18058570697118154,0.14817724425728085,0.0007139770922474102,0.4745762711864407,10,1.6784876305357583,0.5221961517222359,9,0.9088084422324028,0.014324478736965001,0.0,0.03438477284282031,0.008145926230291822,0.018727393544887883,0.02216215482297244,0.02247665912275776,0.03438477284282031,0.0001416116565848452,0.0,0,0,0.0,0.0,10.47552223543505,4.745762711864407,0.0,NORMAL,uta,data\raw\uta\normal\normal_009_ec5ff143.mp4,group_009,13,6645,7255,29.78872116206209,5.957744232412418,10.0
0.1460884363592132,0.02656214954994838,0.20215973456587383,0.030250782092552417,0.1280836468003696,0.13815877755905748,0.16082395749911693,0.1756977928701289,0.17559758501592546,-0.00015898905333003755,0.5084745762711864,5,0.8392438152678792,0.38734329935440576,13,1.312723305446804,0.015908204763158254,0.0,0.03438477284282031,0.00856827188892572,0.022094390007582832,0.022445572434405835,0.02279803762937766,0.03438477284282031,-0.0001137291384957804,0.0,0,0,0.0,0.0,9.182635998093225,2.542372881355932,0.0,NORMAL,uta,data\raw\uta\normal\normal_009_ec5ff143.mp4,group_009,14,7265,7865,29.78872116206209,5.957744232412418,10.0
0.15330252175772877,0.033199322094967836,0.21975330381864405,0.030699902426526187,0.11748710162118445,0.14416534233212353,0.17077222901728328,0.17776761037306982,0.1865539817236762,-0.00035078063376315087,0.3220338983050847,7,1.174941341375031,0.31891264980179407,10,1.009787158036003,0.01763992523256797,0.0,0.03438477284282031,0.007435641348043775,0.02209034761127607,0.023566953078897113,0.029933192439501148,0.03438477284282031,-5.073705553109735e-06,0.0,0,0,0.0,0.0,8.69016334101954,2.254237288135593,0.0,NORMAL,uta,data\raw\uta\normal\normal_009_ec5ff143.mp4,group_009,15,7875,8795,29.78872116206209,5.957744232412418,10.0
0.15167861873570174,0.11746896942909468,0.17506151218119786,0.012072546729498037,0.135487277220945,0.14503371035603538,0.16057481480179114,0.16532902513987136,0.05759254275210318,-0.00013263363226857411,0.4067796610169492,5,0.8392438152678792,0.33569752610715164,12,1.2117445896432035,0.017950253780647768,0.0,0.037267799624996496,0.009140102193582689,0.022806929798068927,0.023570226039551587,0.036112659527705454,0.037267799624996496,0.00016243984353989788,0.0,0,0,0.0,0.0,8.449472142119559,2.0338983050847457,0.0,NORMAL,uta,data\raw\uta\normal\normal_009_ec5ff143.mp4,group_009,16,8805,9215,29.78872116206209,5.957744232412418,10.0
0.1516532847595762,0.061885845464809734,0.1861933406056926,0.020654750042897966,0.1257211789501551,0.14277999540534958,0.16509682992696317,0.17106397299024842,0.12430749514088285,0.00035397239612487713,0.3728813559322034,4,0.6713950522143033,0.26376234194133347,14,1.4137020212504041,0.017276128387871077,0.0,0.03604686254552952,0.008105076939775947,0.02209034761127607,0.022806929798068927,0.0316047069367504,0.03604686254552952,-1.2392088297161008e-05,0.0,0,0,0.0,0.0,8.777690444555597,1.4915254237288136,0.0,NORMAL,uta,data\raw\uta\normal\normal_009_ec5ff143.mp4,group_009,17,9225,9820,29.78872116206209,5.957744232412418,10.0
0.1466042316556392,0.019857323466946658,0.19474386304358274,0.038522935947708996,0.11139410941225601,0.1374335288917084,0.16930426086273304,0.18391386193298423,0.17488653957663608,0.00010381870094785705,0.4067796610169492,5,0.8392438152678792,0.402837031328582,10,1.009787158036003,0.016755016669597323,0.0,0.03665685209016049,0.009981847889692762,0.022628865245345225,0.029825026279838285,0.033423451790143534,0.03665685209016049,-8.694013756636832e-05,0.0,0,0,0.0,0.0,8.749348639742214,2.0338983050847457,0.0,NORMAL,uta,data\raw\uta\normal\normal_009_ec5ff143.mp4,group_009,18,9830,10440,29.78872116206209,5.957744232412418,10.0
0.16014661585796683,0.12929721256339533,0.1873458200764736,0.013205618057301596,0.1438710174841242,0.15097241238370393,0.16804156057454403,0.17990048226789945,0.058048607513078276,-0.00015827404029169175,0.2033898305084746,3,0.5035462891607275,0.2237983507381011,9,0.9088084422324028,0.01627887634324098,0.0,0.033783012631778214,0.007995062514094268,0.021107665110046196,0.022164975786510718,0.030335681555389616,0.033783012631778214,3.385722285007953e-05,0.0,0,0,0.0,0.0,9.837090434931708,0.6101694915254238,0.0,NORMAL,uta,data\raw\uta\normal\normal_009_ec5ff143.mp4,group_009,19,10450,11025,29.78872116206209,5.957744232412418,10.0
0.15414302683434677,0.045832283858708266,0.1877286051681288,0.01827037764529724,0.14541112266556216,0.14882265200371111,0.16221737976574802,0.16721758668527847,0.14189632130942054,4.766051284592075e-05,0.288135593220339,2,0.33569752610715164,0.21949453630082993,13,1.312723305446804,0.01602260784810601,0.0,0.030638974739014484,0.007282715026009739,0.021107665110046196,0.02142747821777417,0.02178450709653038,0.030638974739014484,-2.1103149932515975e-05,0.0,0,0,0.0,0.0,9.61974533422986,0.576271186440678,0.0,NORMAL,uta,data\raw\uta\normal\normal_009_ec5ff143.mp4,group_009,20,11030,11405,29.78872116206209,5.957744232412418,10.0
0.14976296950491788,0.12948404911097477,0.1798250874345768,0.011690570407492431,0.1384306674600528,0.1420402653608582,0.15558398821984237,0.16708011092468025,0.05034103832360204,-0.00017986829302211576,0.6333333333333333,10,1.6652870603143457,0.7910113536493142,8,0.8006627596575743,0.01343398280636224,0.0,0.027267094157460595,0.00638875111261164,0.017242340618350893,0.019098106443328672,0.02568787125501257,0.027267094157460595,-9.667534906709925e-06,0.0,0,0,0.0,0.0,11.14723938716144,6.333333333333333,0.0,NORMAL,uta,data\raw\uta\normal\normal_010_0a87269a.mov,group_010,1,5,300,30.02485348715903,6.004970697431807,10.0
0.1390380767536395,0.08716296835393816,0.15378225801842077,0.013423137794277461,0.12866276077832436,0.13629925344344923,0.14743524097708008,0.15138269681324165,0.0666192896644826,-0.00023416457674320777,0.85,30,4.995861180943037,1.415494001267194,6,0.6004970697431807,0.01432259685224609,0.0,0.02531645569620253,0.005386378854341397,0.01745809630188319,0.01790014689129028,0.018472980577808405,0.02531645569620253,0.0001291901811165538,0.0,0,0,0.0,0.0,9.706924747175977,25.5,0.0,NORMAL,uta,data\raw\uta\normal\normal_010_0a87269a.mov,group_010,2,305,600,30.02485348715903,6.004970697431807,10.0
0.13610724563303614,0.10711868073998584,0.15457306439126164,0.00927534385812129,0.1251326423538507,0.13057204187619992,0.1421380114755806,0.1478866472346902,0.0474543836512758,0.00011342139142312895,0.9666666666666667,54,8.992550125697466,3.2195549832744015,3,0.30024853487159037,0.012121579571338288,0.0,0.01745809630188319,0.005548904440337384,0.016686131386340175,0.01705898378809214,0.017245224542369077,0.01745809630188319,6.380383459544719e-06,0.0,0,0,0.0,0.0,11.227581129253863,52.2,0.0,NORMAL,uta,data\raw\uta\normal\normal_010_0a87269a.mov,group_010,3,605,900,30.02485348715903,6.004970697431807,10.0
0.1517124378753051,0.1238163365917343,0.16537635238593734,0.009292088530679055,0.13740101189101842,0.1496740134237507,0.1578303839713759,0.16024645109581348,0.04156001579420304,9.491667055826973e-05,0.26666666666666666,9,1.4987583542829113,0.44407654941715885,6,0.6004970697431807,0.014902702872115566,0.011624763874381928,0.026612314770617474,0.003141287360174632,0.01703748109239964,0.01747950145630388,0.017918929236186747,0.014987550896235546,2.3363496998827174e-05,0.0,0,0,0.0,0.0,10.17951304968345,2.4,0.0,NORMAL,uta,data\raw\uta\normal\normal_010_0a87269a.mov,group_010,4,905,1200,30.02485348715903,6.004970697431807,10.0
0.1585969475449093,0.12962583883931889,0.17634545090811546,0.009409189076075672,0.14767050450343525,0.1521968888371924,0.16447931189539913,0.17288312411473294,0.04671961206879657,-0.00019225255609657394,0.13333333333333333,4,0.6661148241257383,0.6661148241257383,2,0.20016568991439357,0.013129829550161034,0.0,0.018124985839860344,0.004631536525659743,0.017027598561932183,0.017454106943648098,0.017672147846090083,0.018124985839860344,-1.1460890770365391e-05,0.0,0,0,0.0,0.0,12.078212342872451,0.5333333333333333,0.0,NORMAL,uta,data\raw\uta\normal\normal_010_0a87269a.mov,group_010,5,1205,1500,30.02485348715903,6.004970697431807,10.0
0.1591577297590628,0.1464128672611673,0.18056229430543969,0.00792938904787665,0.14889765584690745,0.15313286728267853,0.16641238357975113,0.16956793299563114,0.034149427044272374,-8.733774595570439e-05,0.15,3,0.49958611809430375,0.2997516708565822,5,0.500414224785984,0.014449607534600518,0.0,0.02692299726935668,0.005411105258264835,0.01744746408634046,0.017672147846090083,0.018212813490689213,0.02692299726935668,2.7448417690993482e-05,0.0,0,0,0.0,0.0,11.013912693841815,0.44999999999999996,0.0,NORMAL,uta,data\raw\uta\normal\normal_010_0a87269a.mov,group_010,6,1505,1815,30.02485348715903,6.004970697431807,10.0
0.16295812043982946,0.10996926223918672,0.1933602540061043,0.015290071723386936,0.14646752165279298,0.155302563238074,0.17107150574951263,0.17857373347825362,0.08339099176691757,0.00013413402984081247,0.13333333333333333,3,0.49958611809430375,0.33305741206286915,4,0.40033137982878714,0.015448832105779988,0.0,0.028552787937526886,0.005396280213753043,0.01785394456895973,0.018149288952527105,0.024376278321635428,0.028552787937526886,0.00013894836751893733,0.0,0,0,0.0,0.0,10.54756578091646,0.4,0.0,NORMAL,uta,data\raw\uta\normal\normal_010_0a87269a.mov,group_010,7,1820,2115,30.02485348715903,6.004970697431807,10.0
0.1595220265121064,0.12484245570997002,0.17715549589313798,0.01048537978917448,0.14508932840099412,0.15319601200132416,0.1677504428779515,0.17125674319097328,0.05231304018316796,4.670689539958091e-05,0.16666666666666666,4,0.6661148241257383,0.2775478433857243,6,0.6004970697431807,0.016812410256280035,0.01204469648756003,0.0282842712474619,0.004653527484617478,0.01789033374840899,0.025437801595826984,0.02725476707003726,0.01623957475990187,3.944054916382088e-05,0.0,0,0,0.0,0.0,9.487785290466148,0.6666666666666666,0.0,NORMAL,uta,data\raw\uta\normal\normal_010_0a87269a.mov,group_010,8,2120,2415,30.02485348715903,6.004970697431807,10.0
0.1808646389732932,0.16456339532251543,0.18934401080739166,0.005211340115804194,0.17389292616119364,0.17939675016318518,0.18458311051525414,0.18612233761140629,0.02478061548487623,-0.0001552644688095107,0.0,0,0.0,0.0,0,0.0,0.016368193133641126,0.012034225871422001,0.028646357868614195,0.004256957569818635,0.018117547506621468,0.02473540292258983,0.025324033383249216,0.016612131997192192,4.8140006118792874e-05,0.0,0,0,0.0,0.0,11.049086995106036,0.0,0.0,NORMAL,uta,data\raw\uta\normal\normal_010_0a87269a.mov,group_010,9,2420,2715,30.02485348715903,6.004970697431807,10.0
0.1724146018653125,0.15061910227608435,0.18806291075836495,0.007908873614541458,0.1659682754778284,0.16765902254330634,0.17771809893602283,0.18148726680399288,0.0374438084822806,0.0002530000416329976,0.0,0,0.0,0.0,0,0.0,0.013788803410868834,0.0,0.02757217848861196,0.005814060716543687,0.017888543819998316,0.018141041354925343,0.018364541331285213,0.02757217848861196,-1.7495391733191693e-05,0.0,0,0,0.0,0.0,12.503050023861755,0.0,0.0,NORMAL,uta,data\raw\uta\normal\normal_010_0a87269a.mov,group_010,10,2720,3015,30.02485348715903,6.004970697431807,10.0
0.16821443128292707,0.13135895327153263,0.18738501338250727,0.010224509219254604,0.15618421938410898,0.16433042353108696,0.17405249535274903,0.17798049218494152,0.056026060110974635,-0.0002571186225533067,0.05,3,0.49958611809430375,0.49958611809430375,1,0.10008284495719678,0.015390663253334167,0.0,0.027597366233044082,0.0039165024134088485,0.01772374454516357,0.01789570353364101,0.018117547506621468,0.027597366233044082,-2.8027124925767615e-05,0.0,0,0,0.0,0.0,10.928931364613126,0.15000000000000002,0.0,NORMAL,uta,data\raw\uta\normal\normal_010_0a87269a.mov,group_010,11,3020,3315,30.02485348715903,6.004970697431807,10.0
0.1614809825470017,0.14813164470327306,0.1779460804427147,0.006864997008206133,0.15179534959967392,0.157148181564223,0.16671165894307852,0.17034093554352464,0.029814435739441647,9.393221435830671e-05,0.03333333333333333,1,0.16652870603143458,0.16652870603143458,2,0.20016568991439357,0.015865930696242106,0.0,0.027942119170441704,0.004562096313747773,0.017672147846090083,0.018124985839860344,0.025422272460879677,0.027942119170441704,1.0155804966371492e-05,0.0,0,0,0.0,0.0,10.177203495648124,0.03333333333333333,0.0,NORMAL,uta,data\raw\uta\normal\normal_010_0a87269a.mov,group_010,12,3320,3615,30.02485348715903,6.004970697431807,10.0
0.15454102805766531,0.13495719446710952,0.1738355307544493,0.010190447815902557,0.13975058462194495,0.14779291514260842,0.16032138725080555,0.16651644074721997,0.038878336287339776,-3.987536910088554e-05,0.3,7,1.165700942220042,0.5995033417131644,5,0.500414224785984,0.013835731354221895,0.0,0.01789570353364101,0.0035358529237631514,0.017665253012287756,0.017672147846090083,0.017879035101264748,0.01789570353364101,-8.080614468553604e-06,0.0,0,0,0.0,0.0,11.168897053892096,2.1,0.0,NORMAL,uta,data\raw\uta\normal\normal_010_0a87269a.mov,group_010,13,3620,3915,30.02485348715903,6.004970697431807,10.0
0.16940073792695967,0.1542365168316444,0.18974005177697978,0.00882046087472582,0.15890084544548816,0.16314632064770984,0.17592752391532424,0.17912480977495493,0.03550353494533537,0.00036363766530097706,0.0,0,0.0,0.0,0,0.0,0.014340932147192554,0.0,0.02865811890612929,0.005794789778245491,0.017672147846090083,0.018117547506621468,0.018129294430773404,0.02865811890612929,3.405182771858528e-05,0.0,0,0,0.0,0.0,11.811570169791944,0.0,0.0,NORMAL,uta,data\raw\uta\normal\normal_010_0a87269a.mov,group_010,14,3920,4215,30.02485348715903,6.004970697431807,10.0
0.1597507429404637,0.1312241209880932,0.17596912619831534,0.01064727263836744,0.14177668980812416,0.1572108809453427,0.16569195074016635,0.16968742861986932,0.04474500521022215,-0.00033042998944752763,0.15,6,0.9991722361886075,0.49958611809430375,3,0.30024853487159037,0.01355354913430583,0.0,0.02865811890612929,0.005453640529169854,0.017665253012287756,0.01791551380411981,0.01813582045525397,0.02865811890612929,8.641625463351509e-05,0.0,0,0,0.0,0.0,11.785765897306257,0.8999999999999999,0.0,NORMAL,uta,data\raw\uta\normal\normal_010_0a87269a.mov,group_010,15,4220,4515,30.02485348715903,6.004970697431807,10.0
0.15160675256495196,0.12699570785519995,0.17359015439988176,0.010614641296695732,0.13800364485751304,0.14459763950917454,0.158486972906889,0.1651830312390077,0.04659444654468181,0.00041304439898750346,0.4166666666666667,16,2.664459296502953,0.6938696084643108,6,0.6004970697431807,0.015930266129897754,0.011627120962143852,0.027603673962256707,0.004268068617913074,0.017454106943648098,0.018726146470035385,0.026971034923587964,0.015976553000112855,-1.06242238234145e-05,0.0,0,0,0.0,0.0,9.516302805364344,6.666666666666667,0.0,NORMAL,uta,data\raw\uta\normal\normal_010_0a87269a.mov,group_010,16,4520,4815,30.02485348715903,6.004970697431807,10.0
0.15435720857266907,0.10683974841418067,0.17401709545359845,0.011044529239438826,0.14331920296939132,0.15061186374929234,0.16022334414236422,0.1632744326289073,0.06717734703941777,-4.8501987517587284e-05,0.16666666666666666,7,1.165700942220042,0.8326435301571729,2,0.20016568991439357,0.01761333689506597,0.012341917379408774,0.02866518248564077,0.005211925601024195,0.018352485989660196,0.0261343888693221,0.028313130054709618,0.016323265106232,4.308239043810425e-05,0.0,0,0,0.0,0.0,8.763157505855741,1.1666666666666665,0.0,NORMAL,uta,data\raw\uta\normal\normal_010_0a87269a.mov,group_010,17,4820,5115,30.02485348715903,6.004970697431807,10.0
0.1596372273067975,0.1383760993695882,0.1729398775243033,0.007930855764085715,0.14938361674492373,0.15243933922458686,0.16479095874575236,0.16907229405361773,0.03456377815471509,-5.477837995207903e-05,0.15,6,0.9991722361886075,0.7493791771414556,2,0.20016568991439357,0.01714193598652014,0.012191496227354269,0.02903739520695205,0.005657950996092188,0.019869394039540862,0.025633232578308886,0.028303434593742516,0.016845898979597783,-3.2166161074381945e-05,0.0,0,0,0.0,0.0,9.312128764426564,0.8999999999999999,0.0,NORMAL,uta,data\raw\uta\normal\normal_010_0a87269a.mov,group_010,18,5120,5415,30.02485348715903,6.004970697431807,10.0
0.16558434190490143,0.149034516420182,0.17944905287375612,0.007517108955952211,0.15391890975842887,0.16125622799768863,0.17107783233781104,0.1743230353560585,0.030414536453574115,0.00024763343088031285,0.03333333333333333,2,0.33305741206286915,0.33305741206286915,1,0.10008284495719678,0.015288473698354897,0.0,0.02692299726935668,0.0040116805761679425,0.017665253012287756,0.018124985839860344,0.018894203301995365,0.02692299726935668,-5.7989517465735724e-05,0.0,0,0,0.0,0.0,10.8299569476167,0.06666666666666667,0.0,NORMAL,uta,data\raw\uta\normal\normal_010_0a87269a.mov,group_010,19,5420,5715,30.02485348715903,6.004970697431807,10.0
0.16721799565665169,0.14359189719175935,0.1823794011154466,0.008792545782894153,0.155456884840082,0.1626335572736324,0.17379216060871341,0.17758826801505861,0.03878750392368724,-0.00021686179186260242,0.05,3,0.49958611809430375,0.49958611809430375,1,0.10008284495719678,0.015744856546362335,0.0,0.027236735535142165,0.004706609991936527,0.017226024063738864,0.0240806608209291,0.026305283308650937,0.027236735535142165,2.4132909920228248e-05,0.0,0,0,0.0,0.0,10.619809418705962,0.15000000000000002,0.0,NORMAL,uta,data\raw\uta\normal\normal_010_0a87269a.mov,group_010,20,5720,6015,30.02485348715903,6.004970697431807,10.0
0.42089655498082135,0.21599042814784974,0.5020821238342761,0.04632807825507461,0.394650897966733,0.40513749287383194,0.43859081081897155,0.4662196074552376,0.28609169568642634,0.00021581927624689771,0.0,0,0.0,0.0,0,0.0,0.01663631783616907,0.0,0.034482758620689655,0.01636348294875842,0.03225806451612903,0.03331483023263848,0.03331668054270796,0.034482758620689655,-8.169853694201242e-05,0.0,0,0,0.0,0.0,25.298341903753492,0.0,0.0,NORMAL,uta,data\raw\uta\normal\normal_011_57ee412e.mp4,group_011,1,5,295,29.93967992957965,5.9879359859159305,10.0
0.4365159688073205,0.08174943618390475,0.5018896208862965,0.05939307103384451,0.401369369501232,0.43085901953777506,0.4615920429047851,0.47506123564029407,0.4201401847023918,0.0007417580077808543,0.01694915254237288,1,0.16700245332483082,0.16700245332483082,1,0.10149044043925307,0.015573394610845441,0.0,0.04711428474315455,0.016499452178715023,0.03224967926354354,0.03225806451612903,0.0332668880690316,0.04711428474315455,0.0002672514848923666,0.0,0,0,0.0,0.0,28.027796888063097,0.01694915254237288,0.0,NORMAL,uta,data\raw\uta\normal\normal_011_57ee412e.mp4,group_011,2,300,590,29.93967992957965,5.9879359859159305,10.0
0.4325341971537601,0.14850836657004957,0.47731062406464486,0.04786101819896574,0.39585410404341725,0.4348595758717862,0.4504857230003475,0.4607607546806419,0.3288022574945953,0.00022578405621055371,0.01694915254237288,1,0.16700245332483082,0.16700245332483082,1,0.10149044043925307,0.009561862595498523,0.0,0.04552514536059855,0.015122004538079114,0.03219113899898252,0.03224129401095805,0.03326503775896212,0.04552514536059855,5.550153856629775e-05,0.0,0,0,0.0,0.0,45.23061926638628,0.01694915254237288,0.0,NORMAL,uta,data\raw\uta\normal\normal_011_57ee412e.mp4,group_011,3,595,885,29.93967992957965,5.9879359859159305,10.0
0.4309181536361645,0.21757996507305194,0.474400542856941,0.035223157404497864,0.4026316450091205,0.42178616350358467,0.4456304177260997,0.4581140271890125,0.25682057778388906,0.00023402307614253873,0.0,0,0.0,0.0,0,0.0,0.01572253847664085,0.0,0.04552514536059855,0.01671413404697806,0.03225806451612903,0.03225806451612903,0.032365591397849454,0.04552514536059855,-9.380060540174214e-05,0.0,0,0,0.0,0.0,27.405927379281938,0.0,0.0,NORMAL,uta,data\raw\uta\normal\normal_011_57ee412e.mp4,group_011,4,890,1180,29.93967992957965,5.9879359859159305,10.0
0.4410775858513611,0.2588375129835554,0.48949005333039447,0.037074947809310206,0.4218110183241654,0.4362612050849962,0.45910786113025825,0.4635807498016631,0.23065254034683907,-4.328582502395385e-05,0.0,0,0.0,0.0,0,0.0,0.011777270230037619,0.0,0.04561979233461597,0.015932524833595727,0.03224129401095805,0.03225806451612903,0.03331483023263848,0.04561979233461597,-7.650537035489711e-05,0.0,0,0,0.0,0.0,37.44841791169809,0.0,0.0,NORMAL,uta,data\raw\uta\normal\normal_011_57ee412e.mp4,group_011,5,1185,1475,29.93967992957965,5.9879359859159305,10.0
0.41877475390119673,0.1486688639570642,0.46032107018221735,0.044608062223840124,0.3974707450978665,0.41297283709376137,0.43612006872274495,0.44931515747960166,0.31165220622515316,-0.00035109938294534704,0.01694915254237288,1,0.16700245332483082,0.16700245332483082,1,0.10149044043925307,0.048991251112631105,0.0,0.2811127713994909,0.06436778958151346,0.040615605430598126,0.16067355382454518,0.16629752630943484,0.2811127713994909,-0.0011098123351556157,0.2033898305084746,3,6,1.0020147199489848,0.6680098132993233,8.547775298964144,0.01694915254237288,0.05717547892871002,NORMAL,uta,data\raw\uta\normal\normal_011_57ee412e.mp4,group_011,6,1480,1770,29.93967992957965,5.9879359859159305,10.0
0.42149055698193394,0.15756487033882544,0.46302160059159303,0.044353401976662564,0.40987736496950666,0.4212158841404058,0.43791707282096654,0.44844987448026036,0.3054567302527676,-0.0007379905214224557,0.0,0,0.0,0.0,0,0.0,0.013181975661254378,0.0,0.04410810913912309,0.015997268720447565,0.03219113899898252,0.03219113899898252,0.03224129401095805,0.04410810913912309,-0.00022075448267067647,0.0,0,0,0.0,0.0,31.972338249908333,0.0,0.0,NORMAL,uta,data\raw\uta\normal\normal_011_57ee412e.mp4,group_011,7,1775,2065,29.93967992957965,5.9879359859159305,10.0
0.42364150027179126,0.12022139299546736,0.45168551012697844,0.04524325134193869,0.4076609104693601,0.4220793134914771,0.4424706730946471,0.4498695614862833,0.3314641171315111,0.0001709206500038915,0.01694915254237288,1,0.16700245332483082,0.16700245332483082,1,0.10149044043925307,0.010625776156764584,0.0,0.045407660918649985,0.015510503923080494,0.03210806495339678,0.032386492467252614,0.033167906340332974,0.045407660918649985,0.00021574735678822122,0.0,0,0,0.0,0.0,39.86547698213422,0.01694915254237288,0.0,NORMAL,uta,data\raw\uta\normal\normal_011_57ee412e.mp4,group_011,8,2070,2360,29.93967992957965,5.9879359859159305,10.0
0.41718996342287534,0.08535394610432741,0.470910345318887,0.07537042426899039,0.38571043366358254,0.4189421256288945,0.45014932467068286,0.4605393563311714,0.3855563992145596,0.00016466411319182,0.03389830508474576,1,0.16700245332483082,0.16700245332483082,2,0.20298088087850613,0.015724129495688716,0.0,0.04711428474315455,0.016657528976226705,0.03221621650497029,0.033259505261886965,0.0334401045807689,0.04711428474315455,-0.00025355253321801097,0.0,0,0,0.0,0.0,26.53014485745598,0.03389830508474576,0.0,NORMAL,uta,data\raw\uta\normal\normal_011_57ee412e.mp4,group_011,9,2365,2655,29.93967992957965,5.9879359859159305,10.0
0.4454947707722707,0.40843208520693636,0.4752743700685769,0.01437060817616104,0.43095222473286915,0.43463377100713296,0.45356703900202827,0.46315427825742206,0.06684228486164057,-7.999202917290966e-05,0.0,0,0.0,0.0,0,0.0,0.01153413673777198,0.0,0.03446227583977888,0.01610981102086245,0.033259505261886965,0.03446227583977888,0.03446227583977888,0.03446227583977888,7.348107240408466e-05,0.0,0,0,0.0,0.0,38.62067532441912,0.0,0.0,NORMAL,uta,data\raw\uta\normal\normal_011_57ee412e.mp4,group_011,10,2660,2950,29.93967992957965,5.9879359859159305,10.0
0.43601668512937874,0.30828831013444546,0.5060292853533459,0.033691776715354685,0.39401791232790545,0.4174098478615624,0.45983027027850154,0.473410418490364,0.19774097521890044,0.001013520231328512,0.0,0,0.0,0.0,0,0.0,0.015358189304908072,0.0,0.047140452079103175,0.016822305213084313,0.033213705801109966,0.03333333333333333,0.03429971702850177,0.047140452079103175,9.125504225712296e-05,0.0,0,0,0.0,0.0,28.388001246266846,0.0,0.0,NORMAL,uta,data\raw\uta\normal\normal_011_57ee412e.mp4,group_011,11,2955,3245,29.93967992957965,5.9879359859159305,10.0
0.4328833610761644,0.116351571150318,0.4760803295255288,0.0501447166533301,0.40965454198258106,0.4287728433937895,0.45828565281177425,0.4610343666919674,0.3597287583752108,0.0002847110691532702,0.01694915254237288,1,0.16700245332483082,0.16700245332483082,1,0.10149044043925307,0.013952067941616901,0.0,0.048765984909417075,0.01773812886651647,0.03333333333333333,0.034482758620689655,0.03591108124956231,0.048765984909417075,4.931010419721544e-05,0.0,0,0,0.0,0.0,31.02424233060828,0.01694915254237288,0.0,NORMAL,uta,data\raw\uta\normal\normal_011_57ee412e.mp4,group_011,12,3250,3540,29.93967992957965,5.9879359859159305,10.0
0.4389461886681002,0.1664106939148785,0.4779262256805973,0.039822201608209776,0.42654719434494187,0.4287342281689026,0.45882346957089826,0.4653975690593353,0.3115155317657188,-2.9110274005595273e-05,0.0,0,0.0,0.0,0,0.0,0.014530413405622496,0.0,0.047140452079103175,0.017035954532484215,0.03333333333333333,0.034482758620689655,0.034482758620689655,0.047140452079103175,-0.0002293262549067291,0.0,0,0,0.0,0.0,30.20670986473092,0.0,0.0,NORMAL,uta,data\raw\uta\normal\normal_011_57ee412e.mp4,group_011,13,3545,3835,29.93967992957965,5.9879359859159305,10.0
0.42791730156589264,0.15132210050253725,0.4624532663221034,0.039384719131123264,0.4189284517445913,0.4189995366375048,0.4451244226011919,0.44813132398865246,0.3111311658195661,-0.0008580936280436087,0.0,0,0.0,0.0,0,0.0,0.021354430259468107,0.0,0.04865042554105199,0.01670444710931576,0.033259505261886965,0.034401045807689073,0.03440716881089805,0.04865042554105199,-0.0002899300639094895,0.0,0,0,0.0,0.0,20.03786841879114,0.0,0.0,NORMAL,uta,data\raw\uta\normal\normal_011_57ee412e.mp4,group_011,14,3840,4130,29.93967992957965,5.9879359859159305,10.0
0.4268989245155582,0.36170654887531206,0.45193028809697333,0.015817743504133848,0.41219278362191863,0.42168030728276945,0.43525952576417437,0.4364402656684396,0.09022373922166127,-5.33450460092628e-05,0.0,0,0.0,0.0,0,0.0,0.011692296581253083,0.0,0.033259505261886965,0.01573087110843158,0.0326160345108685,0.033167906340332974,0.033167906340332974,0.033259505261886965,-0.00046887855688891366,0.0,0,0,0.0,0.0,36.508004526283095,0.0,0.0,NORMAL,uta,data\raw\uta\normal\normal_011_57ee412e.mp4,group_011,15,4135,4425,29.93967992957965,5.9879359859159305,10.0
0.4261288542063825,0.11419204157399326,0.47564335156822657,0.04746814422545016,0.40629796012249864,0.4199319295732316,0.44465659512626193,0.4612888287290341,0.3614513099942333,6.514602670108755e-05,0.01694915254237288,1,0.16700245332483082,0.16700245332483082,1,0.10149044043925307,0.013102363674028358,0.0,0.034401045807689073,0.016398447430499924,0.033167906340332974,0.03429971702850177,0.03429971702850177,0.034401045807689073,0.00021504252142291014,0.0,0,0,0.0,0.0,32.520569893896415,0.01694915254237288,0.0,NORMAL,uta,data\raw\uta\normal\normal_011_57ee412e.mp4,group_011,16,4430,4720,29.93967992957965,5.9879359859159305,10.0
0.43432642723935677,0.32263381140605385,0.4731586837120091,0.022825915505556602,0.41800615384833606,0.4204509146611191,0.44551301603190696,0.46185509411020037,0.15052487230595524,-0.0006894882908473855,0.0,0,0.0,0.0,0,0.0,0.013151520454732448,0.0,0.04690650298201946,0.016551089740586562,0.033167906340332974,0.033186226124643774,0.03429971702850177,0.04690650298201946,1.9808267465110336e-05,0.0,0,0,0.0,0.0,33.022296276534625,0.0,0.0,NORMAL,uta,data\raw\uta\normal\normal_011_57ee412e.mp4,group_011,17,4725,5015,29.93967992957965,5.9879359859159305,10.0
0.4216185753409633,0.09159938389654816,0.4637442832336047,0.049053891902035206,0.4017570626006152,0.4189284517445913,0.437431451790411,0.44827737857879224,0.3721448993370566,-0.0005417479425482638,0.01694915254237288,1,0.16700245332483082,0.16700245332483082,1,0.10149044043925307,0.008130275197923186,0.0,0.04703604341917987,0.014678102771318889,0.0,0.03327057025603727,0.03331483023263848,0.04703604341917987,0.0001713953808605836,0.0,0,0,0.0,0.0,51.851470412494365,0.01694915254237288,0.0,NORMAL,uta,data\raw\uta\normal\normal_011_57ee412e.mp4,group_011,18,5020,5310,29.93967992957965,5.9879359859159305,10.0
0.3754695219646315,0.128620817755432,0.46035260191314475,0.06152437545061254,0.3281250919708,0.35535291838269745,0.41579379359008234,0.4307483875515627,0.33173178415771276,-0.0008121922291691068,0.01694915254237288,1,0.16700245332483082,0.16700245332483082,1,0.10149044043925307,0.01909129700947558,0.0,0.03333333333333333,0.016373560919581438,0.03333333333333333,0.03333333333333333,0.03333333333333333,0.03333333333333333,4.5868200116441886e-05,0.0,0,0,0.0,0.0,19.666021421009976,0.01694915254237288,0.0,NORMAL,uta,data\raw\uta\normal\normal_011_57ee412e.mp4,group_011,19,5315,5605,29.93967992957965,5.9879359859159305,10.0
0.41283831934269716,0.08879568061795448,0.4618501848033276,0.0482448597213965,0.383779730716641,0.4043636811891498,0.4334222089862164,0.4458778673653191,0.3730545041853731,-0.0008785626201744431,0.01694915254237288,1,0.16700245332483082,0.16700245332483082,1,0.10149044043925307,0.010137913346058106,0.0,0.041576537496303176,0.015364106240513552,0.031211947727655738,0.03331483023263848,0.03443889837689283,0.041576537496303176,5.381801662998097e-05,0.0,0,0,0.0,0.0,40.71820176895032,0.01694915254237288,0.0,NORMAL,uta,data\raw\uta\normal\normal_011_57ee412e.mp4,group_011,20,5610,5900,29.93967992957965,5.9879359859159305,10.0
0.39092098944307047,0.19431902028350156,0.4462228919263025,0.04107424374052047,0.36381471798976733,0.3847627958327846,0.4098718718291425,0.4262870827269563,0.2519038716428009,0.00021592102747032034,0.0,0,0.0,0.0,0,0.0,0.0163522781318769,0.0,0.052342392259021375,0.01888928264658978,0.037011660509880265,0.037037037037037035,0.0384345429192211,0.052342392259021375,9.073891663237288e-05,0.0,0,0,0.0,0.0,23.904747799834773,0.0,0.0,NORMAL,uta,data\raw\uta\normal\normal_012_043088d1.mp4,group_012,1,5,300,30.174507062625256,6.034901412525051,10.0
0.38450179989750816,0.13566943650702387,0.4405879848786967,0.060496885905662504,0.3458624014485916,0.37901091364880096,0.41734663910861025,0.43103105520900364,0.30491854837167287,-0.0003466242025479895,0.016666666666666666,1,0.16570278976298836,0.16570278976298836,1,0.10058169020875085,0.013316917742846178,0.0,0.052378280087892415,0.018342608439080643,0.03571428571428571,0.03717664554345377,0.038461538461538464,0.052378280087892415,-4.7048346188040366e-05,0.0,0,0,0.0,0.0,28.871014772864644,0.016666666666666666,0.0,NORMAL,uta,data\raw\uta\normal\normal_012_043088d1.mp4,group_012,2,305,600,30.174507062625256,6.034901412525051,10.0
0.38181213974799205,0.1239473912920254,0.43482297589619584,0.06228947664523788,0.325003604622881,0.3788837955086187,0.4119249667478293,0.4225164383598264,0.3108755846041704,0.000322020332198081,0.016666666666666666,1,0.16570278976298836,0.16570278976298836,1,0.10058169020875085,0.016001207063775662,0.0,0.052342392259021375,0.018422479814369987,0.03571428571428571,0.037037037037037035,0.037037037037037035,0.052342392259021375,0.00015267673526597948,0.0,0,0,0.0,0.0,23.859967454883368,0.016666666666666666,0.0,NORMAL,uta,data\raw\uta\normal\normal_012_043088d1.mp4,group_012,3,605,900,30.174507062625256,6.034901412525051,10.0
0.39118387745164857,0.17777187031347344,0.4356702960991615,0.05758478163629703,0.35116369872387415,0.3942482372412615,0.42022641405175853,0.4231591050941639,0.2578984257856881,0.00024197259790576623,0.0,0,0.0,0.0,0,0.0,0.016292979737498475,0.0,0.037037037037037035,0.018022120309212762,0.03571428571428571,0.037037037037037035,0.037037037037037035,0.037037037037037035,-0.00012427104230169957,0.0,0,0,0.0,0.0,24.007877986455927,0.0,0.0,NORMAL,uta,data\raw\uta\normal\normal_012_043088d1.mp4,group_012,4,905,1200,30.174507062625256,6.034901412525051,10.0
0.3960723812156836,0.24003058844788758,0.44679117728611256,0.030659392959809063,0.36922813597662896,0.383485671003446,0.411533080734195,0.42584688132908677,0.20676058883822498,-4.0429155764968674e-05,0.0,0,0.0,0.0,0,0.0,0.01116537685527806,0.0,0.04,0.017078285032259267,0.03564621517403754,0.03843312210120439,0.038461538461538464,0.04,-0.00019213878311389964,0.0,0,0,0.0,0.0,35.47008903147223,0.0,0.0,NORMAL,uta,data\raw\uta\normal\normal_012_043088d1.mp4,group_012,5,1205,1500,30.174507062625256,6.034901412525051,10.0
0.38895846323022365,0.21607277429699964,0.4424980309179847,0.03413873453425885,0.36681283349214855,0.37875795085688563,0.4093182339307434,0.4260464297727243,0.22642525662098503,1.3764731070963445e-05,0.0,0,0.0,0.0,0,0.0,0.006737262805544976,0.0,0.0565685424949238,0.015227945684651072,0.0,0.03843312210120439,0.038538461538461535,0.0565685424949238,3.9635259802966415e-05,0.0,0,0,0.0,0.0,57.72384878045218,0.0,0.0,NORMAL,uta,data\raw\uta\normal\normal_012_043088d1.mp4,group_012,6,1505,1800,30.174507062625256,6.034901412525051,10.0
0.40528049182706827,0.20784657404060014,0.4564719325010754,0.03490806481002578,0.3947709284128641,0.3979313262674592,0.42657370198475575,0.4298194613425609,0.24862535846047523,0.0007394191148561225,0.0,0,0.0,0.0,0,0.0,0.007369511346132932,0.0,0.05439282932204212,0.015676572076339924,0.0,0.038461538461538464,0.04,0.05439282932204212,-0.00026839529868882904,0.0,0,0,0.0,0.0,54.986753672078095,0.0,0.0,NORMAL,uta,data\raw\uta\normal\normal_012_043088d1.mp4,group_012,7,1805,2100,30.174507062625256,6.034901412525051,10.0
0.4106944458875294,0.3692459513634514,0.45882893083794296,0.015655699521781807,0.3968587245592767,0.3996529747176202,0.4147129809283918,0.4298929591473315,0.08958297947449156,0.0003626795242630885,0.0,0,0.0,0.0,0,0.0,0.00705191424422776,0.0,0.04,0.014888660374434653,0.0,0.038461538461538464,0.038461538461538464,0.04,2.0146901941798503e-05,0.0,0,0,0.0,0.0,58.23046072389858,0.0,0.0,NORMAL,uta,data\raw\uta\normal\normal_012_043088d1.mp4,group_012,8,2105,2400,30.174507062625256,6.034901412525051,10.0
0.4112423647544166,0.27264648000260283,0.4600814654884142,0.026501369486825202,0.3854528764958957,0.39861501824258927,0.42861402628391765,0.4319290416468849,0.1874349854858114,0.0001640402692498709,0.0,0,0.0,0.0,0,0.0,0.011907913796414565,0.0,0.05439282932204212,0.018299385587927326,0.038461538461538464,0.03861218845027178,0.04,0.05439282932204212,-8.281554713727652e-05,0.0,0,0,0.0,0.0,34.5323151871525,0.0,0.0,NORMAL,uta,data\raw\uta\normal\normal_012_043088d1.mp4,group_012,9,2405,2700,30.174507062625256,6.034901412525051,10.0
0.3968479105219208,0.1415482252540205,0.44602919241571193,0.052974981674462206,0.3478960180583635,0.39968422537224474,0.4206918951540476,0.43115277176990574,0.30448096716169143,-0.00026104008449747925,0.016666666666666666,1,0.16570278976298836,0.16570278976298836,1,0.10058169020875085,0.010159650398527136,0.0,0.038461538461538464,0.016850919676346852,0.037011660509880265,0.038461538461538464,0.038461538461538464,0.038461538461538464,1.007859776542531e-06,0.0,0,0,0.0,0.0,39.05733343403361,0.016666666666666666,0.0,NORMAL,uta,data\raw\uta\normal\normal_012_043088d1.mp4,group_012,10,2705,3000,30.174507062625256,6.034901412525051,10.0
0.398619849813551,0.17548086424665482,0.43201389307996657,0.034517026682589644,0.3854528764958957,0.39721744968089845,0.4137382349925818,0.41660324865880255,0.25653302883331175,-0.0001281512995010316,0.0,0,0.0,0.0,0,0.0,0.012079754520145713,0.0,0.052378280087892415,0.0186051590320001,0.03843312210120439,0.03861538461538462,0.04,0.052378280087892415,-0.00015223138186495295,0.0,0,0,0.0,0.0,32.996270981983585,0.0,0.0,NORMAL,uta,data\raw\uta\normal\normal_012_043088d1.mp4,group_012,11,3005,3300,30.174507062625256,6.034901412525051,10.0
0.37718492249652724,0.11451040832441894,0.4265531788829508,0.06104916296607919,0.34184625154713594,0.3843377392988618,0.4014412168611514,0.4144632612890503,0.31204277055853186,0.0002196061502046071,0.03333333333333333,1,0.16570278976298836,0.16570278976298836,2,0.2011633804175017,0.007267436945697964,0.0,0.05439282932204212,0.015472106895652838,0.0,0.03843312210120439,0.0384345429192211,0.05439282932204212,7.394183597606035e-05,0.0,0,0,0.0,0.0,51.89353987858079,0.03333333333333333,0.0,NORMAL,uta,data\raw\uta\normal\normal_012_043088d1.mp4,group_012,12,3305,3600,30.174507062625256,6.034901412525051,10.0
0.3843612685861236,0.2270616925531464,0.4434757094545875,0.04307130230401175,0.3504955731569917,0.3659468357422004,0.41221900593219896,0.4287942484756692,0.21641401690144108,0.00023987418152936739,0.0,0,0.0,0.0,0,0.0,0.009031304654430564,0.0,0.05423261445466404,0.01650532413789484,0.0,0.03713129805839659,0.03843312210120439,0.05423261445466404,9.9048855155844e-05,0.0,0,0,0.0,0.0,42.55406380669247,0.0,0.0,NORMAL,uta,data\raw\uta\normal\normal_012_043088d1.mp4,group_012,13,3605,3900,30.174507062625256,6.034901412525051,10.0
0.3654065586804869,0.14013776823032797,0.4289397448826865,0.07087646049368332,0.2572651482297048,0.36746352983051356,0.40195099111997573,0.4141677444851152,0.2888019766523585,-0.0003167134442976243,0.03333333333333333,1,0.16570278976298836,0.16570278976298836,2,0.2011633804175017,0.011542057702547194,0.0,0.04,0.017641340061453514,0.03701800464166946,0.038461538461538464,0.04,0.04,-0.00011634571359038041,0.0,0,0,0.0,0.0,31.65595876730765,0.03333333333333333,0.0,NORMAL,uta,data\raw\uta\normal\normal_012_043088d1.mp4,group_012,14,3905,4200,30.174507062625256,6.034901412525051,10.0
0.38105302127730295,0.13513562722993727,0.4419186626764704,0.053499948207146444,0.35265683828005956,0.3797967127624296,0.40250380825051063,0.4171893266186714,0.3067830354465331,0.0008347753008291626,0.016666666666666666,1,0.16570278976298836,0.16570278976298836,1,0.10058169020875085,0.012922664001526677,0.0,0.05439282932204212,0.018405134935556608,0.037037037037037035,0.038461538461538464,0.03853686345590512,0.05439282932204212,8.109004377383941e-05,0.0,0,0,0.0,0.0,29.484906233424905,0.016666666666666666,0.0,NORMAL,uta,data\raw\uta\normal\normal_012_043088d1.mp4,group_012,15,4205,4500,30.174507062625256,6.034901412525051,10.0
0.3940389772026645,0.18300091230876583,0.4624045495535287,0.057889012491394845,0.33268357192796155,0.3890175833645142,0.4216736051964856,0.4337173378840422,0.2794036372447629,0.00037370956336223735,0.0,0,0.0,0.0,0,0.0,0.01015730090067757,0.0,0.052342392259021375,0.016957481528026567,0.03564052637356924,0.037037037037037035,0.038461538461538464,0.052342392259021375,2.4169196340513667e-05,0.0,0,0,0.0,0.0,38.78985088701022,0.0,0.0,NORMAL,uta,data\raw\uta\normal\normal_012_043088d1.mp4,group_012,16,4505,4800,30.174507062625256,6.034901412525051,10.0
0.3949506534839576,0.1928557232947794,0.47441587329212564,0.05735659014948306,0.3428669884142104,0.37785930619158903,0.4299941924974401,0.44462045723510285,0.28156014999734624,0.0004786757879154755,0.0,0,0.0,0.0,0,0.0,0.01046198083126417,0.0,0.052378280087892415,0.017547128651998135,0.03569721931288079,0.03843312210120439,0.03853686345590512,0.052378280087892415,-0.00018312949508785236,0.0,0,0,0.0,0.0,37.74743162138035,0.0,0.0,NORMAL,uta,data\raw\uta\normal\normal_012_043088d1.mp4,group_012,17,4805,5100,30.174507062625256,6.034901412525051,10.0
0.39708084658228515,0.16465309276188295,0.4593756623104527,0.05453604476142863,0.35588817225416197,0.3880586948532144,0.4273463307754622,0.43855048312868344,0.29472256954856973,0.0003209882608832593,0.0,0,0.0,0.0,0,0.0,0.013272202803571722,0.0,0.052378280087892415,0.01820016709015753,0.037011660509880265,0.03843312210120439,0.038461538461538464,0.052378280087892415,1.2093121163712575e-07,0.0,0,0,0.0,0.0,29.915978265278493,0.0,0.0,NORMAL,uta,data\raw\uta\normal\normal_012_043088d1.mp4,group_012,18,5105,5400,30.174507062625256,6.034901412525051,10.0
0.3702900971227814,0.09778713393071509,0.44389839069819675,0.07763208252135698,0.2657831194723719,0.372271813193433,0.4149024369187696,0.4262334620395043,0.34611125676748167,-0.0007289993763732098,0.05,1,0.16570278976298836,0.16570278976298836,3,0.30174507062625255,0.009767747666751278,0.0,0.052342392259021375,0.017122769628719076,0.008922882628103122,0.037037037037037035,0.03843312210120439,0.052342392259021375,0.0001819276990789918,0.0,0,0,0.0,0.0,37.905585214683526,0.05,0.0,NORMAL,uta,data\raw\uta\normal\normal_012_043088d1.mp4,group_012,19,5405,5700,30.174507062625256,6.034901412525051,10.0
0.35455322767168157,0.10830268374082283,0.42933615405336706,0.07425717056136502,0.2508820233139461,0.3353598813207561,0.40026835804569444,0.41463424650004455,0.32103347031254426,-0.0001809940444511902,0.016666666666666666,1,0.16570278976298836,0.16570278976298836,1,0.10058169020875085,0.007636405671494197,0.0,0.052342392259021375,0.01539266998748104,0.0,0.037037037037037035,0.037037037037037035,0.052342392259021375,-8.315011900907405e-05,0.0,0,0,0.0,0.0,46.423254560774964,0.016666666666666666,0.0,NORMAL,uta,data\raw\uta\normal\normal_012_043088d1.mp4,group_012,20,5705,6000,30.174507062625256,6.034901412525051,10.0
0.21652201851606984,0.14364350393072764,0.26472579431140264,0.02463153278002378,0.18702370571454352,0.20516352129751836,0.2323172952190849,0.24394103324190372,0.121082290380675,0.00055184245736358,0.01694915254237288,1,0.16784706989836953,0.16784706989836953,1,0.10097973442512581,0.018594372838915123,0.0,0.05590169943749475,0.013898576699722748,0.022721405353294154,0.03228407318485394,0.042833487753695346,0.05590169943749475,1.2607843438454315e-05,0.0,0,0,0.0,0.0,11.643865406287922,0.01694915254237288,0.0,NORMAL,uta,data\raw\uta\normal\normal_013_dbf7848c.mp4,group_013,1,5,305,29.78902165541211,5.957804331082422,10.0
0.2189477303108556,0.17736445693741987,0.2548649338517096,0.015379393839066823,0.20069776694968744,0.20835517705838388,0.23013107764066026,0.23927675285218197,0.07750047691428974,-0.0004127931504763839,0.0,0,0.0,0.0,0,0.0,0.027825865489585103,0.0,0.04967813480784257,0.012299092174294536,0.030740142083667266,0.04467168769473459,0.04870296155683862,0.04967813480784257,-7.389264917780922e-05,0.0,0,0,0.0,0.0,7.868213916971792,0.0,0.0,NORMAL,uta,data\raw\uta\normal\normal_013_dbf7848c.mp4,group_013,2,310,600,29.78902165541211,5.957804331082422,10.0
0.22010937146102483,0.1855777724351059,0.26194932384383113,0.014452376587363322,0.20078012612058455,0.2083910504173585,0.22783909678978206,0.23664249301157797,0.07637155140872523,1.2654900497490065e-05,0.0,0,0.0,0.0,0,0.0,0.029122278859194186,0.0,0.09620791535080725,0.016524771323699367,0.030714755841697562,0.04655244107296188,0.05194878110139108,0.09620791535080725,-1.0759731358846138e-05,0.0,0,0,0.0,0.0,7.557849942831439,0.0,0.0,NORMAL,uta,data\raw\uta\normal\normal_013_dbf7848c.mp4,group_013,3,605,895,29.78902165541211,5.957804331082422,10.0
0.22460858884795737,0.20369167664042043,0.24207412360292968,0.008156539471074599,0.2122311834440138,0.21981681594213334,0.2298779390610649,0.23508375609094434,0.038382446962509253,4.206332290683958e-05,0.0,0,0.0,0.0,0,0.0,0.021046688066039074,0.0,0.030714755841697562,0.009785170062735868,0.03000490411837234,0.03003532142665421,0.03006244442563018,0.030714755841697562,-7.589286646523448e-05,0.0,0,0,0.0,0.0,10.671413798191377,0.0,0.0,NORMAL,uta,data\raw\uta\normal\normal_013_dbf7848c.mp4,group_013,4,900,1190,29.78902165541211,5.957804331082422,10.0
0.2239037423381397,0.1639000437038623,0.25114189718093505,0.012521406836167827,0.21224609576485629,0.21917123640303882,0.23148387532341025,0.2355558756937326,0.08724185347707275,-0.00012163633776789324,0.0,0,0.0,0.0,0,0.0,0.022162401180792417,0.0,0.031357362279453245,0.009662539651937115,0.029405406092748727,0.03006244442563018,0.030633235087815482,0.031357362279453245,-0.0001391644895752985,0.0,0,0,0.0,0.0,10.102408944895268,0.0,0.0,NORMAL,uta,data\raw\uta\normal\normal_013_dbf7848c.mp4,group_013,5,1195,1485,29.78902165541211,5.957804331082422,10.0
0.22240309668498162,0.20084442321744295,0.24318679864086387,0.010736652568393654,0.20795825629826256,0.21522370645146835,0.2317188574304459,0.2359339737709264,0.042342375423420925,-0.00021637924312844706,0.0,0,0.0,0.0,0,0.0,0.017537608207426104,0.0,0.048564293117863214,0.012532981674345422,0.025770660247874305,0.03073651107226725,0.031395974980055176,0.048564293117863214,0.0002737523594681599,0.0,0,0,0.0,0.0,12.680772274211181,0.0,0.0,NORMAL,uta,data\raw\uta\normal\normal_013_dbf7848c.mp4,group_013,6,1490,1780,29.78902165541211,5.957804331082422,10.0
0.23160617300123643,0.20844905373308395,0.2470553064129502,0.008801733603350818,0.2181845639243542,0.22730886484636292,0.2367650455676236,0.23999727276380775,0.038606252679866254,0.0002639959946409643,0.0,0,0.0,0.0,0,0.0,0.017930019554003935,0.0,0.042466769483558583,0.011261913887477507,0.021945807823039058,0.03018567545128311,0.030714755841697562,0.042466769483558583,-7.015317771130367e-05,0.0,0,0,0.0,0.0,12.916508863519674,0.0,0.0,NORMAL,uta,data\raw\uta\normal\normal_013_dbf7848c.mp4,group_013,7,1785,2075,29.78902165541211,5.957804331082422,10.0
0.2250695967700194,0.20034632657182683,0.2437001930016217,0.011079922599119574,0.20942742685256788,0.21992250573777217,0.2350295271666457,0.2393648600841337,0.043353866429794885,0.00010879254274700246,0.0,0,0.0,0.0,0,0.0,0.02031545541777264,0.0,0.048564293117863214,0.01321239990642429,0.02942132328161096,0.032699353545977736,0.04347458139205948,0.048564293117863214,0.0002254442206259596,0.0,0,0,0.0,0.0,11.078192142371975,0.0,0.0,NORMAL,uta,data\raw\uta\normal\normal_013_dbf7848c.mp4,group_013,8,2080,2370,29.78902165541211,5.957804331082422,10.0
0.22194357103573828,0.19202278552683627,0.24063228940829176,0.010734062899671366,0.20744272445427264,0.21559567247618786,0.23015767245645163,0.23492581613574132,0.04860950388145549,2.3349746551589746e-05,0.0,0,0.0,0.0,0,0.0,0.020968647362396363,0.0,0.0651558364144604,0.015218574300861413,0.03006244442563018,0.04362990214518963,0.048564293117863214,0.0651558364144604,-0.00035650750218126033,0.0,0,0,0.0,0.0,10.584039263995285,0.0,0.0,NORMAL,uta,data\raw\uta\normal\normal_013_dbf7848c.mp4,group_013,9,2375,2665,29.78902165541211,5.957804331082422,10.0
0.21656735739325705,0.17302876472048512,0.24365036084873576,0.014785980473219365,0.198689213430617,0.20737965950245785,0.2275891012378794,0.23146849274066697,0.07062159612825064,-0.00017463312339495888,0.0,0,0.0,0.0,0,0.0,0.011092618132693995,0.0,0.031357362279453245,0.012435492523198649,0.02161183615368384,0.029472971705232155,0.029989385246414032,0.031357362279453245,1.786925541087287e-05,0.0,0,0,0.0,0.0,19.521796658478046,0.0,0.0,NORMAL,uta,data\raw\uta\normal\normal_013_dbf7848c.mp4,group_013,10,2670,2960,29.78902165541211,5.957804331082422,10.0
0.2274485933625352,0.2074158205067198,0.24288439955728153,0.009523946059104343,0.21224138146820337,0.22026248260605258,0.23561354626290573,0.23820019123248246,0.03546857905056172,8.240927684515173e-05,0.0,0,0.0,0.0,0,0.0,0.01081668398923545,0.0,0.030678599553894816,0.01162665186127321,0.0211999576001272,0.02178142613968221,0.029985994871542035,0.030678599553894816,0.00015984097174092299,0.0,0,0,0.0,0.0,21.025627443810215,0.0,0.0,NORMAL,uta,data\raw\uta\normal\normal_013_dbf7848c.mp4,group_013,11,2965,3255,29.78902165541211,5.957804331082422,10.0
0.2210023075202263,0.17802835836426867,0.2470254201786218,0.012853186088895298,0.20482452359938028,0.21182910717762216,0.22971374620369056,0.23364366845589946,0.06899706181435314,-9.401331027944738e-05,0.0,0,0.0,0.0,0,0.0,0.022070043286110258,0.0,0.048564293117863214,0.014534977095519933,0.03000490411837234,0.043314808182421,0.04497035262478906,0.048564293117863214,0.000510186717680364,0.0,0,0,0.0,0.0,10.013224325435825,0.0,0.0,NORMAL,uta,data\raw\uta\normal\normal_013_dbf7848c.mp4,group_013,12,3260,3550,29.78902165541211,5.957804331082422,10.0
0.22390365290735062,0.20248314775897513,0.25049948856540083,0.010328913776540098,0.21124871722380303,0.21610632165372717,0.23206373778629816,0.23613797346891588,0.048016340806425695,5.564142006184014e-05,0.0,0,0.0,0.0,0,0.0,0.017739493694823916,0.0,0.04559607525875532,0.01358926129583994,0.02883749003642362,0.02943724047047319,0.041172695096648095,0.04559607525875532,-0.00047579007627425294,0.0,0,0,0.0,0.0,12.621049715920714,0.0,0.0,NORMAL,uta,data\raw\uta\normal\normal_013_dbf7848c.mp4,group_013,13,3555,3845,29.78902165541211,5.957804331082422,10.0
0.22437965669861398,0.18752801236884797,0.24426497876440867,0.010523019711462533,0.21184444714208753,0.22075007493411067,0.23173902331305374,0.23542242105078107,0.056736966395560695,-0.00020368895218157755,0.0,0,0.0,0.0,0,0.0,0.012418104956560051,0.0,0.030028540676910215,0.010813152010067746,0.020815272356090667,0.021257358312406823,0.022012378490744486,0.030028540676910215,-6.225628214326977e-05,0.0,0,0,0.0,0.0,18.06729691740721,0.0,0.0,NORMAL,uta,data\raw\uta\normal\normal_013_dbf7848c.mp4,group_013,14,3850,4140,29.78902165541211,5.957804331082422,10.0
0.22294816669677747,0.2051909238177031,0.2444672618180928,0.009204496413747583,0.21082858632786483,0.21533500770772498,0.22979226312413664,0.23521611511857715,0.03927633800038971,-4.054192769824527e-05,0.0,0,0.0,0.0,0,0.0,0.008181066750454928,0.0,0.02998126755983446,0.010722854467101318,0.0211999576001272,0.02120664302845762,0.021660968260276012,0.02998126755983446,0.00010582277255226368,0.0,0,0,0.0,0.0,27.248392551231806,0.0,0.0,NORMAL,uta,data\raw\uta\normal\normal_013_dbf7848c.mp4,group_013,15,4145,4435,29.78902165541211,5.957804331082422,10.0
0.22523391095186926,0.20369167664042043,0.2401862435990429,0.007761213473305872,0.2150110617289255,0.21981727547207014,0.23137092528980135,0.23359598411133964,0.036494566958622465,-6.950064017007271e-05,0.0,0,0.0,0.0,0,0.0,0.01828683213141571,0.0,0.0455487518674277,0.011769240132381417,0.02502047241878158,0.030028540676910215,0.03003397079720013,0.0455487518674277,0.00022341551422455834,0.0,0,0,0.0,0.0,12.316053063771932,0.0,0.0,NORMAL,uta,data\raw\uta\normal\normal_013_dbf7848c.mp4,group_013,16,4440,4730,29.78902165541211,5.957804331082422,10.0
0.21932785318082565,0.18948340075400633,0.2444672618180928,0.012311771772145588,0.20333920056805374,0.21218339956080545,0.22691181567943605,0.23196881283624,0.05498386106408648,-0.00024415988575302754,0.0,0,0.0,0.0,0,0.0,0.03677084228826277,0.0,0.2345304000897878,0.05122643317473428,0.029405406092748727,0.08597682954986376,0.15279594525596343,0.2345304000897878,0.0014687187764633792,0.0847457627118644,1,5,0.8392353494918476,0.8392353494918476,5.964559824374995,0.0,0.019875457634727776,NORMAL,uta,data\raw\uta\normal\normal_013_dbf7848c.mp4,group_013,17,4735,5025,29.78902165541211,5.957804331082422,10.0
0.22508185980328815,0.20772667420514765,0.2365298770415947,0.00804601636206724,0.21430488047995205,0.22031311633568118,0.23153226007428607,0.23558400849388755,0.02880320283644705,-7.603229530294247e-05,0.0,0,0.0,0.0,0,0.0,0.008100917424678333,0.0,0.03130354305725289,0.010644190701979018,0.020761369963434993,0.02120664302845762,0.022173003507924643,0.03130354305725289,2.247374946257092e-05,0.0,0,0,0.0,0.0,27.78130756031798,0.0,0.0,NORMAL,uta,data\raw\uta\normal\normal_013_dbf7848c.mp4,group_013,18,5030,5320,29.78902165541211,5.957804331082422,10.0
0.22542744785603971,0.1771376355625605,0.24362634128478383,0.01137772415333137,0.2184327667107496,0.22127938541095504,0.23158648402117582,0.23590658848855328,0.06648870572222332,-0.00014061701566788542,0.0,0,0.0,0.0,0,0.0,0.00828191987800265,0.0,0.030028540676910215,0.010883619587047196,0.020792762051726844,0.021318188611665536,0.0224044972132574,0.030028540676910215,0.00014633643665176838,0.0,0,0,0.0,0.0,27.21593968990552,0.0,0.0,NORMAL,uta,data\raw\uta\normal\normal_013_dbf7848c.mp4,group_013,19,5325,5615,29.78902165541211,5.957804331082422,10.0
0.22552609333716947,0.2037513936955021,0.24898144761801444,0.00988592984973033,0.21253708276542654,0.21952472999307018,0.2320576715990028,0.23717241489530722,0.04523005392251234,0.00013603045963346249,0.0,0,0.0,0.0,0,0.0,0.01035399052774459,0.0,0.04747929167502532,0.012694916348536903,0.021216671170953244,0.029485062292555035,0.030045960263009455,0.04747929167502532,-9.747367933922716e-05,0.0,0,0,0.0,0.0,21.779459163473625,0.0,0.0,NORMAL,uta,data\raw\uta\normal\normal_013_dbf7848c.mp4,group_013,20,5620,5910,29.78902165541211,5.957804331082422,10.0
0.1637004116260849,0.10130122501116853,0.1801630251004835,0.01312033878638948,0.1507618915259545,0.16015864226959262,0.17078486256002548,0.17613759073887425,0.07886180008931495,3.292967562261592e-05,0.1,4,0.6666659414772109,0.49999945610790825,2,0.20000021755707337,0.02657402887555357,0.014279886949438495,0.04452146173481904,0.007017151778801761,0.031918598806121114,0.032377893612676616,0.0329984893460574,0.030241574785380542,-7.100924566550505e-06,0.0,0,0,0.0,0.0,6.159933537331855,0.4,0.0,NORMAL,uta,data\raw\uta\normal\normal_014_2115c8af.mp4,group_014,1,5,300,30.000032633561005,6.000006526712201,10.0
0.16956563970983643,0.1289226898525193,0.18163010551764855,0.008160008650145458,0.16179459145384606,0.16505479497936076,0.17624218660273028,0.1762959700902741,0.05270741566512924,3.713892656537361e-05,0.016666666666666666,1,0.16666648536930273,0.16666648536930273,1,0.10000010877853668,0.023290855833817938,0.0,0.03239317741958685,0.006964578397813458,0.031481427501027934,0.0315347924707596,0.03194056917451537,0.03239317741958685,-0.00012575680146001961,0.0,0,0,0.0,0.0,7.280039895474559,0.016666666666666666,0.0,NORMAL,uta,data\raw\uta\normal\normal_014_2115c8af.mp4,group_014,2,305,600,30.000032633561005,6.000006526712201,10.0
0.16316615432821668,0.05205166044455353,0.19139210669277482,0.02170987476820598,0.15936614777037336,0.16449041304438766,0.17046941784061703,0.17220369520626844,0.13934044624822128,0.00013846907754200453,0.06666666666666667,2,0.33333297073860546,0.33333297073860546,2,0.20000021755707337,0.022886891207920906,0.0,0.047177159706285526,0.007830968451086625,0.031053504702226845,0.031481427501027934,0.031490791864182154,0.047177159706285526,-6.938136672724195e-05,0.0,0,0,0.0,0.0,7.128929128767839,0.13333333333333333,0.0,NORMAL,uta,data\raw\uta\normal\normal_014_2115c8af.mp4,group_014,3,605,900,30.000032633561005,6.000006526712201,10.0
0.16185532470317676,0.1218276401807147,0.17416823054696495,0.008456498867435523,0.15292653654341873,0.15890655520781297,0.16813009703474746,0.17046941784061703,0.05234059036625026,-0.00014766644254153363,0.06666666666666667,2,0.33333297073860546,0.22222198049240363,3,0.3000003263356101,0.021935831602861767,0.013883533620176643,0.0421487185877934,0.006105808394748311,0.027864761622367944,0.031481427501027934,0.031490791864182154,0.028265184967616756,1.9956441868423395e-05,0.0,0,0,0.0,0.0,7.37824530148018,0.13333333333333333,0.0,NORMAL,uta,data\raw\uta\normal\normal_014_2115c8af.mp4,group_014,4,905,1200,30.000032633561005,6.000006526712201,10.0
0.1659845767335408,0.15239811756968324,0.1724561189462323,0.005261274006791469,0.1565556573713114,0.1637313023065836,0.17029659907305217,0.17046941784061703,0.02005800137654906,0.00021538010694968613,0.0,0,0.0,0.0,0,0.0,0.025416444125211015,0.013887549490757716,0.045156967489939345,0.0071668622533292104,0.031046769882520753,0.031481427501027934,0.031481895719185644,0.03126941799918163,8.942530210890323e-05,0.0,0,0,0.0,0.0,6.530340970393017,0.0,0.0,NORMAL,uta,data\raw\uta\normal\normal_014_2115c8af.mp4,group_014,5,1205,1500,30.000032633561005,6.000006526712201,10.0
0.15772839285951124,0.05783576811711633,0.1702971948715974,0.01853341727966663,0.1489709044858564,0.16005933570747444,0.1644701957730314,0.1679870738734216,0.11246142675448106,2.6341143861974753e-05,0.11666666666666667,3,0.49999945610790825,0.38888846586170644,3,0.3000003263356101,0.026058160293092318,0.013876848237393777,0.045170786116515656,0.008048682013573475,0.031481427501027934,0.03193079792995658,0.04336356533322179,0.03129393787912188,-2.751113284997299e-06,0.0,0,0,0.0,0.0,6.0527043498527995,0.35,0.0,NORMAL,uta,data\raw\uta\normal\normal_014_2115c8af.mp4,group_014,6,1505,1800,30.000032633561005,6.000006526712201,10.0
0.16574681372328035,0.15041175216328795,0.17465503411900607,0.0063521487401461295,0.1561516232448407,0.16203616785605818,0.17044014108437702,0.1723157133131365,0.02424328195571812,-1.5668149385629632e-05,0.0,0,0.0,0.0,0,0.0,0.025745775682910522,0.0,0.04330262341734825,0.007583469096395906,0.031481427501027934,0.0315347924707596,0.03193079792995658,0.04330262341734825,3.448599677015386e-05,0.0,0,0,0.0,0.0,6.437575553714679,0.0,0.0,NORMAL,uta,data\raw\uta\normal\normal_014_2115c8af.mp4,group_014,7,1805,2100,30.000032633561005,6.000006526712201,10.0
0.15689190943015419,0.07079858432816696,0.1711234236749687,0.015809264565263343,0.15183866981223945,0.15425744683748194,0.1650753682519021,0.16890840488822853,0.10032483934680173,0.00019863744787216735,0.1,3,0.49999945610790825,0.33333297073860546,3,0.3000003263356101,0.02353419860744936,0.0,0.04223676715261787,0.008155528992029048,0.031160485401927118,0.03153316592091487,0.03193079792995658,0.04223676715261787,-6.379661590249323e-05,0.0,0,0,0.0,0.0,6.6662666437195375,0.30000000000000004,0.0,NORMAL,uta,data\raw\uta\normal\normal_014_2115c8af.mp4,group_014,8,2105,2400,30.000032633561005,6.000006526712201,10.0
0.15869312246941467,0.07227663984813205,0.1723433260034387,0.014220579504719272,0.15032509164884494,0.15590657868589491,0.1667493418044934,0.16831472658199942,0.10006668615530666,-0.00034762246718521403,0.1,3,0.49999945610790825,0.33333297073860546,3,0.3000003263356101,0.02216781597309436,0.0,0.04513396460143642,0.008193761331401525,0.03104452494261872,0.031481427501027934,0.031512792167470875,0.04513396460143642,5.290477711964032e-05,0.0,0,0,0.0,0.0,7.158394145272163,0.30000000000000004,0.0,NORMAL,uta,data\raw\uta\normal\normal_014_2115c8af.mp4,group_014,9,2405,2700,30.000032633561005,6.000006526712201,10.0
0.15964099578220242,0.14891154519384653,0.1704409932347023,0.00485825626237324,0.15328381176167416,0.1561609712033088,0.16403367221226195,0.1646631595782581,0.02152944804085577,1.7787388234002857e-06,0.03333333333333333,1,0.16666648536930273,0.16666648536930273,2,0.20000021755707337,0.022628835491602623,0.0,0.045156967489939345,0.008295733069132012,0.031481427501027934,0.03193177505441246,0.03194056917451537,0.045156967489939345,-7.642077128519461e-05,0.0,0,0,0.0,0.0,7.054447914190153,0.03333333333333333,0.0,NORMAL,uta,data\raw\uta\normal\normal_014_2115c8af.mp4,group_014,10,2705,3000,30.000032633561005,6.000006526712201,10.0
0.15132526138128058,0.027209181999774262,0.17612315132270923,0.01983006403069988,0.1417562707551155,0.15062994713791375,0.1582459140907176,0.16424909811008023,0.14891396932293496,-0.00013179550812029772,0.2,5,0.8333324268465138,0.49999945610790825,4,0.40000043511414674,0.021479599410196604,0.0,0.03240337945986486,0.006475383630590763,0.022532968371202014,0.031481427501027934,0.031490791864182154,0.03240337945986486,-0.00012816567561384077,0.0,0,0,0.0,0.0,7.044741093651611,1.0,0.0,NORMAL,uta,data\raw\uta\normal\normal_014_2115c8af.mp4,group_014,11,3005,3300,30.000032633561005,6.000006526712201,10.0
0.15239746406592547,0.14270746975314094,0.1686100407065525,0.006887192085862112,0.14497624294212033,0.14668256334787175,0.15700559085106214,0.16248670350624417,0.025902570953411558,0.00013363006207205502,0.48333333333333334,13,2.1666643098009355,0.9666656151419559,5,0.5000005438926834,0.016853479572649148,0.014279886949438495,0.03240337945986486,0.003471237732841675,0.020200989670726546,0.020493696595977915,0.0205084252035866,0.018123492510426362,-6.312844282663288e-06,0.0,0,0,0.0,0.0,9.041956081113929,6.283333333333333,0.0,NORMAL,uta,data\raw\uta\normal\normal_014_2115c8af.mp4,group_014,12,3305,3600,30.000032633561005,6.000006526712201,10.0
0.15627120371322453,0.1404564251091116,0.182068664688332,0.011179551452471147,0.14422446469027012,0.14632578192911963,0.16403484618189762,0.16951183319085647,0.04161223957922039,4.4512489753563594e-05,0.36666666666666664,11,1.8333313390623303,0.9166656695311651,4,0.40000043511414674,0.016353580540828326,0.014279886949438495,0.028982463669191296,0.003441285774199887,0.020194809793050484,0.020523153811195283,0.020795009796401455,0.014702576719752801,2.200885344823599e-05,0.0,0,0,0.0,0.0,9.555194847284644,4.033333333333333,0.0,NORMAL,uta,data\raw\uta\normal\normal_014_2115c8af.mp4,group_014,13,3605,3900,30.000032633561005,6.000006526712201,10.0
0.14763120302155075,0.0855224102096066,0.16621298584317384,0.014066823518056524,0.13449146354700758,0.14218078081624608,0.15818342270871968,0.16403484618189762,0.08069057563356724,-0.00022399889398490216,0.48333333333333334,13,2.1666643098009355,0.6041660094637225,8,0.8000008702282935,0.01729768955697721,0.014279886949438495,0.029408584883752312,0.004185877913840582,0.020493696595977915,0.020795009796401455,0.028973338686962963,0.015128697934313817,-1.479906520253757e-05,0.0,0,0,0.0,0.0,8.534242003435777,6.283333333333333,0.0,NORMAL,uta,data\raw\uta\normal\normal_014_2115c8af.mp4,group_014,14,3905,4200,30.000032633561005,6.000006526712201,10.0
0.15662803824288968,0.05233848680706707,0.19007938531828544,0.025087106487663425,0.14183118511049994,0.14481795311722093,0.16956406055238182,0.1848375990309475,0.13774089851121837,1.2861602407325902e-06,0.31666666666666665,10,1.6666648536930275,0.6333326444033504,5,0.5000005438926834,0.016895229091078857,0.0,0.03240678228260565,0.005049935467593317,0.020194809793050484,0.020788942852976576,0.028973338686962963,0.03240678228260565,-4.49455448960365e-05,0.0,0,0,0.0,0.0,9.269999678542987,3.1666666666666665,0.0,NORMAL,uta,data\raw\uta\normal\normal_014_2115c8af.mp4,group_014,15,4205,4500,30.000032633561005,6.000006526712201,10.0
0.16166156849880134,0.13989011609156743,0.19085512698425905,0.012998508043239914,0.1475896189291586,0.15235649415063032,0.165588633346594,0.18544609347385177,0.05096501089269162,0.0003713572154455053,0.15,3,0.49999945610790825,0.29999967366474495,5,0.5000005438926834,0.01514400867828427,0.0,0.029408584883752312,0.00594229230915774,0.020493696595977915,0.020795009796401455,0.020797258270192576,0.029408584883752312,6.424886284032045e-05,0.0,0,0,0.0,0.0,10.67424733342018,0.44999999999999996,0.0,NORMAL,uta,data\raw\uta\normal\normal_014_2115c8af.mp4,group_014,16,4505,4800,30.000032633561005,6.000006526712201,10.0
0.14435525504745256,0.10591218715896568,0.16139220340999616,0.009184420987967483,0.13883408026092953,0.14269591757662053,0.14607464649803148,0.15599239983928678,0.05548001625103048,-0.00018483293756529331,0.8833333333333333,44,7.333325356249321,4.416661862286523,2,0.20000021755707337,0.016567879770324954,0.0,0.03240678228260565,0.00516714803891475,0.02049584873004486,0.02052576483668052,0.020797258270192576,0.03240678228260565,-3.619548017028907e-05,0.0,0,0,0.0,0.0,8.712433009864336,38.86666666666667,0.0,NORMAL,uta,data\raw\uta\normal\normal_014_2115c8af.mp4,group_014,17,4805,5100,30.000032633561005,6.000006526712201,10.0
0.14984617528224964,0.10803541948790335,0.17302190308740573,0.012721573956207984,0.13760329653971043,0.14264241374996434,0.16096339143406813,0.1641954661802174,0.06498648359950238,-0.00020331202265902988,0.55,27,4.499995104971174,1.8333313390623303,3,0.3000003263356101,0.01603332989643842,0.0,0.020797258270192576,0.004068238630719884,0.020275712317277643,0.02049584873004486,0.020510919207052242,0.020797258270192576,2.7890075604709236e-05,0.0,0,0,0.0,0.0,9.345334432437603,14.850000000000001,0.0,NORMAL,uta,data\raw\uta\normal\normal_014_2115c8af.mp4,group_014,18,5105,5400,30.000032633561005,6.000006526712201,10.0
0.14342192388820105,0.042059151234456464,0.18587688981066092,0.021958253533647415,0.1312756872791043,0.14203958104948683,0.15320314879803143,0.15829151676718442,0.14381773857620445,0.00016305032129961317,0.65,24,3.999995648863266,1.2999985858805614,5,0.5000005438926834,0.016945976724366582,0.0,0.020797258270192576,0.003700850006430813,0.02049584873004486,0.020795009796401455,0.020797258270192576,0.020797258270192576,-2.7223101172789788e-05,0.0,0,0,0.0,0.0,8.46297992974683,15.600000000000001,0.0,NORMAL,uta,data\raw\uta\normal\normal_014_2115c8af.mp4,group_014,19,5405,5700,30.000032633561005,6.000006526712201,10.0
0.15089133952296047,0.0949181361107759,0.19249456269499476,0.016464114192825993,0.1374748501652733,0.14072102669810865,0.15662760005027826,0.17383390536399307,0.09757642658421886,-0.00040853148995251043,0.5333333333333333,25,4.166662134232569,1.0666655063635375,5,0.5000005438926834,0.01794348517134754,0.013697345026974844,0.03240678228260565,0.004662216591448734,0.020493696595977915,0.020797258270192576,0.028568513565700285,0.018709437255630804,8.291826878415312e-06,0.0,0,0,0.0,0.0,8.408786213821998,13.333333333333334,0.0,NORMAL,uta,data\raw\uta\normal\normal_014_2115c8af.mp4,group_014,20,5705,6000,30.000032633561005,6.000006526712201,10.0
0.3277367136088397,0.09000197972290208,0.38112307292882575,0.060757715872694205,0.24948445875731773,0.33080944477979524,0.36568755006869147,0.3706751052178011,0.29112109320592366,-0.0009263166575416786,0.03333333333333333,1,0.16666103656114536,0.16666103656114536,2,0.20000675635485948,0.013477801155124662,0.0,0.03820803599504351,0.014079095409094137,0.027019627767692976,0.02702702702702703,0.029399051601892736,0.03820803599504351,-0.00017749780838507523,0.0,0,0,0.0,0.0,24.314975036502684,0.03333333333333333,0.0,NORMAL,uta,data\raw\uta\normal\normal_015_a7c2c6cf.mp4,group_015,1,5,300,30.001013453228925,6.000202690645785,10.0
0.15936456165480478,0.0782170062326761,0.3332050577747515,0.06165658791243615,0.09815186971593566,0.11616343917458,0.18366413904170595,0.23578935147876715,0.2549880515420754,-0.0018105923035139327,0.55,11,1.833271402172599,0.6110904673908664,9,0.9000304035968677,0.015111284231659552,0.0,0.05616559563017305,0.017491951219121265,0.03106520082990689,0.03583644141862273,0.038767183537830055,0.05616559563017305,-9.181691471397967e-05,0.0,0,0,0.0,0.0,10.545365559029339,6.050000000000001,0.0,NORMAL,uta,data\raw\uta\normal\normal_015_a7c2c6cf.mp4,group_015,2,305,600,30.001013453228925,6.000202690645785,10.0
0.21745050652741868,0.07294877426332717,0.4442661927967742,0.1285777232935297,0.09788439275398172,0.10796003923391242,0.34741466206556293,0.4060803955005423,0.371317418533447,0.005414514037845228,0.5666666666666667,26,4.33318695058978,1.4166188107697357,4,0.40001351270971897,0.00922497407825785,0.0,0.03809696588797297,0.013242676447469922,0.02563470700466951,0.026378072818517617,0.027443442628642022,0.03809696588797297,0.0003129839040596816,0.0,0,0,0.0,0.0,23.569381908395748,14.733333333333333,0.0,NORMAL,uta,data\raw\uta\normal\normal_015_a7c2c6cf.mp4,group_015,3,605,900,30.001013453228925,6.000202690645785,10.0
0.2970220942944681,0.11148378221638525,0.3737412380332342,0.07307385779706488,0.1510105760552767,0.27877364861628495,0.3431812584144711,0.3596530133955676,0.262257455816849,0.0017314724238523902,0.1,1,0.16666103656114536,0.16666103656114536,6,0.6000202690645785,0.01599854439533489,0.0,0.041576537496303176,0.014255537792489503,0.028524895269256473,0.031121126915676506,0.03211472640627484,0.041576537496303176,-0.00010394023768691901,0.0,0,0,0.0,0.0,18.56440952037816,0.1,0.0,NORMAL,uta,data\raw\uta\normal\normal_015_a7c2c6cf.mp4,group_015,4,905,1200,30.001013453228925,6.000202690645785,10.0
0.3085976620028681,0.13359112857852834,0.3763629289893261,0.0625368546985927,0.20297474417691957,0.295400830867184,0.34906728942955517,0.35726329937471235,0.24277180041079777,0.00021378146299829036,0.06666666666666667,2,0.33332207312229073,0.2222147154148605,3,0.30001013453228925,0.010084053068276203,0.0,0.03445204812747773,0.012919955601125774,0.024968808471946116,0.026238687282141383,0.02663179477113313,0.03445204812747773,-0.0002498739496693933,0.0,0,0,0.0,0.0,30.599507996006555,0.13333333333333333,0.0,NORMAL,uta,data\raw\uta\normal\normal_015_a7c2c6cf.mp4,group_015,5,1205,1500,30.001013453228925,6.000202690645785,10.0
0.3017895442928273,0.08776834069364789,0.3702874245554738,0.07116836064865256,0.15829014180208356,0.29326864205215986,0.3482364834295706,0.35234741400286784,0.2825190838618259,0.0010354080102200661,0.08333333333333333,2,0.33332207312229073,0.2083262957014317,4,0.40001351270971897,0.014571459640025227,0.0,0.04034029375505465,0.012889554611665785,0.025565499628245683,0.025565499628245683,0.025607375986579195,0.04034029375505465,0.00020518390285368984,0.0,0,0,0.0,0.0,20.70958175543143,0.16666666666666666,0.0,NORMAL,uta,data\raw\uta\normal\normal_015_a7c2c6cf.mp4,group_015,6,1505,1800,30.001013453228925,6.000202690645785,10.0
0.2719356485594242,0.11211266435273466,0.37927169038756314,0.07014240450097528,0.1432878973286782,0.2506530140866131,0.31949016361176624,0.3451740053156715,0.2671590260348285,-0.0002984275922366627,0.13333333333333333,2,0.33332207312229073,0.19046975606988042,7,0.7000236472420083,0.010881178304001054,0.0,0.041576537496303176,0.013506328986962513,0.025764072441601952,0.027846337906205658,0.029456327985739748,0.041576537496303176,0.00014252075329879873,0.0,0,0,0.0,0.0,24.98908223727979,0.26666666666666666,0.0,NORMAL,uta,data\raw\uta\normal\normal_015_a7c2c6cf.mp4,group_015,7,1805,2100,30.001013453228925,6.000202690645785,10.0
0.2889303494453103,0.07245568996982445,0.38778825251977933,0.0895704456018421,0.13164903924806332,0.24340116456222127,0.3520135835312706,0.3708953020259587,0.3153325625499549,-0.0006724932788942668,0.15,2,0.33332207312229073,0.24999155484171806,6,0.6000202690645785,0.010169598244648463,0.0,0.03624997167972069,0.013028836773859607,0.0256326007925508,0.02630668208823282,0.027739863952823303,0.03624997167972069,-0.00023390396598538463,0.0,0,0,0.0,0.0,28.408392750872732,0.3,0.0,NORMAL,uta,data\raw\uta\normal\normal_015_a7c2c6cf.mp4,group_015,8,2105,2400,30.001013453228925,6.000202690645785,10.0
0.3428385445495054,0.12494777584144398,0.41052201149259104,0.07269306076728213,0.2179175178588105,0.3412578015453439,0.3849965529335164,0.3973766259939591,0.28557423565114703,0.0008407078698644676,0.05,1,0.16666103656114536,0.16666103656114536,3,0.30001013453228925,0.01745002046478195,0.0,0.03926856307863329,0.014275218420173824,0.0256326007925508,0.03544123499509538,0.03624997167972069,0.03926856307863329,-0.00022659814587327044,0.0,0,0,0.0,0.0,19.645759125742288,0.05,0.0,NORMAL,uta,data\raw\uta\normal\normal_015_a7c2c6cf.mp4,group_015,9,2405,2700,30.001013453228925,6.000202690645785,10.0
0.35621641300239343,0.12593687883817875,0.43653238253633164,0.06934043396455823,0.2733560596827515,0.3517861938868555,0.39376780380234006,0.40446311094388254,0.3105955036981529,-0.0005072378248631764,0.016666666666666666,1,0.16666103656114536,0.16666103656114536,1,0.10000337817742974,0.019067864720467485,0.0,0.03720326659021623,0.012926337401729963,0.02564102564102564,0.035355339059327376,0.03624997167972069,0.03720326659021623,-3.581078775693079e-05,0.0,0,0,0.0,0.0,18.680525465160496,0.016666666666666666,0.0,NORMAL,uta,data\raw\uta\normal\normal_015_a7c2c6cf.mp4,group_015,10,2705,3000,30.001013453228925,6.000202690645785,10.0
0.3228431682388029,0.11287693494350755,0.3727488758722631,0.057163596398750155,0.27825459928549373,0.3095203832559161,0.3568575179970923,0.3647546329100455,0.25987194092875554,-8.53956586231199e-05,0.05,1,0.16666103656114536,0.16666103656114536,3,0.30001013453228925,0.010017295930677888,0.0,0.035355339059327376,0.013278823863620384,0.025,0.02857142857142857,0.029441475531845354,0.035355339059327376,-3.4660736866510094e-06,0.0,0,0,0.0,0.0,32.22535753313066,0.05,0.0,NORMAL,uta,data\raw\uta\normal\normal_015_a7c2c6cf.mp4,group_015,11,3005,3300,30.001013453228925,6.000202690645785,10.0
0.33802369571675833,0.10844095841986562,0.41638520917082533,0.060595117844717314,0.27942138553437446,0.30903395262064604,0.38240445914216825,0.3980844382452836,0.3079442507509597,0.00011502762796789666,0.03333333333333333,1,0.16666103656114536,0.16666103656114536,2,0.20000675635485948,0.011696136145312433,0.0,0.031189143077590267,0.01389486066913465,0.026987629007500225,0.030247530200945175,0.031189143077590267,0.031189143077590267,-3.797446622202647e-05,0.0,0,0,0.0,0.0,28.89798763710377,0.03333333333333333,0.0,NORMAL,uta,data\raw\uta\normal\normal_015_a7c2c6cf.mp4,group_015,12,3305,3600,30.001013453228925,6.000202690645785,10.0
0.3249834264702271,0.09016992524569298,0.3951093599240111,0.07571300450638069,0.18028213743993982,0.32797961082264254,0.3652998315390811,0.38507224883460567,0.3049394346783181,0.0008518872610136583,0.08333333333333333,2,0.33332207312229073,0.2083262957014317,4,0.40001351270971897,0.01457527070676718,0.0,0.02631578947368421,0.012754738873463262,0.02563470700466951,0.02630668208823282,0.02630668208823282,0.02631578947368421,8.555947158358037e-05,0.0,0,0,0.0,0.0,22.29537534037086,0.16666666666666666,0.0,NORMAL,uta,data\raw\uta\normal\normal_015_a7c2c6cf.mp4,group_015,13,3605,3900,30.001013453228925,6.000202690645785,10.0
0.3009149097395198,0.10023258194000637,0.38556082252616153,0.06905633680517294,0.2025785841810242,0.2761477583112099,0.3484654432457695,0.3657452992036178,0.28532824058615514,-0.0005379130391780382,0.08333333333333333,2,0.33332207312229073,0.2083262957014317,4,0.40001351270971897,0.010631898901060345,0.0,0.04865042554105199,0.015443822480205033,0.02630895893459567,0.03576785431082921,0.03721693248319507,0.04865042554105199,-0.00017315765204836106,0.0,0,0,0.0,0.0,28.300364043667493,0.16666666666666666,0.0,NORMAL,uta,data\raw\uta\normal\normal_015_a7c2c6cf.mp4,group_015,14,3905,4200,30.001013453228925,6.000202690645785,10.0
0.3022753917802425,0.06720869402178777,0.3841748297953347,0.08523287954172931,0.14395643146626438,0.29360622175439544,0.3552779467450653,0.3659667586479178,0.31696613577354693,-9.940000644372117e-06,0.11666666666666667,2,0.33332207312229073,0.19443787598800294,6,0.6000202690645785,0.009510487266406494,0.0,0.04873701788285794,0.015871185253797528,0.03358638412640113,0.03460363580986194,0.03569153051241249,0.04873701788285794,6.29366763989223e-07,0.0,0,0,0.0,0.0,31.780034322060786,0.23333333333333334,0.0,NORMAL,uta,data\raw\uta\normal\normal_015_a7c2c6cf.mp4,group_015,15,4205,4500,30.001013453228925,6.000202690645785,10.0
0.3003089649440167,0.09076614384429263,0.36689021243366093,0.07074975051275803,0.19033157424261177,0.30242090383537135,0.3402825104746276,0.3556655995842759,0.27612406858936833,0.0002298039032952648,0.06666666666666667,1,0.16666103656114536,0.16666103656114536,4,0.40001351270971897,0.006548760780248175,0.0,0.04711428474315455,0.01391002909242164,0.0,0.03446227583977888,0.03452373857341055,0.04711428474315455,8.472003912855362e-06,0.0,0,0,0.0,0.0,45.85037148984818,0.06666666666666667,0.0,NORMAL,uta,data\raw\uta\normal\normal_015_a7c2c6cf.mp4,group_015,16,4505,4800,30.001013453228925,6.000202690645785,10.0
0.2980060692814897,0.11784831667218942,0.357971580218007,0.06447545796606749,0.18595203475209793,0.2987411819489152,0.33773111811998935,0.3402481714218089,0.2401232635458176,-0.00027326510590204437,0.08333333333333333,2,0.33332207312229073,0.27776839426857564,3,0.30001013453228925,0.008689509035804482,0.0,0.03571428571428571,0.01505780250980198,0.007998208601887298,0.03455029552829384,0.03569153051241249,0.03571428571428571,0.0001958025140698237,0.0,0,0,0.0,0.0,34.2909797405099,0.16666666666666666,0.0,NORMAL,uta,data\raw\uta\normal\normal_015_a7c2c6cf.mp4,group_015,17,4805,5100,30.001013453228925,6.000202690645785,10.0
0.3161625018878872,0.11387189233443946,0.385699096521639,0.059576459477858675,0.2597704716938337,0.3028251587465223,0.35097079362874195,0.36563941831348873,0.2718272041871995,0.0004594178164475123,0.03333333333333333,1,0.16666103656114536,0.16666103656114536,2,0.20000675635485948,0.009811501010288244,0.0,0.03626188621469475,0.013037857161186947,0.0256326007925508,0.02630668208823282,0.02781513365235171,0.03626188621469475,-2.20566847548986e-05,0.0,0,0,0.0,0.0,32.2203790406132,0.03333333333333333,0.0,NORMAL,uta,data\raw\uta\normal\normal_015_a7c2c6cf.mp4,group_015,18,5105,5400,30.001013453228925,6.000202690645785,10.0
0.34512562073115277,0.18358002770746598,0.38476894432012027,0.032579522793845156,0.3236385968015223,0.33977694709388273,0.36064091263178977,0.37177674168601627,0.20118891661265428,-9.222385178872225e-05,0.0,0,0.0,0.0,0,0.0,0.012175753086318634,0.0,0.03720326659021623,0.013530674045046966,0.026484301903153356,0.02701716134791496,0.02702702702702703,0.03720326659021623,3.6164877365394605e-05,0.0,0,0,0.0,0.0,28.342992445081574,0.0,0.0,NORMAL,uta,data\raw\uta\normal\normal_015_a7c2c6cf.mp4,group_015,19,5405,5700,30.001013453228925,6.000202690645785,10.0
0.299946932375237,0.09509361361720065,0.35894681251605154,0.06553554555822164,0.1894235667315995,0.29681344086165906,0.3382621254758294,0.34993293535482156,0.2638531988988509,-4.895160624175591e-05,0.08333333333333333,2,0.33332207312229073,0.2083262957014317,4,0.40001351270971897,0.005655533707790498,0.0,0.02630668208823282,0.010755132093173608,0.0,0.02630668208823282,0.02630668208823282,0.02630668208823282,0.00023385872700240165,0.0,0,0,0.0,0.0,53.02663218679898,0.16666666666666666,0.0,NORMAL,uta,data\raw\uta\normal\normal_015_a7c2c6cf.mp4,group_015,20,5705,6000,30.001013453228925,6.000202690645785,10.0
0.18024594693549034,0.1519018564469406,0.20435859769125625,0.013705677077402912,0.16164341699319734,0.17169307272783657,0.19078591271356982,0.1975301941098295,0.05245674124431565,-0.00032635747755727096,0.0,0,0.0,0.0,0,0.0,0.017411466389582787,0.0,0.034401045807689073,0.009103514990468718,0.022181948005118496,0.03076668229125481,0.03124866510037948,0.034401045807689073,6.727959441852214e-06,0.0,0,0,0.0,0.0,10.351546007481433,0.0,0.0,NORMAL,uta,data\raw\uta\normal\normal_016_4ba1d5a2.mov,group_016,1,5,240,24.006425948592412,4.801285189718483,10.0
0.18236694971273604,0.16311331437545018,0.20367079301577196,0.01000684384080085,0.16838194431603393,0.17556318815768437,0.18840391478660012,0.1959362985741552,0.040557478640321776,-0.0002324216725571073,0.0,0,0.0,0.0,0,0.0,0.02348657982171226,0.0,0.0455664808665554,0.009317818668565082,0.025832949942763302,0.03545296915095976,0.035836288198014016,0.0455664808665554,0.00035589377454163545,0.0,0,0,0.0,0.0,7.764399359024354,0.0,0.0,NORMAL,uta,data\raw\uta\normal\normal_016_4ba1d5a2.mov,group_016,2,245,480,24.006425948592412,4.801285189718483,10.0
0.18778817415462287,0.16693188970650463,0.2030431709072944,0.007861827364049409,0.17968624273966657,0.18194695113132436,0.19412761725662397,0.1979829381485132,0.03611128120078977,0.0002633370678303945,0.0,0,0.0,0.0,0,0.0,0.013199576105044129,0.0,0.034921514788478915,0.008467779757710741,0.015866521719721034,0.0227832404332777,0.022792858610742674,0.034921514788478915,-2.605098710373221e-05,0.0,0,0,0.0,0.0,14.225755956428776,0.0,0.0,NORMAL,uta,data\raw\uta\normal\normal_016_4ba1d5a2.mov,group_016,3,485,720,24.006425948592412,4.801285189718483,10.0
0.19437961243684654,0.17697492917775046,0.2216742814549107,0.009257122961119626,0.18375948014738822,0.1878595971052896,0.20067500066553307,0.20501690769809652,0.04469935227716024,-0.0002265585073137229,0.0,0,0.0,0.0,0,0.0,0.01466996913692212,0.0,0.02279803762937766,0.007083862615534141,0.016126934718260072,0.022426657911851167,0.02244204047488739,0.02279803762937766,-0.00010026684798981538,0.0,0,0,0.0,0.0,13.249268717201202,0.0,0.0,NORMAL,uta,data\raw\uta\normal\normal_016_4ba1d5a2.mov,group_016,4,725,960,24.006425948592412,4.801285189718483,10.0
0.1883741753566344,0.15022708919207073,0.21022472114850044,0.012316052501430105,0.17404678892984005,0.1844185280753761,0.19675422749634436,0.2037493496790081,0.05999763195642971,0.00019076898191879566,0.0,0,0.0,0.0,0,0.0,0.031032959504035246,0.0,0.05632986289479715,0.01285446305012574,0.03563290717211765,0.044188780015165664,0.04940847777850666,0.05632986289479715,0.0005957032333205449,0.0,0,0,0.0,0.0,6.06993688098809,0.0,0.0,NORMAL,uta,data\raw\uta\normal\normal_016_4ba1d5a2.mov,group_016,5,965,1200,24.006425948592412,4.801285189718483,10.0
0.18873380887649782,0.16932424761123283,0.21160613843281523,0.00889685258194953,0.17922425447585827,0.18203156290650951,0.19546409141927618,0.20130315000733212,0.0422818908215824,0.00010300053531759964,0.0,0,0.0,0.0,0,0.0,0.031126685790828428,0.0,0.050194883494736185,0.010738535149978993,0.03506954118248572,0.037894804860951516,0.04394038694357339,0.050194883494736185,-0.00038908624339069103,0.0,0,0,0.0,0.0,6.063213633829053,0.0,0.0,NORMAL,uta,data\raw\uta\normal\normal_016_4ba1d5a2.mov,group_016,6,1205,1440,24.006425948592412,4.801285189718483,10.0
0.178202483687901,0.15676855961162878,0.20056596801796422,0.01000146312538824,0.16603167095758287,0.17134186098374674,0.185672378001776,0.1909855113288872,0.04379740840633545,4.998934151520407e-05,0.0,0,0.0,0.0,0,0.0,0.02196216348339772,0.0,0.0349002406379888,0.00721212037148354,0.02207621399934422,0.03400074974209912,0.03437766477386699,0.0349002406379888,0.00012294821766128285,0.0,0,0,0.0,0.0,8.113698366931835,0.0,0.0,NORMAL,uta,data\raw\uta\normal\normal_016_4ba1d5a2.mov,group_016,7,1445,1680,24.006425948592412,4.801285189718483,10.0
0.19361728065100417,0.15529947277073297,0.22108381275346178,0.014438669293636571,0.17689459076665456,0.18300095142457345,0.20662290051759,0.20982576242686285,0.06578433998272881,-0.00019761874764717664,0.0,0,0.0,0.0,0,0.0,0.01150197592496898,0.0,0.022806929798068927,0.008834112928427736,0.016129032258064516,0.021851913935137992,0.02243653128423514,0.022806929798068927,-3.1164685538486007e-06,0.0,0,0,0.0,0.0,16.831929573174893,0.0,0.0,NORMAL,uta,data\raw\uta\normal\normal_016_4ba1d5a2.mov,group_016,8,1685,1920,24.006425948592412,4.801285189718483,10.0
0.18649749159941087,0.1321250487058579,0.21321227984753535,0.01511869755174281,0.169570671311085,0.17611614455409785,0.19814013455343427,0.20374167497085313,0.08108723114167746,0.0001674690552318148,0.020833333333333332,1,0.20827756746077267,0.20827756746077267,1,0.10002677478580173,0.02366820813848929,0.0,0.05546345628822525,0.01567857388457485,0.03453116305288653,0.04371661842489329,0.04419417382415922,0.05546345628822525,-0.0008572681377396641,0.0,0,0,0.0,0.0,7.879329570647574,0.020833333333333332,0.0,NORMAL,uta,data\raw\uta\normal\normal_016_4ba1d5a2.mov,group_016,9,1925,2160,24.006425948592412,4.801285189718483,10.0
0.19485574403538464,0.16024282809036183,0.2085069736381388,0.008689055667140861,0.18392365477959405,0.19093694680017637,0.19996808244464126,0.2040646417795276,0.04826414554777697,-0.00027163749599181216,0.0,0,0.0,0.0,0,0.0,0.010835240447598558,0.0,0.022809896167307987,0.007773830127980032,0.01587151643829681,0.016126934718260072,0.016129032258064516,0.022809896167307987,1.2666356117550212e-05,0.0,0,0,0.0,0.0,17.981858650854047,0.0,0.0,NORMAL,uta,data\raw\uta\normal\normal_016_4ba1d5a2.mov,group_016,10,2165,2400,24.006425948592412,4.801285189718483,10.0
0.1916394079415793,0.17976435588068373,0.20570665001746025,0.006754204686868572,0.182506231540162,0.1864079605509859,0.19597908917116239,0.20079862487613928,0.02594229413677651,-9.250491944915453e-05,0.0,0,0.0,0.0,0,0.0,0.009868701131394786,0.0,0.022809896167307987,0.008541086270946265,0.015936495584326922,0.016129032258064516,0.022806929798068927,0.022809896167307987,-2.9157443261870648e-05,0.0,0,0,0.0,0.0,19.41694134303506,0.0,0.0,NORMAL,uta,data\raw\uta\normal\normal_016_4ba1d5a2.mov,group_016,11,2405,2640,24.006425948592412,4.801285189718483,10.0
0.18283671675670762,0.15448271488697685,0.20141007916296297,0.010832015034296278,0.17155210486404876,0.17774919582056958,0.1895658557569035,0.19549986842442887,0.04692736427598612,-0.00011884545334420794,0.0,0,0.0,0.0,0,0.0,0.011003674770557567,0.0,0.022806929798068927,0.007951209502226065,0.016122218933674288,0.016127563980201404,0.020323877969038364,0.022806929798068927,-5.730779429232918e-05,0.0,0,0,0.0,0.0,16.614458906670983,0.0,0.0,NORMAL,uta,data\raw\uta\normal\normal_016_4ba1d5a2.mov,group_016,12,2645,2880,24.006425948592412,4.801285189718483,10.0
0.19019836619564368,0.17599276722448115,0.20447801286404513,0.006770744870594376,0.1815759650160697,0.18541457247943977,0.19495159831574158,0.1985048675719979,0.028485245639563977,0.00013461044710815512,0.0,0,0.0,0.0,0,0.0,0.007172523086853848,0.0,0.022445006962161677,0.008183404561305344,0.016126934718260072,0.016126934718260072,0.016476990307418247,0.022445006962161677,-0.00014575083801829502,0.0,0,0,0.0,0.0,26.513940764225037,0.0,0.0,NORMAL,uta,data\raw\uta\normal\normal_016_4ba1d5a2.mov,group_016,13,2885,3120,24.006425948592412,4.801285189718483,10.0
0.18174397421335975,0.17309069751183132,0.2020788407400047,0.005794429536115093,0.17615229996235307,0.17706877505841834,0.18570855496857852,0.1892812013110562,0.02898814322817339,-0.00013722476372458582,0.0,0,0.0,0.0,0,0.0,0.009725805599715432,0.0,0.022445006962161677,0.00792866204322623,0.015871016626723793,0.016120647005479025,0.016126934718260072,0.022445006962161677,-2.9327982029819133e-05,0.0,0,0,0.0,0.0,18.684857258654052,0.0,0.0,NORMAL,uta,data\raw\uta\normal\normal_016_4ba1d5a2.mov,group_016,14,3125,3360,24.006425948592412,4.801285189718483,10.0
0.1799912992616106,0.11519846114485921,0.20576774423314326,0.014883517461718225,0.16198228986559007,0.17515176334163166,0.18938092319747718,0.19531494377428676,0.09056928308828405,0.0006682526973534228,0.041666666666666664,2,0.41655513492154533,0.41655513492154533,1,0.10002677478580173,0.009172288557726943,0.0,0.022806929798068927,0.008603564943168841,0.016120647005479025,0.016206226374572374,0.022094390007582832,0.022806929798068927,5.053545063600659e-05,0.0,0,0,0.0,0.0,19.62124031408544,0.08333333333333333,0.0,NORMAL,uta,data\raw\uta\normal\normal_016_4ba1d5a2.mov,group_016,15,3365,3600,24.006425948592412,4.801285189718483,10.0
0.19027035586472482,0.1707362075178666,0.20570665001746025,0.008459092492713116,0.17893968000434377,0.18497482574152335,0.19742865546973992,0.20245206525321832,0.034970442499593635,6.519242064003544e-05,0.0,0,0.0,0.0,0,0.0,0.011716652451862963,0.0,0.023180714250535188,0.008146121919640842,0.016126934718260072,0.018001777049257005,0.02280050076550186,0.023180714250535188,-0.00013097757657607045,0.0,0,0,0.0,0.0,16.237924502913053,0.0,0.0,NORMAL,uta,data\raw\uta\normal\normal_016_4ba1d5a2.mov,group_016,16,3605,3840,24.006425948592412,4.801285189718483,10.0
0.18766952233802012,0.17261864470618515,0.20404113840228807,0.006885159500138472,0.1772131218855038,0.18287068074423177,0.19247589824526776,0.19620916542968236,0.03142249369610292,-7.403228360456506e-05,0.0,0,0.0,0.0,0,0.0,0.0114492759708854,0.0,0.022806929798068927,0.008405176870044608,0.015871016626723793,0.022197032390578526,0.02244204047488739,0.022806929798068927,-0.0001800825569589917,0.0,0,0,0.0,0.0,16.38995626089774,0.0,0.0,NORMAL,uta,data\raw\uta\normal\normal_016_4ba1d5a2.mov,group_016,17,3845,4080,24.006425948592412,4.801285189718483,10.0
0.18321661420542065,0.15282920129816596,0.20036386562416256,0.010298380854637003,0.1723699073815274,0.1798428605632449,0.18939467282883096,0.19543602356927475,0.047534664325996595,-0.0004564972316194458,0.0,0,0.0,0.0,0,0.0,0.0084122275698893,0.0,0.022094390007582832,0.008167623441486232,0.015623093000542114,0.01569880498801714,0.015873015873015872,0.022094390007582832,-9.213262229256382e-05,0.0,0,0,0.0,0.0,21.777208887246516,0.0,0.0,NORMAL,uta,data\raw\uta\normal\normal_016_4ba1d5a2.mov,group_016,18,4085,4320,24.006425948592412,4.801285189718483,10.0
0.18593378380867423,0.16343441561727906,0.20819583859676827,0.008525280106904867,0.17626501010588946,0.18268479478919603,0.19129761584313526,0.19558059239145142,0.04476142297948921,0.00014326933850215078,0.0,0,0.0,0.0,0,0.0,0.011655268484814902,0.0,0.02243653128423514,0.0076854654798977455,0.015871016626723793,0.01612253331931334,0.022094390007582832,0.02243653128423514,0.00022643650486450177,0.0,0,0,0.0,0.0,15.95139851581986,0.0,0.0,NORMAL,uta,data\raw\uta\normal\normal_016_4ba1d5a2.mov,group_016,19,4325,4560,24.006425948592412,4.801285189718483,10.0
0.18210533982931057,0.11563255336907807,0.20533247856243575,0.012958258191324748,0.1742546513553806,0.1789541864562079,0.18754330946111927,0.1941230392802058,0.08969992519335768,-0.00024465573730551464,0.020833333333333332,1,0.20827756746077267,0.20827756746077267,1,0.10002677478580173,0.009682933702918844,0.0,0.022806929798068927,0.008336143325517355,0.01587151643829681,0.016126934718260072,0.020233681676796105,0.022806929798068927,5.2602049995341535e-06,0.0,0,0,0.0,0.0,18.80489328158267,0.020833333333333332,0.0,NORMAL,uta,data\raw\uta\normal\normal_016_4ba1d5a2.mov,group_016,20,4565,4800,24.006425948592412,4.801285189718483,10.0
0.19889922041712524,0.10238401493304915,0.2384069408914253,0.027979941477372844,0.15859524470614414,0.1852199365882773,0.2161584241441438,0.22647237839118045,0.13602292595837617,-0.0006150003170504652,0.05084745762711865,2,0.33366666666666667,0.25025000000000003,2,0.20318664386460997,0.012816266590088794,0.0,0.033586181457325226,0.012451980338770674,0.023249527748763855,0.024365619976305545,0.03149141179496739,0.033586181457325226,3.82960265348622e-05,0.0,0,0,0.0,0.0,15.518068460160455,0.1016949152542373,0.0,NORMAL,uta,data\raw\uta\normal\normal_017_54a6099b.mp4,group_017,1,5,295,29.97002997002997,5.9940059940059935,10.0
0.20719907523634673,0.09794764205532433,0.23724517197483563,0.018504686731024084,0.1950123720539916,0.20038459853944188,0.2161584241441438,0.22405113183564632,0.1392975299195113,0.0003670915073320526,0.01694915254237288,1,0.16683333333333333,0.16683333333333333,1,0.10159332193230498,0.015916475129685085,0.0,0.03287979746107146,0.012740536689290568,0.023249527748763855,0.03213291960680524,0.03287979746107146,0.03287979746107146,5.1294715257208185e-05,0.0,0,0,0.0,0.0,13.01708176379893,0.01694915254237288,0.0,NORMAL,uta,data\raw\uta\normal\normal_017_54a6099b.mp4,group_017,2,300,590,29.97002997002997,5.9940059940059935,10.0
0.20668639885210482,0.13207389560886287,0.24610932895333826,0.018660098157600166,0.1839966332980974,0.20002144043551418,0.21903064755665014,0.2251058471243728,0.11403543334447538,-0.0005417964257899184,0.01694915254237288,1,0.16683333333333333,0.16683333333333333,1,0.10159332193230498,0.020309749099419846,0.0,0.03448275862068966,0.014065052588832802,0.03366221139379705,0.03366221139379705,0.0337442661164863,0.03448275862068966,-4.420723639416523e-05,0.0,0,0,0.0,0.0,10.17620757562352,0.01694915254237288,0.0,NORMAL,uta,data\raw\uta\normal\normal_017_54a6099b.mp4,group_017,3,595,885,29.97002997002997,5.9940059940059935,10.0
0.21479690737501023,0.16106474346633856,0.23604081786713627,0.015744239192429024,0.19595150591703836,0.2135269973823683,0.2246048063387745,0.22970079353198125,0.0749760744007977,0.00012120637579772336,0.0,0,0.0,0.0,0,0.0,0.011689114977523613,0.0,0.03366221139379705,0.013480253150278572,0.023802777946288958,0.03366221139379705,0.03366221139379705,0.03366221139379705,9.840000429722208e-05,0.0,0,0,0.0,0.0,18.37423393935788,0.0,0.0,NORMAL,uta,data\raw\uta\normal\normal_017_54a6099b.mp4,group_017,4,890,1180,29.97002997002997,5.9940059940059935,10.0
0.2059073526275379,0.14535818202563291,0.22224554568134908,0.012491771094090184,0.19475654645523843,0.20387430123740166,0.21440562498002835,0.21879347954798567,0.07688736365571616,-0.000151270863862346,0.01694915254237288,1,0.16683333333333333,0.16683333333333333,1,0.10159332193230498,0.01716983499165667,0.0,0.03448275862068966,0.013261169921488297,0.024092885200498747,0.03366221139379705,0.03366221139379705,0.03448275862068966,0.00039615528940359617,0.0,0,0,0.0,0.0,11.991691302583046,0.01694915254237288,0.0,NORMAL,uta,data\raw\uta\normal\normal_017_54a6099b.mp4,group_017,5,1185,1475,29.97002997002997,5.9940059940059935,10.0
0.2009993802654634,0.14498716336614811,0.22397319838490737,0.015061511855678568,0.18361419597169404,0.19392430744951053,0.21465510011267028,0.2158885685658498,0.07898603501875925,0.0001450083201883195,0.01694915254237288,1,0.16683333333333333,0.16683333333333333,1,0.10159332193230498,0.023029353679398637,0.0,0.03366221139379705,0.010686745880471575,0.03287979746107146,0.03366221139379705,0.03366221139379705,0.03366221139379705,3.665201953897325e-05,0.0,0,0,0.0,0.0,8.727585475392138,0.01694915254237288,0.0,NORMAL,uta,data\raw\uta\normal\normal_017_54a6099b.mp4,group_017,6,1480,1770,29.97002997002997,5.9940059940059935,10.0
0.20356186755011774,0.09537823922327127,0.22958531383388314,0.019806199994628907,0.19136374935515663,0.19460256996984715,0.21501423355039695,0.22037432391930334,0.13420707461061188,0.0002981375457856511,0.03389830508474576,2,0.33366666666666667,0.33366666666666667,1,0.10159332193230498,0.026429269293378382,0.0,0.033671751485073696,0.008552319769443092,0.03288868749704872,0.03304530029465372,0.033671751485073696,0.033671751485073696,-0.00014775109359602525,0.0,0,0,0.0,0.0,7.701846140520271,0.06779661016949153,0.0,NORMAL,uta,data\raw\uta\normal\normal_017_54a6099b.mp4,group_017,7,1775,2065,29.97002997002997,5.9940059940059935,10.0
0.20740081449561443,0.09925354632312747,0.22174703435168538,0.01758656227419446,0.19685138698113905,0.2044674685363427,0.21568299049031986,0.21906491951041218,0.12249348802855792,-0.0003594074113836699,0.01694915254237288,1,0.16683333333333333,0.16683333333333333,1,0.10159332193230498,0.020358273529609054,0.0,0.035344295692180165,0.012050820547145902,0.0247084498980515,0.03366221139379705,0.03366221139379705,0.035344295692180165,-0.0003886224771797081,0.0,0,0,0.0,0.0,10.187043962741877,0.01694915254237288,0.0,NORMAL,uta,data\raw\uta\normal\normal_017_54a6099b.mp4,group_017,8,2070,2360,29.97002997002997,5.9940059940059935,10.0
0.20744388218291682,0.17803034660951916,0.2296922469701664,0.01231456751259125,0.19219608982789768,0.19802298447061878,0.21744074751814985,0.22486322034927508,0.051661900360647245,-6.43077127942454e-05,0.0,0,0.0,0.0,0,0.0,0.013707879406850622,0.0,0.035344295692180165,0.013321461990574063,0.024382992454708537,0.024510633353991836,0.03448378413026239,0.035344295692180165,-0.0001665761362890705,0.0,0,0,0.0,0.0,15.13208162581492,0.0,0.0,NORMAL,uta,data\raw\uta\normal\normal_017_54a6099b.mp4,group_017,9,2365,2655,29.97002997002997,5.9940059940059935,10.0
0.20008677702428598,0.17459527663910115,0.2164005484695305,0.009610237126114517,0.18242035619242178,0.19688573215080254,0.20765294503244533,0.2096316167767614,0.04180527183042934,0.00012062502192270809,0.0,0,0.0,0.0,0,0.0,0.02477723267443778,0.0,0.035344295692180165,0.010878155315418548,0.03448275862068966,0.03448275862068966,0.035344295692180165,0.035344295692180165,7.54519180696161e-05,0.0,0,0,0.0,0.0,8.075102839384648,0.0,0.0,NORMAL,uta,data\raw\uta\normal\normal_017_54a6099b.mp4,group_017,10,2660,2950,29.97002997002997,5.9940059940059935,10.0
0.20658826936994454,0.18775648523597416,0.22631833320195527,0.01009399600658255,0.19670584547039643,0.198846415781146,0.2136223295413606,0.22072154732193328,0.03856184796598111,0.00011443966599807562,0.0,0,0.0,0.0,0,0.0,0.024494396683614864,0.0,0.03448275862068966,0.013041793098033204,0.03366221139379705,0.03448275862068966,0.03448275862068966,0.03448275862068966,9.056110823825556e-05,0.0,0,0,0.0,0.0,8.433758882873402,0.0,0.0,NORMAL,uta,data\raw\uta\normal\normal_017_54a6099b.mp4,group_017,11,2955,3245,29.97002997002997,5.9940059940059935,10.0
0.2096810556652632,0.18456389121634592,0.22072154732193328,0.010233974713177685,0.18825463060266362,0.20507523083841633,0.21619693567914466,0.2196936569442837,0.036157656105587355,0.00021421323387332884,0.0,0,0.0,0.0,0,0.0,0.024284199625334506,0.0,0.034493013716416956,0.00993664841748451,0.033671751485073696,0.033671751485073696,0.033671751485073696,0.034493013716416956,0.00030343648515658057,0.0,0,0,0.0,0.0,8.634108794663657,0.0,0.0,NORMAL,uta,data\raw\uta\normal\normal_017_54a6099b.mp4,group_017,12,3250,3540,29.97002997002997,5.9940059940059935,10.0
0.20735848565249412,0.12107822267279822,0.22631833320195527,0.015738404031592566,0.19429002984280092,0.2041213643911989,0.21568299049031986,0.22072154732193328,0.10524011052915705,-0.00030319579837729383,0.01694915254237288,1,0.16683333333333333,0.16683333333333333,1,0.10159332193230498,0.0266409968143574,0.0,0.034493013716416956,0.005843821034875881,0.033671751485073696,0.034493013716416956,0.034493013716416956,0.034493013716416956,-8.111796717920643e-06,0.0,0,0,0.0,0.0,7.7831435495386145,0.01694915254237288,0.0,NORMAL,uta,data\raw\uta\normal\normal_017_54a6099b.mp4,group_017,13,3545,3835,29.97002997002997,5.9940059940059935,10.0
0.2038816398569893,0.17663141904568214,0.22072154732193328,0.009991830372938106,0.18897842804200016,0.19917315355944046,0.20927223742288825,0.21313784424126567,0.04409012827625114,9.859927413671087e-05,0.0,0,0.0,0.0,0,0.0,0.017576935364508602,0.0,0.034493013716416956,0.013088219326782103,0.024390243902439025,0.033833952912196895,0.03448275862068966,0.034493013716416956,-0.00011018140745153037,0.0,0,0,0.0,0.0,11.598725085122581,0.0,0.0,NORMAL,uta,data\raw\uta\normal\normal_017_54a6099b.mp4,group_017,14,3840,4130,29.97002997002997,5.9940059940059935,10.0
0.20542576715728283,0.176752425890505,0.22958531383388314,0.012368952661000748,0.19393169159167348,0.19709775399655366,0.21494455874490437,0.21989923501981362,0.05283288794337815,6.935674594832183e-05,0.0,0,0.0,0.0,0,0.0,0.011771428559767512,0.0,0.03448275862068966,0.013101366116902885,0.023802777946288958,0.023924217538560756,0.0337442661164863,0.03448275862068966,0.00014496706712355462,0.0,0,0,0.0,0.0,17.449735720574182,0.0,0.0,NORMAL,uta,data\raw\uta\normal\normal_017_54a6099b.mp4,group_017,15,4135,4425,29.97002997002997,5.9940059940059935,10.0
0.20385049146691278,0.1367680281354053,0.2364070209588156,0.015923327063770087,0.19415641956280985,0.19494457619806344,0.2146774693433735,0.22603716151639663,0.0996389928234103,-0.00046696381544879907,0.01694915254237288,1,0.16683333333333333,0.16683333333333333,1,0.10159332193230498,0.007892158333174392,0.0,0.03366221139379705,0.01151831788427284,0.023809523809523808,0.024365619976305545,0.024390243902439025,0.03366221139379705,0.00011537703205000432,0.0,0,0,0.0,0.0,25.826226063417916,0.01694915254237288,0.0,NORMAL,uta,data\raw\uta\normal\normal_017_54a6099b.mp4,group_017,16,4430,4720,29.97002997002997,5.9940059940059935,10.0
0.20283285010029534,0.1585039677950799,0.22283262259677739,0.010740606337382637,0.19208497677621264,0.19638932071754642,0.20952352301248095,0.2137370691078048,0.0643286548016975,3.4998091712270725e-05,0.0,0,0.0,0.0,0,0.0,0.009434945435290167,0.0,0.03525631971083365,0.012379159016986637,0.023802777946288958,0.024968808471946116,0.0254503144760237,0.03525631971083365,0.00021600774947102498,0.0,0,0,0.0,0.0,21.495763354216344,0.0,0.0,NORMAL,uta,data\raw\uta\normal\normal_017_54a6099b.mp4,group_017,17,4725,5015,29.97002997002997,5.9940059940059935,10.0
0.19558197235141897,0.10234069062514398,0.22565357959980964,0.020932204166240975,0.177861465720009,0.18947851412245753,0.20747952059606767,0.22092804495404295,0.12331288897466566,-6.839778636535506e-05,0.03389830508474576,1,0.16683333333333333,0.16683333333333333,2,0.20318664386460997,0.008448581902032374,0.0,0.03363363969981562,0.011918567040041446,0.023765795685180627,0.024325212770525996,0.024361276856704795,0.03363363969981562,1.3282588169622448e-05,0.0,0,0,0.0,0.0,23.146940833176107,0.03389830508474576,0.0,NORMAL,uta,data\raw\uta\normal\normal_017_54a6099b.mp4,group_017,18,5020,5310,29.97002997002997,5.9940059940059935,10.0
0.20482740683382192,0.11211258574438361,0.223524225271726,0.018147778355678035,0.18654090090105896,0.20585475701031425,0.21443127745602025,0.21931409363367438,0.11141163952734238,0.0004379398720103467,0.01694915254237288,1,0.16683333333333333,0.16683333333333333,1,0.10159332193230498,0.009045881702147578,0.0,0.03363363969981562,0.011797690299969745,0.023782574707724703,0.023782574707724703,0.023802777946288958,0.03363363969981562,-0.00015130475751693256,0.0,0,0,0.0,0.0,22.640663775364647,0.01694915254237288,0.0,NORMAL,uta,data\raw\uta\normal\normal_017_54a6099b.mp4,group_017,19,5315,5605,29.97002997002997,5.9940059940059935,10.0
0.2108829579019562,0.18626234566281535,0.22294530800725776,0.009495988720098193,0.19756638099050078,0.2054640104996599,0.2196936569442837,0.2196936569442837,0.036682962344442405,-0.00029727687576627565,0.0,0,0.0,0.0,0,0.0,0.00826951195619731,0.0,0.03363363969981562,0.011614286046985807,0.023782574707724703,0.023802777946288958,0.02436344841650517,0.03363363969981562,-0.00018828263208866004,0.0,0,0,0.0,0.0,25.49817460138439,0.0,0.0,NORMAL,uta,data\raw\uta\normal\normal_017_54a6099b.mp4,group_017,20,5610,5900,29.97002997002997,5.9940059940059935,10.0
0.2504351680212848,0.016489684917910308,0.32810549137323264,0.09667922615177295,0.0439621254015242,0.2585433011525136,0.30200224234648787,0.31411572187178305,0.31161580645532233,0.0008719037988604485,0.15789473684210525,1,0.2581798320767649,0.2581798320767649,6,0.6115688261628361,0.03422987940086225,0.0,0.13434574979434546,0.02170821186810232,0.04322367230736768,0.04742641998908051,0.06862955646420915,0.13434574979434546,-0.00043085383077373006,0.02631578947368421,1,1,0.2581798320767649,0.2581798320767649,7.316060013783242,0.15789473684210525,0.003535414468272249,NORMAL,uta,data\raw\uta\normal\normal_018_15d5e946.mov,group_018,1,5,190,19.366346161823145,3.873269232364629,10.0
0.2738680926283276,0.044414983852857984,0.32375940442556383,0.05553481827812247,0.22883954912281154,0.275193130376551,0.30179917928544525,0.30423582488197254,0.27934442057270586,-0.00014920686513696059,0.05263157894736842,1,0.2581798320767649,0.2581798320767649,2,0.20385627538761206,0.02544021622728412,0.0,0.048564293117863214,0.011740166263215479,0.029119963940806612,0.04373858471345044,0.04443347457029377,0.048564293117863214,0.00025739163879955827,0.0,0,0,0.0,0.0,10.764740576145142,0.05263157894736842,0.0,NORMAL,uta,data\raw\uta\normal\normal_018_15d5e946.mov,group_018,2,195,380,19.366346161823145,3.873269232364629,10.0
0.25536025927638323,0.041583953170166485,0.3085621798792262,0.06875941549505324,0.14657287249027962,0.26062165690799066,0.2912561841751341,0.29785393357474754,0.2669782267090597,0.0010066133602569974,0.13157894736842105,1,0.2581798320767649,0.2581798320767649,5,0.5096406884690301,0.030339400716215898,0.0,0.10869565217391304,0.021717528331204973,0.022721405353294154,0.054408416582224894,0.08365383584068607,0.10869565217391304,-0.0011115741115570853,0.0,0,0,0.0,0.0,8.4165091181509,0.13157894736842105,0.0,NORMAL,uta,data\raw\uta\normal\normal_018_15d5e946.mov,group_018,3,385,570,19.366346161823145,3.873269232364629,10.0
0.2799885045719008,0.036172543404301524,0.3214237907673859,0.06236513191464406,0.2460023351590092,0.29096947920673527,0.3078641707717561,0.31646085135075747,0.2852512473630844,-0.0016123135513075371,0.07894736842105263,1,0.2581798320767649,0.2581798320767649,3,0.30578441308141807,0.03474623505517103,0.02173399540921557,0.049690399499995326,0.011802972433989352,0.04443347457029377,0.04965241704687462,0.04967813480784257,0.027956404090779756,0.00034770522274710463,0.0,0,0,0.0,0.0,8.057864291283613,0.07894736842105263,0.0,NORMAL,uta,data\raw\uta\normal\normal_018_15d5e946.mov,group_018,4,575,760,19.366346161823145,3.873269232364629,10.0
0.2412947688282058,0.03435038141809542,0.29070876595792816,0.05751412086865759,0.1726274065451507,0.24682994264811145,0.27332328066566247,0.28235145362672665,0.25635838453983273,-0.0003868523709394923,0.07894736842105263,1,0.2581798320767649,0.2581798320767649,3,0.30578441308141807,0.030152020954300703,0.02173399540921557,0.045454545454545456,0.010344739985484802,0.043478260869565216,0.044444444444444446,0.044444444444444446,0.023720550045329886,-8.056284334259712e-05,0.0,0,0,0.0,0.0,8.002341430197232,0.07894736842105263,0.0,NORMAL,uta,data\raw\uta\normal\normal_018_15d5e946.mov,group_018,5,765,950,19.366346161823145,3.873269232364629,10.0
0.24650375164269334,0.05269376170065017,0.29945912163952515,0.0601173384021686,0.20757911326230638,0.2519619740954199,0.2733084667795974,0.28382470843831503,0.246765359938875,-0.001134408043832167,0.07894736842105263,1,0.2581798320767649,0.2581798320767649,3,0.30578441308141807,0.02676491531098491,0.0,0.045454545454545456,0.010983375630006035,0.03142696805273545,0.044444444444444446,0.0445959595959596,0.045454545454545456,0.0002310124004302898,0.0,0,0,0.0,0.0,9.209614122238762,0.07894736842105263,0.0,NORMAL,uta,data\raw\uta\normal\normal_018_15d5e946.mov,group_018,6,955,1140,19.366346161823145,3.873269232364629,10.0
0.25042906689725014,0.0332780992595621,0.2912656693792256,0.05954843428436069,0.21046054659045235,0.2603576348011343,0.27830165065799173,0.28232608456658975,0.2579875701196635,1.1788575743571094e-05,0.07894736842105263,1,0.2581798320767649,0.2581798320767649,3,0.30578441308141807,0.02706898155165452,0.02173399540921557,0.044444444444444446,0.008550384047943659,0.02924622656706924,0.044444444444444446,0.044444444444444446,0.022710449035228876,0.0001684563366135765,0.0,0,0,0.0,0.0,9.251172425787777,0.07894736842105263,0.0,NORMAL,uta,data\raw\uta\normal\normal_018_15d5e946.mov,group_018,7,1145,1330,19.366346161823145,3.873269232364629,10.0
0.2634219975138561,0.033860890550832926,0.31714067262576057,0.05628815093486941,0.23634720591239414,0.25153273842516866,0.2896384777569874,0.29901362749740046,0.28327978207492766,-0.0018012854849053326,0.05263157894736842,1,0.2581798320767649,0.2581798320767649,2,0.20385627538761206,0.02782069778935117,0.0,0.049690399499995326,0.010275303783237932,0.031962655008179804,0.044444444444444446,0.0445959595959596,0.049690399499995326,0.00030709496360193213,0.0,0,0,0.0,0.0,9.468221512156658,0.05263157894736842,0.0,NORMAL,uta,data\raw\uta\normal\normal_018_15d5e946.mov,group_018,8,1335,1520,19.366346161823145,3.873269232364629,10.0
0.22708072630156326,0.028729035827989316,0.291124207628325,0.06988496841881785,0.11415969139255491,0.22707451786982863,0.26390525489066585,0.27717439851735365,0.2623951718003357,-0.0016701348223277118,0.13157894736842105,1,0.2581798320767649,0.2581798320767649,5,0.5096406884690301,0.03965387901904674,0.021257358312406823,0.1303116728289208,0.030412006098879157,0.044167457920148076,0.07420241105883844,0.12803283652627495,0.10905431451651398,-0.0006471071039475673,0.07894736842105263,1,3,0.7745394962302947,0.7745394962302947,5.726425900643739,0.13157894736842105,0.010287763644388484,NORMAL,uta,data\raw\uta\normal\normal_018_15d5e946.mov,group_018,9,1525,1710,19.366346161823145,3.873269232364629,10.0
0.25894579903743664,0.05410857157238272,0.30538915505335096,0.04696996424332542,0.2176814214375923,0.2557338277017294,0.28601944012086894,0.2969975286853558,0.25128058348096827,-0.0015203058920745948,0.05263157894736842,1,0.2581798320767649,0.2581798320767649,2,0.20385627538761206,0.02220158271911403,0.021233384741779292,0.030714755841697562,0.00202278014470389,0.021730149591450046,0.02220030681036019,0.023477474165060786,0.00948137109991827,-5.4043612915780775e-05,0.0,0,0,0.0,0.0,11.662868338939335,0.05263157894736842,0.0,NORMAL,uta,data\raw\uta\normal\normal_018_15d5e946.mov,group_018,10,1715,1900,19.366346161823145,3.873269232364629,10.0
0.2644112638581085,0.03746786702289635,0.2873383895051206,0.03992038959227219,0.2540886621216103,0.2604310373314829,0.27881389690328195,0.2862634582118725,0.24987052248222424,0.0010758347014671417,0.02631578947368421,1,0.2581798320767649,0.2581798320767649,1,0.10192813769380603,0.02319639145202691,0.021693045781865615,0.031395974980055176,0.0031936416706353906,0.02220030681036019,0.031357362279453245,0.031395974980055176,0.009702929198189561,-1.820119047141811e-05,0.0,0,0,0.0,0.0,11.398318832741218,0.02631578947368421,0.0,NORMAL,uta,data\raw\uta\normal\normal_018_15d5e946.mov,group_018,11,1905,2090,19.366346161823145,3.873269232364629,10.0
0.27615903967877076,0.09493322848379929,0.38792450877007406,0.05408130612269596,0.21987486378598473,0.2562489299484339,0.3059936560802489,0.3111350036744834,0.29299128028627475,0.00115587526080151,0.05263157894736842,1,0.2581798320767649,0.2581798320767649,2,0.20385627538761206,0.024906940234716724,0.021693045781865615,0.04534925875825182,0.00719902107796729,0.02255604873693448,0.03480413119394314,0.04534925875825182,0.023656212976386204,-6.328175160169403e-06,0.0,0,0,0.0,0.0,11.087188947637664,0.05263157894736842,0.0,NORMAL,uta,data\raw\uta\normal\normal_018_15d5e946.mov,group_018,12,2095,2280,19.366346161823145,3.873269232364629,10.0
0.24192450186922176,0.02966754232299146,0.30442772302320553,0.07101119295628522,0.09882524218667585,0.25283305041423726,0.27386635435885365,0.2895918602865575,0.2747601807002141,0.0004831812050132075,0.13157894736842105,1,0.2581798320767649,0.2581798320767649,5,0.5096406884690301,0.02022149269368942,0.0,0.04343722427630694,0.010125075555887026,0.022193480984751303,0.0302581378504504,0.03306378622676893,0.04343722427630694,-0.00035098228530535303,0.0,0,0,0.0,0.0,11.963139536438854,0.13157894736842105,0.0,NORMAL,uta,data\raw\uta\normal\normal_018_15d5e946.mov,group_018,13,2285,2470,19.366346161823145,3.873269232364629,10.0
0.252189338070614,0.06246330503434256,0.28304201278313557,0.038209454342963474,0.21782593678225382,0.24244629053052197,0.27615187837770194,0.27881389690328195,0.220578707748793,-0.0005274753447111782,0.02631578947368421,1,0.2581798320767649,0.2581798320767649,1,0.10192813769380603,0.017525057557482356,0.0,0.03141921118033474,0.009180281582352828,0.022212629666450212,0.022216737285146886,0.022216737285146886,0.03141921118033474,9.298946310339148e-05,0.0,0,0,0.0,0.0,14.389393464187696,0.02631578947368421,0.0,NORMAL,uta,data\raw\uta\normal\normal_018_15d5e946.mov,group_018,14,2475,2660,19.366346161823145,3.873269232364629,10.0
0.24666355783070038,0.042276927079512555,0.291124207628325,0.07000770253313439,0.18099455070973117,0.25648439454679073,0.2786610964625672,0.28216818584240544,0.24884728054881247,-0.0004565532450227534,0.10526315789473684,1,0.2581798320767649,0.2581798320767649,4,0.4077125507752241,0.01975449786063873,0.0,0.04343722427630694,0.009512551950541587,0.02220030681036019,0.024959007261268727,0.031395974980055176,0.04343722427630694,0.0001393516508774762,0.0,0,0,0.0,0.0,12.485818356527377,0.10526315789473684,0.0,NORMAL,uta,data\raw\uta\normal\normal_018_15d5e946.mov,group_018,15,2665,2850,19.366346161823145,3.873269232364629,10.0
0.2608812507340814,0.09919994781983962,0.3189774014837866,0.03859668759311824,0.24004016862099686,0.24769549273102429,0.2780291721153763,0.3008838711622496,0.219777453663947,-0.00018320020676502823,0.02631578947368421,1,0.2581798320767649,0.2581798320767649,1,0.10192813769380603,0.025520139535041335,0.0,0.0649722122736315,0.011701348248934464,0.022216737285146886,0.04373858471345044,0.045205504851108816,0.0649722122736315,0.00019392835914471934,0.0,0,0,0.0,0.0,10.222163096435532,0.02631578947368421,0.0,NORMAL,uta,data\raw\uta\normal\normal_018_15d5e946.mov,group_018,16,2855,3040,19.366346161823145,3.873269232364629,10.0
0.2565688072905345,0.06016673323049927,0.30442772302320553,0.04677745151063009,0.24251069860425933,0.2604140615148528,0.27409204150794103,0.277608594344185,0.24426098979270627,0.0006358658243740899,0.05263157894736842,1,0.2581798320767649,0.2581798320767649,2,0.20385627538761206,0.033703290016816434,0.02171861213815347,0.049641395149316925,0.01044920781982879,0.04346029918290009,0.0444104719055924,0.0445796025225472,0.027922783011163455,0.0002609629126586471,0.0,0,0,0.0,0.0,7.612348670229277,0.05263157894736842,0.0,NORMAL,uta,data\raw\uta\normal\normal_018_15d5e946.mov,group_018,17,3045,3230,19.366346161823145,3.873269232364629,10.0
0.24351002262722857,0.034138683464917406,0.29776307798541,0.0699959776888685,0.16415802784073583,0.256833137949114,0.2778635776480167,0.28887877090523945,0.26362439452049263,0.0008218082970808053,0.10526315789473684,1,0.2581798320767649,0.2581798320767649,4,0.4077125507752241,0.032114884834431257,0.0,0.04443347457029377,0.01213179875707227,0.04440061362072038,0.04440061362072038,0.04443347457029377,0.04443347457029377,0.0001092414072953414,0.0,0,0,0.0,0.0,7.582229911540935,0.10526315789473684,0.0,NORMAL,uta,data\raw\uta\normal\normal_018_15d5e946.mov,group_018,18,3235,3420,19.366346161823145,3.873269232364629,10.0
0.2639280651440961,0.059406904786194106,0.3081313113374774,0.03786618863995443,0.24774577379967364,0.26021050108573174,0.2815444506950202,0.2881054303288003,0.2487244065512833,-0.0013315543833810808,0.02631578947368421,1,0.2581798320767649,0.2581798320767649,1,0.10192813769380603,0.024263627794848544,0.0,0.06874516652539955,0.014966100588957644,0.022216737285146886,0.03530722485712681,0.06666666666666667,0.06874516652539955,-0.0003422254479950412,0.0,0,0,0.0,0.0,10.877070416061724,0.02631578947368421,0.0,NORMAL,uta,data\raw\uta\normal\normal_018_15d5e946.mov,group_018,19,3425,3610,19.366346161823145,3.873269232364629,10.0
0.25484060141872367,0.05919386481491304,0.29902235838959107,0.04075858925557088,0.2163585536973962,0.249220431973028,0.2740193308049964,0.290819006007205,0.23982849357467803,0.0003346566937486145,0.02631578947368421,1,0.2581798320767649,0.2581798320767649,1,0.10192813769380603,0.024528861105881254,0.0,0.04967813480784257,0.008423014463743052,0.022222222222222223,0.035328920008003,0.04443347457029377,0.04967813480784257,0.00021026466234772917,0.0,0,0,0.0,0.0,10.388994879291156,0.02631578947368421,0.0,NORMAL,uta,data\raw\uta\normal\normal_018_15d5e946.mov,group_018,20,3615,3800,19.366346161823145,3.873269232364629,10.0
0.1549907059800557,0.04555856033872387,0.18981118010720496,0.021185200939948065,0.13348606275922462,0.14449599728215157,0.16721714433227894,0.17725821729613922,0.14425261976848108,-0.00023080409540523607,0.3220338983050847,8,1.3347162904209884,0.45285016996426397,7,0.7111268133795724,0.11752673345783583,0.01298591791445427,0.3387393569722155,0.050913999441330106,0.1440827574940054,0.16880473208719785,0.18671076362106417,0.3257534390577613,0.0002999098789332011,0.4576271186440678,8,8,1.3347162904209884,0.5630834350213545,1.3187585722961301,2.5762711864406778,0.1550163159025393,NORMAL,uta,data\raw\uta\normal\normal_019_69feaf43.mov,group_019,1,5,300,29.96891570671055,5.99378314134211,10.0
0.13387683902769554,0.11104833572156661,0.15361177341112486,0.00820715442183528,0.12568522681822775,0.12815790491216247,0.13943670501195873,0.14394692931544423,0.04256343768955825,-5.239968083131168e-05,0.9661016949152542,31,5.17202562538133,3.1699511897498476,3,0.304768634305531,0.10914535080869456,0.06373276499212657,0.14683779584957965,0.0195138762268667,0.1249902355192602,0.13748081042674173,0.13911772400144579,0.08310503085745308,2.2186005565582928e-05,0.288135593220339,9,3,0.5005186089078707,0.31514134634940005,1.2265809899805735,29.949152542372882,0.04230919541428566,NORMAL,uta,data\raw\uta\normal\normal_019_69feaf43.mov,group_019,2,305,595,29.96891570671055,5.99378314134211,10.0
0.1300813207910949,0.09053721649541205,0.1615427796120003,0.0131416421146721,0.11646573757781724,0.12163631098920272,0.13665216154256024,0.14895154569978775,0.07100556311658826,-1.1103470391352247e-05,0.9152542372881356,24,4.004148871262966,3.003111653447224,3,0.304768634305531,0.11092524425378389,0.052174493214536884,0.17364198461794617,0.026525250572795457,0.12888940294592266,0.14485616315037206,0.15356306863184446,0.12146749140340929,0.00013191023539666912,0.3728813559322034,10,7,1.1678767541183648,0.36704697986577184,1.1726829991060264,21.966101694915253,0.06474785867109857,NORMAL,uta,data\raw\uta\normal\normal_019_69feaf43.mov,group_019,3,600,890,29.96891570671055,5.99378314134211,10.0
0.1316823354094673,0.10389912244680138,0.1725925803592057,0.012200573305895015,0.11777340456670275,0.12184316437431778,0.1389275479367358,0.14370323919117373,0.0686934579124043,0.00040530546104549004,0.9661016949152542,35,5.839383770591824,3.1699511897498476,3,0.304768634305531,0.10685096049787723,0.06294606138842808,0.1733123617091106,0.024964169812065225,0.11937923236851843,0.14261505437479943,0.14985551572197092,0.11036630032068252,-0.00015190783250335806,0.23728813559322035,8,5,0.8341976815131178,0.2919691885295912,1.232381088712765,33.813559322033896,0.041124967185212684,NORMAL,uta,data\raw\uta\normal\normal_019_69feaf43.mov,group_019,4,895,1185,29.96891570671055,5.99378314134211,10.0
0.12841682388376455,0.10416828161905413,0.14766724084678085,0.009024887624007997,0.11579568806775964,0.12317622042236397,0.1335821506038824,0.1398009690513056,0.043498959227726716,0.00019716758703542794,1.0,59,9.84353264185479,9.84353264185479,1,0.10158954476851034,0.11873433260085961,0.06168610084980044,0.18981259984112425,0.02918374864259066,0.1353942147131155,0.1649089901956373,0.17223120049608046,0.1281264989913238,0.0003691948997901129,0.4745762711864407,8,14,2.3357535082367296,0.5839383770591824,1.0815384188584387,59.0,0.09008055585680473,NORMAL,uta,data\raw\uta\normal\normal_019_69feaf43.mov,group_019,5,1190,1480,29.96891570671055,5.99378314134211,10.0
0.13187951897342215,0.10707873723157224,0.1539224595550531,0.010248694309941403,0.11785915014983102,0.12861394541730353,0.13551413114403232,0.14597417353659625,0.04684372232348086,0.0001221061947865062,0.9152542372881356,23,3.8373093349603415,2.252333740085418,4,0.40635817907404137,0.12456904805510492,0.07378587591394109,0.21970370120366708,0.0307961971575362,0.1465050241008311,0.16406506330437623,0.17455123663816172,0.145917825289726,0.0008568364516831189,0.4745762711864407,10,9,1.501555826723612,0.4671507016473459,1.0586775957177428,21.050847457627118,0.10426616328309625,NORMAL,uta,data\raw\uta\normal\normal_019_69feaf43.mov,group_019,6,1485,1775,29.96891570671055,5.99378314134211,10.0
0.13984541854713645,0.10542197829504216,0.16068362375356543,0.012824063288366072,0.12664870380637508,0.13229464485769682,0.14861365169055352,0.15693664158903306,0.05526164545852327,0.00020826343391364992,0.7796610169491526,24,4.004148871262966,1.0963740957029546,7,0.7111268133795724,0.11261749554788113,0.0580747904139041,0.2130741501726807,0.029054508495687845,0.12096546082212481,0.1444237969240573,0.16310701425853896,0.1549993597587766,-0.0002496882388787434,0.2542372881355932,8,3,0.5005186089078707,0.31282413056741915,1.2417624464507204,18.71186440677966,0.05417139411169848,NORMAL,uta,data\raw\uta\normal\normal_019_69feaf43.mov,group_019,7,1780,2070,29.96891570671055,5.99378314134211,10.0
0.13826560369283045,0.08576104120373089,0.17034088183177093,0.014268116449510903,0.12255518281329676,0.13067907068331464,0.1485057700046747,0.1532992143562483,0.08457984062804004,0.00021661075917229702,0.7796610169491526,29,4.838346552776083,1.2791031116534473,6,0.609537268611062,0.09938459049542009,0.06536667325221965,0.16918646877281315,0.021057194121482662,0.10812464188305669,0.13154815798462408,0.1369212980000281,0.1038197955205935,-0.0004979462707758077,0.1694915254237288,5,5,0.8341976815131178,0.3336790726052471,1.3912037248418023,22.610169491525426,0.02867567267335816,NORMAL,uta,data\raw\uta\normal\normal_019_69feaf43.mov,group_019,8,2075,2365,29.96891570671055,5.99378314134211,10.0
0.14587808503489613,0.1263442964215819,0.16354951971567816,0.007806848864968075,0.13516721480266825,0.13964171199932704,0.1516493976028193,0.15378915816284228,0.03720522329409626,-3.14335003459908e-05,0.6440677966101694,10,1.6683953630262356,0.7924877974374619,8,0.8127163581480827,0.09865971124184857,0.058079687727267265,0.13198441181830464,0.015188047027407807,0.10814328255161355,0.11493589666517537,0.12354416502454744,0.07390472409103738,-0.0001148968215280017,0.06779661016949153,3,2,0.3336790726052471,0.22245271507016473,1.478583350948108,6.440677966101695,0.008948095716495229,NORMAL,uta,data\raw\uta\normal\normal_019_69feaf43.mov,group_019,9,2370,2660,29.96891570671055,5.99378314134211,10.0
0.1515997701788566,0.11867942718910597,0.16766305845231863,0.008987912486566387,0.13755443820715624,0.14873368996984482,0.15714359089280575,0.16036334885000372,0.04898363126321266,-1.658161234555781e-05,0.2711864406779661,4,0.6673581452104942,0.3813475115488538,7,0.7111268133795724,0.10399686428306984,0.06536667325221965,0.1352081728298996,0.014467581943269725,0.10952950848630819,0.12463514280183603,0.13031399242935227,0.06984149957767996,0.00018808830381673394,0.15254237288135594,7,3,0.5005186089078707,0.2145079752462303,1.457720033232798,1.0847457627118644,0.020624975516425365,NORMAL,uta,data\raw\uta\normal\normal_019_69feaf43.mov,group_019,10,2665,2955,29.96891570671055,5.99378314134211,10.0
0.14923350647614383,0.10798384299527142,0.18058465831849263,0.013158950661974844,0.13387575553119266,0.1410360510824844,0.15567513924017565,0.16468471770464663,0.07260081532322121,0.00021450146297800402,0.4745762711864407,8,1.3347162904209884,0.5839383770591824,8,0.8127163581480827,0.09191523824618808,0.05090253858787235,0.13454802882330572,0.019115571008417893,0.1059527118782722,0.11704780058674924,0.12339074480031376,0.08364549023543336,-0.0003739160449666831,0.0847457627118644,4,2,0.3336790726052471,0.20854942037827945,1.6235815273079106,3.7966101694915255,0.011402375324008958,NORMAL,uta,data\raw\uta\normal\normal_019_69feaf43.mov,group_019,11,2960,3250,29.96891570671055,5.99378314134211,10.0
0.14569936561258082,0.08482507455016952,0.16204548055718287,0.01399137079102968,0.13234398475806952,0.13887703542803492,0.156419355639386,0.1577734707782152,0.07722040600701335,-0.00034856311467423623,0.4915254237288136,14,2.3357535082367296,0.9676693105552165,5,0.5079477238425517,0.09504652554038216,0.052855984860555705,0.16387313865946318,0.023325851770556752,0.10285567343148427,0.1260581223874871,0.13398438661342402,0.11101715379890748,0.0003823517296789338,0.15254237288135594,5,4,0.6673581452104942,0.3003111653447224,1.5329106653142546,6.88135593220339,0.02499759742262998,NORMAL,uta,data\raw\uta\normal\normal_019_69feaf43.mov,group_019,12,3255,3545,29.96891570671055,5.99378314134211,10.0
0.14356416824830812,0.11631587513813449,0.16829268133853786,0.011256330443233174,0.12958291188350435,0.13595955312169217,0.15030520248751664,0.15849914721937858,0.051976806200403375,0.00021094940388934966,0.711864406779661,10,1.6683953630262356,1.4014521049420379,5,0.5079477238425517,0.09060258604828317,0.04052870042914885,0.20823352670441414,0.027068260101692138,0.10335803204842522,0.11822139465226138,0.12812680862274736,0.16770482627526528,-0.0002912390315690902,0.0847457627118644,5,1,0.16683953630262355,0.16683953630262355,1.5845307510433633,7.11864406779661,0.01764690904274696,NORMAL,uta,data\raw\uta\normal\normal_019_69feaf43.mov,group_019,13,3550,3840,29.96891570671055,5.99378314134211,10.0
0.14624214011528827,0.09994440159495088,0.16828979018680537,0.015042410724988449,0.12677942387965807,0.13856042564799143,0.1568323802887198,0.16287713062021358,0.06834538859185449,1.4761971189851628e-05,0.4745762711864407,12,2.002074435631483,0.7785845027455767,6,0.609537268611062,0.0747557410657985,0.04964355404968178,0.10676668743823335,0.013766059505066904,0.08210938920150768,0.09451978570953375,0.09637131286827615,0.05712313338855157,0.00021548494417900101,0.0,0,0,0.0,0.0,1.956240173532586,5.694915254237288,0.0,NORMAL,uta,data\raw\uta\normal\normal_019_69feaf43.mov,group_019,14,3845,4135,29.96891570671055,5.99378314134211,10.0
0.14769311956804002,0.11869968748626296,0.1624029021597731,0.009850877740159972,0.13503939761405523,0.14217690917462028,0.15475542534973386,0.15934666936202124,0.04370321467351014,0.00015907750019343524,0.5423728813559322,11,1.835234899328859,0.8898108602806589,6,0.609537268611062,0.08177095485755499,0.039516123892283914,0.11466072994256309,0.013196499211774182,0.09154836067882635,0.09451500477931629,0.10225193297712788,0.07514460605027917,-4.7899229873132577e-05,0.0,0,0,0.0,0.0,1.8061586007735573,5.966101694915254,0.0,NORMAL,uta,data\raw\uta\normal\normal_019_69feaf43.mov,group_019,15,4140,4430,29.96891570671055,5.99378314134211,10.0
0.1460078335708052,0.12603608225137275,0.16387549743479407,0.008066304620738651,0.13351060791054398,0.14136114099149516,0.1520088580706379,0.15473244912232287,0.03783941518342132,1.536164434669026e-05,0.6271186440677966,8,1.3347162904209884,0.6858958714663412,9,0.9143059029165931,0.08655897691195998,0.04964355404968178,0.13862948472156122,0.01598063250180262,0.09451500477931629,0.10332831717439311,0.1100117375917202,0.08898593067187945,0.00019711993434480587,0.03389830508474576,2,1,0.16683953630262355,0.16683953630262355,1.6867822610362935,5.016949152542373,0.004699304566832584,NORMAL,uta,data\raw\uta\normal\normal_019_69feaf43.mov,group_019,16,4435,4725,29.96891570671055,5.99378314134211,10.0
0.14973674228136277,0.12884823653702518,0.16938720665206547,0.01072111734191527,0.1389447950050153,0.14110291190048593,0.156430734699948,0.16755879797230008,0.04053897011504029,-0.0001555453706788732,0.5423728813559322,11,1.835234899328859,0.6673581452104942,8,0.8127163581480827,0.0974170039334608,0.04967236632955933,0.1851287606911316,0.017456477094246622,0.10468258088574797,0.11318236699485856,0.11644133773838981,0.13545639436157228,-1.5545742151075117e-05,0.03389830508474576,2,1,0.16683953630262355,0.16683953630262355,1.5370540991954333,5.966101694915254,0.006275551209868868,NORMAL,uta,data\raw\uta\normal\normal_019_69feaf43.mov,group_019,17,4730,5020,29.96891570671055,5.99378314134211,10.0
0.14776364357967384,0.12543678817522563,0.17216336390120995,0.009886348581557522,0.13516234381255327,0.1419677114957935,0.15477843559773544,0.15991341009068277,0.04672657572598432,4.626521444894351e-06,0.559322033898305,16,2.6694325808419768,1.1011409395973153,5,0.5079477238425517,0.10391563946850498,0.06991362564913496,0.1851287606911316,0.01908332771056319,0.1109517312974833,0.12118287851541822,0.12743151866971172,0.11521513504199664,0.0001836320314766876,0.11864406779661017,5,3,0.5005186089078707,0.23357535082367295,1.4219440152744547,8.94915254237288,0.021964429234541036,NORMAL,uta,data\raw\uta\normal\normal_019_69feaf43.mov,group_019,18,5025,5315,29.96891570671055,5.99378314134211,10.0
0.15064092952268934,0.13089370387978108,0.16718995258532104,0.009008648611042952,0.1387090956092126,0.1443230801360815,0.1574587011416187,0.16209705847632921,0.03629624870553996,0.0001653333726748231,0.4576271186440678,7,1.1678767541183648,0.5005186089078707,9,0.9143059029165931,0.11365847454684458,0.06453938041598581,0.19771200076149584,0.02166220481356871,0.12493657888233146,0.1381482792366937,0.14232485600615846,0.13317262034551003,0.00012287446270630388,0.3389830508474576,11,4,0.6673581452104942,0.3033446114593155,1.3253706312059617,3.2033898305084745,0.06702101720728672,NORMAL,uta,data\raw\uta\normal\normal_019_69feaf43.mov,group_019,19,5320,5610,29.96891570671055,5.99378314134211,10.0
0.15061192592891218,0.12646274280387548,0.17581528168676877,0.010258050461023545,0.13753125519057918,0.14400102676424503,0.15663428245559502,0.16471516610965323,0.04935253888289329,-0.0001047175015301634,0.4745762711864407,6,1.0010372178157414,0.6673581452104942,7,0.7111268133795724,0.1087841109693576,0.07110388232568168,0.19852220239145982,0.021659967818933888,0.11776440659816331,0.13296926958207683,0.14631795742084724,0.12741832006577813,-7.131885588699165e-05,0.23728813559322035,10,3,0.5005186089078707,0.23357535082367295,1.3844902541059712,2.847457627118644,0.04710696327932945,NORMAL,uta,data\raw\uta\normal\normal_019_69feaf43.mov,group_019,20,5615,5905,29.96891570671055,5.99378314134211,10.0
0.32118406106130754,0.15072468730688848,0.46926672380982976,0.05552298691911096,0.27424834614290156,0.2874008967841512,0.362152242761561,0.38611994659106913,0.3185420365029413,0.0008181049776137955,0.0,0,0.0,0.0,0,0.0,0.035088641152077535,0.0,0.35670824673178986,0.049273919517168446,0.04345260754736904,0.06218768770909673,0.06932483326012426,0.35670824673178986,-0.000647104687439683,0.03389830508474576,2,1,0.16683333333333333,0.16683333333333333,9.15324439110975,0.0,0.012091804973958979,NORMAL,uta,data\raw\uta\normal\normal_020_3f85ecfa.mp4,group_020,1,60,400,29.97002997002997,5.9940059940059935,10.0
0.3138789195209462,0.1717558392636302,0.3789309832277956,0.03786365829367556,0.28093338211254903,0.29281809083583654,0.34080620542514983,0.3612362358984796,0.20717514396416542,-0.0012352352623836184,0.0,0,0.0,0.0,0,0.0,0.022917493887184365,0.0,0.04998438232040614,0.011550808385801503,0.026870460745022952,0.02939056104199916,0.037877700953928506,0.04998438232040614,-0.0001398891780668485,0.0,0,0,0.0,0.0,13.695442687726613,0.0,0.0,NORMAL,uta,data\raw\uta\normal\normal_020_3f85ecfa.mp4,group_020,2,405,695,29.97002997002997,5.9940059940059935,10.0
0.33688826374356984,0.2731516926309754,0.3756492283109171,0.016365466497003985,0.3225455841267589,0.3275118759836162,0.347656926924791,0.35665822079734044,0.10249753567994174,-4.306327852812718e-05,0.0,0,0.0,0.0,0,0.0,0.022444132990309083,0.0,0.03624997167972069,0.009269369385134962,0.025619988389564998,0.02564102564102564,0.035345400028894886,0.03624997167972069,5.381790487246399e-05,0.0,0,0,0.0,0.0,15.009412681538791,0.0,0.0,NORMAL,uta,data\raw\uta\normal\normal_020_3f85ecfa.mp4,group_020,3,700,990,29.97002997002997,5.9940059940059935,10.0
0.351973441967136,0.04620985060447494,0.42677925264548927,0.0696565862469372,0.2780943559463053,0.3383275770660439,0.39330507188574715,0.40774031810125233,0.3805694020410143,0.0021463707638174835,0.03389830508474576,1,0.16683333333333333,0.16683333333333333,2,0.20318664386460997,0.02569308636904326,0.0,0.04,0.01268065465430219,0.03737039720255376,0.038781412588094775,0.04,0.04,8.42266055123386e-05,0.0,0,0,0.0,0.0,13.69861675218779,0.03389830508474576,0.0,NORMAL,uta,data\raw\uta\normal\normal_020_3f85ecfa.mp4,group_020,4,995,1285,29.97002997002997,5.9940059940059935,10.0
0.3065092102885949,0.07386293165966938,0.402041645185836,0.07072476316401402,0.23598559451632242,0.2839774397303157,0.3732497346079882,0.39245928131582564,0.3281787135261666,-0.0015841347755021506,0.05084745762711865,1,0.16683333333333333,0.16683333333333333,3,0.30477996579691496,0.022597802857019213,0.0,0.05047544651250687,0.015346363888439562,0.03532785528808288,0.03874921291460643,0.03874921291460643,0.05047544651250687,-0.00017605871402018858,0.0,0,0,0.0,0.0,13.563072886110549,0.05084745762711865,0.0,NORMAL,uta,data\raw\uta\normal\normal_020_3f85ecfa.mp4,group_020,5,1290,1580,29.97002997002997,5.9940059940059935,10.0
0.3004648763116009,0.056671978540224086,0.35123978528769484,0.035944391499351185,0.28706268858017264,0.3003246189577278,0.3117840229064793,0.3189622817168588,0.29456780674747074,-0.0003298640866939505,0.01694915254237288,1,0.16683333333333333,0.16683333333333333,1,0.10159332193230498,0.027358011014001524,0.0,0.06094842288853993,0.010460995042723246,0.03482608615005756,0.03569153051241249,0.03639793771199597,0.06094842288853993,-9.220852168392944e-06,0.0,0,0,0.0,0.0,10.982300352809974,0.01694915254237288,0.0,NORMAL,uta,data\raw\uta\normal\normal_020_3f85ecfa.mp4,group_020,6,1585,1875,29.97002997002997,5.9940059940059935,10.0
0.3272710610835911,0.04680893608952941,0.3923383417377677,0.05297007284323819,0.29666318338797326,0.32383867045334264,0.3506526960656604,0.3703715047270568,0.3455294056482383,-0.0009837901051917718,0.01694915254237288,1,0.16683333333333333,0.16683333333333333,1,0.10159332193230498,0.023244007881916284,0.0,0.052181805028554934,0.012285982266125447,0.02626128657194451,0.03623774270637256,0.03760026647977312,0.052181805028554934,-8.409110346496377e-05,0.0,0,0,0.0,0.0,14.079197681760965,0.01694915254237288,0.0,NORMAL,uta,data\raw\uta\normal\normal_020_3f85ecfa.mp4,group_020,7,1880,2170,29.97002997002997,5.9940059940059935,10.0
0.2742568946891623,0.0668916929973989,0.34741726519282873,0.06393394439349094,0.2088751408429957,0.25276065892053445,0.31879539277513935,0.3367587199659132,0.28052557219542984,-0.0006328157713341507,0.06779661016949153,1,0.16683333333333333,0.16683333333333333,4,0.40637328772921993,0.01733062190124199,0.0,0.03525631971083365,0.012312898041941184,0.024361276856704795,0.026648001429309058,0.03387333435971238,0.03525631971083365,3.870152700563698e-05,0.0,0,0,0.0,0.0,15.824075568456113,0.06779661016949153,0.0,NORMAL,uta,data\raw\uta\normal\normal_020_3f85ecfa.mp4,group_020,8,2175,2465,29.97002997002997,5.9940059940059935,10.0
0.27147069091029485,0.04955844535196896,0.3430472863345263,0.06720432930244762,0.18628745641847652,0.2415202794541437,0.3222503727440943,0.3341445821334318,0.29348884098255734,0.0006560674450428034,0.05084745762711865,1,0.16683333333333333,0.16683333333333333,3,0.30477996579691496,0.01978917731960236,0.0,0.0351798772365146,0.010972539814864936,0.024268043916366975,0.026536694688082996,0.03429802169791129,0.0351798772365146,6.624976675458864e-06,0.0,0,0,0.0,0.0,13.717446111076555,0.05084745762711865,0.0,NORMAL,uta,data\raw\uta\normal\normal_020_3f85ecfa.mp4,group_020,9,2470,2760,29.97002997002997,5.9940059940059935,10.0
0.3115510894602536,0.06338415531401093,0.3634260543875627,0.056379363170110344,0.232346092683717,0.297167108245863,0.34356336884101907,0.3515771617932134,0.3000418990735518,0.0008580131701973565,0.01694915254237288,1,0.16683333333333333,0.16683333333333333,1,0.10159332193230498,0.016630348126623833,0.0,0.0355222416662694,0.013252898379928612,0.02480694691784169,0.034151464819609505,0.034282289309313214,0.0355222416662694,0.00022851958210610821,0.0,0,0,0.0,0.0,18.732762196319833,0.01694915254237288,0.0,NORMAL,uta,data\raw\uta\normal\normal_020_3f85ecfa.mp4,group_020,10,2765,3055,29.97002997002997,5.9940059940059935,10.0
0.2822663046020389,0.17327246502794164,0.34522872227999474,0.037302768230169196,0.2376187414531381,0.2546771458264852,0.3045234218540006,0.3191667009728605,0.1719562572520531,0.00010399028022556374,0.0,0,0.0,0.0,0,0.0,0.014393689755508839,0.0,0.0355222416662694,0.012981056047724836,0.024822240972306037,0.025956534968895703,0.027333359487726278,0.0355222416662694,-0.00022851525802850009,0.0,0,0,0.0,0.0,19.609057881502153,0.0,0.0,NORMAL,uta,data\raw\uta\normal\normal_020_3f85ecfa.mp4,group_020,11,3060,3350,29.97002997002997,5.9940059940059935,10.0
0.3295592931554739,0.07563139856278,0.39109568372034165,0.05033468281735577,0.27799281487447974,0.3012063348194044,0.3634346519220588,0.38052487226245546,0.31546428515756164,0.0018175888812323269,0.01694915254237288,1,0.16683333333333333,0.16683333333333333,1,0.10159332193230498,0.019923336188001226,0.0,0.03922322702763681,0.014186361396611698,0.027708418214587388,0.03640230944575261,0.03824066499103514,0.03922322702763681,5.996066899832605e-05,0.0,0,0,0.0,0.0,16.540540675776192,0.01694915254237288,0.0,NORMAL,uta,data\raw\uta\normal\normal_020_3f85ecfa.mp4,group_020,12,3355,3645,29.97002997002997,5.9940059940059935,10.0
0.33894967756544025,0.2955724085250163,0.3878694593058679,0.023417208451029164,0.3005773437652009,0.3263124695739147,0.3553841823091538,0.36830113486100113,0.0922970507808516,-0.0005795913749400142,0.0,0,0.0,0.0,0,0.0,0.020450992341568254,0.0,0.03800057001282532,0.015250599804192563,0.0282842712474619,0.037877700953928506,0.03788998785981819,0.03800057001282532,5.420294478055534e-06,0.0,0,0,0.0,0.0,16.572941741061186,0.0,0.0,NORMAL,uta,data\raw\uta\normal\normal_020_3f85ecfa.mp4,group_020,13,3650,3940,29.97002997002997,5.9940059940059935,10.0
0.30355989418171225,0.07130617530168781,0.33353668954208254,0.038458017071942054,0.28163733338284586,0.3019710696305048,0.3207956349818334,0.3268455118049102,0.26223051424039473,-0.00013792072961767726,0.01694915254237288,1,0.16683333333333333,0.16683333333333333,1,0.10159332193230498,0.02045903175021751,0.0,0.04998438232040614,0.014892176844586213,0.027226148588477904,0.03800057001282532,0.03904344047215152,0.04998438232040614,0.00018650828062468676,0.0,0,0,0.0,0.0,14.836726447332376,0.01694915254237288,0.0,NORMAL,uta,data\raw\uta\normal\normal_020_3f85ecfa.mp4,group_020,14,3945,4235,29.97002997002997,5.9940059940059935,10.0
0.307689930337188,0.05554698477578868,0.4317045383186312,0.05580991646971278,0.24396547578127903,0.2689307311421793,0.33860779242376554,0.35054884221630334,0.3761575535428425,0.0016281526822467063,0.01694915254237288,1,0.16683333333333333,0.16683333333333333,1,0.10159332193230498,0.01903383025074383,0.0,0.04993761694389223,0.01215887786704602,0.025507216374642365,0.025607375986579195,0.026514545526043445,0.04993761694389223,-0.00014382361977124716,0.0,0,0,0.0,0.0,16.164574429297275,0.01694915254237288,0.0,NORMAL,uta,data\raw\uta\normal\normal_020_3f85ecfa.mp4,group_020,15,4240,4530,29.97002997002997,5.9940059940059935,10.0
0.2791662566422437,0.04186275605339823,0.34697395894328525,0.06259957915196508,0.21030082178321483,0.26181591941712457,0.31841837583313387,0.32560980801507117,0.305111202889887,-0.0010155110317942783,0.05084745762711865,1,0.16683333333333333,0.16683333333333333,3,0.30477996579691496,0.02053479779548583,0.0,0.04979810447122927,0.012853883697663512,0.025565499628245683,0.035311227577322434,0.035311227577322434,0.04979810447122927,0.00010138505904539774,0.0,0,0,0.0,0.0,13.594127650770398,0.05084745762711865,0.0,NORMAL,uta,data\raw\uta\normal\normal_020_3f85ecfa.mp4,group_020,16,4535,4825,29.97002997002997,5.9940059940059935,10.0
0.31449668902407574,0.2795511094515264,0.3395007753290694,0.012383198249428028,0.29841690471496674,0.30922351993409336,0.32179361749306973,0.3289010085895,0.059949665877543024,0.0003175937524761265,0.0,0,0.0,0.0,0,0.0,0.015685585858949636,0.0,0.03676073110469039,0.014346331283731655,0.02593705465681766,0.03572126881753626,0.03676073110469039,0.03676073110469039,0.00016949668262676712,0.0,0,0,0.0,0.0,20.048765987191953,0.0,0.0,NORMAL,uta,data\raw\uta\normal\normal_020_3f85ecfa.mp4,group_020,17,4830,5120,29.97002997002997,5.9940059940059935,10.0
0.23660177231448137,0.04587646755335329,0.33886085092821056,0.07168194543946228,0.14758475822165523,0.21038659038536778,0.28395973957693554,0.3062893629782857,0.29298438337485727,0.00023271232378082977,0.1016949152542373,3,0.5005000000000001,0.25025000000000003,4,0.40637328772921993,0.026189621786602047,0.0,0.29122800961044576,0.04644527481194389,0.02625678918402603,0.03528038688490581,0.051910486127672135,0.29122800961044576,-0.0009062740151601076,0.03389830508474576,1,2,0.33366666666666667,0.33366666666666667,9.03383563178772,0.3050847457627119,0.009872135918998161,NORMAL,uta,data\raw\uta\normal\normal_020_3f85ecfa.mp4,group_020,18,5125,5440,29.97002997002997,5.9940059940059935,10.0
0.31563819638574697,0.20998232546887186,0.4364694183294241,0.04902531972739664,0.2749424792995923,0.2899822719600535,0.3283746318596953,0.3852045063098434,0.22648709286055224,0.0015576381192336178,0.0,0,0.0,0.0,0,0.0,0.016332161922993624,0.0,0.04014478229518502,0.013604438756952053,0.025241652870914462,0.029198051107078838,0.03562170886795508,0.04014478229518502,0.00020638517072839449,0.0,0,0,0.0,0.0,19.324990340137106,0.0,0.0,NORMAL,uta,data\raw\uta\normal\normal_020_3f85ecfa.mp4,group_020,19,5445,5735,29.97002997002997,5.9940059940059935,10.0
0.3097465479490033,0.19867197336148334,0.362829051267981,0.03078493149270048,0.2828088274146784,0.30110046123519146,0.32181684216800455,0.3373600952323565,0.16415707790649764,0.00048714443883841543,0.0,0,0.0,0.0,0,0.0,0.012926595907614568,0.0,0.03445204812747773,0.012970141839651355,0.023782574707724703,0.024365619976305545,0.03280893574623933,0.03445204812747773,-0.00010811758705096468,0.0,0,0,0.0,0.0,23.960104427966957,0.0,0.0,NORMAL,uta,data\raw\uta\normal\normal_020_3f85ecfa.mp4,group_020,20,5740,6030,29.97002997002997,5.9940059940059935,10.0
0.1444543214796251,0.11310114255788534,0.16263238528501417,0.011797453419931615,0.13410481566897628,0.13804610411480212,0.15316640111200935,0.15875422255209304,0.04953124272712883,-0.00010971973352903727,0.6440677966101694,19,3.169955282537234,0.7924888206343085,8,0.8127153088350915,0.012125837869528627,0.0,0.027234210224716712,0.007795624094217842,0.01580151543799924,0.020820318299777013,0.021126339114464578,0.027234210224716712,-1.1838787847316067e-05,0.0,0,0,0.0,0.0,11.911952896030602,12.23728813559322,0.0,NORMAL,uta,data\raw\uta\normal\normal_021_4ef15e0c.mov,group_021,1,5,295,29.968877013294,5.9937754026588,10.0
0.1488957156016518,0.10531785982851524,0.16541968413102587,0.01109624535831752,0.13607965279573106,0.14330110407762017,0.15666897151206152,0.1615882832707341,0.060101824302510626,-0.0004072795681271046,0.5254237288135594,22,3.670474537674692,1.7240107676956888,3,0.30476824081315934,0.013577021065843327,0.0,0.023032671985243936,0.008377690602532496,0.021023533249105466,0.02266589100278015,0.022703830459324992,0.023032671985243936,6.831314490998814e-05,0.0,0,0,0.0,0.0,10.965936411471013,11.559322033898306,0.0,NORMAL,uta,data\raw\uta\normal\normal_021_4ef15e0c.mov,group_021,2,300,590,29.968877013294,5.9937754026588,10.0
0.14877621288506573,0.13425441727404433,0.16548079573877503,0.0056919911835628615,0.1415616377270119,0.14620999756622988,0.1512749430404891,0.15598954997654157,0.031226378464730697,0.00010399711896820054,0.6610169491525424,9,1.501557765412374,0.5915227560715413,11,1.117483549648251,0.011973434370450503,0.0,0.02266589100278015,0.008262388566205177,0.016027205229701,0.022346717438466366,0.02262235015895634,0.02266589100278015,5.8849742492937125e-06,0.0,0,0,0.0,0.0,12.424487727971778,5.9491525423728815,0.0,NORMAL,uta,data\raw\uta\normal\normal_021_4ef15e0c.mov,group_021,3,595,885,29.968877013294,5.9937754026588,10.0
0.15402786996320603,0.13688772737921584,0.16999926700994933,0.007295141403852215,0.14657045104139926,0.14912563339576568,0.1590902932533898,0.16456174407858476,0.03311153963073349,0.00020235310860766985,0.3220338983050847,5,0.83419875856243,0.28817775295793036,11,1.117483549648251,0.011013191984572197,0.0,0.024207327941089773,0.008797351161432963,0.01627040657481734,0.02209331075605106,0.022702569101026526,0.024207327941089773,6.212976170302787e-05,0.0,0,0,0.0,0.0,13.984491116457386,1.6101694915254237,0.0,NORMAL,uta,data\raw\uta\normal\normal_021_4ef15e0c.mov,group_021,4,890,1180,29.968877013294,5.9937754026588,10.0
0.16246162566714636,0.12498488467825997,0.1858393509662901,0.012992047326866058,0.1463301617946511,0.15406066582772732,0.17073901611626205,0.1815786304703068,0.060854466288030123,7.630775374472072e-05,0.11864406779661017,4,0.667359006849944,0.2919695654968505,4,0.40635765441754573,0.010761649738118027,0.0,0.0242535625036333,0.009238836662785707,0.016831105696898524,0.022824555441608455,0.02310638150866475,0.0242535625036333,-6.3079941567904604e-06,0.0,0,0,0.0,0.0,15.094946841181386,0.4745762711864407,0.0,NORMAL,uta,data\raw\uta\normal\normal_021_4ef15e0c.mov,group_021,5,1185,1475,29.968877013294,5.9937754026588,10.0
0.16053088223755807,0.14382886783532448,0.1726981659111855,0.006774310094796359,0.1513577120950725,0.15707624051465258,0.1654257835236806,0.1693778913554596,0.028869298075861027,0.00024959153764915845,0.1016949152542373,4,0.667359006849944,0.333679503424972,3,0.30476824081315934,0.01103476395150565,0.0,0.022703830459324992,0.008463777806399838,0.016076837984062016,0.021747654339399385,0.02200061602587321,0.022703830459324992,-6.165007816105304e-06,0.0,0,0,0.0,0.0,14.546422245254373,0.4067796610169492,0.0,NORMAL,uta,data\raw\uta\normal\normal_021_4ef15e0c.mov,group_021,6,1480,1770,29.968877013294,5.9937754026588,10.0
0.17268001565651264,0.15144346337122178,0.18297910287861646,0.005982747946788417,0.166372297516167,0.1687507849187364,0.17653985120210466,0.1804628732099642,0.031535639507394686,0.00015515805846436182,0.0,0,0.0,0.0,0,0.0,0.012476518375046257,0.0,0.022703830459324992,0.007489310918843718,0.016314711653683207,0.01638770894527674,0.022035226167132525,0.022703830459324992,2.7988363670309016e-05,0.0,0,0,0.0,0.0,13.839291633651671,0.0,0.0,NORMAL,uta,data\raw\uta\normal\normal_021_4ef15e0c.mov,group_021,7,1775,2065,29.968877013294,5.9937754026588,10.0
0.16872555884032203,0.11581029475018755,0.18616928131568342,0.011124703632556682,0.15855946001365168,0.16201184009712716,0.17752874213289538,0.18152907333882262,0.07035898656549587,0.00017596880901393902,0.01694915254237288,1,0.166839751712486,0.166839751712486,1,0.10158941360438643,0.013587065526748016,0.0,0.032826608214930636,0.009750737371535315,0.02166502680656047,0.02345325149100973,0.023524600788086537,0.032826608214930636,0.0001247251727801887,0.0,0,0,0.0,0.0,12.417187605416453,0.01694915254237288,0.0,NORMAL,uta,data\raw\uta\normal\normal_021_4ef15e0c.mov,group_021,8,2070,2360,29.968877013294,5.9937754026588,10.0
0.16068192182117116,0.12079394978731288,0.18297910287861646,0.01083053799722213,0.1483096352260886,0.15737285242218124,0.167224206303874,0.17212201410656547,0.06218515309130358,-0.0001728431820571778,0.11864406779661017,4,0.667359006849944,0.3892927539958007,3,0.30476824081315934,0.013817296133318314,0.0,0.02879263002994778,0.008322386334969597,0.01659652457045724,0.023079256676583972,0.02345325149100973,0.02879263002994778,-7.003108169779586e-05,0.0,0,0,0.0,0.0,11.628200776052202,0.4745762711864407,0.0,NORMAL,uta,data\raw\uta\normal\normal_021_4ef15e0c.mov,group_021,9,2365,2655,29.968877013294,5.9937754026588,10.0
0.16422782903577432,0.13285901782050938,0.19279138067287402,0.01190457174589002,0.15008626519243626,0.15512851903798808,0.16989280929266184,0.17878656929055495,0.05993236285236464,-0.00011097131337418159,0.1016949152542373,3,0.500519255137458,0.333679503424972,3,0.30476824081315934,0.009633045721674834,0.0,0.02169304578186562,0.008207036626889302,0.015231532438709998,0.020745285399083453,0.021099759134228627,0.02169304578186562,0.00010701227124516767,0.0,0,0,0.0,0.0,17.046610923414228,0.3050847457627119,0.0,NORMAL,uta,data\raw\uta\normal\normal_021_4ef15e0c.mov,group_021,10,2660,2950,29.968877013294,5.9937754026588,10.0
0.15799599633703523,0.14069904777842154,0.1775950554777737,0.007404134521402867,0.1515016767526648,0.15359328912683823,0.1614388793116267,0.16934260283736635,0.03689600769935217,-0.00017170545168520505,0.0847457627118644,4,0.667359006849944,0.417099379281215,2,0.20317882720877287,0.014024750160767855,0.0,0.02166502680656047,0.006824913839671932,0.015567159120379153,0.02142600794349744,0.02166502680656047,0.02166502680656047,-3.602197794470444e-05,0.0,0,0,0.0,0.0,11.264709161793995,0.3389830508474576,0.0,NORMAL,uta,data\raw\uta\normal\normal_021_4ef15e0c.mov,group_021,11,2955,3245,29.968877013294,5.9937754026588,10.0
0.16216318739403546,0.12925174474966505,0.1833757425058753,0.014544090100696927,0.14173791786764267,0.1476456808951374,0.17242946194981343,0.1810494585327893,0.05412399775621024,0.0004891755680145036,0.288135593220339,14,2.335756523974804,0.9454252597040874,3,0.30476824081315934,0.008819816014148003,0.0,0.02166502680656047,0.007951015509614091,0.015319487369507242,0.015622329854465392,0.016377559502435093,0.02166502680656047,7.737065463388703e-05,0.0,0,0,0.0,0.0,18.384148035049872,4.033898305084746,0.0,NORMAL,uta,data\raw\uta\normal\normal_021_4ef15e0c.mov,group_021,12,3250,3545,29.968877013294,5.9937754026588,10.0
0.16355167610855015,0.10216677381560267,0.1811028813313348,0.01396845517084086,0.14764565616817746,0.15918465080246996,0.172495849699269,0.1777114712576433,0.07893610751573212,-0.00013049043043885666,0.13559322033898305,4,0.667359006849944,0.4449060045666293,3,0.30476824081315934,0.01274686393481829,0.0,0.029297936765452382,0.008303621386006791,0.016076837984062016,0.021670630601621502,0.022061634920749144,0.029297936765452382,-0.00011317212872868977,0.0,0,0,0.0,0.0,12.829731862907702,0.5423728813559322,0.0,NORMAL,uta,data\raw\uta\normal\normal_021_4ef15e0c.mov,group_021,13,3550,3840,29.968877013294,5.9937754026588,10.0
0.16798159007792265,0.12608185361536173,0.18341500846979286,0.013719096572542638,0.1498828132788309,0.15938036065856376,0.17817713437712168,0.18306900187225247,0.057333154854431134,-8.693506205502236e-05,0.11864406779661017,2,0.333679503424972,0.2919695654968505,4,0.40635765441754573,0.008116307819718957,0.0,0.02200061602587321,0.00806367841221638,0.015567159120379153,0.015805864390324272,0.015823260199624396,0.02200061602587321,-1.731963855213428e-05,0.0,0,0,0.0,0.0,20.69424910434635,0.23728813559322035,0.0,NORMAL,uta,data\raw\uta\normal\normal_021_4ef15e0c.mov,group_021,14,3845,4135,29.968877013294,5.9937754026588,10.0
0.16602633990092777,0.12464808958050726,0.1805375668875574,0.012206065958112697,0.15316943415230516,0.15975142751791496,0.1742263921805169,0.17685487087783414,0.05588947730705014,-0.0001460731819765248,0.0847457627118644,2,0.333679503424972,0.2780662528541433,3,0.30476824081315934,0.013144589650428182,0.0,0.028467047115478598,0.007538734351335292,0.01543813607584181,0.021314270616071218,0.02166502680656047,0.028467047115478598,2.432115915334668e-05,0.0,0,0,0.0,0.0,12.629813063997469,0.1694915254237288,0.0,NORMAL,uta,data\raw\uta\normal\normal_021_4ef15e0c.mov,group_021,15,4140,4430,29.968877013294,5.9937754026588,10.0
0.15536572497012124,0.10681529056159547,0.1727136000047535,0.013747381977330084,0.14325296993789266,0.15389718509703962,0.16287341328906563,0.16757785361577537,0.06589830944315803,-3.5614301424564146e-06,0.13559322033898305,2,0.333679503424972,0.26694360273997764,5,0.5079470680219322,0.014341284109135672,0.0,0.03235246540841873,0.008086232342930696,0.015582323440852548,0.02166502680656047,0.02914410064618672,0.03235246540841873,-5.335051706106778e-05,0.0,0,0,0.0,0.0,10.832704455433094,0.2711864406779661,0.0,NORMAL,uta,data\raw\uta\normal\normal_021_4ef15e0c.mov,group_021,16,4435,4725,29.968877013294,5.9937754026588,10.0
0.15451089357723746,0.113916787671119,0.1711474609970593,0.00985482542612016,0.14686580734222127,0.15101849108401244,0.1606987946637486,0.1654092854904708,0.0572306733259403,-2.279460950401359e-06,0.15254237288135594,2,0.333679503424972,0.3003115530824748,5,0.5079470680219322,0.013065450234023635,0.0,0.03235246540841873,0.007252053916341575,0.015368255536133623,0.016489521732426436,0.021749851747562946,0.03235246540841873,-7.890994672391096e-05,0.0,0,0,0.0,0.0,11.825009150144519,0.3050847457627119,0.0,NORMAL,uta,data\raw\uta\normal\normal_021_4ef15e0c.mov,group_021,17,4730,5020,29.968877013294,5.9937754026588,10.0
0.15532113317137078,0.1086086326260593,0.1744180639303058,0.011234238378158975,0.14337116716205578,0.15022626290114793,0.16190384264819935,0.16558895339229193,0.06580943130424649,-2.2984527486465242e-05,0.23728813559322035,5,0.83419875856243,0.3892927539958007,6,0.6095364816263187,0.013671788343545505,0.0,0.029361010975735173,0.007711071065146446,0.015594571538795133,0.02171605143400755,0.02269853111212174,0.029361010975735173,0.00014390151540836116,0.0,0,0,0.0,0.0,11.359872563572084,1.1864406779661016,0.0,NORMAL,uta,data\raw\uta\normal\normal_021_4ef15e0c.mov,group_021,18,5025,5315,29.968877013294,5.9937754026588,10.0
0.16381282938206562,0.13945640753848146,0.1846752497847439,0.012129881729337105,0.1459093515109448,0.15661083500377565,0.1714895300861979,0.1796013373396065,0.045218842246262436,0.00019906207477567858,0.15254237288135594,4,0.667359006849944,0.3003115530824748,5,0.5079470680219322,0.012914561427142071,0.0,0.033740680424121504,0.007840133423058858,0.0157244901976121,0.02146291046485141,0.02171605143400755,0.033740680424121504,-5.177418856515086e-05,0.0,0,0,0.0,0.0,12.68336884200889,0.6101694915254238,0.0,NORMAL,uta,data\raw\uta\normal\normal_021_4ef15e0c.mov,group_021,19,5320,5610,29.968877013294,5.9937754026588,10.0
0.17432177996252915,0.1623358777737634,0.18660958129260247,0.005317727100278147,0.16618740400939752,0.1711899164843434,0.1772256277910848,0.18121641839438798,0.024273703518839063,-5.701161154206182e-05,0.0,0,0.0,0.0,0,0.0,0.010750550905576969,0.0,0.022377469175267232,0.008578984153724371,0.015700396829103163,0.021107202716727776,0.021667828704090987,0.022377469175267232,-8.811757951259359e-05,0.0,0,0,0.0,0.0,16.213640384858913,0.0,0.0,NORMAL,uta,data\raw\uta\normal\normal_021_4ef15e0c.mov,group_021,20,5615,5905,29.968877013294,5.9937754026588,10.0
0.16844126426698028,0.1239664944191137,0.1889818170942522,0.010182145932287601,0.15883480109714637,0.1634875541208272,0.17539969660137983,0.17934266971044038,0.06501532267513851,7.613443016106794e-05,0.03389830508474576,1,0.16683954411576388,0.16683954411576388,2,0.20317908002208976,0.013370859185824438,0.0,0.02570872483645304,0.008816377133845137,0.017854296416882943,0.02437068098422637,0.024806946917841695,0.02570872483645304,-9.947699736111376e-06,0.0,0,0,0.0,0.0,12.596697431988034,0.03389830508474576,0.0,NORMAL,uta,data\raw\uta\normal\normal_022_80c3c23e.mov,group_022,1,5,295,29.96891430325824,5.993782860651648,10.0
0.16662368916739037,0.1208853251234129,0.1867572688152413,0.010464456799281737,0.15638864258313376,0.16305916049258357,0.1718167444991773,0.1787957937308173,0.06587194369182839,-0.0002671986785133968,0.05084745762711865,2,0.33367908823152775,0.2502593161736458,2,0.20317908002208976,0.010712200911007991,0.0,0.02570872483645304,0.009371362554083475,0.017854296416882943,0.017857142857142856,0.024854666640882126,0.02570872483645304,2.9224432145395697e-06,0.0,0,0,0.0,0.0,15.55311904924529,0.1016949152542373,0.0,NORMAL,uta,data\raw\uta\normal\normal_022_80c3c23e.mov,group_022,2,300,590,29.96891430325824,5.993782860651648,10.0
0.16453359008312884,0.11247089374454988,0.18497409401785878,0.013754679784384806,0.15099573489476992,0.16067879851233402,0.17241130531770904,0.17606756409468807,0.0725032002733089,0.00010940259715441414,0.0847457627118644,2,0.33367908823152775,0.27806590685960647,3,0.30476862003313465,0.013765098189283287,0.0,0.03508771929824561,0.008890074043618542,0.017854296416882943,0.01941892476509518,0.024854666640882126,0.03508771929824561,3.629737370213314e-05,0.0,0,0,0.0,0.0,11.952086046517955,0.1694915254237288,0.0,NORMAL,uta,data\raw\uta\normal\normal_022_80c3c23e.mov,group_022,3,595,885,29.96891430325824,5.993782860651648,10.0
0.16446404954280064,0.1250676193391812,0.18493062114096614,0.011640268960717813,0.1513396174531191,0.15803494683052619,0.17186352962186585,0.17979706236019893,0.05986300180178494,0.00025225631394100814,0.1016949152542373,3,0.5005186323472915,0.33367908823152775,3,0.30476862003313465,0.015580481177338438,0.0,0.02570872483645304,0.00790683131422557,0.017857142857142856,0.024898569029604696,0.025299304736070043,0.02570872483645304,5.8862280679084324e-05,0.0,0,0,0.0,0.0,10.555097276759263,0.3050847457627119,0.0,NORMAL,uta,data\raw\uta\normal\normal_022_80c3c23e.mov,group_022,4,890,1180,29.96891430325824,5.993782860651648,10.0
0.1672808996719303,0.1243811733301716,0.1839920843147503,0.01110028191199196,0.15572354499673025,0.16296945489381615,0.17544043204329096,0.17752119349265577,0.05961091098457871,2.733411640244773e-05,0.06779661016949153,2,0.33367908823152775,0.22245272548768513,3,0.30476862003313465,0.012756907765861488,0.0,0.05263157894736842,0.011241073292269244,0.017857142857142856,0.024807710384705268,0.02525381361380527,0.05263157894736842,8.065639186771095e-05,0.0,0,0,0.0,0.0,13.111938316371306,0.13559322033898305,0.0,NORMAL,uta,data\raw\uta\normal\normal_022_80c3c23e.mov,group_022,5,1185,1495,29.96891430325824,5.993782860651648,10.0
0.1580529480313,0.0314978045103168,0.1796092707565024,0.020874475262356567,0.1457479972291703,0.15598784241581756,0.16722740929351362,0.17293978716533157,0.1481114662461856,0.00020346877349073362,0.1694915254237288,3,0.5005186323472915,0.27806590685960647,6,0.6095372400662693,0.016736099275611264,0.0,0.04064906311086571,0.010208842740063171,0.025249788139385214,0.02618465060531822,0.026185099549181017,0.04064906311086571,0.0001267242266873055,0.0,0,0,0.0,0.0,9.443270033153798,0.5084745762711864,0.0,NORMAL,uta,data\raw\uta\normal\normal_022_80c3c23e.mov,group_022,6,1500,1830,29.96891430325824,5.993782860651648,10.0
0.1581317198901927,0.0266959776219747,0.1971008868927967,0.023164391067497167,0.1379629053912965,0.15235737424803777,0.16802154211289383,0.1775285486128295,0.170404909270822,0.00010089065042042861,0.23728813559322035,3,0.5005186323472915,0.29196920220258676,8,0.812716320088359,0.014525985934801608,0.0,0.04140866624999611,0.012203977977830792,0.01885953594886982,0.02628701732027905,0.03999598474180963,0.04140866624999611,-0.00012246186437092887,0.0,0,0,0.0,0.0,10.8853770906024,0.711864406779661,0.0,NORMAL,uta,data\raw\uta\normal\normal_022_80c3c23e.mov,group_022,7,1835,2165,29.96891430325824,5.993782860651648,10.0
0.16515592979275584,0.1130830377091393,0.19734743737217975,0.014087436688229937,0.15060922149692346,0.15894961818739242,0.1753071537916964,0.18018618479867773,0.08426439966304045,0.0001293342419024612,0.1016949152542373,2,0.33367908823152775,0.20020745293891665,5,0.5079477000552244,0.015900630104080767,0.0,0.03992342047858118,0.011630662838505031,0.02183575693272766,0.02628701732027905,0.03868288492446459,0.03992342047858118,0.00015800445126451526,0.0,0,0,0.0,0.0,10.386100589169947,0.2033898305084746,0.0,NORMAL,uta,data\raw\uta\normal\normal_022_80c3c23e.mov,group_022,8,2170,2475,29.96891430325824,5.993782860651648,10.0
0.15782709404562573,0.1051598627910895,0.18223460305387218,0.013514309778573973,0.1430791215668412,0.15247851286322361,0.16643874669813935,0.17022109002601452,0.07707474026278267,-0.0002304386032216794,0.1864406779661017,3,0.5005186323472915,0.30587249754556706,6,0.6095372400662693,0.019116271211153706,0.0,0.05547855544155052,0.012286509296534931,0.025249788139385214,0.03922926276315421,0.03992342047858118,0.05547855544155052,-9.226740553683807e-05,0.0,0,0,0.0,0.0,8.255733378597657,0.5593220338983051,0.0,NORMAL,uta,data\raw\uta\normal\normal_022_80c3c23e.mov,group_022,9,2485,2815,29.96891430325824,5.993782860651648,10.0
0.15877526022977326,0.11987468762344694,0.18805851228692563,0.01473485069822585,0.1370301819119139,0.15206692251275436,0.1677123318486215,0.17676275098558808,0.06818382466347869,0.00014199147980337312,0.1864406779661017,3,0.5005186323472915,0.30587249754556706,6,0.6095372400662693,0.01635655107899585,0.0,0.03992342047858118,0.01078243681840653,0.024806946917841695,0.025249788139385214,0.0266460844300358,0.03992342047858118,7.854127583910142e-05,0.0,0,0,0.0,0.0,9.706542224016095,0.5593220338983051,0.0,NORMAL,uta,data\raw\uta\normal\normal_022_80c3c23e.mov,group_022,10,2820,3175,29.96891430325824,5.993782860651648,10.0
0.15949853094852826,0.12286259156239521,0.1968349807736567,0.011658727088565394,0.14524421434429938,0.1520621885736079,0.1660554771502007,0.17068422786663545,0.07397238921126148,-9.89725642844459e-05,0.1694915254237288,2,0.33367908823152775,0.23834220587966268,7,0.7111267800773141,0.013851267752752004,0.0,0.039929785312496247,0.012369769068815506,0.024803116098841206,0.025712973861329,0.03549641139781671,0.039929785312496247,7.62734329395255e-05,0.0,0,0,0.0,0.0,11.514254113146276,0.3389830508474576,0.0,NORMAL,uta,data\raw\uta\normal\normal_022_80c3c23e.mov,group_022,11,3180,3540,29.96891430325824,5.993782860651648,10.0
0.16354397886083008,0.1142267523467713,0.18776955067661805,0.012462775020849874,0.150806778766582,0.15900349551778825,0.17160502536940667,0.17517500492983024,0.07354279832984675,0.0001500605259963159,0.1016949152542373,3,0.5005186323472915,0.2502593161736458,4,0.4063581600441795,0.017917553469814045,0.0,0.05452202862359275,0.011715938923693478,0.024806946917841695,0.02525381361380527,0.0392986785346969,0.05452202862359275,7.892882506898411e-05,0.0,0,0,0.0,0.0,9.127074857707658,0.3050847457627119,0.0,NORMAL,uta,data\raw\uta\normal\normal_022_80c3c23e.mov,group_022,12,3545,3870,29.96891430325824,5.993782860651648,10.0
0.16617024165947786,0.12788599749346713,0.1935764460047037,0.009030735036154492,0.15975758152629974,0.16211239349321827,0.1706514440670061,0.17433884246562364,0.06569044851123657,0.00017654938460603056,0.03389830508474576,2,0.33367908823152775,0.33367908823152775,1,0.10158954001104488,0.01633966841116434,0.0,0.05547001962252292,0.011892473784916448,0.021118256006279413,0.025250593234269224,0.03549701497136845,0.05547001962252292,-0.00013504537385317607,0.0,0,0,0.0,0.0,10.169121450744715,0.06779661016949153,0.0,NORMAL,uta,data\raw\uta\normal\normal_022_80c3c23e.mov,group_022,13,3875,4200,29.96891430325824,5.993782860651648,10.0
0.1664310866041426,0.07042655182469809,0.18415584906757437,0.018055051560158113,0.15737798171360085,0.16374090149246012,0.1752094633948081,0.1816553923313784,0.11372929724287628,4.2990710810957464e-05,0.0847457627118644,3,0.5005186323472915,0.4170988602894097,2,0.20317908002208976,0.01927235378207282,0.0,0.05452202862359275,0.01467611428093449,0.025249788139385214,0.03854716722458498,0.04057679925378601,0.05452202862359275,0.0001321780550955337,0.0,0,0,0.0,0.0,8.635294535969608,0.2542372881355932,0.0,NORMAL,uta,data\raw\uta\normal\normal_022_80c3c23e.mov,group_022,14,4205,4550,29.96891430325824,5.993782860651648,10.0
0.1658416838325465,0.14039752853232396,0.1918718859507334,0.010035621197021019,0.15458485552535972,0.15902356298372802,0.17012774885681387,0.17929394150774336,0.051474357418409444,9.527572665694144e-05,0.03389830508474576,1,0.16683954411576388,0.16683954411576388,2,0.20317908002208976,0.018667351389268796,0.0,0.05547855544155052,0.014487442220070411,0.02525381361380527,0.03855289616378948,0.03922322702763681,0.05547855544155052,5.413883446985107e-06,0.0,0,0,0.0,0.0,8.88357415041362,0.03389830508474576,0.0,NORMAL,uta,data\raw\uta\normal\normal_022_80c3c23e.mov,group_022,15,4555,4885,29.96891430325824,5.993782860651648,10.0
0.16251059228696726,0.13397905642652097,0.18410896000036855,0.008355219583321928,0.15380127927332204,0.1591792225261825,0.16683399451666364,0.17128236333910868,0.050129903573847584,-1.0511774251942698e-05,0.06779661016949153,2,0.33367908823152775,0.22245272548768513,3,0.30476862003313465,0.018788995992136116,0.0,0.05452202862359275,0.012343944626036945,0.024382992454708537,0.03565006688774833,0.03855289616378948,0.05452202862359275,-2.1968471132611738e-05,0.0,0,0,0.0,0.0,8.64878270091065,0.13559322033898305,0.0,NORMAL,uta,data\raw\uta\normal\normal_022_80c3c23e.mov,group_022,16,4890,5220,29.96891430325824,5.993782860651648,10.0
0.16514196596041905,0.12579715330233995,0.18493062114096614,0.008775411957439468,0.1565034478082013,0.15951232995804543,0.16988762071565314,0.17518364843187473,0.05913346783862619,0.00013012077821891803,0.01694915254237288,1,0.16683954411576388,0.16683954411576388,1,0.10158954001104488,0.01661835255972273,0.0,0.03922926276315421,0.011364431227392658,0.02480885558500063,0.02525381361380527,0.03543423698479998,0.03922926276315421,-0.00023647339091526705,0.0,0,0,0.0,0.0,9.936726798891268,0.01694915254237288,0.0,NORMAL,uta,data\raw\uta\normal\normal_022_80c3c23e.mov,group_022,17,5225,5545,29.96891430325824,5.993782860651648,10.0
0.1633292495180487,0.12137314462032804,0.19539013344889616,0.01034744803023219,0.15179212212518972,0.15944571765061194,0.16969342629357045,0.1721524470539981,0.07401698882856812,-0.00011349423634800147,0.0847457627118644,1,0.16683954411576388,0.16683954411576388,5,0.5079477000552244,0.016438880973973568,0.0,0.039929785312496247,0.009860423643120887,0.024381180805062255,0.024810764252159563,0.02525019068682722,0.039929785312496247,2.3976367245529172e-05,0.0,0,0,0.0,0.0,9.934941121326837,0.0847457627118644,0.0,NORMAL,uta,data\raw\uta\normal\normal_022_80c3c23e.mov,group_022,18,5550,5880,29.96891430325824,5.993782860651648,10.0
0.1612242947580181,0.09345011463269809,0.18749453454320947,0.013137622489718113,0.15332650466754877,0.15885331511575668,0.1667676697078251,0.17095694577187678,0.09404441991051138,7.766526767919813e-05,0.0847457627118644,2,0.33367908823152775,0.20854943014470484,4,0.4063581600441795,0.017456564815830897,0.0,0.03855289616378948,0.010466911070238002,0.02480885558500063,0.02525381361380527,0.026518377977000587,0.03855289616378948,-0.0001642789007524913,0.0,0,0,0.0,0.0,9.23521100788447,0.1694915254237288,0.0,NORMAL,uta,data\raw\uta\normal\normal_022_80c3c23e.mov,group_022,19,5885,6210,29.96891430325824,5.993782860651648,10.0
0.16386394242244637,0.07855401699372588,0.18323370128341804,0.015992823965490545,0.15116161866649416,0.1585795893255234,0.17496904327773732,0.17939070914798014,0.10467968428969215,7.501178352084437e-05,0.1016949152542373,3,0.5005186323472915,0.33367908823152775,3,0.30476862003313465,0.017797656509118194,0.0,0.03855289616378948,0.009525676432203612,0.024594969686275114,0.024898569029604696,0.025758796088147167,0.03855289616378948,3.5181808906777973e-05,0.0,0,0,0.0,0.0,9.206534343673603,0.3050847457627119,0.0,NORMAL,uta,data\raw\uta\normal\normal_022_80c3c23e.mov,group_022,20,6215,6525,29.96891430325824,5.993782860651648,10.0
0.1809332713008415,0.16785370552035966,0.19908483213695716,0.007351554821414074,0.17283098581830506,0.17525896406567754,0.18608235041780047,0.1915915416562712,0.031231126616597493,-0.00016801913976877304,0.0,0,0.0,0.0,0,0.0,0.03126870214014833,0.011360702676647077,0.06619870592979164,0.012207567802510245,0.03672043516911167,0.04688716457579474,0.05470437767046363,0.054838003253144564,-0.00020329109737899753,0.0,0,0,0.0,0.0,5.786216654380425,0.0,0.0,NORMAL,uta,data\raw\uta\normal\normal_023_da30e933.mp4,group_023,1,5,295,29.91132944432605,5.98226588886521,10.0
0.17985177530264476,0.16146732247413859,0.19610681258204213,0.006817449309059535,0.17059197406132406,0.17600461727594913,0.18404057637776636,0.18696512616469513,0.03463949010790354,-0.000239361661753689,0.0,0,0.0,0.0,0,0.0,0.03334361771262049,0.016061278244328462,0.05423261445466405,0.00838890112347664,0.03871290027153088,0.043418588168810064,0.047065857188135087,0.03817133621033558,0.00010287013819033543,0.0,0,0,0.0,0.0,5.393727313136155,0.0,0.0,NORMAL,uta,data\raw\uta\normal\normal_023_da30e933.mp4,group_023,2,300,590,29.91132944432605,5.98226588886521,10.0
0.17191706105862456,0.06921909595196726,0.18885159887449854,0.015980654147850708,0.16195533262991005,0.1702429900394809,0.17977274215590022,0.18234641516843483,0.11963250292253128,0.0002271881005363655,0.03389830508474576,2,0.33432148238723386,0.33432148238723386,1,0.10139433709941034,0.024123478423392148,0.0,0.03874194221130299,0.00852374377905476,0.029276841059248514,0.035616430949608216,0.03790259953318487,0.03874194221130299,-2.132598354047585e-06,0.0,0,0,0.0,0.0,7.126249862957711,0.06779661016949153,0.0,NORMAL,uta,data\raw\uta\normal\normal_023_da30e933.mp4,group_023,3,595,885,29.91132944432605,5.98226588886521,10.0
0.1763930557047158,0.15734709880919717,0.19601983126736605,0.008320458928629933,0.16567257744541,0.1697704875746115,0.17978358636119035,0.18664735929267473,0.03867273245816888,-0.0002655410855692733,0.0,0,0.0,0.0,0,0.0,0.02162008606430996,0.010986357920167639,0.05995113667856265,0.009425086543441093,0.02630213236479518,0.03033496119971238,0.037290596097769815,0.048964778758395014,-0.00012395023014214637,0.0,0,0,0.0,0.0,8.158380905568325,0.0,0.0,NORMAL,uta,data\raw\uta\normal\normal_023_da30e933.mp4,group_023,4,890,1180,29.91132944432605,5.98226588886521,10.0
0.1864263670194703,0.15830695719915383,0.2083991011530121,0.01283758784912794,0.1647941994767743,0.178119655792141,0.19726076090953437,0.2017479169292945,0.050092143953858276,0.0005364217153894874,0.0,0,0.0,0.0,0,0.0,0.022446432975219394,0.011487425279926293,0.03325490727952424,0.00711908297668703,0.026299402984029215,0.03250335746688629,0.03286869504729518,0.021767481999597944,8.229613968518354e-05,0.0,0,0,0.0,0.0,8.305019430296271,0.0,0.0,NORMAL,uta,data\raw\uta\normal\normal_023_da30e933.mp4,group_023,5,1185,1475,29.91132944432605,5.98226588886521,10.0
0.19622698552760934,0.18560875583538217,0.216694458743027,0.005196361969710398,0.1903491233065066,0.19296821430510958,0.19857415972201076,0.20071145255788528,0.03108570290764484,7.963958925823372e-05,0.0,0,0.0,0.0,0,0.0,0.023383569022381458,0.010986357920167639,0.04291106819191413,0.007782466752396402,0.02693569151827772,0.03366364225540764,0.03489997715780022,0.03192471027174649,-8.423117798499404e-05,0.0,0,0,0.0,0.0,8.391302201883633,0.0,0.0,NORMAL,uta,data\raw\uta\normal\normal_023_da30e933.mp4,group_023,6,1480,1770,29.91132944432605,5.98226588886521,10.0
0.19111372371389984,0.1653794146417143,0.21113911382772166,0.008041939268135418,0.1833399698551238,0.1870625674445353,0.196132665575579,0.2011285787262516,0.04575969918600736,0.0001405222699185647,0.0,0,0.0,0.0,0,0.0,0.022864678336802093,0.011624763874381928,0.031772058831581504,0.005361762150381038,0.025551682511104144,0.030470419805338794,0.03077027123939775,0.020147294957199576,8.043152875684204e-05,0.0,0,0,0.0,0.0,8.358104268715444,0.0,0.0,NORMAL,uta,data\raw\uta\normal\normal_023_da30e933.mp4,group_023,7,1775,2065,29.91132944432605,5.98226588886521,10.0
0.1898424885678632,0.08817677530802745,0.2062727160910219,0.017831956311207504,0.1765138806649866,0.1854593114067579,0.19923484266589325,0.20425537728199367,0.11809594078299446,-0.0005951621283236231,0.03389830508474576,2,0.33432148238723386,0.33432148238723386,1,0.10139433709941034,0.024354526584881395,0.010988347541611645,0.03962144258751636,0.0057129885326192755,0.025124359297750448,0.03108161675545264,0.031721529573731866,0.028633095045904715,-7.977674041345078e-06,0.0,0,0,0.0,0.0,7.79463699568324,0.06779661016949153,0.0,NORMAL,uta,data\raw\uta\normal\normal_023_da30e933.mp4,group_023,8,2070,2360,29.91132944432605,5.98226588886521,10.0
0.18380907176839756,0.11693364605208736,0.202377978045786,0.013736929946577412,0.1748079891594354,0.17680223693361136,0.19330210795996916,0.19974037951916426,0.08544433199369864,0.00041439027683581696,0.01694915254237288,1,0.16716074119361693,0.16716074119361693,1,0.10139433709941034,0.024749532064861808,0.010988347541611645,0.03475030395789428,0.005208591726065055,0.029771267770562257,0.031079740242832495,0.03146033288427284,0.023761956416282634,5.336436334081816e-06,0.0,0,0,0.0,0.0,7.426469511310032,0.01694915254237288,0.0,NORMAL,uta,data\raw\uta\normal\normal_023_da30e933.mp4,group_023,9,2365,2655,29.91132944432605,5.98226588886521,10.0
0.18864499412945385,0.15464597485975923,0.20742184272014438,0.012690699115302125,0.17193674998187472,0.1820209507569346,0.1984238391597697,0.2014633283426785,0.052775867860385156,-0.0004786621241084158,0.0,0,0.0,0.0,0,0.0,0.02404257808374057,0.010752688172043012,0.03918845979342015,0.007015003220597803,0.030087947734030687,0.03047894733315813,0.03180239431545331,0.02843577162137714,2.9330235531992102e-05,0.0,0,0,0.0,0.0,7.845961756292201,0.0,0.0,NORMAL,uta,data\raw\uta\normal\normal_023_da30e933.mp4,group_023,10,2660,2950,29.91132944432605,5.98226588886521,10.0
0.1887649916881461,0.17748299683907548,0.19917319652035037,0.004656461302580554,0.1831267184458635,0.1860029793571552,0.19155684802780015,0.19472740337816144,0.02169019968127489,-1.60763872501601e-05,0.0,0,0.0,0.0,0,0.0,0.0221046247828235,0.015043973867015344,0.034370552926110236,0.006053856965458093,0.025124359297750448,0.03041143685078822,0.030770833989323773,0.019326579059094892,3.259759279439099e-05,0.0,0,0,0.0,0.0,8.539228976455808,0.0,0.0,NORMAL,uta,data\raw\uta\normal\normal_023_da30e933.mp4,group_023,11,2955,3245,29.91132944432605,5.98226588886521,10.0
0.18130829671466905,0.15084631980606372,0.2081011126238123,0.013476124238521446,0.16320236195369336,0.16940288850570923,0.1907319074366512,0.19654772271356435,0.05725479281774859,-3.521128572217032e-06,0.0,0,0.0,0.0,0,0.0,0.02067380419652692,0.01086892316858733,0.0363456182092407,0.007471756602365625,0.02540986338067943,0.031150299063570343,0.034986491943192075,0.025476695040653367,7.801524778450888e-05,0.0,0,0,0.0,0.0,8.769529084349264,0.0,0.0,NORMAL,uta,data\raw\uta\normal\normal_023_da30e933.mp4,group_023,12,3250,3540,29.91132944432605,5.98226588886521,10.0
0.18967764682308222,0.15181683417445785,0.2066649654300417,0.010438198234207323,0.17707589151902425,0.18280456098067369,0.19729294506285,0.20293481848951664,0.054848131255583854,-0.00019955614513841966,0.0,0,0.0,0.0,0,0.0,0.030698850544432048,0.011229577231219767,0.06237828615518053,0.015010102036341122,0.048377994379999414,0.04997963571696402,0.0508058354749882,0.05114870892396077,0.0005240327958758477,0.0,0,0,0.0,0.0,6.178455056273346,0.0,0.0,NORMAL,uta,data\raw\uta\normal\normal_023_da30e933.mp4,group_023,13,3545,3835,29.91132944432605,5.98226588886521,10.0
0.18390192336471187,0.17045259444016897,0.1935836181927921,0.004962153019388169,0.17667738413350995,0.18080916745155512,0.18616044261566156,0.18969002128146473,0.02313102375262313,8.060752257174915e-05,0.0,0,0.0,0.0,0,0.0,0.024918818531830395,0.01174440439029407,0.03805556363061814,0.006262018825752029,0.027250890267063607,0.03608387345422131,0.036541915285057194,0.026311159240324074,2.6790053253588397e-05,0.0,0,0,0.0,0.0,7.37974568834888,0.0,0.0,NORMAL,uta,data\raw\uta\normal\normal_023_da30e933.mp4,group_023,14,3840,4130,29.91132944432605,5.98226588886521,10.0
0.18329392138587872,0.16060423784194922,0.20224493102543772,0.010115383766257452,0.16969327799205428,0.17716898633608835,0.1924319772528855,0.19524573178842047,0.04164069318348851,-9.637497416394882e-05,0.0,0,0.0,0.0,0,0.0,0.019707831864328746,0.010986357920167639,0.03633841844327302,0.006013386607563657,0.02470472181321423,0.025748083498992158,0.027077673488620373,0.02535206052310538,-0.00019899756876441295,0.0,0,0,0.0,0.0,9.300090570949799,0.0,0.0,NORMAL,uta,data\raw\uta\normal\normal_023_da30e933.mp4,group_023,15,4135,4425,29.91132944432605,5.98226588886521,10.0
0.1764904184518386,0.16088218566953794,0.19296912546236045,0.007962619242665217,0.16747936853541956,0.16939104763107457,0.1815687940184941,0.1877013425061999,0.03208693979282251,-2.2651643320264685e-05,0.0,0,0.0,0.0,0,0.0,0.021361263843033246,0.010866997704607785,0.03434014098717226,0.006407802325322183,0.024558833620630077,0.02724066346694748,0.03301530303414744,0.023473143282564474,-1.2168565842471783e-05,0.0,0,0,0.0,0.0,8.2617844133311,0.0,0.0,NORMAL,uta,data\raw\uta\normal\normal_023_da30e933.mp4,group_023,16,4430,4720,29.91132944432605,5.98226588886521,10.0
0.17643523798952582,0.1428076270684186,0.19954460983839434,0.012214473091292635,0.16074837642254183,0.17024361781207514,0.18351720039945396,0.1930458152116288,0.05673698276997574,-0.0002412785417231059,0.03389830508474576,2,0.33432148238723386,0.33432148238723386,1,0.10139433709941034,0.02640418987641184,0.010526315789473684,0.04705166050004377,0.010886101944707172,0.03774633587271922,0.03927642988542328,0.040059208124179804,0.03652534471057009,0.0003066549088171469,0.0,0,0,0.0,0.0,6.681839396547499,0.06779661016949153,0.0,NORMAL,uta,data\raw\uta\normal\normal_023_da30e933.mp4,group_023,17,4725,5015,29.91132944432605,5.98226588886521,10.0
0.17895119289110897,0.15983217387022258,0.19487795141956993,0.008672505080320306,0.16667714535916767,0.1745041644748829,0.18523684818604685,0.19017012605733233,0.035045777549347346,-0.00019023931191930685,0.0,0,0.0,0.0,0,0.0,0.02726604990273316,0.010752688172043012,0.03961905049389946,0.006447084813939479,0.030910848674823604,0.0388513939463968,0.03961259417997784,0.028866362321856447,-0.0001647979320254861,0.0,0,0,0.0,0.0,6.562909941833182,0.0,0.0,NORMAL,uta,data\raw\uta\normal\normal_023_da30e933.mp4,group_023,18,5020,5310,29.91132944432605,5.98226588886521,10.0
0.1836418737179584,0.17036097256522603,0.19581221515874006,0.006204596983074275,0.1757523547214034,0.1789631459785996,0.1876562445927637,0.19238554459380217,0.02545124259351403,9.012465171910278e-05,0.0,0,0.0,0.0,0,0.0,0.022300258274837604,0.01441874501821181,0.03959992932941995,0.006458387383223997,0.024684584565035333,0.030727440776359815,0.03132067952628724,0.025181184311208138,-0.00013697908654020015,0.0,0,0,0.0,0.0,8.234596965551518,0.0,0.0,NORMAL,uta,data\raw\uta\normal\normal_023_da30e933.mp4,group_023,19,5315,5605,29.91132944432605,5.98226588886521,10.0
0.17767917267975447,0.12989779470067736,0.2210607702652953,0.025090995694644486,0.13705914545289694,0.15661645783836303,0.19406623387099398,0.20056024826536226,0.09116297556461794,-0.00042958572015467056,0.23728813559322035,14,2.3402503767106366,2.3402503767106366,1,0.10139433709941034,0.023155849515356416,0.0,0.06989834349500779,0.011225317263945251,0.030727440776359815,0.035119080772391606,0.03725553111247886,0.06989834349500779,-0.0001554341509886436,0.0,0,0,0.0,0.0,7.672856040366238,3.3220338983050848,0.0,NORMAL,uta,data\raw\uta\normal\normal_023_da30e933.mp4,group_023,20,5610,5900,29.91132944432605,5.98226588886521,10.0
0.4185969095950704,0.3004552181209757,0.4824464387115298,0.03325588316857094,0.3871729351631532,0.40140875946038734,0.44334824056552874,0.4601187431680099,0.18199122059055411,8.637129784621812e-05,0.0,0,0.0,0.0,0,0.0,0.018034942993539183,0.0,0.05,0.023398424290887117,0.047619047619047616,0.04995009355511379,0.05,0.05,0.0002736801602961259,0.0,0,0,0.0,0.0,23.209039291431544,0.0,0.0,NORMAL,uta,data\raw\uta\normal\normal_024_22b8704d.mp4,group_024,1,5,295,29.97,5.994,10.0
0.41791984487905903,0.2529846762320535,0.4616627860637154,0.03001724405320918,0.39057677136947344,0.4054034102324052,0.43307224024185376,0.4477889157095058,0.2086781098316619,-0.0004615829324845166,0.0,0,0.0,0.0,0,0.0,0.02312445112035074,0.0,0.06734350297014739,0.025617611512564326,0.047619047619047616,0.047619047619047616,0.06734350297014739,0.06734350297014739,-1.8778186571810185e-05,0.0,0,0,0.0,0.0,18.07185696417759,0.0,0.0,NORMAL,uta,data\raw\uta\normal\normal_024_22b8704d.mp4,group_024,2,300,590,29.97,5.994,10.0
0.4016242029121307,0.10247997842798645,0.444494216623081,0.04368541647245603,0.3864857615398483,0.39204128895365226,0.4222204262055705,0.4256993087761105,0.3420142381950945,-0.0002351014747452626,0.01694915254237288,1,0.16683350016683351,0.16683350016683351,1,0.10159322033898305,0.011962579460123336,0.0,0.06734350297014739,0.021709680127041543,0.0,0.047619047619047616,0.047619047619047616,0.06734350297014739,-0.0001824222915957413,0.0,0,0,0.0,0.0,33.5705717716686,0.01694915254237288,0.0,NORMAL,uta,data\raw\uta\normal\normal_024_22b8704d.mp4,group_024,3,595,885,29.97,5.994,10.0
0.398573418328851,0.25878464197112283,0.4488385568940859,0.025743873555885477,0.3864461756862859,0.3871729351631532,0.4068700284050531,0.4235011193302045,0.19005391492296309,0.00011948491954173149,0.0,0,0.0,0.0,0,0.0,0.014553028847178781,0.0,0.06726727939963124,0.02312674575803492,0.045407660918649985,0.05,0.05,0.06726727939963124,-0.00022981465530157942,0.0,0,0,0.0,0.0,27.385779052245887,0.0,0.0,NORMAL,uta,data\raw\uta\normal\normal_024_22b8704d.mp4,group_024,4,890,1180,29.97,5.994,10.0
0.39527293203751573,0.12625003175680424,0.4268600299143641,0.038692270608927784,0.3860350195352261,0.38851386483629047,0.4076546486116998,0.42370545966004214,0.30060999815755984,0.00012438257906114252,0.01694915254237288,1,0.16683350016683351,0.16683350016683351,1,0.10159322033898305,0.011463610647514036,0.0,0.05,0.02056330747271155,0.0,0.047619047619047616,0.05,0.05,0.0005983940465642162,0.0,0,0,0.0,0.0,34.47765861313624,0.01694915254237288,0.0,NORMAL,uta,data\raw\uta\normal\normal_024_22b8704d.mp4,group_024,5,1185,1475,29.97,5.994,10.0
0.4009475176839862,0.17257539254217855,0.44368841612443116,0.03668112716716022,0.36808196670337173,0.38851386483629047,0.423410630353378,0.4253203441609632,0.27111302358225264,-0.00021689488468352736,0.0,0,0.0,0.0,0,0.0,0.008071025020177562,0.0,0.047619047619047616,0.01786597548117728,0.0,0.047619047619047616,0.047619047619047616,0.047619047619047616,-0.00022543207814978744,0.0,0,0,0.0,0.0,49.67124317401664,0.0,0.0,NORMAL,uta,data\raw\uta\normal\normal_024_22b8704d.mp4,group_024,6,1480,1770,29.97,5.994,10.0
0.39594683948994225,0.365684805722851,0.4438344830721452,0.01944445172530683,0.3720172707392917,0.3877871053594232,0.40593471208527704,0.42407036390431385,0.07814967734929418,0.0005131515860953698,0.0,0,0.0,0.0,0,0.0,0.006399053369448095,0.0,0.06734350297014739,0.01768705871608028,0.0,0.047619047619047616,0.05,0.06734350297014739,6.0091927751363876e-05,0.0,0,0,0.0,0.0,61.866177769715456,0.0,0.0,NORMAL,uta,data\raw\uta\normal\normal_024_22b8704d.mp4,group_024,7,1775,2065,29.97,5.994,10.0
0.4049584137448897,0.3864461756862859,0.462461508910481,0.016087238846861595,0.3864461756862859,0.3893957208656309,0.4107344350366258,0.4246070547354,0.07601533322419507,0.00017125976485210957,0.0,0,0.0,0.0,0,0.0,0.010805175371935571,0.0,0.05,0.02033265049532277,0.0,0.04993761694389223,0.04993761694389223,0.05,0.00026898403836081653,0.0,0,0,0.0,0.0,37.474721611181366,0.0,0.0,NORMAL,uta,data\raw\uta\normal\normal_024_22b8704d.mp4,group_024,8,2070,2360,29.97,5.994,10.0
0.40007888231201205,0.24298207464727184,0.44726269159997356,0.033804794629339836,0.3871729351631532,0.3902649837874189,0.40943033135219864,0.42575169453595374,0.20428061695270172,-0.0006937663716893,0.0,0,0.0,0.0,0,0.0,0.010882126545011394,0.0,0.06726727939963124,0.021837382838669896,0.0,0.04995009355511379,0.05172672793996303,0.06726727939963124,-0.00039706158178447323,0.0,0,0,0.0,0.0,36.76139211074415,0.0,0.0,NORMAL,uta,data\raw\uta\normal\normal_024_22b8704d.mp4,group_024,9,2365,2655,29.97,5.994,10.0
0.40041377265661116,0.25084836739088334,0.4442811482196797,0.027843214328135465,0.38702758326777975,0.3883552373804289,0.40892580916035226,0.4247419947793669,0.19343278082879634,-0.0008187786258297935,0.0,0,0.0,0.0,0,0.0,0.023225857500286152,0.0,0.06726727939963124,0.026696638730719865,0.047565149415449405,0.053358124018193655,0.0670628650238223,0.06726727939963124,0.0002099836515598332,0.0,0,0,0.0,0.0,17.23925729736268,0.0,0.0,NORMAL,uta,data\raw\uta\normal\normal_024_22b8704d.mp4,group_024,10,2660,2950,29.97,5.994,10.0
0.39144812021876507,0.3320570065090023,0.4259847512869202,0.02072753057021862,0.3665111556465993,0.3871729351631532,0.4042318772897211,0.40821095807819036,0.09392774477791793,0.0006052991588465626,0.0,0,0.0,0.0,0,0.0,0.010345321886207563,0.0,0.07071067811865475,0.02065715496326199,0.0,0.04993761694389223,0.04993761694389223,0.07071067811865475,0.00010115119462947316,0.0,0,0,0.0,0.0,37.83451979592819,0.0,0.0,NORMAL,uta,data\raw\uta\normal\normal_024_22b8704d.mp4,group_024,11,2955,3245,29.97,5.994,10.0
0.40742538552106994,0.33354896330419376,0.45823942253604033,0.020382091821914094,0.3865951248939933,0.4042318772897211,0.41107141755083676,0.42805649561585374,0.12469045923184657,-9.854206616815717e-05,0.0,0,0.0,0.0,0,0.0,0.026141393331319214,0.0,0.06734350297014739,0.025080520266951945,0.04865850446297443,0.04975185951049946,0.04993761694389223,0.06734350297014739,-6.657523272348766e-05,0.0,0,0,0.0,0.0,15.584854085756737,0.0,0.0,NORMAL,uta,data\raw\uta\normal\normal_024_22b8704d.mp4,group_024,12,3250,3540,29.97,5.994,10.0
0.4014271304653165,0.3758569628100741,0.44508582693702686,0.01329138754352016,0.3871729351631532,0.3890796055488853,0.40873714224160523,0.4198681941377802,0.06922886412695278,-0.00026254047333131036,0.0,0,0.0,0.0,0,0.0,0.022891326117805432,0.0,0.0703597544730292,0.02519187184336639,0.047565149415449405,0.04993761694389223,0.04993761694389223,0.0703597544730292,0.00022317306332028035,0.0,0,0,0.0,0.0,17.53544521424104,0.0,0.0,NORMAL,uta,data\raw\uta\normal\normal_024_22b8704d.mp4,group_024,13,3545,3835,29.97,5.994,10.0
0.40975409069888336,0.37216698925021985,0.46023489024462705,0.019041880670913173,0.3871729351631532,0.38886889906896066,0.424102672734031,0.4252491187558276,0.0880679009944072,4.534241508923134e-06,0.0,0,0.0,0.0,0,0.0,0.019628128375903418,0.0,0.06726727939963124,0.02466467134085537,0.04993761694389223,0.04993761694389223,0.04993761694389223,0.06726727939963124,0.0001605650487626097,0.0,0,0,0.0,0.0,20.874798047675647,0.0,0.0,NORMAL,uta,data\raw\uta\normal\normal_024_22b8704d.mp4,group_024,14,3840,4130,29.97,5.994,10.0
0.39398668903208345,0.34345769830317535,0.4259847512869202,0.015365944518351797,0.3858106383103557,0.3864461756862859,0.4062973249415067,0.4101477166425317,0.08252705298374485,-0.00036042241185107316,0.0,0,0.0,0.0,0,0.0,0.011482258021281399,0.0,0.04993761694389223,0.020593573671923326,0.0,0.047565149415449405,0.04993761694389223,0.04993761694389223,0.00037110385477815756,0.0,0,0,0.0,0.0,34.30966092566464,0.0,0.0,NORMAL,uta,data\raw\uta\normal\normal_024_22b8704d.mp4,group_024,15,4135,4425,29.97,5.994,10.0
0.3760522645581125,0.08318289801153425,0.40892580916035226,0.050901131121309666,0.35223198657720894,0.3745202416073244,0.40234979873683197,0.40629986606010926,0.32574291114881804,0.00105835374062406,0.01694915254237288,1,0.16683350016683351,0.16683350016683351,1,0.10159322033898305,0.018555336831682413,0.0,0.04993761694389223,0.023216470626993325,0.04740454631399772,0.047565149415449405,0.047565149415449405,0.04993761694389223,0.0006338606794284942,0.0,0,0,0.0,0.0,20.265436436573765,0.01694915254237288,0.0,NORMAL,uta,data\raw\uta\normal\normal_024_22b8704d.mp4,group_024,16,4430,4720,29.97,5.994,10.0
0.37741308573376764,0.15602714198369938,0.4094045077919274,0.04004760081237665,0.3555140977585862,0.37194385542969244,0.38954531810288195,0.4042318772897211,0.253377365808228,-0.000480344543243456,0.0,0,0.0,0.0,0,0.0,0.01262238325005117,0.0,0.06726727939963124,0.02304153689432259,0.0,0.047565149415449405,0.06726727939963124,0.06726727939963124,-0.00036503307603130794,0.0,0,0,0.0,0.0,29.89793451230579,0.0,0.0,NORMAL,uta,data\raw\uta\normal\normal_024_22b8704d.mp4,group_024,17,4725,5015,29.97,5.994,10.0
0.3865776001730687,0.28738764762300395,0.4222205941811418,0.021936017387459112,0.3647735946875986,0.3740053371199471,0.40234979873683197,0.4062947838229041,0.13483294655813782,0.0004570018431160894,0.0,0,0.0,0.0,0,0.0,0.016954183623044117,0.0,0.07062245515464487,0.023844137788228678,0.047565149415449405,0.04993761694389223,0.04993761694389223,0.07062245515464487,7.428843834153103e-05,0.0,0,0,0.0,0.0,22.7999654127994,0.0,0.0,NORMAL,uta,data\raw\uta\normal\normal_024_22b8704d.mp4,group_024,18,5020,5310,29.97,5.994,10.0
0.3790383862009473,0.1820726283314846,0.46023489024462705,0.04570192621134145,0.349289998012019,0.3720172707392917,0.4014991734505342,0.4130179119394929,0.2781622619131424,0.0010611816601486686,0.0,0,0.0,0.0,0,0.0,0.03126693257593728,0.0,0.07062245515464487,0.025656495349474027,0.047565149415449405,0.053358124018193655,0.0670628650238223,0.07062245515464487,0.00017613234345041534,0.0,0,0,0.0,0.0,12.122272084360388,0.0,0.0,NORMAL,uta,data\raw\uta\normal\normal_024_22b8704d.mp4,group_024,19,5315,5605,29.97,5.994,10.0
0.39100352740012007,0.20158293810749658,0.44654887559707757,0.04084766757149815,0.38296828418161516,0.3892605828548127,0.40812585065407836,0.42426961017931947,0.24496593748958098,0.0006636624165227773,0.0,0,0.0,0.0,0,0.0,0.023378431057712507,0.0,0.04993761694389223,0.024610001482361664,0.04993761694389223,0.04993761694389223,0.04993761694389223,0.04993761694389223,-0.00041120511615956845,0.0,0,0,0.0,0.0,16.72425331629848,0.0,0.0,NORMAL,uta,data\raw\uta\normal\normal_024_22b8704d.mp4,group_024,20,5610,5900,29.97,5.994,10.0
0.1662970665278586,0.1137934800780152,0.18530513816034166,0.015194032494732855,0.1448536636194795,0.15754831970323915,0.17758087279940837,0.18079137653591776,0.07151165808232647,0.0005127611225699877,0.15,3,0.4995906625581316,0.3746929969185987,4,0.40032773826458035,0.017475993159746652,0.0,0.06244263422380049,0.013004436391832321,0.020797258270192576,0.0329036728371704,0.04622107789050484,0.06244263422380049,-3.5993937738784145e-05,0.0,0,0,0.0,0.0,9.515198925114717,0.44999999999999996,0.0,NORMAL,uta,data\raw\uta\normal\normal_025_ebb9e4ef.mov,group_025,1,5,300,30.024580369843527,6.0049160739687055,10.0
0.17187213154227032,0.15490907495450162,0.18566259387360198,0.007241854982434252,0.1622315732360264,0.16771775948198062,0.17731136047020968,0.18037586066853037,0.03075351891910036,-0.0001883545343230798,0.0,0,0.0,0.0,0,0.0,0.01773780037227818,0.0,0.041666666666666664,0.007688650200863927,0.02109826721772369,0.02815868234251507,0.028591980326316706,0.041666666666666664,-0.0001633267694903329,0.0,0,0,0.0,0.0,9.6890504394462,0.0,0.0,NORMAL,uta,data\raw\uta\normal\normal_025_ebb9e4ef.mov,group_025,2,305,600,30.024580369843527,6.0049160739687055,10.0
0.15123648869375997,0.09450512673031007,0.17266084175636925,0.015357844141440782,0.1369446176458254,0.14658147672063604,0.1596917950873054,0.16843736867748535,0.07815571502605918,8.952683294040886e-06,0.4,10,1.6653022085271054,0.4440805889405614,9,0.9007374110953058,0.014144242479148021,0.0,0.02174683980216301,0.006461009784252833,0.015370526125471962,0.021417646843905968,0.021733995409215574,0.02174683980216301,-4.517886802078254e-05,0.0,0,0,0.0,0.0,10.691685838309438,4.0,0.0,NORMAL,uta,data\raw\uta\normal\normal_025_ebb9e4ef.mov,group_025,3,605,900,30.024580369843527,6.0049160739687055,10.0
0.1549627486653297,0.12483703722611601,0.18333998592178502,0.009460411241708759,0.14669539448246255,0.14940838140588414,0.1580188762815677,0.1693667585362689,0.05850294869566901,6.461111739638678e-05,0.2833333333333333,4,0.6661208834108422,0.35387671931200987,8,0.8006554765291607,0.01071220863061306,0.0,0.1302161614072826,0.019253849036650308,0.015144563320384568,0.021449281700436928,0.02237934658208237,0.1302161614072826,0.0002180087840248967,0.016666666666666666,1,1,0.16653022085271055,0.16653022085271055,14.46464397440396,1.1333333333333333,0.0021702693567880434,NORMAL,uta,data\raw\uta\normal\normal_025_ebb9e4ef.mov,group_025,4,905,1200,30.024580369843527,6.0049160739687055,10.0
0.15767135208252753,0.13688300553988333,0.20410189943314455,0.017879909849322074,0.1425439320237515,0.14693939269458836,0.161875846437463,0.19292491211024623,0.06721889389326122,-0.0006448932692984997,0.4166666666666667,6,0.9991813251162632,0.41632555213177636,10,1.000819345661451,0.10672878661320136,0.0,0.28797018815893544,0.06823934049402514,0.13394726345033045,0.20664996835773974,0.23437273365068018,0.28797018815893544,0.0008375636248583746,0.36666666666666664,13,5,0.8326511042635527,0.2818203737507409,1.4772947373533418,2.5,0.10558906899160965,NORMAL,uta,data\raw\uta\normal\normal_025_ebb9e4ef.mov,group_025,5,1205,1500,30.024580369843527,6.0049160739687055,10.0
0.16027237933664332,0.07320976804949561,0.18209022271007136,0.015498147886930415,0.14599118825131951,0.15363099684563825,0.17085808686117626,0.17299971882167053,0.10888045466057575,0.00025677268979639465,0.16666666666666666,4,0.6661208834108422,0.3330604417054211,5,0.5004096728307255,0.22540704482677387,0.1349147796953476,0.32472313850582274,0.03919544190731277,0.25778976401234066,0.2769789321024555,0.2872345744319475,0.18980835881047514,0.001348127866498556,1.0,1,60,9.991813251162633,9.991813251162633,0.7110322058816165,0.6666666666666666,0.32472313850582274,NORMAL,uta,data\raw\uta\normal\normal_025_ebb9e4ef.mov,group_025,6,1505,1800,30.024580369843527,6.0049160739687055,10.0
0.16083933716574553,0.12980816353721697,0.18209022271007136,0.010753953693464564,0.14607738478830218,0.15492805182712063,0.16612045553158167,0.17399374751659233,0.05228205917285439,-0.0001390535637252523,0.16666666666666666,3,0.4995906625581316,0.2775503680878509,6,0.6004916073968706,0.04920896425008834,0.0,0.3046607024824949,0.07794658621627013,0.0315719512235194,0.1574559079413249,0.2722293966936145,0.3046607024824949,-0.002589195574237669,0.11666666666666667,2,6,0.9991813251162632,0.5828557729844869,3.268430278639286,0.5,0.035543748622957734,NORMAL,uta,data\raw\uta\normal\normal_025_ebb9e4ef.mov,group_025,7,1805,2105,30.024580369843527,6.0049160739687055,10.0
0.1566505493623559,0.12786107560406743,0.1798323925757995,0.010299522683477494,0.1441519607319835,0.14969786938162738,0.16316404882330773,0.17080358238736904,0.05197131697173207,-0.0001474060214339445,0.26666666666666666,7,1.1657115459689738,0.3330604417054211,8,0.8006554765291607,0.0136327850204379,0.0,0.02886150127292031,0.010652665587434624,0.020404976813216014,0.021917571110877283,0.0282842712474619,0.02886150127292031,-0.00024670267742962564,0.0,0,0,0.0,0.0,11.489879672264665,1.8666666666666667,0.0,NORMAL,uta,data\raw\uta\normal\normal_025_ebb9e4ef.mov,group_025,8,2110,2405,30.024580369843527,6.0049160739687055,10.0
0.14486540612684456,0.12062236083717179,0.18092717241341275,0.013627204223010995,0.12871381484374578,0.13422238460046726,0.15331189412673119,0.16522343222560404,0.06030481157624096,-6.880000840967444e-05,0.6833333333333333,13,2.164892871085237,0.6827739054961132,10,1.000819345661451,0.022220650943526574,0.0,0.1076923076923077,0.01732841193736219,0.026308119560391266,0.0394464932692644,0.055570841458854076,0.1076923076923077,0.00015654430720554987,0.0,0,0,0.0,0.0,6.51911086601986,8.883333333333333,0.0,NORMAL,uta,data\raw\uta\normal\normal_025_ebb9e4ef.mov,group_025,9,2410,2705,30.024580369843527,6.0049160739687055,10.0
0.15438592424692638,0.13706510836222835,0.17652830537174258,0.008435016808904315,0.14421433713003914,0.14907068880903235,0.15979985353634585,0.1670072710382824,0.03946319700951423,0.00026320464913991376,0.36666666666666664,4,0.6661208834108422,0.3663664858759632,10,1.000819345661451,0.026010379810608667,0.0,0.04218996183961868,0.008085083051329895,0.026678526425610413,0.04064906311086571,0.041401567824256115,0.04218996183961868,3.871210053335131e-05,0.0,0,0,0.0,0.0,5.935322361636522,1.4666666666666666,0.0,NORMAL,uta,data\raw\uta\normal\normal_025_ebb9e4ef.mov,group_025,10,2710,3005,30.024580369843527,6.0049160739687055,10.0
0.1487055348136383,0.12131552164036241,0.17461104999483076,0.013150453249112135,0.13230648520578717,0.1370560917403331,0.15869750709412173,0.16610581473183283,0.05329552835446835,-0.0005156639109700119,0.48333333333333334,9,1.4987719876743948,0.5365973783031784,9,0.9007374110953058,0.017965735532137105,0.0,0.05417640513109168,0.011162318579361761,0.025695990389290258,0.026678526425610413,0.027166091929025808,0.05417640513109168,-0.00018595762405734234,0.0,0,0,0.0,0.0,8.276714183700687,4.35,0.0,NORMAL,uta,data\raw\uta\normal\normal_025_ebb9e4ef.mov,group_025,11,3010,3305,30.024580369843527,6.0049160739687055,10.0
0.14803081644925523,0.06806801997088818,0.17697457788012838,0.01817370822549294,0.12531891231057857,0.1387339462232071,0.15932681226181733,0.1673634261354642,0.1089065579092402,0.00027052310096441716,0.5,9,1.4987719876743948,0.5551007361757018,9,0.9007374110953058,0.051562103511029946,0.0,0.12420470347276835,0.036748436497595044,0.07159609835808436,0.11205705488886207,0.12084991702502229,0.12420470347276835,0.001533182986529177,0.06666666666666667,2,2,0.3330604417054211,0.3330604417054211,2.8708670807138232,4.5,0.008280313564851224,NORMAL,uta,data\raw\uta\normal\normal_025_ebb9e4ef.mov,group_025,12,3310,3620,30.024580369843527,6.0049160739687055,10.0
0.15350840706642643,0.12851123658469976,0.17725693412001814,0.009158099966167201,0.14260904607941507,0.14918026971668713,0.15856872325201726,0.16276199290685628,0.04874569753531838,4.567956830044058e-05,0.2833333333333333,6,0.9991813251162632,0.31455708383289765,9,0.9007374110953058,0.032814992698344266,0.0,0.06801716341904412,0.018913919913481715,0.04319771738788417,0.059760706639113856,0.06672543499508667,0.06801716341904412,-0.0006561154375552114,0.0,0,0,0.0,0.0,4.677853523357583,1.7,0.0,NORMAL,uta,data\raw\uta\normal\normal_025_ebb9e4ef.mov,group_025,13,3625,3920,30.024580369843527,6.0049160739687055,10.0
0.1439604318856745,0.1264177874079349,0.17001910854005592,0.011867078415024008,0.13148797200457973,0.13392952766933874,0.15323454653124882,0.16145811051884298,0.04360132113212101,-0.0002728586647635067,0.6833333333333333,19,3.1640741962015,2.2759130183203773,3,0.3002458036984353,0.034687482851707106,0.0,0.07068349738418186,0.014775371647736955,0.042975492111999664,0.055530807100802,0.05771876400523351,0.07068349738418186,0.00043664711092278194,0.0,0,0,0.0,0.0,4.1500930582955675,12.983333333333334,0.0,NORMAL,uta,data\raw\uta\normal\normal_025_ebb9e4ef.mov,group_025,14,3925,4220,30.024580369843527,6.0049160739687055,10.0
0.14519688149338178,0.13009345965028807,0.16118525014282853,0.0070107308659970655,0.13686641799237453,0.14060025990519193,0.1496580486812055,0.15360974125345614,0.03109179049254046,8.557391603099441e-05,0.7666666666666667,21,3.497134637906921,1.5320780318449367,5,0.5004096728307255,0.033960333767500545,0.0,0.12898007411770435,0.0181804826588396,0.04218245406095978,0.043844470147054705,0.06928821673550078,0.12898007411770435,-0.00014861179959269806,0.016666666666666666,1,1,0.16653022085271055,0.16653022085271055,4.275358632478934,16.1,0.002149667901961739,NORMAL,uta,data\raw\uta\normal\normal_025_ebb9e4ef.mov,group_025,15,4225,4520,30.024580369843527,6.0049160739687055,10.0
0.14237057967221572,0.1239361464463242,0.16030156227367534,0.0077108069816233405,0.13070633925519598,0.13791446509395383,0.14702433452077512,0.15177546099383457,0.036365415827351144,-0.00017022089547850914,0.85,24,3.996725300465053,2.1232603158720593,4,0.40032773826458035,0.03165522663878139,0.0,0.05439282932204212,0.010428027779616418,0.04299335803923478,0.04300130725961134,0.0435195693728064,0.05439282932204212,3.478223777791807e-06,0.0,0,0,0.0,0.0,4.497395766613588,20.4,0.0,NORMAL,uta,data\raw\uta\normal\normal_025_ebb9e4ef.mov,group_025,16,4525,4820,30.024580369843527,6.0049160739687055,10.0
0.14334199171317222,0.13620393097895417,0.1559275003378084,0.00393552122634655,0.1387597037637034,0.14017318002578616,0.14551158661775643,0.14874846027721386,0.01972356935885422,-4.975400426330044e-06,0.9666666666666667,37,6.161618171550289,4.829376404728605,2,0.20016386913229017,0.025627115195795917,0.0,0.0543827742652371,0.0099674098717764,0.0277296776935901,0.04227030145958029,0.04300130725961134,0.0543827742652371,0.000167857291651538,0.0,0,0,0.0,0.0,5.5931538709755095,35.766666666666666,0.0,NORMAL,uta,data\raw\uta\normal\normal_025_ebb9e4ef.mov,group_025,17,4825,5120,30.024580369843527,6.0049160739687055,10.0
0.14431986646375555,0.125552201338768,0.1608855888602368,0.009301315179713911,0.13142855356920113,0.13650247644816435,0.15254483848940936,0.1559275003378084,0.035333387521468806,0.00027656379268987865,0.7166666666666667,15,2.497953312790658,1.0229713566666505,7,0.7005735419630156,0.03397027990912019,0.0,0.06076810171558113,0.017008155294602062,0.04238485558044433,0.05573071000351902,0.05962317979731762,0.06076810171558113,-0.00016498002510007616,0.0,0,0,0.0,0.0,4.248290522165765,10.75,0.0,NORMAL,uta,data\raw\uta\normal\normal_025_ebb9e4ef.mov,group_025,18,5125,5420,30.024580369843527,6.0049160739687055,10.0
0.15604194326675827,0.10694033252825691,0.18077976705222137,0.011470077934630294,0.14260976464384742,0.15169648926078716,0.1615726648413835,0.1654959544446131,0.07383943452396446,6.690215438921726e-05,0.2,3,0.4995906625581316,0.3330604417054211,6,0.6004916073968706,0.034139895825518254,0.0,0.0908940683375748,0.018323395469975273,0.04491323781796207,0.048435959872788495,0.06123919861016607,0.0908940683375748,0.00020580219674768224,0.0,0,0,0.0,0.0,4.570528672247854,0.6000000000000001,0.0,NORMAL,uta,data\raw\uta\normal\normal_025_ebb9e4ef.mov,group_025,19,5425,5720,30.024580369843527,6.0049160739687055,10.0
0.15887458395155776,0.14864192591010855,0.17537880852330606,0.005789380407859685,0.15328683051386444,0.15431512563148383,0.16209339273281637,0.16588210252064695,0.02673688261319751,-0.00011451722319895627,0.05,2,0.3330604417054211,0.2497953312790658,2,0.20016386913229017,0.0248869145831107,0.0,0.04657464328326223,0.009523188501181688,0.028855492841238065,0.04078491549538222,0.04383604418942005,0.04657464328326223,-4.8906022828606195e-05,0.0,0,0,0.0,0.0,6.383603713401216,0.1,0.0,NORMAL,uta,data\raw\uta\normal\normal_025_ebb9e4ef.mov,group_025,20,5725,6020,30.024580369843527,6.0049160739687055,10.0
0.13942407523393022,0.10374963423755582,0.15790435047851575,0.01036911911197948,0.1270504043968353,0.1355416947839542,0.14691057576555555,0.14887552414589014,0.05415471624095994,-6.354812223315571e-05,0.9322033898305084,30,5.002408504512485,3.0570274194242963,3,0.30493785692182707,0.017323036786945877,0.009008643435571279,0.028037383177570093,0.004123792913701232,0.01895733989854121,0.020742850295284172,0.021114130010201116,0.019028739741998812,-7.11094445843767e-05,0.0,0,0,0.0,0.0,8.048013113144043,27.966101694915253,0.0,NORMAL,uta,data\raw\uta\normal\normal_026_35ba11a1.mov,group_026,1,5,295,29.98555593064633,5.997111186129266,10.0
0.13633288412356878,0.1157801855919989,0.14956026062868394,0.0059963331334936774,0.12842565496215425,0.13357743095982186,0.1397535044445844,0.1431641844753133,0.03378007503668504,1.588503867002475e-05,1.0,59,9.838070058874555,9.838070058874555,1,0.10164595230727569,0.01442891633007222,0.008695652173913044,0.020514385114676972,0.004445546777582023,0.018017652444580288,0.01872685593369776,0.02000047628883837,0.011818732940763929,-1.781169155095962e-05,0.0,0,0,0.0,0.0,9.447933099892511,59.0,0.0,NORMAL,uta,data\raw\uta\normal\normal_026_35ba11a1.mov,group_026,2,300,590,29.98555593064633,5.997111186129266,10.0
0.13695230931548721,0.11633890144478712,0.15040460848131737,0.006953417757047191,0.1296466685763688,0.13262561276935794,0.14202506305185017,0.14524068847142174,0.03406570703653025,3.522036098521886e-05,0.9830508474576272,50,8.337347507520809,4.835661554362069,2,0.20329190461455138,0.013858238870013941,0.0,0.019614631381577104,0.004625450373915145,0.01769876853951882,0.01788931788931789,0.018181066913583174,0.019614631381577104,-0.00011853168017050935,0.0,0,0,0.0,0.0,9.881661655446267,49.152542372881356,0.0,NORMAL,uta,data\raw\uta\normal\normal_026_35ba11a1.mov,group_026,3,595,885,29.98555593064633,5.997111186129266,10.0
0.1288479816765265,0.09119611699597407,0.14856933903211025,0.010400949702452866,0.11650946791512398,0.12699258936940627,0.1333405927624902,0.13952498029207305,0.05737322203613618,9.189861725970766e-05,1.0,59,9.838070058874555,9.838070058874555,1,0.10164595230727569,0.012004683672645082,0.0,0.025640089136500375,0.005750914488059493,0.01724073868837755,0.017573816472193533,0.019144228106086042,0.025640089136500375,0.00014736183773978974,0.0,0,0,0.0,0.0,10.732248590732596,59.0,0.0,NORMAL,uta,data\raw\uta\normal\normal_026_35ba11a1.mov,group_026,4,890,1195,29.98555593064633,5.997111186129266,10.0
0.12262791358362571,0.10608456276723105,0.13365843883649364,0.006235809242587106,0.11456951835441816,0.11913065565184329,0.12691215415625837,0.12950805215473804,0.027573876069262593,-0.00021462760285597969,1.0,59,9.838070058874555,9.838070058874555,1,0.10164595230727569,0.011330027322031753,0.0,0.03389708788856286,0.0058906387429470885,0.016876423923988,0.017389069277262397,0.018949048189527844,0.03389708788856286,-0.00011135255677829646,0.0,0,0,0.0,0.0,10.822312055076525,59.0,0.0,NORMAL,uta,data\raw\uta\normal\normal_026_35ba11a1.mov,group_026,5,1200,1490,29.98555593064633,5.997111186129266,10.0
0.1173909980030098,0.10237016403490364,0.1306094841534118,0.005755786948329267,0.11065174785543842,0.114062074549793,0.12080082754009328,0.12461321737750601,0.028239320118508174,-7.083632996125588e-05,1.0,59,9.838070058874555,9.838070058874555,1,0.10164595230727569,0.009641793979927591,0.0,0.034186785515333835,0.007217627487414296,0.014570020085817849,0.018790487205880585,0.018982400568781088,0.034186785515333835,9.381794147384712e-05,0.0,0,0,0.0,0.0,12.1739610166276,59.0,0.0,NORMAL,uta,data\raw\uta\normal\normal_026_35ba11a1.mov,group_026,6,1495,1785,29.98555593064633,5.997111186129266,10.0
0.12555146267279918,0.10356050416398901,0.15049244652786703,0.011903424301646507,0.1125249820190245,0.11706966933480148,0.137080701510197,0.14282642634533071,0.046931942363878015,0.0003759527862503294,0.9830508474576272,32,5.335902404813318,4.835661554362069,2,0.20329190461455138,0.011827538111027592,0.0,0.025861108032566325,0.0054601425929355525,0.017395180294378858,0.019281614650761444,0.020141487362769023,0.025861108032566325,0.0001333756712636496,0.0,0,0,0.0,0.0,10.614283987955298,31.45762711864407,0.0,NORMAL,uta,data\raw\uta\normal\normal_026_35ba11a1.mov,group_026,7,1790,2080,29.98555593064633,5.997111186129266,10.0
0.12603121977107626,0.10923653939214614,0.1412899469751654,0.007352765591581157,0.11821788912485678,0.12175278056158718,0.1301875051701371,0.13556564060051232,0.03205340758301925,3.491652942852949e-05,1.0,59,9.838070058874555,9.838070058874555,1,0.10164595230727569,0.015054439354160684,0.0,0.019964096909315575,0.004217472413299395,0.017696343494740623,0.01933832655907753,0.01961183984083938,0.019964096909315575,5.93705838343369e-05,0.0,0,0,0.0,0.0,8.37114193789679,59.0,0.0,NORMAL,uta,data\raw\uta\normal\normal_026_35ba11a1.mov,group_026,8,2085,2375,29.98555593064633,5.997111186129266,10.0
0.12427232394135264,0.10686060407898507,0.135246687129842,0.00560186649442748,0.11617494170020705,0.1217054644411089,0.1283593775631266,0.13045308498646924,0.028386083050856936,-1.8299326148962566e-05,1.0,59,9.838070058874555,9.838070058874555,1,0.10164595230727569,0.008020515763498446,0.0,0.017854296416882943,0.005054411039534827,0.010640225036487254,0.012625195962224695,0.01740590065364728,0.017854296416882943,-9.464861321833415e-05,0.0,0,0,0.0,0.0,15.492374210226998,59.0,0.0,NORMAL,uta,data\raw\uta\normal\normal_026_35ba11a1.mov,group_026,9,2380,2670,29.98555593064633,5.997111186129266,10.0
0.12670311574463639,0.11323185464890753,0.1388974781094185,0.005532464681369224,0.12025811199398179,0.12255524657925297,0.13090501341845362,0.13420579529778986,0.02566562346051096,0.00011226382353289707,1.0,59,9.838070058874555,9.838070058874555,1,0.10164595230727569,0.007202629871915693,0.0,0.028224498602410008,0.007376609187826071,0.009298906148236457,0.01788743307528138,0.020507309806068425,0.028224498602410008,2.4297170303927303e-05,0.0,0,0,0.0,0.0,17.588787597014846,59.0,0.0,NORMAL,uta,data\raw\uta\normal\normal_026_35ba11a1.mov,group_026,10,2675,2965,29.98555593064633,5.997111186129266,10.0
0.12841198760448141,0.11093179420792709,0.13895943774724168,0.0054682236278252765,0.12215788328838174,0.1254282018640796,0.13258887838906425,0.1343688966933873,0.028027643539314584,-2.5792143029895487e-05,1.0,59,9.838070058874555,9.838070058874555,1,0.10164595230727569,0.006688609526972839,0.0,0.027025930306713835,0.006797549001397858,0.009258862368658796,0.01404649321101238,0.018229952094727754,0.027025930306713835,-6.45400331486239e-05,0.0,0,0,0.0,0.0,19.195737372520455,59.0,0.0,NORMAL,uta,data\raw\uta\normal\normal_026_35ba11a1.mov,group_026,11,2970,3260,29.98555593064633,5.997111186129266,10.0
0.1310430092259976,0.11543831558916537,0.1505597235047283,0.007916844692779914,0.12216884457619795,0.12536658259457353,0.135807613272524,0.14153543373248828,0.035121407915562924,0.00016157117387907282,0.9830508474576272,46,7.670359706919144,4.835661554362069,2,0.20329190461455138,0.010449555089168375,0.0,0.02798475805458743,0.007877590274401642,0.016794283944908547,0.02113196557756347,0.022488484213748803,0.02798475805458743,0.0001930649898181964,0.0,0,0,0.0,0.0,12.53933481120242,45.22033898305085,0.0,NORMAL,uta,data\raw\uta\normal\normal_026_35ba11a1.mov,group_026,12,3265,3570,29.98555593064633,5.997111186129266,10.0
0.13547781731572528,0.0897015113113263,0.1712961725391625,0.01717404508767217,0.11103384160058102,0.12439347848091299,0.14460744103176565,0.155490995811028,0.0815946612278362,0.0005072427207785895,0.8135593220338984,42,7.003371906317479,2.000963401804994,4,0.40658380922910276,0.01677149358423386,0.0,0.03069593862812418,0.007774397112021407,0.022306096620931564,0.028617965879787228,0.02910591993337246,0.03069593862812418,1.2540836784041786e-05,0.0,0,0,0.0,0.0,8.077380780343502,34.16949152542373,0.0,NORMAL,uta,data\raw\uta\normal\normal_026_35ba11a1.mov,group_026,13,3575,4245,29.98555593064633,5.997111186129266,10.0
0.15417177470771068,0.07677049307527971,0.18257261513838433,0.018508722931727468,0.13569932969699072,0.1480529241562473,0.16263820562411263,0.17298811334897357,0.10580212206310462,-0.00012201444541827335,0.3220338983050847,3,0.5002408504512486,0.2640160044048256,12,1.2197514276873083,0.016219206975142397,0.0,0.034509598985393165,0.007150257435108482,0.021735525032718854,0.026893529170036432,0.027972827653442674,0.034509598985393165,-8.855652385514699e-05,0.0,0,0,0.0,0.0,9.504920309832062,0.9661016949152541,0.0,NORMAL,uta,data\raw\uta\normal\normal_026_35ba11a1.mov,group_026,14,4250,5560,29.98555593064633,5.997111186129266,10.0
0.15142588439760962,0.07836874991737844,0.17109772196591816,0.014049179840124035,0.14194660927300884,0.14824590090345602,0.15947366105812327,0.16357768109028523,0.09272897204853972,-0.000340634715378375,0.3898305084745763,4,0.6669878006016647,0.29501383488150557,13,1.321397379994584,0.01813816932815499,0.009319781867466254,0.027413984356180025,0.005024571072679207,0.021869761474424102,0.02257604341863879,0.027118178393090792,0.01809420248871377,-8.846963399825606e-05,0.0,0,0,0.0,0.0,8.348005449321851,1.5593220338983051,0.0,NORMAL,uta,data\raw\uta\normal\normal_026_35ba11a1.mov,group_026,15,5565,6665,29.98555593064633,5.997111186129266,10.0
0.14963374230931026,0.09992490647738428,0.19311655237560096,0.018282265363892446,0.12944675497026065,0.13928452783057893,0.15834428141715706,0.17378610777958853,0.09319164589821669,8.737301134653335e-05,0.5423728813559322,13,2.16771035195541,0.7622717721161882,7,0.7115216661509298,0.018050035611263202,0.0,0.0271763212599322,0.005825864490706525,0.02159248183034803,0.026203757356311638,0.026626816629782647,0.0271763212599322,-1.5660696192170224e-05,0.0,0,0,0.0,0.0,8.289482417061109,7.0508474576271185,0.0,NORMAL,uta,data\raw\uta\normal\normal_026_35ba11a1.mov,group_026,16,6670,8015,29.98555593064633,5.997111186129266,10.0
0.1570451196062349,0.1243234252028877,0.18562273058952944,0.011668633218783012,0.14226456992678713,0.1513600761152485,0.16366578326661244,0.17019977919257032,0.061299305386641745,9.91806050563588e-05,0.1864406779661017,2,0.33349390030083237,0.2038018279616198,9,0.9148135707654812,0.011980549828450376,0.0,0.02587926373248062,0.004927526213670454,0.013180161915329627,0.019785485149023847,0.020497385530749018,0.02587926373248062,-2.793225009304336e-05,0.0,0,0,0.0,0.0,13.107245878436263,0.3728813559322034,0.0,NORMAL,uta,data\raw\uta\normal\normal_026_35ba11a1.mov,group_026,17,8025,9015,29.98555593064633,5.997111186129266,10.0
0.1541442677120176,0.11998517225730035,0.18720814672221275,0.013850577726621254,0.1352670395242022,0.14639306279577058,0.16388067917605237,0.17163408924944656,0.0672229744649124,-0.00023605606394457287,0.3898305084745763,6,1.000481700902497,0.31959832112163106,12,1.2197514276873083,0.01388205875679298,0.008594859576504956,0.024786934779852512,0.00459244124796911,0.01966316390601549,0.020151856438802223,0.02050661957987655,0.016192075203347554,0.00011778106124832133,0.0,0,0,0.0,0.0,11.103047996292233,2.3389830508474576,0.0,NORMAL,uta,data\raw\uta\normal\normal_026_35ba11a1.mov,group_026,18,9020,9475,29.98555593064633,5.997111186129266,10.0
0.13502634779764214,0.11055217791367941,0.15533749294550014,0.009079778958275553,0.1239632541476359,0.12863388798042316,0.14057647378932475,0.14650492923761843,0.04478531503182073,0.00018726882871745025,0.9830508474576272,51,8.504094457671226,4.835661554362069,2,0.20329190461455138,0.010118578395973729,0.0,0.031578947368421054,0.005411599655137671,0.013289674669651226,0.014429999406566288,0.014879700727108496,0.031578947368421054,1.728346150951793e-05,0.0,0,0,0.0,0.0,13.343080365024397,50.13559322033898,0.0,NORMAL,uta,data\raw\uta\normal\normal_026_35ba11a1.mov,group_026,19,9480,9910,29.98555593064633,5.997111186129266,10.0
0.1338058276806458,0.12451387472618974,0.1518986072643233,0.004999695658023502,0.12776660830645242,0.1305341978425206,0.13628828833703882,0.14034412991230905,0.02738473253813356,-5.700113591327564e-05,0.9830508474576272,56,9.337829208423306,4.835661554362069,2,0.20329190461455138,0.006932745907547414,0.0,0.014885633885281128,0.005122945110637885,0.009949495349404987,0.01107840947408038,0.013890099749529955,0.014885633885281128,-5.2202434313311293e-05,0.0,0,0,0.0,0.0,19.297769122891793,55.05084745762712,0.0,NORMAL,uta,data\raw\uta\normal\normal_026_35ba11a1.mov,group_026,20,9915,10205,29.98555593064633,5.997111186129266,10.0
0.38208454647837153,0.3066599423665447,0.426617525099632,0.02623220735636831,0.3487915659300893,0.36496708386674,0.4009221690432889,0.411923140280318,0.11995758273308732,0.0010948581569046548,0.0,0,0.0,0.0,0,0.0,0.017812832199894248,0.0,0.04561979233461597,0.01674294995210955,0.03331483023263848,0.03331483023263848,0.03333333333333333,0.04561979233461597,-6.423425762919549e-05,0.0,0,0,0.0,0.0,21.448756347926068,0.0,0.0,NORMAL,uta,data\raw\uta\normal\normal_027_7824066d.mp4,group_027,1,5,300,30.174210753027737,6.034842150605547,10.0
0.37371503571481174,0.2956556563737923,0.4321011215283415,0.026461569376608693,0.3477901596689705,0.35873118620519173,0.3857267867056465,0.4187621353158838,0.1364454651545492,-0.00035731777160160255,0.0,0,0.0,0.0,0,0.0,0.012332695974538389,0.0,0.04873701788285794,0.01633622259595186,0.03224129401095805,0.03331483023263848,0.03338978045865561,0.04873701788285794,-7.200988627192992e-05,0.0,0,0,0.0,0.0,30.300328181131345,0.0,0.0,NORMAL,uta,data\raw\uta\normal\normal_027_7824066d.mp4,group_027,2,305,600,30.174210753027737,6.034842150605547,10.0
0.266089602833245,0.07463544656313964,0.3888879020724747,0.08003773172992838,0.16468294652765253,0.2177779867107773,0.3296024049986625,0.3600334658729595,0.31425245550933506,0.0009752997893734514,0.08333333333333333,3,0.4971132508741715,0.41426104239514294,2,0.2011614050201849,0.004776586872059304,0.0,0.037037037037037035,0.012184824257559818,0.0,0.034464324117869954,0.03664583244332808,0.037037037037037035,-0.00015480523851087275,0.0,0,0,0.0,0.0,55.695398107654135,0.25,0.0,NORMAL,uta,data\raw\uta\normal\normal_027_7824066d.mp4,group_027,3,605,900,30.174210753027737,6.034842150605547,10.0
0.31364015583564425,0.28195779107808144,0.35866747047726233,0.019778334052712142,0.2928584339784277,0.2971767500198132,0.32939819051801833,0.3438844912200263,0.07670967939918089,-0.0003327542739523558,0.0,0,0.0,0.0,0,0.0,0.0034886061321424337,0.0,0.03571428571428571,0.01046741258384169,0.0,0.003446227583977937,0.034482758620689655,0.03571428571428571,0.0002619174008616635,0.0,0,0,0.0,0.0,89.87838281997911,0.0,0.0,NORMAL,uta,data\raw\uta\normal\normal_027_7824066d.mp4,group_027,4,905,1200,30.174210753027737,6.034842150605547,10.0
0.280589751577739,0.1444127235468614,0.3396706512775528,0.04143234639633274,0.2398807370671334,0.24728154364648214,0.31381074388482805,0.32249667134162385,0.1952579277306914,-0.0015797603721327417,0.016666666666666666,1,0.16570441695805718,0.16570441695805718,1,0.10058070251009245,0.0028913649095173863,0.0,0.03571428571428571,0.009590703772571698,0.0,0.0,0.0344051314483391,0.03571428571428571,0.00010059179204787924,0.0,0,0,0.0,0.0,97.01049499475417,0.016666666666666666,0.0,NORMAL,uta,data\raw\uta\normal\normal_027_7824066d.mp4,group_027,5,1205,1500,30.174210753027737,6.034842150605547,10.0
0.28956699970237104,0.13157124831050682,0.3375495420089254,0.04095747417010551,0.23791508162202346,0.28767739893622546,0.31305437357321514,0.32732044938782334,0.20597829369841858,0.0003572101258505437,0.03333333333333333,1,0.16570441695805718,0.16570441695805718,2,0.2011614050201849,0.0011299268195518702,0.0,0.03446227583977888,0.00608571481711552,0.0,0.0,0.0,0.03446227583977888,-8.049869725870244e-05,0.0,0,0,0.0,0.0,256.04397622925944,0.03333333333333333,0.0,NORMAL,uta,data\raw\uta\normal\normal_027_7824066d.mp4,group_027,6,1505,1800,30.174210753027737,6.034842150605547,10.0
0.31011113743987867,0.1869197766584173,0.36663435969016245,0.0373082492923979,0.2525460776486593,0.2979859172179069,0.33377696616194064,0.34726325915812684,0.17971458303174515,-2.6048454955288268e-05,0.0,0,0.0,0.0,0,0.0,0.010060094595018136,0.0,0.05050762722761054,0.016870923748373318,0.03476958950793728,0.03571428571428571,0.037037037037037035,0.05050762722761054,-0.00012006665754675989,0.0,0,0,0.0,0.0,30.822803076857433,0.0,0.0,NORMAL,uta,data\raw\uta\normal\normal_027_7824066d.mp4,group_027,7,1805,2100,30.174210753027737,6.034842150605547,10.0
0.23865385812385842,0.08578869036454437,0.3283697161992561,0.05133381395792832,0.14988288922699983,0.2204179797955736,0.26978537238435163,0.2925629521782834,0.24258102583471172,-0.001133371141354848,0.11666666666666667,3,0.4971132508741715,0.3866436395688001,3,0.30174210753027736,0.005757859536219239,0.0,0.05047544651250688,0.013809218878320782,0.0,0.037011660509880265,0.037037037037037035,0.05047544651250688,7.901300683590169e-05,0.0,0,0,0.0,0.0,41.441166714154235,0.35,0.0,NORMAL,uta,data\raw\uta\normal\normal_027_7824066d.mp4,group_027,8,2105,2400,30.174210753027737,6.034842150605547,10.0
0.24756929951380807,0.2122411612317917,0.2827372290925412,0.01850019206665877,0.22678918661954772,0.23208665183337823,0.2632519323215407,0.26857469379546195,0.07049606786074947,8.414119329145137e-05,0.0,0,0.0,0.0,0,0.0,0.010274889010521196,0.0,0.037037037037037035,0.016346599301739023,0.03571428571428571,0.037037037037037035,0.037037037037037035,0.037037037037037035,0.00048431473013013876,0.0,0,0,0.0,0.0,24.092251216447433,0.0,0.0,NORMAL,uta,data\raw\uta\normal\normal_027_7824066d.mp4,group_027,9,2405,2700,30.174210753027737,6.034842150605547,10.0
0.2735379356653585,0.10103268574941404,0.3273864954143948,0.04558093636306747,0.2344596853748151,0.2723203971353867,0.29813114780879935,0.3074571273918737,0.22635380966498075,-0.0007169883033334792,0.05,3,0.4971132508741715,0.4971132508741715,1,0.10058070251009245,0.0029761904761904756,0.0,0.03571428571428571,0.009870907114152975,0.0,0.0,0.03571428571428571,0.03571428571428571,-0.00017365934981939432,0.0,0,0,0.0,0.0,91.87787541742021,0.15000000000000002,0.0,NORMAL,uta,data\raw\uta\normal\normal_027_7824066d.mp4,group_027,10,2705,3000,30.174210753027737,6.034842150605547,10.0
0.24670710446819208,0.09778215200252485,0.3097813178766582,0.05374117666095653,0.17683071888215784,0.22632482409289828,0.28870394876666217,0.29542886761781567,0.21199916587413334,0.001192837755171673,0.08333333333333333,3,0.4971132508741715,0.41426104239514294,2,0.2011614050201849,0.01040564373897707,0.0,0.037037037037037035,0.016551960096039407,0.03571428571428571,0.037037037037037035,0.037037037037037035,0.037037037037037035,7.188945782999687e-05,0.0,0,0,0.0,0.0,23.706692633685027,0.25,0.0,NORMAL,uta,data\raw\uta\normal\normal_027_7824066d.mp4,group_027,11,3005,3300,30.174210753027737,6.034842150605547,10.0
0.31496320826882673,0.2745163909399684,0.34756937533949284,0.01619549171255122,0.2964218214714911,0.3043213050969069,0.3272239246517501,0.3316273146922991,0.07305298439952446,-0.00020795316675052168,0.0,0,0.0,0.0,0,0.0,0.00835424142861886,0.0,0.037037037037037035,0.01514425040149753,0.0,0.03571428571428571,0.03571428571428571,0.037037037037037035,0.00028985858331948857,0.0,0,0,0.0,0.0,37.69648201786204,0.0,0.0,NORMAL,uta,data\raw\uta\normal\normal_027_7824066d.mp4,group_027,12,3305,3600,30.174210753027737,6.034842150605547,10.0
0.2541285405727358,0.08358499861684035,0.3515639046673278,0.07288091207005237,0.15278652393519881,0.20621478675023242,0.31500789130190204,0.3268920032334174,0.26797890605048746,-0.0027857660571927382,0.08333333333333333,3,0.4971132508741715,0.41426104239514294,2,0.2011614050201849,0.00826549737673837,0.0,0.037037037037037035,0.014988686448331512,0.0,0.03571428571428571,0.03571428571428571,0.037037037037037035,8.678730607878707e-05,0.0,0,0,0.0,0.0,30.74198526788922,0.25,0.0,NORMAL,uta,data\raw\uta\normal\normal_027_7824066d.mp4,group_027,13,3605,3900,30.174210753027737,6.034842150605547,10.0
0.19690890369665748,0.09083504049072286,0.26482737573386506,0.03906971712715448,0.14318439764165897,0.17769774190020132,0.21912161438320324,0.243035076195301,0.1739923352431422,-9.520781762641225e-05,0.13333333333333333,4,0.6628176678322287,0.4418784452214858,3,0.30174210753027736,0.0022934030538459384,0.0,0.034401045807689073,0.008581128477272567,0.0,0.0,0.034401045807689073,0.034401045807689073,-4.970420622394648e-05,0.0,0,0,0.0,0.0,85.82140934941383,0.5333333333333333,0.0,NORMAL,uta,data\raw\uta\normal\normal_027_7824066d.mp4,group_027,14,3905,4200,30.174210753027737,6.034842150605547,10.0
0.25008737765687183,0.19668679796315097,0.27832186707634465,0.019186130653610696,0.22523506694098977,0.2417726369515052,0.2648901056136514,0.27029650817211887,0.08163506911319368,0.00045029250119590144,0.0,0,0.0,0.0,0,0.0,0.007496463157050615,0.0,0.03569153051241249,0.014255449995292201,0.0,0.034401045807689073,0.034404107309293566,0.03569153051241249,4.4351650951089224e-05,0.0,0,0,0.0,0.0,33.35626630211442,0.0,0.0,NORMAL,uta,data\raw\uta\normal\normal_027_7824066d.mp4,group_027,15,4205,4500,30.174210753027737,6.034842150605547,10.0
0.28444614126849793,0.24209387502493263,0.34116227590952686,0.02725168396293317,0.24868529905649292,0.25914038367690445,0.3066263639366944,0.32278335089044086,0.09906840088459423,0.0011076849583491432,0.0,0,0.0,0.0,0,0.0,0.008981394186410818,0.0,0.04865042554105199,0.015651637995441888,0.008600261451922268,0.035623524993954825,0.035623524993954825,0.04865042554105199,8.188909972372899e-05,0.0,0,0,0.0,0.0,31.667073985555835,0.0,0.0,NORMAL,uta,data\raw\uta\normal\normal_027_7824066d.mp4,group_027,16,4505,4800,30.174210753027737,6.034842150605547,10.0
0.28273054416281723,0.10088855002586529,0.35498201238062693,0.06693444141802025,0.18652921196838346,0.24125063691049853,0.32723279808135086,0.3370873977305637,0.25409346235476166,-0.0025217179024999746,0.08333333333333333,3,0.4971132508741715,0.41426104239514294,2,0.2011614050201849,0.00932473756571179,0.0,0.03569153051241249,0.01546648227280918,0.034401045807689073,0.035623524993954825,0.03562692526987771,0.03569153051241249,0.0004052113349941754,0.0,0,0,0.0,0.0,30.317231443692013,0.25,0.0,NORMAL,uta,data\raw\uta\normal\normal_027_7824066d.mp4,group_027,17,4805,5100,30.174210753027737,6.034842150605547,10.0
0.2424950460207863,0.05970268067791822,0.3272239246517501,0.050060710254464395,0.16836977447551776,0.2233112575697074,0.2715541326551233,0.3082305955270157,0.26752124397383187,-0.00021795816339863222,0.03333333333333333,1,0.16570441695805718,0.16570441695805718,2,0.2011614050201849,0.009317738185429346,0.0,0.050379272185987846,0.016346045603827027,0.008600261451922268,0.035623524993954825,0.035689140882139876,0.050379272185987846,0.00025903265223171083,0.0,0,0,0.0,0.0,26.02230486526044,0.03333333333333333,0.0,NORMAL,uta,data\raw\uta\normal\normal_027_7824066d.mp4,group_027,18,5105,5400,30.174210753027737,6.034842150605547,10.0
0.24276082813273128,0.1167770875006387,0.3272239246517501,0.055383516249384326,0.15892422430787678,0.21665817324371792,0.2865996897136998,0.3120946195676461,0.2104468371511114,0.0019905873600322027,0.08333333333333333,2,0.33140883391611436,0.27617402826342863,3,0.30174210753027736,0.0011692301058698561,0.0,0.03569153051241249,0.006297496677182044,0.0,0.0,0.0,0.03569153051241249,-8.01928340600421e-05,0.0,0,0,0.0,0.0,207.44708832480615,0.16666666666666666,0.0,NORMAL,uta,data\raw\uta\normal\normal_027_7824066d.mp4,group_027,19,5405,5700,30.174210753027737,6.034842150605547,10.0
0.2666978616915859,0.11268925984904114,0.312134207416764,0.04116222975222971,0.2189866500613598,0.2638187149476387,0.29210804428660553,0.2979984856046284,0.19944494756772285,6.557297364044504e-05,0.03333333333333333,2,0.33140883391611436,0.33140883391611436,1,0.10058070251009245,0.0040134553442303916,0.0,0.034401045807689073,0.011043515624286168,0.0,0.034401045807689073,0.034401045807689073,0.034401045807689073,-0.00017492057190350384,0.0,0,0,0.0,0.0,66.43438245611232,0.06666666666666667,0.0,NORMAL,uta,data\raw\uta\normal\normal_027_7824066d.mp4,group_027,20,5705,6000,30.174210753027737,6.034842150605547,10.0
0.15462157367700594,0.13193744872417565,0.16563754237378328,0.008007466264595343,0.1437410493034982,0.14992118717511266,0.16092008340557867,0.16405793415113587,0.03370009364960763,0.00015117318868402126,0.2542372881355932,5,0.8341666666666667,0.35750000000000004,7,0.7111532535261349,0.06739218849776676,0.010185010546583882,0.13529881549204828,0.030395881749167578,0.09062464815663135,0.10153392350942082,0.11536946751372402,0.1251138049454644,0.0012906991596939932,0.05084745762711865,3,1,0.16683333333333333,0.16683333333333333,2.29432049623427,1.271186440677966,0.006879600787731269,NORMAL,uta,data\raw\uta\normal\normal_028_772d3996.mp4,group_028,1,5,295,29.97002997002997,5.9940059940059935,10.0
0.16482698853142574,0.11709178081520634,0.18745915056237328,0.012620687568327885,0.1524159930886734,0.15760946153478972,0.1730788124938012,0.17824216846366953,0.07036736974716694,0.00029561170137227687,0.06779661016949153,2,0.33366666666666667,0.33366666666666667,2,0.20318664386460997,0.06714032770626022,0.022982433769802576,0.12285346031718171,0.027242010505399452,0.09012257128957404,0.1064532144065862,0.11084235742061106,0.09987102654737913,-0.001151981466702754,0.03389830508474576,2,1,0.16683333333333333,0.16683333333333333,2.4549259623303126,0.13559322033898305,0.0041645240785485324,NORMAL,uta,data\raw\uta\normal\normal_028_772d3996.mp4,group_028,2,300,590,29.97002997002997,5.9940059940059935,10.0
0.1637098895385457,0.11074242579313268,0.18045767445417527,0.012513499286200923,0.15670733811399792,0.16069268894997152,0.17045662548234042,0.17533932272319502,0.06971524866104259,-8.849626488554837e-05,0.06779661016949153,2,0.33366666666666667,0.33366666666666667,2,0.20318664386460997,0.06364812249377014,0.011233119126034608,0.13529881549204828,0.02540527553023628,0.07994665514031171,0.09287897580649437,0.1025683179394932,0.12406569636601367,-0.00019799112768460893,0.03389830508474576,1,2,0.33366666666666667,0.33366666666666667,2.5720682882088335,0.13559322033898305,0.004586400525154179,NORMAL,uta,data\raw\uta\normal\normal_028_772d3996.mp4,group_028,3,595,885,29.97002997002997,5.9940059940059935,10.0
0.1694854995976495,0.1554262196020614,0.18139117768037594,0.005473444424019346,0.16340271122107505,0.16658920779276773,0.17286774030611857,0.17673639543865216,0.02596495807831453,9.038475404883494e-07,0.0,0,0.0,0.0,0,0.0,0.07447841684856521,0.025700233102171358,0.13231722618695646,0.02491517645516285,0.09161656532157442,0.10535421453117547,0.11304826892501921,0.1066169930847851,2.4834680420730365e-05,0.03389830508474576,2,1,0.16683333333333333,0.16683333333333333,2.275601861145809,0.0,0.004485329701252761,NORMAL,uta,data\raw\uta\normal\normal_028_772d3996.mp4,group_028,4,890,1180,29.97002997002997,5.9940059940059935,10.0
0.16921552647538632,0.1391515242891495,0.18750018998931514,0.008303633502546509,0.1611148022818054,0.1652548475797583,0.17206264672652535,0.18095740746485864,0.04834866570016563,0.00014906688613650505,0.01694915254237288,1,0.16683333333333333,0.16683333333333333,1,0.10159332193230498,0.08575095863259825,0.03488136288643156,0.1227262335243029,0.01831074176904423,0.09429863713810205,0.11191621790311902,0.11432776438135044,0.08784487063787133,-9.200726665390457e-05,0.01694915254237288,1,1,0.16683333333333333,0.16683333333333333,1.9733138364848932,0.01694915254237288,0.002080105652954286,NORMAL,uta,data\raw\uta\normal\normal_028_772d3996.mp4,group_028,5,1185,1475,29.97002997002997,5.9940059940059935,10.0
0.166969317827764,0.11631511492499727,0.18184465784410117,0.009972055234671548,0.15672313982424688,0.16211953481193503,0.17338375857804597,0.1766491497505445,0.0655295429191039,0.00013581977332749335,0.05084745762711865,2,0.33366666666666667,0.25025000000000003,2,0.20318664386460997,0.08882133152361671,0.04433446909266302,0.12695817261134784,0.019161539383580953,0.10289878216959711,0.1134883876211269,0.12287621004687144,0.08262370351868482,-3.476415004348148e-05,0.06779661016949153,4,1,0.16683333333333333,0.16683333333333333,1.8798123733485763,0.1016949152542373,0.008607333736362565,NORMAL,uta,data\raw\uta\normal\normal_028_772d3996.mp4,group_028,6,1480,1770,29.97002997002997,5.9940059940059935,10.0
0.17163268028861572,0.15611810236143914,0.18541731527091243,0.006370789045241485,0.16290034714269558,0.16760847797749528,0.17567264848592556,0.17915244096037555,0.029299212909473293,0.00021095854703193775,0.0,0,0.0,0.0,0,0.0,0.10687878710521058,0.011233119126034608,0.1511274500970605,0.024228720573314357,0.12146520887042134,0.12562179648875224,0.13831825151558744,0.13989433097102588,-0.0002948343492488439,0.2711864406779661,10,3,0.5005000000000001,0.26693333333333336,1.6058478870252946,0.0,0.04098371528055878,NORMAL,uta,data\raw\uta\normal\normal_028_772d3996.mp4,group_028,7,1775,2070,29.97002997002997,5.9940059940059935,10.0
0.17241936383077794,0.1253594818335541,0.19158098984263722,0.012698782392776758,0.1555634316049792,0.16849510501354187,0.18023292539168054,0.18349054944518553,0.06622150800908311,-0.00042186608435714466,0.06779661016949153,3,0.5005000000000001,0.33366666666666667,2,0.20318664386460997,0.09040109844995381,0.015532370183662122,0.13517250067329376,0.023278434607992175,0.1013259113059967,0.12042708634177808,0.12546871394402015,0.11964013048963164,0.0001439927756846573,0.11864406779661017,4,2,0.33366666666666667,0.2919583333333334,1.9072495748119,0.2033898305084746,0.0160374153341196,NORMAL,uta,data\raw\uta\normal\normal_028_772d3996.mp4,group_028,8,2075,2370,29.97002997002997,5.9940059940059935,10.0
0.17012328788130388,0.15840497491786656,0.1833198157938486,0.005994320655985878,0.16242978685535234,0.16552912920491067,0.17433854563081985,0.1786960180786796,0.02491484087598203,-0.00015373159808952083,0.0,0,0.0,0.0,0,0.0,0.1008790886815273,0.011104943410879493,0.14500952165409173,0.02548820466970949,0.11612376188348925,0.1309613241341086,0.1331378809086312,0.13390457824321222,5.1864442135232306e-05,0.1864406779661017,5,4,0.6673333333333333,0.3670333333333334,1.6863911412525956,0.0,0.027035673528728967,NORMAL,uta,data\raw\uta\normal\normal_028_772d3996.mp4,group_028,9,2375,2670,29.97002997002997,5.9940059940059935,10.0
0.15046674613687397,0.0702047966298899,0.19561398475687852,0.029240900971207344,0.10379633088271392,0.13274647333557482,0.17088638614588358,0.17919777094828748,0.12540918812698862,0.0008026472687075164,0.3728813559322034,12,2.0020000000000002,1.2234444444444446,3,0.30477996579691496,0.07330589910670071,0.010972460765773606,0.17400069854435254,0.028922801290814794,0.091773050879692,0.10554789914532793,0.11631290206011273,0.16302823777857894,-0.00030703271352234765,0.05084745762711865,3,1,0.16683333333333333,0.16683333333333333,2.0525591447793263,4.474576271186441,0.00884749314632301,NORMAL,uta,data\raw\uta\normal\normal_028_772d3996.mp4,group_028,10,2675,3125,29.97002997002997,5.9940059940059935,10.0
0.1637979334077691,0.10782270581191603,0.19054085509952795,0.018983730072700253,0.13266646683338904,0.152848830200364,0.17938288955976756,0.18575914537080845,0.08271814928761193,0.0007469447739529246,0.23728813559322035,4,0.6673333333333333,0.33366666666666667,7,0.7111532535261349,0.05895613292581482,0.02373964583751266,0.1762200600381847,0.02854629815274266,0.07150060881757225,0.09670135886357875,0.11196961913782433,0.15248041420067204,-0.0003293222661182168,0.05084745762711865,2,2,0.33366666666666667,0.25025000000000003,2.7782547298199596,0.9491525423728814,0.0089603420358399,NORMAL,uta,data\raw\uta\normal\normal_028_772d3996.mp4,group_028,11,3140,3485,29.97002997002997,5.9940059940059935,10.0
0.1625244167424054,0.1268674665283243,0.18424536318428444,0.012539837520079764,0.14272093891709683,0.15471290930538206,0.17066060854956236,0.17844818170653262,0.05737789665596013,-0.0001823845146595518,0.13559322033898305,2,0.33366666666666667,0.19066666666666668,7,0.7111532535261349,0.08170270993857033,0.02426927123360712,0.20142760411974486,0.031473227569336744,0.09557434259009007,0.11734727544559329,0.1319844801541683,0.17715833288613775,-4.907957199360402e-05,0.0847457627118644,5,1,0.16683333333333333,0.16683333333333333,1.9891926188492643,0.2711864406779661,0.01707013594235126,NORMAL,uta,data\raw\uta\normal\normal_028_772d3996.mp4,group_028,12,3490,3870,29.97002997002997,5.9940059940059935,10.0
0.15718254600853165,0.11994149114370575,0.1802215154187722,0.014472544659359442,0.13897972988503846,0.147110502490699,0.16868141758307853,0.17252514614184308,0.06028002427506646,0.00013145847063338135,0.3220338983050847,4,0.6673333333333333,0.3962291666666667,8,0.8127465754584399,0.07618480522729333,0.031051633276383567,0.1688645637918786,0.028270401240191607,0.09822742872032367,0.11334113546160028,0.12716196878781474,0.13781293051549504,0.0002024295092188823,0.1016949152542373,6,1,0.16683333333333333,0.16683333333333333,2.0631474004848016,1.2881355932203389,0.017172667504258842,NORMAL,uta,data\raw\uta\normal\normal_028_772d3996.mp4,group_028,13,3875,4275,29.97002997002997,5.9940059940059935,10.0
0.15310224287927174,0.11549653570562596,0.18429918069225204,0.015851687344715856,0.12993724302989157,0.14492585912026845,0.16471920229409673,0.17042177292034164,0.06880264498662608,-0.0001479058061682038,0.3559322033898305,5,0.8341666666666667,0.38927777777777783,9,0.9143398973907448,0.062031614370193604,0.009916556173432378,0.12492494745645803,0.027186793280977402,0.08412444778607868,0.09650768266705993,0.10239654613052902,0.11500839128302566,1.0177246924591052e-05,0.03389830508474576,2,1,0.16683333333333333,0.16683333333333333,2.4680927030674478,1.7796610169491525,0.004234743981574848,NORMAL,uta,data\raw\uta\normal\normal_028_772d3996.mp4,group_028,14,4280,4685,29.97002997002997,5.9940059940059935,10.0
0.15779006202061757,0.06169647963182112,0.18693184379932531,0.020975280718504463,0.14034828301054417,0.148527334904209,0.17260268973329443,0.17691467248450943,0.1252353641675042,-0.00020103988621836274,0.288135593220339,9,1.5015,0.4051666666666667,7,0.7111532535261349,0.09541921529434276,0.021972715840335277,0.18061194438487543,0.043617678849145,0.12653543151803734,0.16105374375555492,0.17329492387916517,0.15863922854454016,-2.2659567767719966e-05,0.3050847457627119,12,2,0.33366666666666667,0.25025000000000003,1.6536334730945903,2.593220338983051,0.05510194913436878,NORMAL,uta,data\raw\uta\normal\normal_028_772d3996.mp4,group_028,15,4695,5175,29.97002997002997,5.9940059940059935,10.0
0.166728483798092,0.12556540753084924,0.18692204837815446,0.013136093439466997,0.14741473620615214,0.15897993401237695,0.17561970904703506,0.18051816451690475,0.061356640847305216,7.49351402874491e-05,0.13559322033898305,3,0.5005000000000001,0.22244444444444444,6,0.6095599315938299,0.09450071172723426,0.029422902211512194,0.17437879603325013,0.03246167754427143,0.11222781042291527,0.13685032899984806,0.1578042149749585,0.14495589382173793,-0.0001886609407254593,0.23728813559322035,8,3,0.5005000000000001,0.2919583333333334,1.7642906223680903,0.4067796610169492,0.04137801939772037,NORMAL,uta,data\raw\uta\normal\normal_028_772d3996.mp4,group_028,16,5190,5595,29.97002997002997,5.9940059940059935,10.0
0.1692215726987559,0.1366150569772492,0.1834674342599818,0.00874808600176542,0.15827786332145632,0.164815408903177,0.1756139663425932,0.1781352158550908,0.04685237728273259,-0.00014562406873696977,0.03389830508474576,2,0.33366666666666667,0.33366666666666667,1,0.10159332193230498,0.07476368502132842,0.025084804565425216,0.1459201146307426,0.022997805624468546,0.08890122625484567,0.10193945292212875,0.11262040680054808,0.12083531006531736,0.0005187715654351441,0.05084745762711865,2,2,0.33366666666666667,0.25025000000000003,2.2633890940686956,0.06779661016949153,0.007419666845630979,NORMAL,uta,data\raw\uta\normal\normal_028_772d3996.mp4,group_028,17,5600,5945,29.97002997002997,5.9940059940059935,10.0
0.14838273751974945,0.09231142171597112,0.18146971025986658,0.022213428705337192,0.12060701593524148,0.13000899898504104,0.16715844306679833,0.17231799673198223,0.08915828854389546,-0.0007636078498937331,0.4915254237288136,19,3.1698333333333335,0.9676333333333333,5,0.507966609661525,0.09128659391709859,0.011229577231219767,0.19162578911309025,0.034888493253906805,0.10646509339330018,0.13287991284485845,0.16455437694440717,0.1803962118818705,2.2187202462214174e-06,0.1694915254237288,7,2,0.33366666666666667,0.23833333333333337,1.625442528965118,9.338983050847459,0.032478947307303434,NORMAL,uta,data\raw\uta\normal\normal_028_772d3996.mp4,group_028,18,5950,6440,29.97002997002997,5.9940059940059935,10.0
0.15398084047509666,0.06006108635807077,0.1975815025803737,0.03463278427303122,0.09745149435046718,0.12603894276614364,0.18006829109356767,0.18420174497293287,0.13752041622230293,0.0010200852043934317,0.3220338983050847,16,2.6693333333333333,0.7924583333333334,4,0.40637328772921993,0.07504849638702235,0.022725805457654537,0.18759915621687082,0.03568759688026403,0.08759054164981585,0.12359194752888196,0.14222583427814772,0.16487335075921628,-0.00022581324265055267,0.11864406779661017,6,2,0.33366666666666667,0.19463888888888892,2.0517238341085418,5.1525423728813555,0.022257527008781284,NORMAL,uta,data\raw\uta\normal\normal_028_772d3996.mp4,group_028,19,6450,6955,29.97002997002997,5.9940059940059935,10.0
0.1646195733062814,0.07938600621018915,0.2082575814947837,0.031026785863992615,0.10587906065095905,0.1603686743934164,0.18313407289737438,0.19153250334922214,0.12887157528459456,0.00045412126460534896,0.15254237288135594,2,0.33366666666666667,0.21450000000000002,7,0.7111532535261349,0.08801825300757328,0.0,0.171711566814932,0.03849734123237394,0.11474357476198505,0.13379176782668997,0.14662258428401898,0.171711566814932,-0.0006395787841199259,0.22033898305084745,9,3,0.5005000000000001,0.2409814814814815,1.8702677843916415,0.3050847457627119,0.037834752010069764,NORMAL,uta,data\raw\uta\normal\normal_028_772d3996.mp4,group_028,20,6965,7445,29.97002997002997,5.9940059940059935,10.0
0.16890229787386166,0.11423295561081137,0.20388224469622235,0.021503959130348107,0.1379959618001927,0.1524796485098961,0.1864646966860033,0.19603977797919095,0.08964928908541098,-7.824669891650667e-05,0.2033898305084746,3,0.5005191271760919,0.28601092981490966,7,0.7111260770352278,0.041794908849382924,0.0,0.09903417466743301,0.01914900917676245,0.05574513610066167,0.06507889949712382,0.078932843603577,0.09903417466743301,-0.0005428197995878711,0.0,0,0,0.0,0.0,4.041120351815374,0.6101694915254238,0.0,SONOLENTO,uta,data\raw\uta\drowsiness\drowsy_001_e59b09fc.mov,group_001,1,5,475,29.968884675056024,5.993776935011205,10.0
0.1467810140222134,0.0894883078951586,0.18173611067639506,0.023385998049776136,0.11306171537032288,0.13097052597835213,0.1679814550983883,0.17299436844729452,0.09224780278123645,-0.000469638384136972,0.5084745762711864,6,1.0010382543521839,0.5561323635289911,9,0.91430495618815,0.0392106634950907,0.0,0.1457515808355511,0.027862164730083062,0.04271788288583805,0.0639800895722778,0.11204085244413652,0.1457515808355511,-0.00033562311301276376,0.03389830508474576,2,1,0.16683970905869733,0.16683970905869733,3.7432998485409934,3.0508474576271185,0.004940731553747494,SONOLENTO,uta,data\raw\uta\drowsiness\drowsy_001_e59b09fc.mov,group_001,2,480,825,29.968884675056024,5.993776935011205,10.0
0.15737355344915793,0.12873352762051923,0.17959915722901076,0.011239386825416923,0.14310757416991432,0.14863176996991306,0.16593419803076037,0.17021592421296625,0.05086562960849153,8.039013825242255e-06,0.2711864406779661,3,0.5005191271760919,0.2426759404490143,11,1.117483835341072,0.050758107303312774,0.0,0.08560777901866519,0.020822667788961798,0.061709586897043874,0.07745055563000118,0.07906297196223068,0.08560777901866519,0.0005265385706086882,0.0,0,0,0.0,0.0,3.1004003381849663,0.8135593220338984,0.0,SONOLENTO,uta,data\raw\uta\drowsiness\drowsy_001_e59b09fc.mov,group_001,3,830,1120,29.968884675056024,5.993776935011205,10.0
0.15008614634308104,0.1155151019087686,0.1699439318311845,0.012436075864448616,0.133038974930894,0.13997436570473668,0.1597316732978935,0.16480254460120178,0.054428829922415906,-0.0001740506440047005,0.4406779661016949,5,0.8341985452934866,0.43378324355261305,10,1.0158943957646112,0.045346195022523655,0.019473541261232866,0.09757142403137058,0.01639814252381304,0.055194732466088164,0.06925792868307683,0.07266103714341755,0.07809788277013771,0.0001146089894480071,0.0,0,0,0.0,0.0,3.3097117973566883,2.2033898305084745,0.0,SONOLENTO,uta,data\raw\uta\drowsiness\drowsy_001_e59b09fc.mov,group_001,4,1125,1430,29.968884675056024,5.993776935011205,10.0
0.16425924379625575,0.12461582083390635,0.20639628393187587,0.01682417318654048,0.14583578098988137,0.15246309267597388,0.1773417117380242,0.1835709990700222,0.08178046309796952,0.0005854950443339974,0.1694915254237288,2,0.33367941811739465,0.33367941811739465,5,0.5079471978823056,0.038484620732082905,0.0,0.09374084606744877,0.017027059377711467,0.043544162022763684,0.06085118468931532,0.06957599183616416,0.09374084606744877,-0.00027019036658918085,0.0,0,0,0.0,0.0,4.268067934768263,0.3389830508474576,0.0,SONOLENTO,uta,data\raw\uta\drowsiness\drowsy_001_e59b09fc.mov,group_001,5,1435,1725,29.968884675056024,5.993776935011205,10.0
0.15473775445326535,0.10292896261207019,0.20048199443418557,0.022695429043257567,0.11993774382384775,0.14264243507060798,0.17100316269006766,0.1820859139056993,0.09755303182211539,0.0007107082143722037,0.3559322033898305,13,2.168916217763065,0.875908472558161,4,0.4063577583058444,0.04573170328700846,0.0,0.12048027337721413,0.017113618106058038,0.05378154772652442,0.05858798342899261,0.06448961384560924,0.12048027337721413,-2.54525506647486e-05,0.01694915254237288,1,1,0.16683970905869733,0.16683970905869733,3.3835252091302146,4.627118644067797,0.0020420385318171887,SONOLENTO,uta,data\raw\uta\drowsiness\drowsy_001_e59b09fc.mov,group_001,6,1730,2370,29.968884675056024,5.993776935011205,10.0
0.15208671065335905,0.07555241781997835,0.19336889751109987,0.022472063025185115,0.12586619081632225,0.14809667491898032,0.16548819639597315,0.16947832266565707,0.11781647969112152,-0.0004007317935137032,0.2711864406779661,5,0.8341985452934866,0.2966039272154619,9,0.91430495618815,0.060312788980303705,0.0,0.3870613428770903,0.0716101000267805,0.05410058172927204,0.08435285353967481,0.22908201895391425,0.3870613428770903,0.0008849815003648866,0.06779661016949153,3,2,0.33367941811739465,0.2224529454115964,2.5215910528026195,1.3559322033898304,0.02624144697471799,SONOLENTO,uta,data\raw\uta\drowsiness\drowsy_001_e59b09fc.mov,group_001,7,2375,2690,29.968884675056024,5.993776935011205,10.0
0.15927017520351933,0.1349382718633524,0.18365514470896221,0.010297959939927296,0.14576263804226572,0.15301711207391627,0.16453158585638342,0.17145034053314148,0.04871687284560983,4.972473506426207e-05,0.1694915254237288,2,0.33367941811739465,0.23834244151242476,7,0.7111260770352278,0.025531345347790443,0.0,0.05177803730784978,0.011901309919127082,0.032009219983223994,0.033520076157699544,0.046521905721236434,0.05177803730784978,0.00020430846044978306,0.0,0,0,0.0,0.0,6.237976693249705,0.3389830508474576,0.0,SONOLENTO,uta,data\raw\uta\drowsiness\drowsy_001_e59b09fc.mov,group_001,8,2695,2985,29.968884675056024,5.993776935011205,10.0
0.15227637837287816,0.1087562326094047,0.1716003202512556,0.01118343586893326,0.13862339425577297,0.14554467318391573,0.16045465714351462,0.16469007375592942,0.0628440876418509,-7.127353210063029e-05,0.4067796610169492,5,0.8341985452934866,0.4004153017408736,10,1.0158943957646112,0.03147809785430959,0.0,0.06271472455890649,0.012250778222106445,0.03133045266835307,0.04870474949522026,0.04958034310906081,0.06271472455890649,9.064255525289603e-05,0.0,0,0,0.0,0.0,4.837380635164264,2.0338983050847457,0.0,SONOLENTO,uta,data\raw\uta\drowsiness\drowsy_001_e59b09fc.mov,group_001,9,2990,3280,29.968884675056024,5.993776935011205,10.0
0.14643786995977875,0.10349297384844917,0.1750749873776543,0.0152367038047421,0.12514337942697834,0.14036577579740883,0.1557907277318364,0.16592984626584045,0.07158201352920514,-0.00045106955664199206,0.576271186440678,9,1.501557381528276,0.7090687634994636,8,0.8127155166116888,0.03695237066151857,0.0,0.20513217183267982,0.04377222651615284,0.032052334206324445,0.0509932200479368,0.1763457732320178,0.20513217183267982,0.00035699358680736014,0.06779661016949153,1,4,0.6673588362347893,0.6673588362347893,3.962774365053307,5.186440677966102,0.013907265886961343,SONOLENTO,uta,data\raw\uta\drowsiness\drowsy_001_e59b09fc.mov,group_001,10,3285,3575,29.968884675056024,5.993776935011205,10.0
0.1363150163153429,0.07272619071655721,0.16945757890293678,0.019760652495996123,0.11153076655863722,0.126520373905897,0.14761257652569876,0.16047575379052118,0.09673138818637957,0.0005562886910747676,0.8135593220338984,34,5.672550107995709,2.0020765087043677,4,0.4063577583058444,0.032950077397760937,0.0,0.16132180102922528,0.03073982783378498,0.044610006137483164,0.05132121140503886,0.08686421918601635,0.16132180102922528,-0.00038851569148475496,0.05084745762711865,2,2,0.33367941811739465,0.25025956358804596,4.136891023921593,27.661016949152543,0.008202803442163998,SONOLENTO,uta,data\raw\uta\drowsiness\drowsy_001_e59b09fc.mov,group_001,11,3580,3885,29.968884675056024,5.993776935011205,10.0
0.15491072171594597,0.06792432101097795,0.1921541138709072,0.021131394912032444,0.13831353023827261,0.14639020427349184,0.16599816558009195,0.17483014757279955,0.12422979285992924,-0.00021263465412473735,0.288135593220339,4,0.6673588362347893,0.3151416726664283,9,0.91430495618815,0.04218367911459235,0.0,0.08899883189799697,0.020662922853921073,0.06124447865140027,0.06456310120558006,0.06752963807970214,0.08899883189799697,0.0003809780646038229,0.0,0,0,0.0,0.0,3.6722033915474275,1.152542372881356,0.0,SONOLENTO,uta,data\raw\uta\drowsiness\drowsy_001_e59b09fc.mov,group_001,12,3890,4220,29.968884675056024,5.993776935011205,10.0
0.14528829786562317,0.1073977814575606,0.16986394318592293,0.013694071260274193,0.12601351052326745,0.14122212470884304,0.15236657382150415,0.15975244455394177,0.062466161728362335,0.00011514733715656566,0.6440677966101694,12,2.0020765087043677,0.6339908944230498,10,1.0158943957646112,0.04220292642502644,0.020672455764868078,0.06552624114224011,0.011162272818189625,0.04633404945734292,0.05913997248587973,0.06271840374153795,0.04485378537737203,-0.00013643720352321623,0.0,0,0,0.0,0.0,3.442530356120346,7.728813559322033,0.0,SONOLENTO,uta,data\raw\uta\drowsiness\drowsy_001_e59b09fc.mov,group_001,13,4225,4550,29.968884675056024,5.993776935011205,10.0
0.150290205529815,0.11528801299708269,0.17408959222817544,0.010870816291435707,0.13682181726097845,0.14353772221599037,0.15802590486977075,0.16326869714179199,0.05880157923109275,-9.843768375708824e-05,0.4576271186440678,4,0.6673588362347893,0.3217622960417734,14,1.4222521540704556,0.04882329415253012,0.020721216851891204,0.0839772956084863,0.013517876400139782,0.06186027755843723,0.06358667310995209,0.06911506597472634,0.06325607875659509,0.000383624805128375,0.0,0,0,0.0,0.0,3.0781849105754424,1.8305084745762712,0.0,SONOLENTO,uta,data\raw\uta\drowsiness\drowsy_001_e59b09fc.mov,group_001,14,4555,5090,29.968884675056024,5.993776935011205,10.0
0.15988599668954262,0.097312161618342,0.2128678246149907,0.022685442711434266,0.12851553308455063,0.1450454751296909,0.17416604029707697,0.18558239239855445,0.11555566299664871,0.00032373592181756164,0.3220338983050847,6,1.0010382543521839,0.45285063887360705,7,0.7111260770352278,0.05465210391490588,0.0,0.2082698222848437,0.033215911258997075,0.06580405059387454,0.0901417287518497,0.10921015328756925,0.2082698222848437,-0.00015789023513151465,0.03389830508474576,2,1,0.16683970905869733,0.16683970905869733,2.925469648320119,1.9322033898305082,0.007059993975757414,SONOLENTO,uta,data\raw\uta\drowsiness\drowsy_001_e59b09fc.mov,group_001,15,5095,5490,29.968884675056024,5.993776935011205,10.0
0.1624633886254843,0.10497306776827978,0.19224445697345904,0.018164595182644013,0.14248786881007228,0.14956013080712535,0.17906406559810878,0.18381032539236503,0.08727138920517927,-3.673042889591733e-05,0.288135593220339,5,0.8341985452934866,0.47271250899964246,6,0.6095366374587666,0.04092726817865461,0.019806834933486603,0.09011062671431001,0.015283942305938844,0.045398301408931134,0.06204662394681811,0.06485132085934035,0.07030379178082341,2.5664566084792096e-05,0.0,0,0,0.0,0.0,3.969466480143279,1.440677966101695,0.0,SONOLENTO,uta,data\raw\uta\drowsiness\drowsy_001_e59b09fc.mov,group_001,16,5495,5870,29.968884675056024,5.993776935011205,10.0
0.1631645278701607,0.06569771621264507,0.29177458603858514,0.02836129968345782,0.1352517408478333,0.14958613813869062,0.17968125087998688,0.18365552298677446,0.22607686982594005,-0.0004353929028819913,0.2542372881355932,4,0.6673588362347893,0.25025956358804596,10,1.0158943957646112,0.06659870910054992,0.0,0.38472644883503004,0.0872792438693493,0.05064800013231814,0.20052432137155607,0.2826094249181912,0.38472644883503004,-0.0008657817253250415,0.15254237288135594,2,7,1.1678779634108813,0.750778690764138,2.449928536832204,1.0169491525423728,0.05868708541551306,SONOLENTO,uta,data\raw\uta\drowsiness\drowsy_001_e59b09fc.mov,group_001,17,5875,6455,29.968884675056024,5.993776935011205,10.0
0.16354262672676298,0.12461174848142806,0.20069850045306437,0.015669220510760012,0.14403675588966858,0.1514906650920552,0.1752181846096197,0.17992414941901055,0.07608675197163631,0.00030591523458353025,0.22033898305084745,5,0.8341985452934866,0.7229720725876884,3,0.3047683187293833,0.0413637538625398,0.020302737602678898,0.08231408027717518,0.013074882194481016,0.046423834544262965,0.05885519347369876,0.06192721412094261,0.06201134267449629,-0.0002167202718485293,0.0,0,0,0.0,0.0,3.9536709748167578,1.1016949152542372,0.0,SONOLENTO,uta,data\raw\uta\drowsiness\drowsy_001_e59b09fc.mov,group_001,18,6460,6750,29.968884675056024,5.993776935011205,10.0
0.159665190338057,0.11212456817324397,0.1931677584766418,0.015722797033801462,0.1401928632994011,0.148052303977858,0.17152668404765423,0.1789680655678301,0.08104319030339784,-0.00045340423478607716,0.3220338983050847,10,1.6683970905869732,0.6339908944230498,5,0.5079471978823056,0.04817768466234281,0.020302737602678898,0.08371033162504457,0.01332992442127039,0.06124447865140027,0.0642267780932526,0.06550892698411521,0.06340759402236568,-4.05095392697094e-05,0.0,0,0,0.0,0.0,3.3140213656113726,3.2203389830508473,0.0,SONOLENTO,uta,data\raw\uta\drowsiness\drowsy_001_e59b09fc.mov,group_001,19,6755,7215,29.968884675056024,5.993776935011205,10.0
0.1621159029946962,0.10606093115364754,0.19321109382805082,0.01920977850289379,0.138278885256613,0.14853502007274333,0.17453736284265442,0.18683931517938826,0.08715016267440329,-5.350384470931309e-05,0.2711864406779661,6,1.0010382543521839,0.4449058908231928,6,0.6095366374587666,0.035089081020490666,0.0,0.06708203932499368,0.015151282557590105,0.04144243370378241,0.05991590417532936,0.06293167755275526,0.06708203932499368,0.0004107178339217377,0.0,0,0,0.0,0.0,4.619992267901276,1.6271186440677967,0.0,SONOLENTO,uta,data\raw\uta\drowsiness\drowsy_001_e59b09fc.mov,group_001,20,7220,7510,29.968884675056024,5.993776935011205,10.0
0.16626124812181248,0.04241240036249211,0.20495530891449734,0.03376647774165445,0.12638874589819193,0.15511513724052114,0.18709072769406343,0.19840118611250382,0.16254290855200523,0.000213738870920805,0.23728813559322035,3,0.5005186493047893,0.3336790995365262,7,0.7111267559844442,0.025340556407146077,0.0,0.08619408625422392,0.016601796897121743,0.028567054465470632,0.04054249985784396,0.055081331046058404,0.08619408625422392,-0.00048547256203151223,0.0,0,0,0.0,0.0,6.560814397134991,0.711864406779661,0.0,SONOLENTO,uta,data\raw\uta\drowsiness\drowsy_002_1e22d8f0.mov,group_002,1,5,315,29.968913287915868,5.993782657583173,10.0
0.15869925678189561,0.10286701263721887,0.2038682517262782,0.018555233607896238,0.13129889564297662,0.14869950631399814,0.17189691980335908,0.17768493780578032,0.10100123908905934,8.235982288995502e-05,0.2711864406779661,3,0.5005186493047893,0.38134754232745843,7,0.7111267559844442,0.016587800174357754,0.0,0.02719641466102106,0.008469870936593897,0.019228991731056216,0.026185548493043817,0.02667900125922502,0.02719641466102106,-3.454951255980485e-05,0.0,0,0,0.0,0.0,9.566650698897803,0.8135593220338984,0.0,SONOLENTO,uta,data\raw\uta\drowsiness\drowsy_002_1e22d8f0.mov,group_002,2,320,610,29.968913287915868,5.993782657583173,10.0
0.170187782127341,0.1259805295619577,0.19255778060033665,0.013801112696174025,0.1569279756581236,0.16275343447870966,0.18130737381705042,0.1861737661492645,0.06657725103837894,-0.0001221278347119789,0.05084745762711865,1,0.1668395497682631,0.1668395497682631,3,0.304768609707619,0.018842462953223962,0.0,0.037030688012041894,0.008937420046533182,0.02618465060531822,0.026678526425610413,0.027784571533201408,0.037030688012041894,1.9881811493055327e-05,0.0,0,0,0.0,0.0,9.03166167226302,0.05084745762711865,0.0,SONOLENTO,uta,data\raw\uta\drowsiness\drowsy_002_1e22d8f0.mov,group_002,3,615,905,29.968913287915868,5.993782657583173,10.0
0.16892705530781849,0.13739933148675165,0.19293641663788913,0.011766375734151244,0.15609226992543143,0.15946743391213095,0.17742369942044509,0.1825936716913478,0.05553708515113748,-0.00019617914428687557,0.05084745762711865,1,0.1668395497682631,0.1668395497682631,3,0.304768609707619,0.01847105607757013,0.0,0.028855492841238065,0.009544307449862002,0.02667141151895464,0.027298807715801444,0.02827918160547907,0.028855492841238065,2.8162470056343745e-05,0.0,0,0,0.0,0.0,9.1450055477549,0.05084745762711865,0.0,SONOLENTO,uta,data\raw\uta\drowsiness\drowsy_002_1e22d8f0.mov,group_002,4,910,1200,29.968913287915868,5.993782657583173,10.0
0.17079768788995428,0.148913641081932,0.1896711819449447,0.009728025938199089,0.15756806299139986,0.16414179989072686,0.17754728052107474,0.18353298308501223,0.0407575408630127,6.529711570808392e-05,0.01694915254237288,1,0.1668395497682631,0.1668395497682631,1,0.10158953656920632,0.016499613684437472,0.0,0.028855492841238065,0.009723717232760424,0.020403914662519312,0.027835202137997745,0.0282786160897032,0.028855492841238065,-1.3649146839906067e-05,0.0,0,0,0.0,0.0,10.350990039300287,0.01694915254237288,0.0,SONOLENTO,uta,data\raw\uta\drowsiness\drowsy_002_1e22d8f0.mov,group_002,5,1205,1495,29.968913287915868,5.993782657583173,10.0
0.16046208190159483,0.1095703770116107,0.18710828388238554,0.016429126611124507,0.1384855051739499,0.15556779618100308,0.17105340642720576,0.17551194865500452,0.07753790687077484,6.288372801379905e-05,0.2033898305084746,3,0.5005186493047893,0.3336790995365262,6,0.609537219415238,0.01390112417573018,0.0,0.028855492841238065,0.01028788474742834,0.01999600119960014,0.02628342576937666,0.0282786160897032,0.028855492841238065,0.0001636666956199347,0.0,0,0,0.0,0.0,11.542270797848554,0.6101694915254238,0.0,SONOLENTO,uta,data\raw\uta\drowsiness\drowsy_002_1e22d8f0.mov,group_002,6,1500,1790,29.968913287915868,5.993782657583173,10.0
0.16630643555027935,0.09070702944008033,0.1890066024879195,0.015201633084976412,0.1562179058665769,0.15995467875098818,0.17499654722985425,0.18256455062122195,0.09829957304783918,9.370861018269023e-05,0.05084745762711865,2,0.3336790995365262,0.25025932465239464,2,0.20317907313841263,0.01616897662668489,0.0,0.028855492841238065,0.009915339021751698,0.02019359297837739,0.02772434865007138,0.0282786160897032,0.028855492841238065,-7.966994783632244e-05,0.0,0,0,0.0,0.0,10.284890287090965,0.1016949152542373,0.0,SONOLENTO,uta,data\raw\uta\drowsiness\drowsy_002_1e22d8f0.mov,group_002,7,1795,2085,29.968913287915868,5.993782657583173,10.0
0.17163332167418885,0.11034223710009469,0.19336235734460056,0.012859887241914569,0.1594117743646364,0.1675910912083007,0.1780504416569127,0.1834667568650843,0.08302012024450586,-0.00011459453712155514,0.05084745762711865,3,0.5005186493047893,0.5005186493047893,1,0.10158953656920632,0.019115729332420933,0.0,0.03845442846268641,0.010028737777945428,0.02744235059742759,0.02772434865007138,0.0282786160897032,0.03845442846268641,6.029559400429127e-05,0.0,0,0,0.0,0.0,8.978173969493206,0.15254237288135594,0.0,SONOLENTO,uta,data\raw\uta\drowsiness\drowsy_002_1e22d8f0.mov,group_002,8,2090,2380,29.968913287915868,5.993782657583173,10.0
0.17474378636325527,0.11909834753564677,0.20157291260920498,0.011286133387420232,0.1667170675142587,0.17219785754959838,0.1792800296057001,0.1835654746360305,0.08247456507355821,-6.982476804682269e-06,0.05084745762711865,3,0.5005186493047893,0.5005186493047893,1,0.10158953656920632,0.018933073865497883,0.0,0.02772434865007138,0.00880119863186982,0.02667141151895464,0.02719138713261855,0.027708379934922978,0.02772434865007138,-7.90236117107094e-05,0.0,0,0,0.0,0.0,9.229064363252407,0.15254237288135594,0.0,SONOLENTO,uta,data\raw\uta\drowsiness\drowsy_002_1e22d8f0.mov,group_002,9,2385,2680,29.968913287915868,5.993782657583173,10.0
0.172312825674394,0.15212707108559154,0.18634655737309408,0.007844877937574664,0.16435856200101454,0.16671694149369806,0.17825328390235046,0.1830507767327363,0.03421948628750254,-7.311043774663828e-05,0.0,0,0.0,0.0,0,0.0,0.017673558599500025,0.0,0.0282786160897032,0.010043749114897851,0.0271763212599322,0.027708379934922978,0.02772434865007138,0.0282786160897032,8.60845868099317e-05,0.0,0,0,0.0,0.0,9.749201073641993,0.0,0.0,SONOLENTO,uta,data\raw\uta\drowsiness\drowsy_002_1e22d8f0.mov,group_002,10,2685,2975,29.968913287915868,5.993782657583173,10.0
0.1682462928513762,0.12916829081449602,0.1864576744181224,0.011239958996909306,0.15177028823173055,0.16174233386568007,0.17776436073320082,0.17930601519305972,0.05728938360362637,-7.448801050657414e-05,0.06779661016949153,4,0.6673581990730524,0.6673581990730524,1,0.10158953656920632,0.017377869138692558,0.0,0.02772434865007138,0.009825097326149218,0.026171196129510688,0.02719138713261855,0.02719138713261855,0.02772434865007138,1.1916670341055416e-05,0.0,0,0,0.0,0.0,9.68108405148125,0.2711864406779661,0.0,SONOLENTO,uta,data\raw\uta\drowsiness\drowsy_002_1e22d8f0.mov,group_002,11,2980,3270,29.968913287915868,5.993782657583173,10.0
0.16912817142870265,0.11169713864710276,0.1824774325635617,0.010645113010987962,0.16136128349713924,0.16646151673352066,0.17522284258064,0.1792800296057001,0.07078029391645893,-5.844071344015169e-05,0.03389830508474576,2,0.3336790995365262,0.3336790995365262,1,0.10158953656920632,0.011982892855488585,0.0,0.0282786160897032,0.010972299359616489,0.019592783347677303,0.02717933443446947,0.027709976806437817,0.0282786160897032,5.496983072953838e-05,0.0,0,0,0.0,0.0,14.112957572984516,0.06779661016949153,0.0,SONOLENTO,uta,data\raw\uta\drowsiness\drowsy_002_1e22d8f0.mov,group_002,12,3275,3565,29.968913287915868,5.993782657583173,10.0
0.17176265724859716,0.15625159525538282,0.18312302174113798,0.006830290207214185,0.16194727717304905,0.16678627979160873,0.17776436073320082,0.18073847762829032,0.026871426485755162,-1.5377964850362447e-06,0.0,0,0.0,0.0,0,0.0,0.02337077016359809,0.0,0.02772434865007138,0.0064534545668575765,0.0271763212599322,0.027708379934922978,0.027709976806437817,0.02772434865007138,7.726152147149541e-05,0.0,0,0,0.0,0.0,7.3491505370064045,0.0,0.0,SONOLENTO,uta,data\raw\uta\drowsiness\drowsy_002_1e22d8f0.mov,group_002,13,3570,3860,29.968913287915868,5.993782657583173,10.0
0.1700113652807063,0.12310888094824171,0.18710828388238554,0.011398852332944678,0.1584334240067601,0.16650981065346235,0.17758095168798954,0.18169504861337923,0.06399940293414383,0.00024629651332877734,0.06779661016949153,4,0.6673581990730524,0.6673581990730524,1,0.10158953656920632,0.02125875722519622,0.0,0.0282786160897032,0.007447570289081692,0.026678526425610413,0.02719138713261855,0.02719138713261855,0.0282786160897032,-1.5427161070462072e-05,0.0,0,0,0.0,0.0,7.996862968840283,0.2711864406779661,0.0,SONOLENTO,uta,data\raw\uta\drowsiness\drowsy_002_1e22d8f0.mov,group_002,14,3865,4155,29.968913287915868,5.993782657583173,10.0
0.1770912119837025,0.14357644802300268,0.20582467970129484,0.013228636581185747,0.1614859247934004,0.17259396567810922,0.18784213897704743,0.19024654324630286,0.06224823167829216,0.00031180035828072073,0.06779661016949153,3,0.5005186493047893,0.3336790995365262,2,0.20317907313841263,0.019686604966081687,0.0,0.0282786160897032,0.007621784541026434,0.026678526425610413,0.02719138713261855,0.02724920805992609,0.0282786160897032,-0.00011878537764944163,0.0,0,0,0.0,0.0,8.995061221961727,0.2033898305084746,0.0,SONOLENTO,uta,data\raw\uta\drowsiness\drowsy_002_1e22d8f0.mov,group_002,15,4160,4450,29.968913287915868,5.993782657583173,10.0
0.17208070995438784,0.12012263100562973,0.20443358521959965,0.016871480904729515,0.1559725902727058,0.1666534248169211,0.18045857619458072,0.19424197596111206,0.08431095421396992,-0.00044335690978706643,0.0847457627118644,3,0.5005186493047893,0.2780659162804385,3,0.304768609707619,0.020008352911216394,0.0,0.04218996183961868,0.009324790216968342,0.026678526425610413,0.026678526425610413,0.02719138713261855,0.04218996183961868,4.597441195743831e-05,0.0,0,0,0.0,0.0,8.60001373947114,0.2542372881355932,0.0,SONOLENTO,uta,data\raw\uta\drowsiness\drowsy_002_1e22d8f0.mov,group_002,16,4455,4745,29.968913287915868,5.993782657583173,10.0
0.16593379433779679,0.14175373744138375,0.18526882596393848,0.011411826697918685,0.1520925238091713,0.15684252078727295,0.17661998765561196,0.1794517644046853,0.04351508852255473,-0.00017336712288983542,0.0847457627118644,2,0.3336790995365262,0.2780659162804385,3,0.304768609707619,0.01935597876802368,0.0,0.04218245406095978,0.009517447774552464,0.027183854196275375,0.02772434865007138,0.02777808087978535,0.04218245406095978,-8.456092826771603e-05,0.0,0,0,0.0,0.0,8.572298204506343,0.1694915254237288,0.0,SONOLENTO,uta,data\raw\uta\drowsiness\drowsy_002_1e22d8f0.mov,group_002,17,4750,5040,29.968913287915868,5.993782657583173,10.0
0.16538629191528242,0.10992112543188995,0.18957285686444694,0.012438782663589484,0.1546128206877722,0.15807054931992487,0.17234493338077983,0.17610016790960378,0.079651731432557,-0.0003126548273772978,0.03389830508474576,2,0.3336790995365262,0.3336790995365262,1,0.10158953656920632,0.017988977411683635,0.0,0.0282786160897032,0.0077025179571855,0.01960407493444558,0.02678109856701204,0.02719138713261855,0.0282786160897032,-2.0547913980206912e-05,0.0,0,0,0.0,0.0,9.193246224304422,0.06779661016949153,0.0,SONOLENTO,uta,data\raw\uta\drowsiness\drowsy_002_1e22d8f0.mov,group_002,18,5045,5335,29.968913287915868,5.993782657583173,10.0
0.14881297546556416,0.1000007748092352,0.17936005847491382,0.018027899984517752,0.12220748415677093,0.13935712629857583,0.16232606434655653,0.16685853911315401,0.07935928366567863,-0.00039698866893541935,0.423728813559322,11,1.8352350474508938,0.6951647907010963,6,0.609537219415238,0.015502484788275286,0.0,0.028194193721730047,0.009474922357883652,0.01960407493444558,0.026173887024672195,0.027177827847200835,0.028194193721730047,-0.0001840046918100514,0.0,0,0,0.0,0.0,9.59867910330108,4.661016949152542,0.0,SONOLENTO,uta,data\raw\uta\drowsiness\drowsy_002_1e22d8f0.mov,group_002,19,5340,5630,29.968913287915868,5.993782657583173,10.0
0.16421226097288297,0.0781695201983275,0.20407789975192278,0.025386370624381056,0.13347750721543997,0.14979209420433762,0.1834391221335957,0.19421456097479964,0.1259083795535953,-0.00018173671180123243,0.2542372881355932,4,0.6673581990730524,0.3128241558154933,8,0.8127162925536505,0.022327588902281797,0.0,0.058560697410525546,0.012229864095580833,0.026929798010844358,0.04140298750940411,0.04227030145958029,0.058560697410525546,2.1315296298302993e-05,0.0,0,0,0.0,0.0,7.354350142390853,1.0169491525423728,0.0,SONOLENTO,uta,data\raw\uta\drowsiness\drowsy_002_1e22d8f0.mov,group_002,20,5635,5965,29.968913287915868,5.993782657583173,10.0
0.2849825203456731,0.21672722132923225,0.31649194253450164,0.020529897471181533,0.2591864746526436,0.2715870592185032,0.2998334931251819,0.3112698865626018,0.09976472120526939,-0.00023099227170766723,0.0,0,0.0,0.0,0,0.0,0.0073206897107319195,0.0,0.029361010975735173,0.012009509916201288,0.02630668208823282,0.026993535475583173,0.027767067240353285,0.029361010975735173,-5.330864898208873e-05,0.0,0,0,0.0,0.0,38.923053503340086,0.0,0.0,SONOLENTO,uta,data\raw\uta\drowsiness\drowsy_003_1392d11e.mov,group_003,1,5,295,29.995130660607046,5.99902613212141,10.0
0.24073946895070436,0.08416156907745584,0.2794871702004493,0.0336330795485691,0.22257082467339998,0.2276394470861021,0.2599691266687617,0.2663292754636072,0.19532560112299344,8.121664970767293e-05,0.03389830508474576,2,0.33338744588744584,0.33338744588744584,1,0.10167840901900693,0.012852279126083086,0.0,0.037164707312358325,0.013660117677028096,0.026279416561381837,0.026279416561381837,0.026374776780159558,0.037164707312358325,-0.0001713740772835784,0.0,0,0,0.0,0.0,18.72980945867527,0.06779661016949153,0.0,SONOLENTO,uta,data\raw\uta\drowsiness\drowsy_003_1392d11e.mov,group_003,2,300,590,29.995130660607046,5.99902613212141,10.0
0.22879787979201802,0.10527877070385905,0.29207500689484156,0.03925018274734205,0.16595896388458573,0.22167438251749483,0.25255353238889544,0.26399123523876666,0.1867962361909825,8.878360652672337e-05,0.05084745762711865,1,0.16669372294372292,0.16669372294372292,3,0.3050352270570208,0.01181271256575098,0.0,0.037164707312358325,0.013434703875289809,0.026234161806670223,0.026279416561381837,0.026350237805993673,0.037164707312358325,-0.00015498528267546876,0.0,0,0,0.0,0.0,19.367144622709354,0.05084745762711865,0.0,SONOLENTO,uta,data\raw\uta\drowsiness\drowsy_003_1392d11e.mov,group_003,3,595,885,29.995130660607046,5.99902613212141,10.0
0.229619067829219,0.13230689058487027,0.2792021411792244,0.02658907000897151,0.20755882400756123,0.21672356464802578,0.24640131328970513,0.25350218658297513,0.1468952505943541,-0.00028979535442004905,0.03389830508474576,1,0.16669372294372292,0.16669372294372292,2,0.20335681803801386,0.009810949710868063,0.0,0.036214298417007414,0.01285835141535072,0.02499219116020307,0.025607375986579195,0.02630950852675322,0.036214298417007414,-0.0001184652158853341,0.0,0,0,0.0,0.0,23.40198172590355,0.03389830508474576,0.0,SONOLENTO,uta,data\raw\uta\drowsiness\drowsy_003_1392d11e.mov,group_003,4,890,1180,29.995130660607046,5.99902613212141,10.0
0.20760834661712543,0.06576567431931704,0.31197094896745114,0.05151760573893804,0.1356654791491946,0.18159087364092436,0.23676587974697932,0.26502638712686,0.2462052746481341,0.0006521309055453108,0.15254237288135594,4,0.6667748917748917,0.5000811688311688,3,0.3050352270570208,0.004866092778978355,0.0,0.03624997167972069,0.01082756127113725,0.0,0.027767067240353285,0.028528383132218525,0.03624997167972069,0.00011583851017580735,0.0,0,0,0.0,0.0,42.655514502171506,0.6101694915254238,0.0,SONOLENTO,uta,data\raw\uta\drowsiness\drowsy_003_1392d11e.mov,group_003,5,1185,1475,29.995130660607046,5.99902613212141,10.0
0.2631895138026276,0.15702717677706413,0.2953370637897486,0.029519739354008572,0.2491342089553888,0.25933000646781845,0.2798834161489204,0.28320952465783267,0.13830988701268448,-0.0004059591874207957,0.0,0,0.0,0.0,0,0.0,0.007772134398641005,0.0,0.041576537496303176,0.013489396187800453,0.013883533620176643,0.029368619100966685,0.029400322912291697,0.041576537496303176,5.144537390703958e-05,0.0,0,0,0.0,0.0,33.85886571685183,0.0,0.0,SONOLENTO,uta,data\raw\uta\drowsiness\drowsy_003_1392d11e.mov,group_003,6,1480,1770,29.995130660607046,5.99902613212141,10.0
0.1681402967649882,0.05610594521196848,0.28157812936519233,0.04483567604609503,0.11039664533889763,0.13928900034431224,0.1873723268782398,0.22123897361690806,0.22547218415322384,-0.00045896259485489173,0.3050847457627119,10,1.6669372294372293,0.6000974025974025,5,0.5083920450950347,0.010784183144388244,0.0,0.04038961958610097,0.014685922566607775,0.02855977389887699,0.029399051601892736,0.030386002749566734,0.04038961958610097,4.998843337498531e-06,0.0,0,0,0.0,0.0,15.589934312100683,3.050847457627119,0.0,SONOLENTO,uta,data\raw\uta\drowsiness\drowsy_003_1392d11e.mov,group_003,7,1775,2065,29.995130660607046,5.99902613212141,10.0
0.1551576523987959,0.02984379444273036,0.2366122238160242,0.03421680636725854,0.11610140955163158,0.15003599904998366,0.16961161899499666,0.18788266671456647,0.20676842937329384,0.00035272423933172393,0.2542372881355932,6,1.0001623376623376,0.35720083487940624,7,0.7117488631330485,0.016374572216786926,0.0,0.04159451654038515,0.016043164030529498,0.02777242250906553,0.03926856307863329,0.03928371006591931,0.04159451654038515,-7.1608446025428e-05,0.0,0,0,0.0,0.0,9.474945384793374,1.5254237288135593,0.0,SONOLENTO,uta,data\raw\uta\drowsiness\drowsy_003_1392d11e.mov,group_003,8,2070,2360,29.995130660607046,5.99902613212141,10.0
0.23935682771345612,0.05192250626074092,0.31537522655311767,0.046325750871711,0.19748985951218812,0.22486884067957388,0.26632618702845823,0.2816855161483204,0.26345272029237676,0.00024348439293750944,0.06779661016949153,3,0.5000811688311688,0.33338744588744584,2,0.20335681803801386,0.011178977577568253,0.0,0.041576537496303176,0.014694309943169248,0.02855977389887699,0.029399051601892736,0.03144276016321293,0.041576537496303176,0.0002842751534655609,0.0,0,0,0.0,0.0,21.40941929916808,0.2033898305084746,0.0,SONOLENTO,uta,data\raw\uta\drowsiness\drowsy_003_1392d11e.mov,group_003,9,2365,2655,29.995130660607046,5.99902613212141,10.0
0.2507756919329996,0.21317866401251284,0.27967042700422406,0.016575818032108492,0.22996740555299217,0.23870927110620196,0.2654148703810718,0.26764566891765185,0.06649176299171122,0.00047916769945896613,0.0,0,0.0,0.0,0,0.0,0.014464596872909307,0.0,0.04034029375505465,0.014315252637204146,0.02814598125480488,0.02855977389887699,0.02855977389887699,0.04034029375505465,-0.000428035049306765,0.0,0,0,0.0,0.0,17.33600722709507,0.0,0.0,SONOLENTO,uta,data\raw\uta\drowsiness\drowsy_003_1392d11e.mov,group_003,10,2660,2950,29.995130660607046,5.99902613212141,10.0
0.2554191385316863,0.06853779379176503,0.3089906747126051,0.04160138590221799,0.2225623949128627,0.2518803107155072,0.27356312961025947,0.28279212336806114,0.24045288092084008,0.000770092848603281,0.03389830508474576,2,0.33338744588744584,0.33338744588744584,1,0.10167840901900693,0.010362592389197215,0.0,0.04159451654038515,0.014043432422059885,0.02777242250906553,0.028736953177521406,0.029399051601892736,0.04159451654038515,0.00032310089285073583,0.0,0,0,0.0,0.0,24.645810925363072,0.06779661016949153,0.0,SONOLENTO,uta,data\raw\uta\drowsiness\drowsy_003_1392d11e.mov,group_003,11,2955,3245,29.995130660607046,5.99902613212141,10.0
0.2677865384886524,0.22601963622271182,0.30084106166743474,0.014518435482580819,0.24619744765273127,0.26249175627869964,0.27861612375889966,0.27967042700422406,0.07482142544472292,-0.00029746105453098384,0.0,0,0.0,0.0,0,0.0,0.01130534367196492,0.0,0.03926856307863329,0.014282779242098854,0.027767067240353285,0.02855977389887699,0.02855977389887699,0.03926856307863329,-6.221580313204088e-05,0.0,0,0,0.0,0.0,23.684627520447027,0.0,0.0,SONOLENTO,uta,data\raw\uta\drowsiness\drowsy_003_1392d11e.mov,group_003,12,3250,3540,29.995130660607046,5.99902613212141,10.0
0.2624003507227391,0.18752005738251157,0.3447557695195971,0.027342076999427416,0.23778336586895601,0.25160608861718514,0.2779581627027117,0.2873877554174312,0.1572357121370855,-0.0004916298821642509,0.0,0,0.0,0.0,0,0.0,0.008170710898489955,0.0,0.02855977389887699,0.012844080482439636,0.02775103852580737,0.02855977389887699,0.02855977389887699,0.02855977389887699,0.00020909409730659396,0.0,0,0,0.0,0.0,32.11082158709603,0.0,0.0,SONOLENTO,uta,data\raw\uta\drowsiness\drowsy_003_1392d11e.mov,group_003,13,3545,3835,29.995130660607046,5.99902613212141,10.0
0.25826248016022285,0.2190138375961433,0.31375801001001363,0.015738728256475078,0.24371139160657512,0.24597567309234122,0.26790556283828576,0.2743031919424777,0.09474417241387034,-0.0005419541658990798,0.0,0,0.0,0.0,0,0.0,0.00545467522553634,0.0,0.04038961958610097,0.011496587849668546,0.0,0.027918632846133926,0.02855977389887699,0.04038961958610097,-8.765696779064217e-05,0.0,0,0,0.0,0.0,47.338316428986744,0.0,0.0,SONOLENTO,uta,data\raw\uta\drowsiness\drowsy_003_1392d11e.mov,group_003,14,3840,4130,29.995130660607046,5.99902613212141,10.0
0.2329182907193773,0.09465134084977635,0.2732587113913807,0.028548377575937256,0.22056544985504115,0.22957926367240958,0.246020169954139,0.2545981687849128,0.17860737054160436,-0.0005848705860466408,0.03389830508474576,2,0.33338744588744584,0.33338744588744584,1,0.10167840901900693,0.018488275170017325,0.0,0.03926856307863329,0.013816422295992344,0.02855977389887699,0.02855977389887699,0.02855977389887699,0.03926856307863329,-7.670702481280469e-05,0.0,0,0,0.0,0.0,12.597480895145283,0.06779661016949153,0.0,SONOLENTO,uta,data\raw\uta\drowsiness\drowsy_003_1392d11e.mov,group_003,15,4135,4425,29.995130660607046,5.99902613212141,10.0
0.2441574167077388,0.13687202348894706,0.285232089860295,0.029882697942581457,0.208995997760298,0.23370540127925424,0.2597568884257235,0.274858055239274,0.14836006637134797,0.0011509054309031938,0.01694915254237288,1,0.16669372294372292,0.16669372294372292,1,0.10167840901900693,0.010308654941574243,0.0,0.04038961958610097,0.013951839768007913,0.028524895269256473,0.02855977389887699,0.02855977389887699,0.04038961958610097,-0.0003502168541479713,0.0,0,0,0.0,0.0,23.68240431822415,0.01694915254237288,0.0,SONOLENTO,uta,data\raw\uta\drowsiness\drowsy_003_1392d11e.mov,group_003,16,4430,4720,29.995130660607046,5.99902613212141,10.0
0.24858798097559034,0.217394026732753,0.2803795906021269,0.01469713705510686,0.23168933088693955,0.23843888719931006,0.25919417922444715,0.2662482048586573,0.06298556386937393,-0.00023446571412785936,0.0,0,0.0,0.0,0,0.0,0.010757388500278138,0.0,0.03926856307863329,0.014023240951520717,0.027767067240353285,0.028531870995180578,0.02930424418648066,0.03926856307863329,0.0002750631260145133,0.0,0,0,0.0,0.0,23.106432805355894,0.0,0.0,SONOLENTO,uta,data\raw\uta\drowsiness\drowsy_003_1392d11e.mov,group_003,17,4725,5015,29.995130660607046,5.99902613212141,10.0
0.23087468112316167,0.10675587937588704,0.2803795906021269,0.03550954506710888,0.19755941144390105,0.21689877726522327,0.2512704089297185,0.26657927667612147,0.17362371122623987,-0.00035960277795450273,0.05084745762711865,2,0.33338744588744584,0.2500405844155844,2,0.20335681803801386,0.008605122364110243,0.0,0.02855977389887699,0.012988957539305715,0.027767067240353285,0.02855977389887699,0.02855977389887699,0.02855977389887699,0.00010642201206651533,0.0,0,0,0.0,0.0,26.826795083226894,0.1016949152542373,0.0,SONOLENTO,uta,data\raw\uta\drowsiness\drowsy_003_1392d11e.mov,group_003,18,5020,5310,29.995130660607046,5.99902613212141,10.0
0.22693808716598204,0.19338111240552808,0.2578273197247921,0.013256724795615325,0.20901087885982653,0.22050206030691527,0.23543152607484652,0.23884600841277212,0.06444620731926404,-3.7613652701618728e-06,0.0,0,0.0,0.0,0,0.0,0.004852446443674009,0.0,0.029361010975735173,0.010741819176469809,0.0,0.02855977389887699,0.02855977389887699,0.029361010975735173,-2.3179309120493244e-05,0.0,0,0,0.0,0.0,46.75813152564474,0.0,0.0,SONOLENTO,uta,data\raw\uta\drowsiness\drowsy_003_1392d11e.mov,group_003,19,5315,5605,29.995130660607046,5.99902613212141,10.0
0.2537072885847912,0.06883045938301527,0.2973514503776719,0.04056206379138226,0.2163342329282968,0.24722386393295206,0.2723278147783003,0.28724959017303603,0.22852099099465664,0.0009704993890900802,0.05084745762711865,2,0.33338744588744584,0.2500405844155844,2,0.20335681803801386,0.004491266917006073,0.0,0.04038961958610097,0.01069820257874959,0.0,0.02774142129707982,0.028639897606562804,0.04038961958610097,-5.200308169698596e-05,0.0,0,0,0.0,0.0,56.47645014688431,0.1016949152542373,0.0,SONOLENTO,uta,data\raw\uta\drowsiness\drowsy_003_1392d11e.mov,group_003,20,5610,5900,29.995130660607046,5.99902613212141,10.0
0.16101071128359337,0.11654002956540264,0.18354254953767396,0.01273153990921639,0.1450337010241953,0.15665952825274287,0.1683440973655378,0.1718417076083645,0.06700251997227132,-0.00030556896866295214,0.16,4,0.8,0.4,4,0.4,0.023270707154291623,0.0,0.06909801595573181,0.01278898841072103,0.025993762245501817,0.03774411388086636,0.04522428292965484,0.06909801595573181,-0.0001152849221213757,0.0,0,0,0.0,0.0,6.918732270739355,0.64,0.0,SONOLENTO,uta,data\raw\uta\drowsiness\drowsy_004_a12cc63d.mp4,group_004,1,5,255,25.0,5.0,10.0
0.14942167304337015,0.05933259589476326,0.1695960656728788,0.01737425779358397,0.14100426948580613,0.1483564008807937,0.1577396964486622,0.15916617657005758,0.11026346977811555,0.00018023683078294595,0.36,6,1.2,0.4,9,0.9,0.02663013569128247,0.011627120962143852,0.04580945707209208,0.008130694096125431,0.033283677613878314,0.035531209664813254,0.03886249922478541,0.034182336109948225,-8.484862543194303e-06,0.0,0,0,0.0,0.0,5.6107886188377,2.16,0.0,SONOLENTO,uta,data\raw\uta\drowsiness\drowsy_004_a12cc63d.mp4,group_004,2,260,505,25.0,5.0,10.0
0.15189620666384043,0.0684567362096296,0.17736262995266688,0.023101767403886045,0.13123070546619547,0.14828593466753792,0.1661552564674823,0.17042832132032773,0.10890589374303729,0.00023039642420125491,0.28,6,1.2,0.7,4,0.4,0.021574213311180226,0.0,0.047388888329651824,0.00960463261418317,0.02592565110257589,0.033744034673812484,0.03563816764810446,0.047388888329651824,-0.00039475129769584447,0.0,0,0,0.0,0.0,7.0403107711166015,1.6800000000000002,0.0,SONOLENTO,uta,data\raw\uta\drowsiness\drowsy_004_a12cc63d.mp4,group_004,3,510,755,25.0,5.0,10.0
0.15123608644609152,0.04732358460152657,0.18525476734722196,0.027388391830153142,0.13042567060406113,0.14886147737715313,0.16389163108705662,0.1731992069871604,0.13793118274569538,-0.00030617127954001266,0.28,4,0.8,0.4,7,0.7,0.01888961706359358,0.0,0.04481371826080855,0.0098962567513736,0.023522901135980056,0.032718399848641444,0.04005183725599353,0.04481371826080855,0.00020395687433599223,0.0,0,0,0.0,0.0,8.00588387012286,1.12,0.0,SONOLENTO,uta,data\raw\uta\drowsiness\drowsy_004_a12cc63d.mp4,group_004,4,760,1010,25.0,5.0,10.0
0.15187140428695767,0.04878511359264073,0.17884608418063902,0.019812479810665088,0.14235068340411386,0.14877695793781404,0.16081969313777983,0.1680946936576441,0.1300609705879983,0.00043801560496829913,0.3,5,1.0,0.42857142857142855,7,0.7,0.031059064753956624,0.011110425303554916,0.04877686086797539,0.010670983444875139,0.03593265412779728,0.04580097724162938,0.046959181663469664,0.037666435564420474,-7.268434216498585e-05,0.0,0,0,0.0,0.0,4.889603595163508,1.5,0.0,SONOLENTO,uta,data\raw\uta\drowsiness\drowsy_004_a12cc63d.mp4,group_004,5,1015,1260,25.0,5.0,10.0
0.15253714571268767,0.05990094268437404,0.17966494396687102,0.0212526277783585,0.1375876160835959,0.14586446765726513,0.16591015736766948,0.16939089898282828,0.11976400128249698,0.00015794543689523732,0.34,5,1.0,0.5666666666666667,6,0.6,0.018799638046274353,0.0,0.047388888329651824,0.010824153600761744,0.02505184698674198,0.03426716257235079,0.03593265345403679,0.047388888329651824,-0.00047231735356343676,0.0,0,0,0.0,0.0,8.11340260565866,1.7000000000000002,0.0,SONOLENTO,uta,data\raw\uta\drowsiness\drowsy_004_a12cc63d.mp4,group_004,6,1265,1510,25.0,5.0,10.0
0.16814209373233757,0.05698779626164008,0.18772057623125565,0.021638747096723338,0.15804956000482212,0.16794271797906207,0.1779514475570652,0.18049235998893015,0.13073277996961558,0.00069971705867935,0.08,4,0.8,0.8,1,0.1,0.009685557624379792,0.0,0.026304861745561146,0.007155711997254456,0.011590429225768018,0.021476967066625805,0.022608494229366553,0.026304861745561146,-7.778908678235415e-05,0.0,0,0,0.0,0.0,17.358291794924757,0.32,0.0,SONOLENTO,uta,data\raw\uta\drowsiness\drowsy_004_a12cc63d.mp4,group_004,7,1515,1760,25.0,5.0,10.0
0.16214811305739635,0.05705594814913413,0.18885538063601814,0.02602252079630007,0.15216964543011197,0.16254659939668867,0.17391322499877637,0.18003779468844716,0.13179943248688403,-0.00029136748472075323,0.1,3,0.6,0.5,2,0.2,0.015943557103679288,0.0,0.03674831822873134,0.008641903462665862,0.021207824885277064,0.027023827371191713,0.03519138388300547,0.03674831822873134,-0.0003019130297267429,0.0,0,0,0.0,0.0,10.16949621134223,0.30000000000000004,0.0,SONOLENTO,uta,data\raw\uta\drowsiness\drowsy_004_a12cc63d.mp4,group_004,8,1765,2010,25.0,5.0,10.0
0.16964775832209014,0.159870147099535,0.18351085941869288,0.006066046451245389,0.16325630978836933,0.16565404810418125,0.1724855485021359,0.17875563000492528,0.023640712319157875,-0.00013379536857373845,0.0,0,0.0,0.0,0,0.0,0.013308342835330897,0.0,0.03511691446565827,0.007098695804013649,0.01583816671262217,0.02220194985783886,0.02444613923452766,0.03511691446565827,-0.00010330887459267977,0.0,0,0,0.0,0.0,12.746516520090255,0.0,0.0,SONOLENTO,uta,data\raw\uta\drowsiness\drowsy_004_a12cc63d.mp4,group_004,9,2015,2260,25.0,5.0,10.0
0.16340878848702367,0.06083359173756146,0.19501949069236343,0.026788391377185132,0.1449628370232696,0.1617050867778097,0.17622875298789578,0.18254072890925613,0.13418589895480199,-0.0008313304006698777,0.14,3,0.6,0.4666666666666667,3,0.3,0.012979215688640406,0.0,0.04003944287905198,0.008468131011576296,0.015537056371786144,0.022881439567782248,0.030395751079550976,0.04003944287905198,9.110069316309819e-05,0.0,0,0,0.0,0.0,12.589065729472459,0.42000000000000004,0.0,SONOLENTO,uta,data\raw\uta\drowsiness\drowsy_004_a12cc63d.mp4,group_004,10,2265,2510,25.0,5.0,10.0
0.15637079490238112,0.045506587439940745,0.17759649492472335,0.02732188756188295,0.14015763609662552,0.15637084033331883,0.1690565261080049,0.17250415058883622,0.1320899074847826,0.00012198212936275328,0.14,3,0.6,0.4666666666666667,3,0.3,0.020760480324718986,0.010983044284767226,0.04578685464956301,0.007862254807381772,0.022659031543060502,0.03477941424236989,0.03511691446565827,0.03480381036479578,0.00010940410405675166,0.0,0,0,0.0,0.0,7.531774828031086,0.42000000000000004,0.0,SONOLENTO,uta,data\raw\uta\drowsiness\drowsy_004_a12cc63d.mp4,group_004,11,2515,2760,25.0,5.0,10.0
0.1550865857119125,0.04838387542812271,0.18026325380152608,0.02652245896817493,0.1313301054748051,0.15503228073749584,0.168746404395036,0.17334462544366244,0.13187937837340336,-0.00027353029779284005,0.16,3,0.6,0.5333333333333333,3,0.3,0.01971789267263606,0.011108368642573443,0.03333127591066475,0.005545909545268413,0.022721405353294154,0.0248669624600458,0.025118017965166415,0.02222290726809131,-0.0001943183723556986,0.0,0,0,0.0,0.0,7.864872956437681,0.48,0.0,SONOLENTO,uta,data\raw\uta\drowsiness\drowsy_004_a12cc63d.mp4,group_004,12,2765,3010,25.0,5.0,10.0
0.15985709261516512,0.04634735952866263,0.17943892787553511,0.019025927457418816,0.15329306354063496,0.15834475884302598,0.16841454399597255,0.17205841289858279,0.13309156834687247,0.00018293270954024293,0.06,2,0.4,0.3,2,0.2,0.017730757713945156,0.0,0.03633841844327302,0.007500343896694756,0.022652117704650233,0.025403795403769573,0.026029776537193176,0.03633841844327302,-5.360014027842507e-06,0.0,0,0,0.0,0.0,9.015298719621313,0.12,0.0,SONOLENTO,uta,data\raw\uta\drowsiness\drowsy_004_a12cc63d.mp4,group_004,13,3015,3260,25.0,5.0,10.0
0.1576457685293662,0.06274046009952487,0.17841481379801627,0.0247616493090957,0.1367523155708336,0.1574561621894181,0.16950764798093815,0.17142924566309467,0.1156743536984914,0.0003942211398128938,0.14,3,0.6,0.4666666666666667,3,0.3,0.018407122421948145,0.0,0.03332510592772033,0.0060018424194621745,0.024299345578837186,0.024839067403921285,0.024988134257939776,0.03332510592772033,-3.600229186498757e-05,0.0,0,0,0.0,0.0,8.563924387063178,0.42000000000000004,0.0,SONOLENTO,uta,data\raw\uta\drowsiness\drowsy_004_a12cc63d.mp4,group_004,14,3265,3510,25.0,5.0,10.0
0.1551257381821434,0.05336938138256325,0.17470924475500016,0.026852174162654823,0.13151051892218696,0.1551727388443928,0.1685100099555964,0.17043544805502847,0.1213398633724369,-0.00015356949359374286,0.2,6,1.2,0.6666666666666667,3,0.3,0.01618916449252374,0.0,0.034364464074382255,0.006700036271199487,0.020313079092862486,0.0248669624600458,0.025562928017996613,0.034364464074382255,5.865332494421806e-05,0.0,0,0,0.0,0.0,9.581480055608887,1.2000000000000002,0.0,SONOLENTO,uta,data\raw\uta\drowsiness\drowsy_004_a12cc63d.mp4,group_004,15,3515,3760,25.0,5.0,10.0
0.14600752274677767,0.05931944859815272,0.16927023452680162,0.02735750078654748,0.11057392700516748,0.1437450610335309,0.16220619806886888,0.16556464787660174,0.1099507859286489,-0.000512228817827528,0.34,8,1.6,0.6799999999999999,5,0.5,0.024420084622458194,0.0,0.07326502848334472,0.014227686271704084,0.02538365412834048,0.042033184700823074,0.05459331312908954,0.07326502848334472,0.000304682432516594,0.0,0,0,0.0,0.0,5.978748487383143,2.72,0.0,SONOLENTO,uta,data\raw\uta\drowsiness\drowsy_004_a12cc63d.mp4,group_004,16,3765,4010,25.0,5.0,10.0
0.15940646919340662,0.1254896510577116,0.17815274718283722,0.010760616324789423,0.14499427511511945,0.15363081996058148,0.1673619799262003,0.17025673843972666,0.052663096125125625,0.0002951496150992022,0.22,5,1.0,0.44000000000000006,5,0.5,0.05553442467874693,0.013463206528700325,0.11337189067651587,0.025608018570181683,0.07329200358581309,0.09140318168415239,0.09893107143375865,0.09990868414781555,0.0008190886654510382,0.0,0,0,0.0,0.0,2.8703565357700507,1.1,0.0,SONOLENTO,uta,data\raw\uta\drowsiness\drowsy_004_a12cc63d.mp4,group_004,17,4015,4270,25.0,5.0,10.0
0.14869041350511883,0.05098440994103491,0.18391610957365653,0.030095201284978997,0.11812964049024817,0.1357214950267859,0.169025564556933,0.1752778353763418,0.13293169963262164,-3.172691947365023e-05,0.34,4,0.8,0.5666666666666667,6,0.6,0.03836439052885235,0.0,0.1799610738551713,0.037831028317437405,0.056262813727647694,0.08595575747292515,0.1117780973648226,0.1799610738551713,-0.001330303054244795,0.04,1,2,0.4,0.4,3.875639253386396,1.36,0.007198442954206852,SONOLENTO,uta,data\raw\uta\drowsiness\drowsy_004_a12cc63d.mp4,group_004,18,4275,4535,25.0,5.0,10.0
0.1573192378390673,0.047048986192043965,0.1851959592084826,0.024803352964462358,0.14693685370435744,0.15493421123482418,0.16968300676422515,0.17409842007899093,0.13814697301643863,-0.0006546864669809427,0.16,5,1.0,0.8,2,0.2,0.018118632864267712,0.01098901098901099,0.03552896702841977,0.006137373434427689,0.02240842436398017,0.025700233102171358,0.02957994242357572,0.024539956039408777,-0.00018367617376976035,0.0,0,0,0.0,0.0,8.682253057638052,0.8,0.0,SONOLENTO,uta,data\raw\uta\drowsiness\drowsy_004_a12cc63d.mp4,group_004,19,4540,4785,25.0,5.0,10.0
0.15371428729487213,0.06739936870626255,0.17326279059772798,0.024957509488452267,0.12628882049747053,0.1555582409579217,0.16731873324426072,0.16984397776545568,0.10586342189146543,-0.000556148363626043,0.18,3,0.6,0.6,3,0.3,0.018577021395491212,0.0,0.034088708186481805,0.006668756829265635,0.025122773514348877,0.025701930775859652,0.026000790436044068,0.034088708186481805,-3.265222752276825e-05,0.0,0,0,0.0,0.0,8.273985911770872,0.54,0.0,SONOLENTO,uta,data\raw\uta\drowsiness\drowsy_004_a12cc63d.mp4,group_004,20,4790,5035,25.0,5.0,10.0
0.17353965744389238,0.06670783526400366,0.20049292479008113,0.025583096318136087,0.13993893426814302,0.17029825434787704,0.18980703067585813,0.19438583652846023,0.13378508952607748,0.00011077814122650937,0.11666666666666667,2,0.33306001846722066,0.23314201292705447,5,0.5004103087295955,0.020350141049104747,0.0,0.039249653960630924,0.006760333023485299,0.021417646843905968,0.03102957597226063,0.03146583877637763,0.039249653960630924,0.00017238808072492088,0.0,0,0,0.0,0.0,8.527269160248213,0.23333333333333334,0.0,SONOLENTO,uta,data\raw\uta\drowsiness\drowsy_005_12f5ca5c.mov,group_005,1,5,300,30.02461852377573,6.004923704755146,10.0
0.1806235524055556,0.1483146363856248,0.21870450604182962,0.01310119351767828,0.1644863776903477,0.17306491544988115,0.18835624019922748,0.19541367467685442,0.0703898696562048,0.0002561946777951354,0.016666666666666666,1,0.16653000923361033,0.16653000923361033,1,0.10008206174591909,0.040404077972721386,0.0,0.07691397521601992,0.017368648890221144,0.0531974800310095,0.06427505731529931,0.06879395080110184,0.07691397521601992,0.0005029111559882718,0.0,0,0,0.0,0.0,4.470318125051007,0.016666666666666666,0.0,SONOLENTO,uta,data\raw\uta\drowsiness\drowsy_005_12f5ca5c.mov,group_005,2,305,610,30.02461852377573,6.004923704755146,10.0
0.18215641969622265,0.13467939920277272,0.20370789934307448,0.011020954411695014,0.17034144578663404,0.1765177982614649,0.1884582868837943,0.1938096540681298,0.06902850014030176,-0.00012947948387794945,0.016666666666666666,1,0.16653000923361033,0.16653000923361033,1,0.10008206174591909,0.030619305297298595,0.014704292441876156,0.06063390625908324,0.012251229472386785,0.03580108160585245,0.04841872726127154,0.053808205135149875,0.04592961381720709,-0.00017720871625262176,0.0,0,0,0.0,0.0,5.94887666623928,0.016666666666666666,0.0,SONOLENTO,uta,data\raw\uta\drowsiness\drowsy_005_12f5ca5c.mov,group_005,3,615,920,30.02461852377573,6.004923704755146,10.0
0.18196443706682525,0.12992746848402456,0.20278681389033576,0.015195919287229376,0.16493643427156843,0.1762078428525644,0.19152482710407331,0.1959414590810489,0.0728593454063112,-0.0003389846992854755,0.05,1,0.16653000923361033,0.16653000923361033,3,0.30024618523775726,0.027337052219814494,0.014704292441876156,0.047907799138234806,0.00955508909043792,0.033370432213299994,0.042273095396162655,0.04653374861356637,0.03320350669635865,0.00010003528621874405,0.0,0,0,0.0,0.0,6.656086381126241,0.05,0.0,SONOLENTO,uta,data\raw\uta\drowsiness\drowsy_005_12f5ca5c.mov,group_005,4,925,1235,30.02461852377573,6.004923704755146,10.0
0.18543513178411175,0.14809115085853508,0.21780903850718616,0.01575503125515063,0.16986168755730371,0.17306491544988115,0.1950259328526665,0.20994491680174585,0.06971788764865108,0.0005134082440849786,0.016666666666666666,1,0.16653000923361033,0.16653000923361033,1,0.10008206174591909,0.042912463495455064,0.01492371097349751,0.11170677134554624,0.021849609978454282,0.04984384631331733,0.0796878575360703,0.08203119413737874,0.09678306037204873,0.0006167696924198301,0.0,0,0,0.0,0.0,4.321141121684365,0.016666666666666666,0.0,SONOLENTO,uta,data\raw\uta\drowsiness\drowsy_005_12f5ca5c.mov,group_005,5,1240,1535,30.02461852377573,6.004923704755146,10.0
0.20830691915328955,0.14809115085853508,0.23391700371028723,0.016510035707355743,0.19754384261271052,0.20552332012341953,0.22004286077328988,0.2233149562953982,0.08582585285175215,-7.568116585973804e-05,0.016666666666666666,1,0.16653000923361033,0.16653000923361033,1,0.10008206174591909,0.0469775531231555,0.014680505487867587,0.08986453815409177,0.01625984823727175,0.052166782983116944,0.07140844041367411,0.07965891860157553,0.07518403266622418,-0.0004768914334627266,0.0,0,0,0.0,0.0,4.434085456127343,0.016666666666666666,0.0,SONOLENTO,uta,data\raw\uta\drowsiness\drowsy_005_12f5ca5c.mov,group_005,6,1540,1835,30.02461852377573,6.004923704755146,10.0
0.2004110128086152,0.13770740387846248,0.22169617959975366,0.015177623499705613,0.18405940641686128,0.1937145618441743,0.2125162387249774,0.2169971286581005,0.08398877572129118,-0.0005085239857894251,0.016666666666666666,1,0.16653000923361033,0.16653000923361033,1,0.10008206174591909,0.031165804895262852,0.0,0.05379023812308402,0.009433152812532606,0.03386718721603958,0.04092599307936163,0.04721286743402413,0.05379023812308402,5.837137699233287e-05,0.0,0,0,0.0,0.0,6.430271357044891,0.016666666666666666,0.0,SONOLENTO,uta,data\raw\uta\drowsiness\drowsy_005_12f5ca5c.mov,group_005,7,1840,2140,30.02461852377573,6.004923704755146,10.0
0.1887551104548682,0.12970059790090818,0.2097587308796103,0.015987443692788515,0.17351874302692707,0.18163582846352355,0.1992810734997247,0.20343755884011439,0.08005813297870212,0.0003580030060197427,0.03333333333333333,1,0.16653000923361033,0.16653000923361033,2,0.20016412349183818,0.034970520785565694,0.0,0.08283888650202519,0.01238705340420102,0.044944421774439344,0.04862741209343457,0.048984624673024314,0.08283888650202519,-3.496557506613587e-05,0.0,0,0,0.0,0.0,5.397394972104726,0.03333333333333333,0.0,SONOLENTO,uta,data\raw\uta\drowsiness\drowsy_005_12f5ca5c.mov,group_005,8,2145,2455,30.02461852377573,6.004923704755146,10.0
0.17429554026960625,0.13375604756184625,0.19878926094992744,0.015488031384054633,0.15607388458847588,0.16560527726236235,0.18546862394930003,0.19258113253943115,0.06503321338808118,-0.00017994509408394253,0.08333333333333333,1,0.16653000923361033,0.16653000923361033,5,0.5004103087295955,0.030569975469151228,0.0,0.06062735088782682,0.013522657259001933,0.04285126776653675,0.047269136542950965,0.04894938250298725,0.06062735088782682,-9.838092671411382e-05,0.0,0,0,0.0,0.0,5.7013404902792715,0.08333333333333333,0.0,SONOLENTO,uta,data\raw\uta\drowsiness\drowsy_005_12f5ca5c.mov,group_005,9,2465,2775,30.02461852377573,6.004923704755146,10.0
0.18170200324254246,0.13153867192707588,0.20128856969506553,0.01274246811285944,0.1670749348238192,0.17279353671022815,0.19134305579148508,0.196899931764414,0.06974989776798965,0.00021616073001271913,0.016666666666666666,1,0.16653000923361033,0.16653000923361033,1,0.10008206174591909,0.026832840780691987,0.0,0.05097796189288661,0.008998335766524786,0.03439799300233546,0.0354891190944451,0.04288299203742004,0.05097796189288661,1.994699636819553e-05,0.0,0,0,0.0,0.0,6.771375172401122,0.016666666666666666,0.0,SONOLENTO,uta,data\raw\uta\drowsiness\drowsy_005_12f5ca5c.mov,group_005,10,2780,3085,30.02461852377573,6.004923704755146,10.0
0.1866698780345083,0.14302930713990494,0.21061478722412147,0.011390924590137418,0.17530414800707284,0.18122466595592795,0.19305176969549104,0.19873122936978344,0.06758548008421653,0.00011380282679548674,0.016666666666666666,1,0.16653000923361033,0.16653000923361033,1,0.10008206174591909,0.0248045666590827,0.0,0.04941058844013093,0.00910767613653849,0.03337414891790731,0.034993573138529174,0.04354825897595997,0.04941058844013093,0.00018121249241651637,0.0,0,0,0.0,0.0,7.52532206177834,0.016666666666666666,0.0,SONOLENTO,uta,data\raw\uta\drowsiness\drowsy_005_12f5ca5c.mov,group_005,11,3090,3385,30.02461852377573,6.004923704755146,10.0
0.18330261173170487,0.11953607448302289,0.20946538186594696,0.0155108395105774,0.1668011262200375,0.17410478546689742,0.19243772007595655,0.19872608399874922,0.08992930738292407,-0.00012223446944703488,0.03333333333333333,1,0.16653000923361033,0.16653000923361033,2,0.20016412349183818,0.026016552171597037,0.0,0.06650170363899452,0.009687659905957862,0.03453435884777014,0.034938562148434216,0.03582925188600143,0.06650170363899452,0.00011532877083330329,0.0,0,0,0.0,0.0,7.045344255398996,0.03333333333333333,0.0,SONOLENTO,uta,data\raw\uta\drowsiness\drowsy_005_12f5ca5c.mov,group_005,12,3390,3695,30.02461852377573,6.004923704755146,10.0
0.17613289074752062,0.10725678805092764,0.20552763774484417,0.02478011962384887,0.13025723517212767,0.17801367442230584,0.19013196609912938,0.19610092568577572,0.09827084969391653,-0.0009492438886986145,0.16666666666666666,9,1.498770083102493,0.8326500461680517,2,0.20016412349183818,0.028548318437560036,0.0,0.06147729285421545,0.011719972165209187,0.03548978966203702,0.04494714227123704,0.0504573283327545,0.06147729285421545,5.966576956385346e-05,0.0,0,0,0.0,0.0,6.16942541492678,1.5,0.0,SONOLENTO,uta,data\raw\uta\drowsiness\drowsy_005_12f5ca5c.mov,group_005,13,3700,3995,30.02461852377573,6.004923704755146,10.0
0.17292086921868582,0.11161260455800098,0.22072210312357643,0.02424208466391942,0.1360200208957809,0.1591617980038534,0.18838947694417918,0.19856547175972564,0.10910949856557545,1.3832041748111867e-05,0.16666666666666666,5,0.8326500461680517,0.5551000307787012,3,0.30024618523775726,0.037767529281393084,0.0,0.09860741678378436,0.018905748563694848,0.04731266334192462,0.06263165839348876,0.06817646857117533,0.09860741678378436,5.030497772051652e-05,0.0,0,0,0.0,0.0,4.578437988155298,0.8333333333333333,0.0,SONOLENTO,uta,data\raw\uta\drowsiness\drowsy_005_12f5ca5c.mov,group_005,14,4000,4300,30.02461852377573,6.004923704755146,10.0
0.19722846706744518,0.13771625291324724,0.22182211779468652,0.015732222661090516,0.1792879770365272,0.19188805001337284,0.2066539574934353,0.2147092049321362,0.08410586488143929,-6.67622922652954e-05,0.016666666666666666,1,0.16653000923361033,0.16653000923361033,1,0.10008206174591909,0.04790149948497801,0.0,0.09855419315126555,0.02603208644131379,0.06768974434224127,0.0803398080285351,0.09306592141593122,0.09855419315126555,-0.000999504600726795,0.0,0,0,0.0,0.0,4.1172896860902854,0.016666666666666666,0.0,SONOLENTO,uta,data\raw\uta\drowsiness\drowsy_005_12f5ca5c.mov,group_005,15,4305,4605,30.02461852377573,6.004923704755146,10.0
0.19660670675790207,0.1391845367682749,0.21928052705092005,0.01725703648472576,0.1737914002413093,0.19023980002542243,0.20774895025582615,0.21520813342822412,0.08009599028264514,-0.00031336175277211245,0.05,1,0.16653000923361033,0.16653000923361033,3,0.30024618523775726,0.020207806897035073,0.0,0.053718549635268065,0.010961245111820206,0.022152499508016774,0.03344311529715049,0.03478286619343628,0.053718549635268065,-0.00011414158051569653,0.0,0,0,0.0,0.0,9.728763689990384,0.05,0.0,SONOLENTO,uta,data\raw\uta\drowsiness\drowsy_005_12f5ca5c.mov,group_005,16,4610,4920,30.02461852377573,6.004923704755146,10.0
0.20216893157849306,0.17553640676467164,0.21927146955638183,0.008042952640194214,0.19388796018447726,0.19650692834823508,0.20773568217204053,0.2114847148893856,0.04373506279171019,0.00013775755776216357,0.0,0,0.0,0.0,0,0.0,0.017124252478356916,0.0,0.04711428474315455,0.008679767558528324,0.021388233719233228,0.022124906380635318,0.030423926760110236,0.04711428474315455,5.862719853957086e-05,0.0,0,0,0.0,0.0,11.805311006888592,0.0,0.0,SONOLENTO,uta,data\raw\uta\drowsiness\drowsy_005_12f5ca5c.mov,group_005,17,4925,5220,30.02461852377573,6.004923704755146,10.0
0.2054937910844447,0.14830421569059704,0.23039156989358334,0.011881421671251797,0.19441237067157432,0.20125150628959998,0.21120097248471484,0.21634907026047145,0.0820873542029863,-6.402950226981108e-05,0.016666666666666666,1,0.16653000923361033,0.16653000923361033,1,0.10008206174591909,0.022255780618977768,0.0,0.04346799081843115,0.009459949437393506,0.032488798612664266,0.03441804173074291,0.034926319473528894,0.04346799081843115,0.00011911128485379415,0.0,0,0,0.0,0.0,9.232862317438022,0.016666666666666666,0.0,SONOLENTO,uta,data\raw\uta\drowsiness\drowsy_005_12f5ca5c.mov,group_005,18,5225,5525,30.02461852377573,6.004923704755146,10.0
0.18388250569147221,0.09791657818969948,0.21652215357755855,0.028774329230325715,0.1383794016091237,0.1819235417142971,0.20056425497922686,0.20592202460258646,0.11860557538785907,0.0007870802541284051,0.15,7,1.1657100646352723,0.499590027700831,3,0.30024618523775726,0.0362517304030098,0.0,0.07322520259382126,0.015551478689055225,0.047523354887086464,0.05558457806555546,0.06342019922059922,0.07322520259382126,0.00014649261638338118,0.0,0,0,0.0,0.0,5.072238798217686,1.05,0.0,SONOLENTO,uta,data\raw\uta\drowsiness\drowsy_005_12f5ca5c.mov,group_005,19,5530,5830,30.02461852377573,6.004923704755146,10.0
0.19744279957005587,0.1572396205587493,0.21229219377966366,0.009272856173958908,0.1875175619894001,0.19370264746948418,0.20352668300901777,0.20851657573316237,0.055052573220914364,-6.0219865287952625e-05,0.0,0,0.0,0.0,0,0.0,0.035235487425911725,0.02240272433692913,0.0493563936403284,0.0057834600123965255,0.03542181734879073,0.046857678643455504,0.04789998554896718,0.02695366930339927,8.086043298510282e-05,0.0,0,0,0.0,0.0,5.603362139464079,0.0,0.0,SONOLENTO,uta,data\raw\uta\drowsiness\drowsy_005_12f5ca5c.mov,group_005,20,5835,6130,30.02461852377573,6.004923704755146,10.0
0.3441098859753593,0.08564410970159915,0.4601122041882618,0.0783118971235833,0.2561290629936089,0.30802090305164026,0.4068353173248114,0.4191908373151892,0.3744680944866627,0.0009150683274372303,0.0425531914893617,1,0.209911028589422,0.209911028589422,2,0.2027201323118383,0.015961622425378803,0.0,0.06679874538290219,0.017899776003164707,0.03159098874256973,0.03783047242229359,0.04370861662892609,0.06679874538290219,-0.0002930374609152598,0.0,0,0,0.0,0.0,21.55722767884697,0.0425531914893617,0.0,SONOLENTO,uta,data\raw\uta\drowsiness\drowsy_006_678b70db.mp4,group_006,1,5,255,23.819615546641,4.7639231093282,10.0
0.3416733618350437,0.10309614974931736,0.4400371624604432,0.0559557445924577,0.29934356463575684,0.32252734772739894,0.3650839830126764,0.39784437150474833,0.33694101271112586,0.00023827426991743613,0.02127659574468085,1,0.209911028589422,0.209911028589422,1,0.10136006615591915,0.01202930329167786,0.0,0.04975185951049946,0.01715120894059828,0.031189143077590267,0.03491723968957844,0.04402872854638994,0.04975185951049946,0.0005455237509912666,0.0,0,0,0.0,0.0,28.401059686616655,0.02127659574468085,0.0,SONOLENTO,uta,data\raw\uta\drowsiness\drowsy_006_678b70db.mp4,group_006,2,260,495,23.819615546641,4.7639231093282,10.0
0.3613614055390983,0.20418152607484655,0.4376390122188353,0.0411313004512126,0.3286517479332057,0.34767249430213654,0.3817103115800798,0.4073517086198343,0.23345748614398873,0.0013820592050349137,0.0,0,0.0,0.0,0,0.0,0.015363538251943117,0.0,0.04899959575500253,0.01828468674219613,0.033104418181543735,0.03482924021468299,0.04740454631399772,0.04899959575500253,0.0007229219982917733,0.0,0,0,0.0,0.0,23.519184215861337,0.0,0.0,SONOLENTO,uta,data\raw\uta\drowsiness\drowsy_006_678b70db.mp4,group_006,3,500,730,23.819615546641,4.7639231093282,10.0
0.3504477742672126,0.2964728285571672,0.4092993798708318,0.028538684527857485,0.31793638959992226,0.3305352796935505,0.3652595010151991,0.3976675847572241,0.11282655131366459,-0.0009092089567550441,0.0,0,0.0,0.0,0,0.0,0.02897453710462168,0.0,0.3328201177351375,0.05624233905988031,0.03539082634534316,0.05509492365018246,0.10752093161514771,0.3328201177351375,-0.0009528518729995831,0.0425531914893617,1,2,0.419822057178844,0.419822057178844,12.094608393344162,0.0,0.014162558201495212,SONOLENTO,uta,data\raw\uta\drowsiness\drowsy_006_678b70db.mp4,group_006,4,735,965,23.819615546641,4.7639231093282,10.0
0.35537593096994907,0.1652964648313014,0.43524725253959007,0.05374754576490924,0.30821357270977756,0.33555732151439455,0.3870497195006846,0.404141339495729,0.2699507877082887,-1.1172212093423376e-05,0.0,0,0.0,0.0,0,0.0,0.012791995178755837,0.0,0.04865042554105199,0.017212968870237426,0.033259505261886965,0.03496307978958161,0.037029424078890004,0.04865042554105199,0.00037848705658365096,0.0,0,0,0.0,0.0,27.77894668170356,0.0,0.0,SONOLENTO,uta,data\raw\uta\drowsiness\drowsy_006_678b70db.mp4,group_006,5,970,1200,23.819615546641,4.7639231093282,10.0
0.3536982946527782,0.2942125567942303,0.40928016337270523,0.02690118650015576,0.32952152150611774,0.33591858675626696,0.3675464179710859,0.39359334004357155,0.11506760657847492,-0.000581573812385283,0.0,0,0.0,0.0,0,0.0,0.013075882950442715,0.0,0.046726931351599776,0.01670832834627265,0.033167906340332974,0.033716121480207806,0.034401045807689073,0.046726931351599776,-0.000613388109351569,0.0,0,0,0.0,0.0,27.047599645357675,0.0,0.0,SONOLENTO,uta,data\raw\uta\drowsiness\drowsy_006_678b70db.mp4,group_006,6,1205,1435,23.819615546641,4.7639231093282,10.0
0.3424085813643441,0.13303778077933084,0.37691981445208,0.035977843981209255,0.3345712239320171,0.3369197205889498,0.3547624461828712,0.36706345789839095,0.24388203367274916,-0.0012303709025441975,0.02127659574468085,1,0.209911028589422,0.209911028589422,1,0.10136006615591915,0.0056216128861099396,0.0,0.033767600672658715,0.012412811123458763,0.0,0.032879797461071454,0.03304093002275449,0.033767600672658715,2.699427974563898e-05,0.0,0,0,0.0,0.0,60.89848052855064,0.02127659574468085,0.0,SONOLENTO,uta,data\raw\uta\drowsiness\drowsy_006_678b70db.mp4,group_006,7,1440,1670,23.819615546641,4.7639231093282,10.0
0.3189948757586685,0.23926384898509628,0.3633763215006215,0.03022780559453541,0.2784925135941221,0.30217818208116787,0.33988344448681174,0.35200598240566133,0.12411247251552521,-0.00011229173227086,0.0,0,0.0,0.0,0,0.0,0.0027311772556145174,0.0,0.032461373658059775,0.008955976539528655,0.0,0.0,0.03191590763734544,0.032461373658059775,4.2170256736668306e-05,0.0,0,0,0.0,0.0,116.75482441819851,0.0,0.0,SONOLENTO,uta,data\raw\uta\drowsiness\drowsy_006_678b70db.mp4,group_006,8,1675,1905,23.819615546641,4.7639231093282,10.0
0.3414712500220302,0.3138899583501709,0.3781908299075554,0.015755209395079062,0.3261781197083716,0.3288020038146572,0.3544523835211004,0.36140106474233197,0.06430087155738451,0.00014265813023247478,0.0,0,0.0,0.0,0,0.0,0.007499142393814643,0.0,0.06441566264008308,0.01510952750765678,0.0,0.03220783132004154,0.03267820761876248,0.06441566264008308,-0.00036161484811796996,0.0,0,0,0.0,0.0,45.52863560345749,0.0,0.0,SONOLENTO,uta,data\raw\uta\drowsiness\drowsy_006_678b70db.mp4,group_006,9,1910,2140,23.819615546641,4.7639231093282,10.0
0.31836009067905807,0.15043229805466565,0.3942740013614813,0.051728006667448215,0.24631622375840384,0.31178557662532613,0.3442062956521204,0.3642086985438269,0.24384170330681562,0.00032522129375887773,0.0,0,0.0,0.0,0,0.0,0.005981205563272212,0.0,0.04649905549752771,0.013325659621150497,0.0,0.033767600672658715,0.033767600672658715,0.04649905549752771,0.0001515558927789194,0.0,0,0,0.0,0.0,53.21784537690109,0.0,0.0,SONOLENTO,uta,data\raw\uta\drowsiness\drowsy_006_678b70db.mp4,group_006,10,2145,2375,23.819615546641,4.7639231093282,10.0
0.3716724071962533,0.1812808510642231,0.43819191616489833,0.06071283606123723,0.280327215636537,0.35794173310060456,0.4136163564154238,0.42410760063949837,0.25691106510067524,-0.001743799228229858,0.0,0,0.0,0.0,0,0.0,0.008121134017027415,0.0,0.03569153051241249,0.014693526972212281,0.0,0.034482758620689655,0.03478988793814213,0.03569153051241249,0.0001201116223108524,0.0,0,0,0.0,0.0,45.76043764078152,0.0,0.0,SONOLENTO,uta,data\raw\uta\drowsiness\drowsy_006_678b70db.mp4,group_006,11,2380,2610,23.819615546641,4.7639231093282,10.0
0.2961282608086007,0.20218805171347226,0.39866183962654306,0.04938649844717079,0.25097860335809435,0.26296241560353084,0.31270202884832055,0.3838114613377239,0.1964737879130708,0.00128153249206097,0.0,0,0.0,0.0,0,0.0,0.005760128786172768,0.0,0.04865042554105199,0.013985813684804515,0.0,0.034425537820524994,0.035623524993954825,0.04865042554105199,0.0001673843659333495,0.0,0,0,0.0,0.0,51.40108332924885,0.0,0.0,SONOLENTO,uta,data\raw\uta\drowsiness\drowsy_006_678b70db.mp4,group_006,12,2615,2845,23.819615546641,4.7639231093282,10.0
0.3481731347774546,0.24785902336679022,0.39194564000191306,0.03961880855936675,0.26772252152936465,0.3508870062927124,0.3698463462375588,0.38270135152595075,0.14408661663512284,0.001764383031663241,0.0,0,0.0,0.0,0,0.0,0.007352041607492776,0.0,0.03569153051241249,0.014145135119563314,0.0,0.03446227583977888,0.03447661378641642,0.03569153051241249,-0.0004260786042161004,0.0,0,0,0.0,0.0,47.3508995818363,0.0,0.0,SONOLENTO,uta,data\raw\uta\drowsiness\drowsy_006_678b70db.mp4,group_006,13,2850,3080,23.819615546641,4.7639231093282,10.0
0.3581601875166326,0.33422443532914836,0.38931873477738077,0.012488695693071015,0.34526272408154335,0.3464122036690186,0.37079256279370476,0.3736604340801688,0.05509429944823241,0.0006428883939035686,0.0,0,0.0,0.0,0,0.0,0.0021753059981318348,0.0,0.03446227583977888,0.008331908525489231,0.0,0.0,0.023320381162846793,0.03446227583977888,-4.51573291724565e-06,0.0,0,0,0.0,0.0,164.5725315392602,0.0,0.0,SONOLENTO,uta,data\raw\uta\drowsiness\drowsy_006_678b70db.mp4,group_006,14,3085,3315,23.819615546641,4.7639231093282,10.0
0.3516217873616111,0.2256814399892012,0.3805627222067548,0.021098468211847576,0.3440477283013105,0.34522996598516453,0.35977154519127996,0.36974925139160286,0.1548812822175536,-0.00020341681406795524,0.0,0,0.0,0.0,0,0.0,0.022689301172404176,0.0,0.47944931460396556,0.08052002771406366,0.0,0.03446227583977888,0.043687458473931885,0.47944931460396556,0.0020084635166141788,0.0425531914893617,1,2,0.419822057178844,0.419822057178844,15.496567660778855,0.0,0.02040209849378577,SONOLENTO,uta,data\raw\uta\drowsiness\drowsy_006_678b70db.mp4,group_006,15,3320,3550,23.819615546641,4.7639231093282,10.0
0.3389422745939938,0.2339759980573991,0.4090092165212147,0.037730940163945514,0.2811016903308539,0.3309155018222488,0.3585839804693126,0.3760112472004824,0.1750332184638156,0.0008221498618298741,0.0,0,0.0,0.0,0,0.0,0.2259985728117449,0.0,0.9697252046209092,0.34655163800823324,0.39805169558753306,0.8907422469619568,0.9303030303030302,0.9697252046209092,-0.019567592840961316,0.3404255319148936,2,15,3.1486654288413303,1.679288228715376,1.4997474126923633,0.0,0.33011921859435206,SONOLENTO,uta,data\raw\uta\drowsiness\drowsy_006_678b70db.mp4,group_006,16,3555,3785,23.819615546641,4.7639231093282,10.0
0.3380690817428128,0.2347503771116194,0.4044509881844165,0.04288821209243984,0.27113071471934497,0.30025722731927196,0.3687783191346364,0.3821515739170105,0.1697006110727971,0.00233769841444755,0.0,0,0.0,0.0,0,0.0,0.006327549044430272,0.0,0.06608186004550898,0.014682214246241427,0.0,0.03303168058139766,0.033327782403124874,0.06608186004550898,0.00013304817689229866,0.0,0,0,0.0,0.0,53.41968267439531,0.0,0.0,SONOLENTO,uta,data\raw\uta\drowsiness\drowsy_006_678b70db.mp4,group_006,17,3790,4020,23.819615546641,4.7639231093282,10.0
0.34457753324234836,0.30117097297556616,0.3744852364840328,0.018164550013500244,0.31826927570108327,0.3337816091210637,0.3597506424153116,0.36210160572799066,0.07331426350846665,4.633133155346201e-05,0.0,0,0.0,0.0,0,0.0,0.011455973364432924,0.0,0.047140452079103175,0.016077814327669804,0.03225806451612903,0.03331483023263848,0.03333333333333333,0.047140452079103175,-0.0002976538944162556,0.0,0,0,0.0,0.0,30.075790724281187,0.0,0.0,SONOLENTO,uta,data\raw\uta\drowsiness\drowsy_006_678b70db.mp4,group_006,18,4025,4255,23.819615546641,4.7639231093282,10.0
0.393097782206327,0.31071863009685263,0.49632401030996426,0.05162411148012389,0.3415111918784691,0.3595151742825645,0.43956850920561713,0.47977333434230346,0.18560538021311163,0.0018408578157613751,0.0,0,0.0,0.0,0,0.0,0.009460224527019643,0.0,0.05376033305704704,0.016389327008572253,0.01665741511631924,0.03670650264006555,0.03794085086344716,0.05376033305704704,0.00014630791596010847,0.0,0,0,0.0,0.0,41.54829864609035,0.0,0.0,SONOLENTO,uta,data\raw\uta\drowsiness\drowsy_006_678b70db.mp4,group_006,19,4260,4490,23.819615546641,4.7639231093282,10.0
0.33245755598548676,0.17625150441982462,0.41683726392907106,0.05701422350192591,0.2532022344191623,0.27798703938443214,0.37591616966582897,0.3925035997994473,0.24058575950924643,0.0006960134867619822,0.0,0,0.0,0.0,0,0.0,0.22394536747563734,0.0,0.7515056842536706,0.25906629231312833,0.48379947373187815,0.5771454988540362,0.6516121821905184,0.7515056842536706,-0.00595840483585268,0.44680851063829785,1,21,4.408131600377862,4.408131600377862,1.4845409627894683,0.0,0.33577913551759747,SONOLENTO,uta,data\raw\uta\drowsiness\drowsy_006_678b70db.mp4,group_006,20,4495,4725,23.819615546641,4.7639231093282,10.0
0.13537924441766414,0.07492006461228602,0.16800706769383011,0.01610223060650728,0.1226896968028239,0.1327127093067688,0.1435932324937707,0.14741401432971477,0.09308700308154409,-0.00013930479608559383,0.9830508474576272,58,9.734989489070987,9.734989489070987,1,0.10098119248729051,0.019537920892897933,0.010304351312815117,0.032502069533596224,0.005622036453161132,0.024983219876015705,0.02575999305253037,0.026997317358053746,0.022197718220781107,3.515223030837548e-05,0.0,0,0,0.0,0.0,6.928696070767766,57.016949152542374,0.0,SONOLENTO,uta,data\raw\uta\drowsiness\drowsy_007_24bcc68c.mp4,group_007,1,5,315,29.789451783750696,5.95789035675014,10.0
0.1555437572570815,0.09037148363234648,0.18059096326012514,0.01632072429895273,0.13882361572411028,0.14429226993831606,0.16901129341300555,0.17262090395254706,0.09021947962777865,-3.733181640157071e-05,0.3728813559322034,11,1.8462911099962216,0.6154303699987406,6,0.605887154923743,0.016188912134593288,0.0,0.026612314770617474,0.005350866554581745,0.016443787952270354,0.025700572636909016,0.026029069866972693,0.026612314770617474,-4.219742027716851e-05,0.0,0,0,0.0,0.0,9.6074491302969,4.101694915254237,0.0,SONOLENTO,uta,data\raw\uta\drowsiness\drowsy_007_24bcc68c.mp4,group_007,2,320,625,29.789451783750696,5.95789035675014,10.0
0.15636768856603395,0.07849082818427863,0.18280452096382513,0.01764628156576834,0.1397209661907624,0.14526862946107424,0.16940540427722595,0.1752056147450909,0.1043136927795465,0.000533784742398828,0.3220338983050847,12,2.0141357563595146,1.0630160936341881,3,0.3029435774618715,0.018977908320435513,0.009704622344933814,0.0355222416662694,0.00549911413711249,0.024702655269279665,0.02540855101483639,0.025731640983670326,0.025817619321335583,-8.543834717472054e-05,0.0,0,0,0.0,0.0,8.239024390969066,3.8644067796610164,0.0,SONOLENTO,uta,data\raw\uta\drowsiness\drowsy_007_24bcc68c.mp4,group_007,3,630,935,29.789451783750696,5.95789035675014,10.0
0.1713250297451978,0.13244389723241246,0.20361856523274616,0.020724749347770993,0.14493005855900226,0.15145406794392993,0.1892135798202489,0.1952038476666279,0.0711746680003337,-0.0004315985131697525,0.2033898305084746,3,0.5035339390898786,0.2517669695449393,8,0.8078495398983241,0.015271202408243006,0.0,0.1006091801721971,0.01581321129884215,0.019983592383999684,0.027227799802820692,0.03591526859168884,0.1006091801721971,0.00030638605383113114,0.0,0,0,0.0,0.0,11.218095803440045,0.6101694915254238,0.0,SONOLENTO,uta,data\raw\uta\drowsiness\drowsy_007_24bcc68c.mp4,group_007,4,940,1285,29.789451783750696,5.95789035675014,10.0
0.15029794174801347,0.06277111741518628,0.18134302023371007,0.019329626547752842,0.137881131555349,0.14558096592824316,0.1580064129851107,0.16680656724963192,0.1185719028185238,0.0003601283269577954,0.3559322033898305,4,0.6713785854531715,0.4405921967036438,8,0.8078495398983241,0.01608760791344342,0.0,0.0683283961182196,0.009807829021009976,0.01654107518233921,0.024899804849696113,0.031966487899902,0.0683283961182196,-0.00024118121355937408,0.0,0,0,0.0,0.0,9.341886044871949,1.423728813559322,0.0,SONOLENTO,uta,data\raw\uta\drowsiness\drowsy_007_24bcc68c.mp4,group_007,5,1290,1620,29.789451783750696,5.95789035675014,10.0
0.14726300728888347,0.07926248763566497,0.16496147281941015,0.017566346955642284,0.13234255379989987,0.14129996628659475,0.15811992651085674,0.16092442633762338,0.08569898518374518,0.0002305216670907347,0.4067796610169492,13,2.1819804027228074,0.6713785854531715,6,0.605887154923743,0.011756383427999083,0.0,0.01681681984990781,0.00412605902550854,0.015363720388179907,0.015532370183662122,0.016071484167454034,0.01681681984990781,-0.00010440720224313238,0.0,0,0,0.0,0.0,12.525151381742875,5.288135593220339,0.0,SONOLENTO,uta,data\raw\uta\drowsiness\drowsy_007_24bcc68c.mp4,group_007,6,1625,1915,29.789451783750696,5.95789035675014,10.0
0.15080195833022422,0.10532571825210241,0.18577236463732671,0.01739134521828713,0.13609272585999999,0.13985519695601015,0.15685443032541896,0.18014420065370995,0.08044664638522431,0.0003820702573303189,0.576271186440678,21,3.5247375736291504,0.8152454251931368,7,0.7068683474110335,0.016666615298596317,0.0,0.032886464312032695,0.006981297569910274,0.02525916048548345,0.02575999305253037,0.026029615743125886,0.032886464312032695,-0.0001278897129995591,0.0,0,0,0.0,0.0,9.047602529134698,12.101694915254237,0.0,SONOLENTO,uta,data\raw\uta\drowsiness\drowsy_007_24bcc68c.mp4,group_007,7,1925,2230,29.789451783750696,5.95789035675014,10.0
0.15438526492081694,0.04189769259274509,0.22009397507565495,0.029380993774491035,0.13450563432297574,0.1408059385612564,0.17782759403789578,0.19280888725908887,0.17819628248290986,-0.00031531514184353674,0.576271186440678,16,2.685514341812686,1.4266794940879894,4,0.40392476994916204,0.014823126773051974,0.0,0.04631533666178663,0.010383232993303359,0.023527783600723398,0.025999384370381944,0.03177807417835812,0.04631533666178663,0.00019124501344739022,0.0,0,0,0.0,0.0,10.414459298976455,9.220338983050848,0.0,SONOLENTO,uta,data\raw\uta\drowsiness\drowsy_007_24bcc68c.mp4,group_007,8,2235,2570,29.789451783750696,5.95789035675014,10.0
0.15794996625679028,0.12774831419171387,0.1749428510608967,0.012982144250823635,0.137419854655069,0.1475009489308075,0.16743272028857437,0.17135962529905996,0.04719453686918282,0.000625899577146594,0.2711864406779661,14,2.3498250490861,1.342757170906343,2,0.20196238497458102,0.01724654514830902,0.0,0.0705833508021702,0.010247780975662885,0.01663780661615406,0.025994816367194737,0.02712406197465222,0.0705833508021702,-0.00017084882776595832,0.0,0,0,0.0,0.0,9.157823035023391,3.7966101694915255,0.0,SONOLENTO,uta,data\raw\uta\drowsiness\drowsy_007_24bcc68c.mp4,group_007,9,2580,2880,29.789451783750696,5.95789035675014,10.0
0.14672094508290026,0.04538808717631833,0.17315347775666298,0.023206637062340052,0.1309127721589849,0.14089483605642047,0.15909170376386755,0.1677017426934872,0.12776539058034464,-0.00021895353471351425,0.4576271186440678,8,1.342757170906343,0.5664756814761135,8,0.8078495398983241,0.017493087777255754,0.0,0.059290924576660284,0.01016969438951378,0.01663780661615406,0.025941559309957323,0.03507517638447823,0.059290924576660284,2.165392368097462e-05,0.0,0,0,0.0,0.0,8.386887441690654,3.6610169491525424,0.0,SONOLENTO,uta,data\raw\uta\drowsiness\drowsy_007_24bcc68c.mp4,group_007,10,2885,3225,29.789451783750696,5.95789035675014,10.0
0.13764418401515188,0.09083775900055759,0.15825811381099036,0.010668466168114942,0.12858066105070384,0.13367239890677263,0.14501874801667178,0.1488117282401571,0.06742035481043278,-3.611573288554324e-05,0.9152542372881356,48,8.056543025438058,3.0212036345392717,3,0.3029435774618715,0.0204268183791245,0.010988347541611645,0.030406164562583538,0.005150142195515499,0.024299345578837186,0.024567132920397708,0.02560805326915785,0.019417817020971895,7.14361506337641e-05,0.0,0,0,0.0,0.0,6.738075572270242,43.932203389830505,0.0,SONOLENTO,uta,data\raw\uta\drowsiness\drowsy_007_24bcc68c.mp4,group_007,11,3230,3540,29.789451783750696,5.95789035675014,10.0
0.14021806170254422,0.06805073638916115,0.15518345974349634,0.014777036032186932,0.1277012210823908,0.13837052426858748,0.1486817962398455,0.1517973918154954,0.0871327233543352,0.00022353159772904062,0.7457627118644068,15,2.5176696954493933,1.4770328879969774,5,0.5049059624364525,0.021831902997687863,0.011235245872283075,0.032502069533596224,0.00516335859063623,0.025118017965166415,0.025122773514348877,0.02594105173826476,0.021266823661313147,3.342023967947562e-05,0.0,0,0,0.0,0.0,6.4223278836256235,11.186440677966102,0.0,SONOLENTO,uta,data\raw\uta\drowsiness\drowsy_007_24bcc68c.mp4,group_007,12,3545,3850,29.789451783750696,5.95789035675014,10.0
0.15048501992936805,0.0729196886378809,0.16813296987402374,0.014988780920299252,0.13781078854702766,0.14434824073636132,0.1604620670813575,0.16335785598901528,0.09521328123614284,0.0002387879643322841,0.3728813559322034,9,1.5106018172696358,0.5275117457132061,7,0.7068683474110335,0.019122588657976256,0.0,0.025695142098832658,0.006141098567132782,0.024839067403921285,0.025118017965166415,0.025403303457146677,0.025695142098832658,0.0001147034676226207,0.0,0,0,0.0,0.0,7.869078477935273,3.3559322033898304,0.0,SONOLENTO,uta,data\raw\uta\drowsiness\drowsy_007_24bcc68c.mp4,group_007,13,3855,4165,29.789451783750696,5.95789035675014,10.0
0.13817329116844024,0.07550039328428726,0.16154491318714154,0.018493890171101847,0.12003175376488807,0.13493702024878718,0.1499131253171853,0.15460047740142202,0.08604451990285428,8.767600840686816e-05,0.7457627118644068,24,4.028271512719029,1.4770328879969774,5,0.5049059624364525,0.021372402419394795,0.011360702676647077,0.03326640581286448,0.005240751510515106,0.025118017965166415,0.025465606758467037,0.026536888850555718,0.021905703136217404,-0.00011696070553540513,0.0,0,0,0.0,0.0,6.464730717981434,17.898305084745765,0.0,SONOLENTO,uta,data\raw\uta\drowsiness\drowsy_007_24bcc68c.mp4,group_007,14,4170,4470,29.789451783750696,5.95789035675014,10.0
0.13295927350423106,0.04800960663617726,0.17125166041105874,0.02059787435297315,0.11045254432800873,0.13164196341908926,0.14241347339495536,0.1477516738411122,0.12324205377488148,0.00011651785022409415,0.9322033898305084,26,4.363960805445615,3.0771518499937027,3,0.3029435774618715,0.020485621334625618,0.0,0.031772058831581504,0.005943434326969519,0.025403303457146677,0.0256961602995004,0.02632157095061939,0.031772058831581504,3.088291013918278e-05,0.0,0,0,0.0,0.0,6.490053744465366,24.237288135593218,0.0,SONOLENTO,uta,data\raw\uta\drowsiness\drowsy_007_24bcc68c.mp4,group_007,15,4475,4775,29.789451783750696,5.95789035675014,10.0
0.13867102924121233,0.06724155133819198,0.153856929107402,0.015237273016962953,0.11794821995636749,0.13834426070329725,0.1475510658631665,0.1490875834758851,0.08661537776921002,-0.00012795014193313863,0.9152542372881356,38,6.378096561805129,1.5106018172696358,6,0.605887154923743,0.019951323349858996,0.015704761581051517,0.03249134525523863,0.004818144129212824,0.025118017965166415,0.025688359469658327,0.02632157095061939,0.01678658367418711,-6.542402319888494e-05,0.0,0,0,0.0,0.0,6.950119382572672,34.779661016949156,0.0,SONOLENTO,uta,data\raw\uta\drowsiness\drowsy_007_24bcc68c.mp4,group_007,16,4780,5070,29.789451783750696,5.95789035675014,10.0
0.1358147734920268,0.07000317205450193,0.1494883614052413,0.016440067752696897,0.11791870118998136,0.1366720509114001,0.14457242426896477,0.1461184210937814,0.07948518935073937,1.1093158608526865e-06,1.0,59,9.90283413543428,9.90283413543428,1,0.10098119248729051,0.02074387261914471,0.015704761581051517,0.032502069533596224,0.005333047654396281,0.02539511069289415,0.02581599427587197,0.03180814490910388,0.016797307952544707,0.00010708597946776629,0.0,0,0,0.0,0.0,6.546908047373988,59.0,0.0,SONOLENTO,uta,data\raw\uta\drowsiness\drowsy_007_24bcc68c.mp4,group_007,17,5075,5365,29.789451783750696,5.95789035675014,10.0
0.1300630861921404,0.0808665413481546,0.14292156037221948,0.011870211316346602,0.1193726980352115,0.12471878690817362,0.13912072384143848,0.1414904767192817,0.06205501902406488,-4.071693335026778e-05,1.0,59,9.90283413543428,9.90283413543428,1,0.10098119248729051,0.02457817971028526,0.01135703876108862,0.03287979746107146,0.005067332296209202,0.025993762245501817,0.03213291960680524,0.0328698052886728,0.02152275869998284,-0.00011822856420226675,0.0,0,0,0.0,0.0,5.291595884207436,59.0,0.0,SONOLENTO,uta,data\raw\uta\drowsiness\drowsy_007_24bcc68c.mp4,group_007,18,5370,5665,29.789451783750696,5.95789035675014,10.0
0.16026160490049152,0.07718774003966752,0.18018994706220598,0.020482638967323073,0.13591825949562197,0.1588396521505202,0.17157181044855968,0.17666502395753894,0.10300220702253846,0.0004847846122989465,0.1864406779661017,9,1.5106018172696358,0.6154303699987406,3,0.3029435774618715,0.01748912953450885,0.0,0.027250890267063607,0.00540633439157758,0.022471127980201993,0.025461671185483873,0.025724126390623107,0.027250890267063607,-5.988509810811306e-05,0.0,0,0,0.0,0.0,9.162974155467964,1.6779661016949152,0.0,SONOLENTO,uta,data\raw\uta\drowsiness\drowsy_007_24bcc68c.mp4,group_007,19,5670,5965,29.789451783750696,5.95789035675014,10.0
0.18433536281114257,0.12137296162071776,0.20566516189608025,0.016355342423896,0.16278788049830548,0.1755060151420081,0.19703616062388432,0.19930335417243425,0.0842922002753625,0.00022292355343139894,0.03389830508474576,1,0.16784464636329288,0.16784464636329288,2,0.20196238497458102,0.015313300451120473,0.0,0.05860554840483033,0.009740122698055556,0.01790000349050102,0.024751190671441433,0.025376888205485088,0.05860554840483033,-5.7106062838215234e-05,0.0,0,0,0.0,0.0,12.036812481216252,0.03389830508474576,0.0,SONOLENTO,uta,data\raw\uta\drowsiness\drowsy_007_24bcc68c.mp4,group_007,20,5970,6270,29.789451783750696,5.95789035675014,10.0
0.18331818283653684,0.09270610402927246,0.22677291089346574,0.0292663134606594,0.15371444527573036,0.17507285232588957,0.20391653674785884,0.21397940718460587,0.13406680686419328,-0.0005431937196284488,0.1,2,0.3333331480349102,0.19999988882094613,5,0.5000002779477892,0.015892581135680657,0.0,0.03142696805273545,0.011324102067007593,0.02173527916560733,0.02952546932082127,0.03073687417340725,0.03142696805273545,0.0001329858526040678,0.0,0,0,0.0,0.0,11.53410180321114,0.2,0.0,SONOLENTO,uta,data\raw\uta\drowsiness\drowsy_008_5a4de48e.mp4,group_008,1,5,300,30.00001667686735,6.00000333537347,10.0
0.17107547766885586,0.06590707788710125,0.21131475105881523,0.02645076370868581,0.12848377519154355,0.1691205757809529,0.18435521326488333,0.19318554439029467,0.145407673171714,-3.666223474134063e-05,0.15,2,0.3333331480349102,0.24999986102618268,6,0.600000333537347,0.012777129518311817,0.0,0.032033845620909114,0.01185335556892691,0.02210308200408273,0.023979905814169707,0.03011157402727613,0.032033845620909114,-5.776951032659828e-06,0.0,0,0,0.0,0.0,13.38814710116176,0.3,0.0,SONOLENTO,uta,data\raw\uta\drowsiness\drowsy_008_5a4de48e.mp4,group_008,2,305,650,30.00001667686735,6.00000333537347,10.0
0.15269444465048673,0.05858131314118704,0.21664648487977606,0.033433856271074765,0.10412726952095701,0.13237663578440512,0.17335554448065638,0.18591639167718021,0.15806517173858903,-0.0007449404080508994,0.4,8,1.3333325921396408,0.36363616149262934,11,1.1000006114851362,0.10647075922679869,0.0,0.5213679851319629,0.1632797107851444,0.08510268422306308,0.4723071915555107,0.4822792202476861,0.5213679851319629,9.729110363580327e-05,0.2,2,10,1.6666657401745513,0.9999994441047307,1.4341309447628052,3.2,0.10427359702639259,SONOLENTO,uta,data\raw\uta\drowsiness\drowsy_008_5a4de48e.mp4,group_008,3,660,1015,30.00001667686735,6.00000333537347,10.0
0.16226055721761992,0.10682812297014235,0.19471726385118238,0.02333784745960884,0.12271340339277216,0.14970520860162168,0.18261498508247756,0.1855123306214382,0.08788914088104002,0.0006235690823605479,0.25,3,0.49999972205236537,0.24999986102618268,10,1.0000005558955785,0.014907919362177236,0.0,0.03142696805273545,0.011282682702050269,0.02173527916560733,0.023008965026325746,0.030777544999330657,0.03142696805273545,-4.9265593317586566e-05,0.0,0,0,0.0,0.0,10.883455284442833,0.75,0.0,SONOLENTO,uta,data\raw\uta\drowsiness\drowsy_008_5a4de48e.mp4,group_008,4,1020,1315,30.00001667686735,6.00000333537347,10.0
0.16240844047639064,0.08948763588587766,0.2213870871858758,0.02170278062634958,0.1348264508826419,0.15164140445808474,0.1736629288913335,0.18173709943624128,0.13189945129999814,0.0003754623619901776,0.23333333333333334,4,0.6666662960698204,0.2592591151382635,9,0.9000005003060205,0.012219088112935237,0.0,0.03141921118033474,0.011604487931321877,0.022216737285146886,0.022721992090692013,0.024149464602587854,0.03141921118033474,-7.333700945142096e-05,0.0,0,0,0.0,0.0,13.290283914113326,0.9333333333333333,0.0,SONOLENTO,uta,data\raw\uta\drowsiness\drowsy_008_5a4de48e.mp4,group_008,5,1320,1615,30.00001667686735,6.00000333537347,10.0
0.16166309368925652,0.09827553917022602,0.20300252430136612,0.023437308785418734,0.1299339018824729,0.14791427720048572,0.1773664397445639,0.19295299714095007,0.1047269851311401,0.0005241790870676588,0.26666666666666666,4,0.6666662960698204,0.4444441973798803,6,0.600000333537347,0.011243153521581591,0.0,0.03214121732666125,0.012301857162110288,0.021739130434782608,0.02839639356043231,0.031395974980055176,0.03214121732666125,-0.00011188840118551909,0.0,0,0,0.0,0.0,14.377524584573367,1.0666666666666667,0.0,SONOLENTO,uta,data\raw\uta\drowsiness\drowsy_008_5a4de48e.mp4,group_008,6,1620,1915,30.00001667686735,6.00000333537347,10.0
0.1679722476630272,0.12265370788560706,0.21227311218382072,0.019271970736994347,0.1402438626769576,0.15760694693112615,0.18084646788732356,0.1922418200955241,0.08961940429821366,-0.000577720826624454,0.16666666666666666,3,0.49999972205236537,0.3333331480349102,5,0.5000002779477892,0.012559598716255385,0.0,0.03280893574623933,0.012878629702524399,0.02315584223237446,0.031361223549513435,0.03274730613319565,0.03280893574623933,0.00024597949479936273,0.0,0,0,0.0,0.0,13.372949129060606,0.5,0.0,SONOLENTO,uta,data\raw\uta\drowsiness\drowsy_008_5a4de48e.mp4,group_008,7,1920,2215,30.00001667686735,6.00000333537347,10.0
0.15091321195611523,0.10417201769953126,0.2041213480704931,0.01919301513947344,0.13027792345354997,0.13991993428562477,0.16382824018923883,0.17337579336566036,0.09994933037096183,0.00011258839447075742,0.5,8,1.3333325921396408,0.6249996525654566,8,0.8000004447164627,0.01775272135075078,0.0,0.09438583563660174,0.017641885160677728,0.0226441097277537,0.03612836240489254,0.047796260103957794,0.09438583563660174,5.655711262554982e-05,0.0,0,0,0.0,0.0,8.500370653262129,4.0,0.0,SONOLENTO,uta,data\raw\uta\drowsiness\drowsy_008_5a4de48e.mp4,group_008,8,2220,2620,30.00001667686735,6.00000333537347,10.0
0.1458133279602997,0.11228821338418271,0.17499190814543863,0.012429179337274193,0.1326608419294062,0.13736032657344716,0.15398837718523423,0.15958197999439572,0.06270369476125592,0.00014720229185032738,0.6166666666666667,9,1.4999991661570962,0.5606057489678036,11,1.1000006114851362,0.010390956007053751,0.0,0.03845442846268641,0.011257896212556868,0.019909634245830463,0.020859480951722284,0.021990244882569253,0.03845442846268641,-2.2210849854830422e-05,0.0,0,0,0.0,0.0,14.031365015529891,5.550000000000001,0.0,SONOLENTO,uta,data\raw\uta\drowsiness\drowsy_008_5a4de48e.mp4,group_008,9,2625,2920,30.00001667686735,6.00000333537347,10.0
0.1592566140871983,0.10612999732828851,0.1934447394783021,0.018559586154789608,0.14063450707642777,0.14718788098905056,0.17321527734240627,0.18454897572601286,0.08731474215001359,0.00041249008889635453,0.35,5,0.8333328700872756,0.49999972205236537,7,0.7000003891269049,0.013218620896582349,0.0,0.07929049280033963,0.019220855129278704,0.019595606244369373,0.02772434865007138,0.060813031926314993,0.07929049280033963,-0.00023909811370744397,0.0,0,0,0.0,0.0,12.046987983473166,1.75,0.0,SONOLENTO,uta,data\raw\uta\drowsiness\drowsy_008_5a4de48e.mp4,group_008,10,2925,3220,30.00001667686735,6.00000333537347,10.0
0.15544348494893845,0.1021982170107231,0.1974946443064055,0.01622132472009705,0.13943538014519072,0.14622351639240805,0.1664608717221482,0.17291483243152223,0.09529642729568241,0.00012297736855522334,0.31666666666666665,4,0.6666662960698204,0.28787862784833157,11,1.1000006114851362,0.031060824083657776,0.0,0.29653946927257613,0.05618747321010992,0.022347018004990206,0.059002319992291635,0.14609117276672418,0.29653946927257613,-0.0013205358238008913,0.06666666666666667,1,4,0.6666662960698204,0.6666662960698204,5.004325712819945,1.2666666666666666,0.019769297951505074,SONOLENTO,uta,data\raw\uta\drowsiness\drowsy_008_5a4de48e.mp4,group_008,11,3225,3520,30.00001667686735,6.00000333537347,10.0
0.15793331502374255,0.100101966052981,0.18902101674256233,0.018855257935744985,0.1325234995279367,0.1494249757279727,0.16995484939605315,0.17409222937890284,0.08891905068958134,-0.0005446059593080015,0.2833333333333333,9,1.4999991661570962,0.7083329395741843,4,0.40000022235823135,0.01101494181549335,0.0,0.0532812615447082,0.012508495655025181,0.02039118475715464,0.021257358312406823,0.02627431115351939,0.0532812615447082,3.785412368288328e-05,0.0,0,0,0.0,0.0,14.336796405516372,2.55,0.0,SONOLENTO,uta,data\raw\uta\drowsiness\drowsy_008_5a4de48e.mp4,group_008,12,3525,3820,30.00001667686735,6.00000333537347,10.0
0.16479340530659412,0.054514004609095265,0.20264077367949124,0.026293558808214556,0.12816849273085842,0.15314217011310893,0.18155853054547438,0.19134003960897397,0.14812676907039596,7.150755422062321e-06,0.23333333333333334,5,0.8333328700872756,0.3888886727073953,6,0.600000333537347,0.013753903770434709,0.0,0.058810812185497455,0.01502884018441065,0.020601734753310803,0.02825553035913543,0.04545576040409049,0.058810812185497455,-2.6819188883299164e-05,0.0,0,0,0.0,0.0,11.98070215953143,1.1666666666666667,0.0,SONOLENTO,uta,data\raw\uta\drowsiness\drowsy_008_5a4de48e.mp4,group_008,13,3825,4125,30.00001667686735,6.00000333537347,10.0
0.14491366809712575,0.0636065726568958,0.19826509683288351,0.026542012460158793,0.11317745039424532,0.13209762929391816,0.16095765245441604,0.17172890293924453,0.13465852417598773,0.0006836940875400306,0.5166666666666667,7,1.1666660181221857,0.5740737549490121,9,0.9000005003060205,0.018524888739544054,0.0,0.03130354305725289,0.010368418495978445,0.022173003507924643,0.030031931051782212,0.030678599553894816,0.03130354305725289,-0.00019219060124451635,0.0,0,0,0.0,0.0,7.822224894819931,3.616666666666667,0.0,SONOLENTO,uta,data\raw\uta\drowsiness\drowsy_008_5a4de48e.mp4,group_008,14,4130,4455,30.00001667686735,6.00000333537347,10.0
0.1396538945674057,0.07306160370698682,0.1776289158345183,0.0185721682690207,0.11796950937369896,0.1294899959814268,0.15022274793167972,0.1631649040562234,0.10456731212753147,0.00020558081109819967,0.75,14,2.3333320362443715,0.9374994788481851,8,0.8000004447164627,0.01746660232166861,0.0,0.049867714342941814,0.013785896445837628,0.022295714509984455,0.039095622659315744,0.041659020441358316,0.049867714342941814,8.035179935630492e-05,0.0,0,0,0.0,0.0,7.995023701344784,10.5,0.0,SONOLENTO,uta,data\raw\uta\drowsiness\drowsy_008_5a4de48e.mp4,group_008,15,4460,4770,30.00001667686735,6.00000333537347,10.0
0.16182446840106393,0.11339759760664278,0.2651174054170022,0.021367688502667462,0.13981515215371007,0.1534795393572907,0.1701054769581648,0.1761178523248716,0.1517198078103594,-0.00012305766211939158,0.23333333333333334,5,0.8333328700872756,0.5833330090610929,4,0.40000022235823135,0.02036405063980436,0.0,0.15266508383480148,0.025293887227195857,0.02173399540921557,0.044168540021258106,0.06671976064072631,0.15266508383480148,-0.0005682859360334783,0.016666666666666666,1,1,0.1666665740174551,0.1666665740174551,7.946185416537639,1.1666666666666667,0.0025444180639133582,SONOLENTO,uta,data\raw\uta\drowsiness\drowsy_008_5a4de48e.mp4,group_008,16,4775,5570,30.00001667686735,6.00000333537347,10.0
0.16846768228006095,0.13461532500217038,0.2002512158694471,0.013408096581266172,0.15339350108663818,0.16322342397195266,0.17546445334820565,0.18401201105163667,0.06563589086727672,0.00024691347787230246,0.1,4,0.6666662960698204,0.3333331480349102,3,0.3000001667686735,0.014497279831679791,0.0,0.09935626961568514,0.018650198185524085,0.0234603997470148,0.030220282734937126,0.04276294537732422,0.09935626961568514,0.0004629861937751287,0.0,0,0,0.0,0.0,11.61983933514284,0.4,0.0,SONOLENTO,uta,data\raw\uta\drowsiness\drowsy_008_5a4de48e.mp4,group_008,17,5575,5875,30.00001667686735,6.00000333537347,10.0
0.17314678840112957,0.14410103894141313,0.2108655645348691,0.011605269893665211,0.16051077930184254,0.16623671460272962,0.180842216081589,0.18486643221404273,0.06676452559345597,4.766415614884654e-05,0.016666666666666666,1,0.1666665740174551,0.1666665740174551,1,0.10000005558955784,0.02926774900146115,0.0,0.18465443682643257,0.038290457850182875,0.03156671338105706,0.0753865873103677,0.10439112560976035,0.18465443682643257,-0.0012872848745988752,0.05,3,1,0.1666665740174551,0.1666665740174551,5.915756371838296,0.016666666666666666,0.009232721841321628,SONOLENTO,uta,data\raw\uta\drowsiness\drowsy_008_5a4de48e.mp4,group_008,18,5880,6205,30.00001667686735,6.00000333537347,10.0
0.15907214380743348,0.1132696825428968,0.19677203658326547,0.01953851891763003,0.13507796394254215,0.1467648332518868,0.17395991516527776,0.17837433591539537,0.08350235404036868,-0.0004717943536858516,0.31666666666666665,3,0.49999972205236537,0.3166664906331647,10,1.0000005558955785,0.017730017558691923,0.0,0.04753289820861187,0.015144917627469046,0.0295611897387891,0.032503054430405534,0.0464728701327497,0.04753289820861187,0.00010240257595789851,0.0,0,0,0.0,0.0,8.971405238356143,0.95,0.0,SONOLENTO,uta,data\raw\uta\drowsiness\drowsy_008_5a4de48e.mp4,group_008,19,6210,6510,30.00001667686735,6.00000333537347,10.0
0.149746936482615,0.06709027398210302,0.186289943241519,0.023061193317145574,0.12001667187726633,0.13615472312145654,0.16802644668039732,0.17283687073653925,0.119199669259416,-0.0003503230819953975,0.4,7,1.1666660181221857,0.39999977764189226,10,1.0000005558955785,0.011638577609399764,0.0,0.05049474755706385,0.013024767896191773,0.021699437370937578,0.02220194985783886,0.030093252182043412,0.05049474755706385,-3.7614841052534355e-05,0.0,0,0,0.0,0.0,12.865323941109684,2.8000000000000003,0.0,SONOLENTO,uta,data\raw\uta\drowsiness\drowsy_008_5a4de48e.mp4,group_008,20,6515,6830,30.00001667686735,6.00000333537347,10.0
0.15672405009675977,0.05304813600495853,0.20829806034667842,0.025933085543814623,0.14229059636993185,0.15041066463022013,0.16895760252424616,0.17737424834950985,0.15524992434171989,-0.0004174030960593312,0.2542372881355932,5,0.8392391950521256,0.4196195975260628,6,0.6058756302958477,0.013605591386967656,0.0,0.031490791864182154,0.009064043552309902,0.019237385630293844,0.019972182376708558,0.02984389072522786,0.031490791864182154,-0.00017340400151760673,0.0,0,0,0.0,0.0,11.5182447711974,1.271186440677966,0.0,SONOLENTO,uta,data\raw\uta\drowsiness\drowsy_009_28ad12d6.mp4,group_009,1,5,300,29.78888515621251,5.957777031242502,10.0
0.17670821227680353,0.15670246543980285,0.19088445473054966,0.008389303505775414,0.16527263977218226,0.1723800032011275,0.18354095966388165,0.18744569487006837,0.03418198929074681,-0.00023326104729403952,0.0,0,0.0,0.0,0,0.0,0.009826810395050282,0.0,0.031053504702226845,0.008547263128518586,0.013793759512937594,0.01916159369915806,0.019692840417103202,0.031053504702226845,0.00013151329308492974,0.0,0,0,0.0,0.0,17.980425463417728,0.0,0.0,SONOLENTO,uta,data\raw\uta\drowsiness\drowsy_009_28ad12d6.mp4,group_009,2,305,600,29.78888515621251,5.957777031242502,10.0
0.16891799835873114,0.0959321966054398,0.20743665447304632,0.02752902212106045,0.11616756477790896,0.16891914735033972,0.1815383873203612,0.1909634231494495,0.11150445786760652,0.000583311955280943,0.15254237288135594,9,1.510630551093826,1.510630551093826,1,0.10097927171597461,0.008479148171924534,0.0,0.03063106818492863,0.008314891811441375,0.014078922384205958,0.01916195718315953,0.019911392769257425,0.03063106818492863,-0.00016964545878205692,0.0,0,0,0.0,0.0,19.919227227417174,1.3728813559322035,0.0,SONOLENTO,uta,data\raw\uta\drowsiness\drowsy_009_28ad12d6.mp4,group_009,3,605,895,29.78888515621251,5.957777031242502,10.0
0.1743050354547628,0.1187284682925204,0.19968279680925172,0.019135091617627394,0.14601448233668976,0.16824774524510538,0.18847351429863568,0.19017116274572365,0.08095432851673132,0.00014848117919952385,0.13559322033898305,4,0.6713913560417005,0.44759423736113363,3,0.30293781514792384,0.011194827582704597,0.0,0.027394690053949688,0.007993958340856224,0.016652962868492136,0.019424769052112625,0.019944353949665813,0.027394690053949688,-1.6156910339025007e-05,0.0,0,0,0.0,0.0,15.568749533444997,0.5423728813559322,0.0,SONOLENTO,uta,data\raw\uta\drowsiness\drowsy_009_28ad12d6.mp4,group_009,4,900,1190,29.78888515621251,5.957777031242502,10.0
0.1554737618946104,0.08583754648844849,0.1821121125039629,0.01856083528707444,0.13464447496412,0.1494608115340081,0.16871224444152164,0.17419630264859493,0.0962745660155144,-0.00033447281975915833,0.2542372881355932,4,0.6713913560417005,0.5035435170312753,5,0.504896358579873,0.012888679731045053,0.0,0.02981158989865881,0.006988993548796027,0.018485661911537297,0.019161899651508923,0.01966761730642373,0.02981158989865881,0.0001701011662708708,0.0,0,0,0.0,0.0,12.06187935920151,1.0169491525423728,0.0,SONOLENTO,uta,data\raw\uta\drowsiness\drowsy_009_28ad12d6.mp4,group_009,5,1195,1485,29.78888515621251,5.957777031242502,10.0
0.1692947711330664,0.11651102255967252,0.19844632692907327,0.012316437952792957,0.1575676658809633,0.16436333258361274,0.17518909434681348,0.18339394954010813,0.08193530436940075,0.00013480418948513565,0.03389830508474576,2,0.33569567802085026,0.33569567802085026,1,0.10097927171597461,0.016174340390337577,0.0,0.06388113834903074,0.010572988403527762,0.019104017997521754,0.028650191547044408,0.031536095502763636,0.06388113834903074,0.0003193211726099373,0.0,0,0,0.0,0.0,10.466226184284535,0.06779661016949153,0.0,SONOLENTO,uta,data\raw\uta\drowsiness\drowsy_009_28ad12d6.mp4,group_009,6,1490,1780,29.78888515621251,5.957777031242502,10.0
0.16589812937566276,0.11072352543468522,0.1932357713220139,0.014894188404544526,0.15400604190806783,0.15985168940585756,0.17349207143033474,0.17867781675917016,0.08251224588732867,-0.00031377316625292044,0.0847457627118644,3,0.5035435170312753,0.4196195975260628,2,0.20195854343194922,0.015318154860589727,0.0,0.06298158372836431,0.011535593053690492,0.018727971286976307,0.029612156196291706,0.03884006003936381,0.06298158372836431,-0.00027934301241903193,0.0,0,0,0.0,0.0,10.82945703502578,0.2542372881355932,0.0,SONOLENTO,uta,data\raw\uta\drowsiness\drowsy_009_28ad12d6.mp4,group_009,7,1785,2075,29.78888515621251,5.957777031242502,10.0
0.1721567338730248,0.14375609936487738,0.19296221248570844,0.009001908011656259,0.16048601027755657,0.16670962666891284,0.17999107782552473,0.18222826380193294,0.04920611312083106,0.00017206787942882577,0.01694915254237288,1,0.16784783901042513,0.16784783901042513,1,0.10097927171597461,0.013319968694491332,0.0,0.03063106818492863,0.006261825209524047,0.01624700603967367,0.0191092493475347,0.019110994086122907,0.03063106818492863,8.635064660165377e-05,0.0,0,0,0.0,0.0,12.923739843650965,0.01694915254237288,0.0,SONOLENTO,uta,data\raw\uta\drowsiness\drowsy_009_28ad12d6.mp4,group_009,8,2080,2370,29.78888515621251,5.957777031242502,10.0
0.1797946137640694,0.13427703060636736,0.19518912929390894,0.010911648873874495,0.16946598731585616,0.1741973543855343,0.18768962042226084,0.1902015756185109,0.06091209868754158,-7.975058033714813e-05,0.03389830508474576,2,0.33569567802085026,0.33569567802085026,1,0.10097927171597461,0.013768946655722484,0.0,0.02866518248564077,0.007472419838813719,0.018608073189119674,0.02069158207932641,0.02631578947368421,0.02866518248564077,3.2487999571496974e-05,0.0,0,0,0.0,0.0,13.057030521563478,0.06779661016949153,0.0,SONOLENTO,uta,data\raw\uta\drowsiness\drowsy_009_28ad12d6.mp4,group_009,9,2375,2665,29.78888515621251,5.957777031242502,10.0
0.15455204956395413,0.05467273871645876,0.18832969622253753,0.031236070321454666,0.10698678648279202,0.14618321434883372,0.1759807911511606,0.18372472275695179,0.13365695750607878,-0.000981980737577123,0.3220338983050847,5,0.8392391950521256,0.4555869915997254,7,0.7068549020118223,0.016190757357133278,0.0,0.05223242912861473,0.009369064763076614,0.020189666190813346,0.028650191547044408,0.031074761125137358,0.05223242912861473,0.0001768804419447071,0.0,0,0,0.0,0.0,9.545106572132902,1.6101694915254237,0.0,SONOLENTO,uta,data\raw\uta\drowsiness\drowsy_009_28ad12d6.mp4,group_009,10,2670,2970,29.78888515621251,5.957777031242502,10.0
0.1610897171165914,0.11265947304175594,0.17867648161007801,0.01294722454204049,0.14551102748451186,0.15631246061317294,0.16936813726298844,0.17247169326486683,0.06601700856832207,5.941539557421427e-05,0.13559322033898305,6,1.0070870340625506,0.44759423736113363,3,0.30293781514792384,0.018270294764493322,0.0,0.03927992167591427,0.009894497202146869,0.019775281908649675,0.031046320894540343,0.03775995877973377,0.03927992167591427,1.7544423034934167e-05,0.0,0,0,0.0,0.0,8.81654634731402,0.8135593220338984,0.0,SONOLENTO,uta,data\raw\uta\drowsiness\drowsy_009_28ad12d6.mp4,group_009,11,2980,3270,29.78888515621251,5.957777031242502,10.0
0.1674414531145987,0.12612719305174253,0.18616121059113927,0.009620846768082123,0.15389003736849183,0.1640237061174864,0.17241918663943645,0.17567014615166654,0.060034017539396745,-5.939025456493528e-05,0.03389830508474576,1,0.16784783901042513,0.16784783901042513,2,0.20195854343194922,0.01796099958635488,0.0,0.0487236658846485,0.00837290650260058,0.019370971105651495,0.030214376157148077,0.03021713483107824,0.0487236658846485,-0.0001210592472308164,0.0,0,0,0.0,0.0,9.321982906724832,0.03389830508474576,0.0,SONOLENTO,uta,data\raw\uta\drowsiness\drowsy_009_28ad12d6.mp4,group_009,12,3275,3565,29.78888515621251,5.957777031242502,10.0
0.16408337675359494,0.14815233988853482,0.18044317267184706,0.008121342909582498,0.15402852599247654,0.1575365954704568,0.17032197274374264,0.17530037544714108,0.03229083278331224,-6.5170120878159e-05,0.05084745762711865,1,0.16784783901042513,0.16784783901042513,3,0.30293781514792384,0.016118147342530625,0.0,0.05223242912861473,0.008046083712699225,0.020194809793050484,0.020200989670726546,0.020487889492847237,0.05223242912861473,3.0875363902104276e-05,0.0,0,0,0.0,0.0,10.179407959170293,0.05084745762711865,0.0,SONOLENTO,uta,data\raw\uta\drowsiness\drowsy_009_28ad12d6.mp4,group_009,13,3570,3860,29.78888515621251,5.957777031242502,10.0
0.15689100306184053,0.09423812975043681,0.17730959248329792,0.01630838798623503,0.1423239646250448,0.15712677009886972,0.16476816230468122,0.16740801182141055,0.0830714627328611,-0.0001353123093756581,0.13559322033898305,5,0.8392391950521256,0.44759423736113363,3,0.30293781514792384,0.024106506396352267,0.0,0.04331887205710109,0.009469975376672926,0.031053504702226845,0.0382184986950694,0.03874230569530446,0.04331887205710109,2.241588414274299e-05,0.0,0,0,0.0,0.0,6.507973096942945,0.6779661016949152,0.0,SONOLENTO,uta,data\raw\uta\drowsiness\drowsy_009_28ad12d6.mp4,group_009,14,3865,4155,29.78888515621251,5.957777031242502,10.0
0.15559786189177235,0.10946791820076401,0.1754117826754244,0.010613526942522798,0.14658019044114434,0.149772444048127,0.1624253941447518,0.16684470499216048,0.06594386447466039,0.0002810911339846297,0.2711864406779661,4,0.6713913560417005,0.44759423736113363,6,0.6058756302958477,0.027575657413403672,0.0,0.05007710104811096,0.00996634333407804,0.03149235352011777,0.03927992167591427,0.04029398704257527,0.05007710104811096,7.70953783692639e-05,0.0,0,0,0.0,0.0,5.6423757078022,1.0847457627118644,0.0,SONOLENTO,uta,data\raw\uta\drowsiness\drowsy_009_28ad12d6.mp4,group_009,15,4160,4450,29.78888515621251,5.957777031242502,10.0
0.15613232972705984,0.12632682034399204,0.17455612167763507,0.008515097509645762,0.14770321869199163,0.15220001324397806,0.16121564607346636,0.1655351239917859,0.04822930133364303,5.383582705290617e-05,0.1864406779661017,4,0.6713913560417005,0.3692652458229353,5,0.504896358579873,0.030650976226805855,0.014083110254721722,0.05007710104811096,0.009186690082403628,0.03822198817224581,0.04041629778442434,0.04385890661705043,0.03599399079338923,0.00014579187654938658,0.0,0,0,0.0,0.0,5.09371169322905,0.7457627118644068,0.0,SONOLENTO,uta,data\raw\uta\drowsiness\drowsy_009_28ad12d6.mp4,group_009,16,4455,4745,29.78888515621251,5.957777031242502,10.0
0.1569917112684148,0.11584147448440982,0.17694327287622308,0.009658427722110044,0.14656087588483582,0.1507690389994872,0.16266359849529463,0.16698417742469657,0.06110179839181326,3.552449463682444e-05,0.23728813559322035,6,1.0070870340625506,0.5874674365364879,4,0.40391708686389843,0.033215915527610794,0.013887549490757716,0.05007710104811096,0.010005537876214762,0.03928371006591931,0.04938647983247948,0.05007710104811096,0.03618955155735324,5.094091968546069e-05,0.0,0,0,0.0,0.0,4.726257955466066,1.423728813559322,0.0,SONOLENTO,uta,data\raw\uta\drowsiness\drowsy_009_28ad12d6.mp4,group_009,17,4750,5040,29.78888515621251,5.957777031242502,10.0
0.13973935683353564,0.06131307733486462,0.18419259138386557,0.023187044332404625,0.11553461968345569,0.1334875080282496,0.15198191333148672,0.1637947407290019,0.12287951404900094,-0.0002491389207245687,0.7288135593220338,15,2.517717585156377,1.0310652967783258,7,0.7068549020118223,0.041897060253389046,0.0,0.08814384276042535,0.019696788397274876,0.057586226043059324,0.06747768022924695,0.06934219619403517,0.08814384276042535,0.0005258270438635092,0.0,0,0,0.0,0.0,3.3352225852086415,10.932203389830507,0.0,SONOLENTO,uta,data\raw\uta\drowsiness\drowsy_009_28ad12d6.mp4,group_009,18,5045,5335,29.78888515621251,5.957777031242502,10.0
0.1555155065671385,0.11428960614932229,0.201333907127236,0.017576671934983416,0.13410903394162338,0.14653013543884486,0.164235753445218,0.17593289425282888,0.08704430097791371,-0.000411296724287219,0.3389830508474576,4,0.6713913560417005,0.33569567802085026,10,1.009792717159746,0.039423485885494255,0.0,0.12530882478991714,0.022198600451020532,0.050719576576326045,0.05295158342919253,0.08216394646579148,0.12530882478991714,-7.912658128747433e-07,0.03389830508474576,1,2,0.33569567802085026,0.33569567802085026,3.9446426015249187,1.3559322033898304,0.0042477567725395645,SONOLENTO,uta,data\raw\uta\drowsiness\drowsy_009_28ad12d6.mp4,group_009,19,5340,5630,29.78888515621251,5.957777031242502,10.0
0.14629832444431404,0.13071483994229677,0.17384527571611758,0.009190891692398265,0.13434884047937548,0.13909148896952156,0.15075648193409807,0.15802157234834643,0.04313043577382081,0.0002807213381767796,0.6779661016949152,15,2.517717585156377,0.9591305086310007,7,0.7068549020118223,0.021864261519889093,0.0,0.06117355427146392,0.015560987210295413,0.030758531478157068,0.04149805272491628,0.05290612746904961,0.06117355427146392,-0.0005534995626130959,0.0,0,0,0.0,0.0,6.690902110237193,10.169491525423728,0.0,SONOLENTO,uta,data\raw\uta\drowsiness\drowsy_009_28ad12d6.mp4,group_009,20,5635,5925,29.78888515621251,5.957777031242502,10.0
0.10048750096961728,0.026586184700111905,0.1659210253218773,0.03330396437478513,0.056646363840285555,0.08217716706299416,0.12754057872946614,0.15346994889568286,0.1393348406217654,-0.0006535758826215324,0.8833333333333333,31,5.162435510088696,2.2065248551185555,4,0.4003278418932073,0.01693787061081025,0.0,0.045407660918649985,0.011359682141972246,0.021265695795283028,0.03243652049912123,0.03389867684770172,0.045407660918649985,8.80843055238074e-05,0.0,0,0,0.0,0.0,5.932361329065644,27.383333333333333,0.0,SONOLENTO,uta,data\raw\uta\drowsiness\drowsy_010_2b9adbda.mov,group_010,1,5,440,30.024588141990552,6.00491762839811,10.0
0.1258819601122115,0.013888888888888888,0.17897937254250113,0.03634973585323642,0.06933899743838252,0.12075067055170544,0.14855914660900982,0.16004628620340455,0.16509048365361223,0.00037109960701426964,0.75,9,1.4987715997031699,0.7493857998515849,10,1.0008196047330182,0.017501775525623833,0.0,0.04156655920698668,0.009005632169302955,0.02142010468737302,0.03242655561682507,0.03334167052752359,0.04156655920698668,8.773600316672455e-05,0.0,0,0,0.0,0.0,7.192114183714575,6.75,0.0,SONOLENTO,uta,data\raw\uta\drowsiness\drowsy_010_2b9adbda.mov,group_010,2,450,860,30.024588141990552,6.00491762839811,10.0
0.1295996857917575,0.016758907579746643,0.21274125661789234,0.03701775344086623,0.08697422681686749,0.10975005576689738,0.15071411347068323,0.17321233669527641,0.1959823490381457,0.0007207984002432606,0.7166666666666667,33,5.495495865578289,1.0229710918608936,7,0.7005737233131129,0.016788789489794096,0.0,0.034938562148434216,0.009930564680441775,0.02149673398523337,0.031047347182152588,0.03389029806237434,0.034938562148434216,-0.00011460074752853767,0.0,0,0,0.0,0.0,7.7189583508796495,23.65,0.0,SONOLENTO,uta,data\raw\uta\drowsiness\drowsy_010_2b9adbda.mov,group_010,3,865,1300,30.024588141990552,6.00491762839811,10.0
0.1575638907922861,0.09115330071166677,0.191142232895497,0.025725136824649726,0.11926902502986769,0.14399254304648554,0.18041751367795197,0.18436701787798526,0.09998893218383023,0.0004417276913622101,0.31666666666666665,5,0.8326508887239832,0.2433902597808566,13,1.3010654861529238,0.01772795951381179,0.0,0.0349002406379888,0.006558471806733006,0.021395587000401412,0.023255651398586784,0.03124044296961954,0.0349002406379888,-2.43953111688329e-05,0.0,0,0,0.0,0.0,8.887373828652244,1.5833333333333333,0.0,SONOLENTO,uta,data\raw\uta\drowsiness\drowsy_010_2b9adbda.mov,group_010,4,1310,1670,30.024588141990552,6.00491762839811,10.0
0.16260381020793935,0.11187737621473207,0.2046569410571092,0.0181601103149927,0.13832027407321004,0.15290646464305785,0.17361034557346067,0.18061498411584692,0.09277956484237712,4.5462562239771084e-05,0.21666666666666667,2,0.3330603554895933,0.180407692556863,12,1.200983525679622,0.0188774697554018,0.014279886949438495,0.034921514788478915,0.00544242320744159,0.021733995409215574,0.029197577238172415,0.031234752377721213,0.02064162783904042,3.183633056775351e-05,0.0,0,0,0.0,0.0,8.613188055743375,0.43333333333333335,0.0,SONOLENTO,uta,data\raw\uta\drowsiness\drowsy_010_2b9adbda.mov,group_010,5,1675,2030,30.024588141990552,6.00491762839811,10.0
0.157086546358388,0.05542665618730229,0.19749134235150095,0.030148821634257174,0.11123942784128203,0.13480403641942784,0.1777441762362689,0.1924483182982711,0.14206468616419865,-0.0008079213203161216,0.3333333333333333,9,1.4987715997031699,0.4758005078422761,7,0.7005737233131129,0.019576430975041616,0.0,0.04099169746008972,0.008426486707215677,0.022425952670966597,0.03173004683477357,0.03237424134230958,0.04099169746008972,8.374091661175341e-05,0.0,0,0,0.0,0.0,8.023859032303603,3.0,0.0,SONOLENTO,uta,data\raw\uta\drowsiness\drowsy_010_2b9adbda.mov,group_010,6,2035,2390,30.024588141990552,6.00491762839811,10.0
0.14324351348296052,0.06960579837394543,0.18854416235107796,0.02596140964879136,0.10177093964343449,0.12523604653101028,0.1629995634559337,0.1721800254374992,0.11893836397713253,-2.5056281538992544e-06,0.55,11,1.831831955192763,0.6869369831972861,8,0.8006556837864146,0.021063974717565093,0.0,0.03604686254552952,0.006865792064413521,0.022094390007582832,0.03173124547664097,0.03442384152892404,0.03604686254552952,-7.247182021418365e-05,0.0,0,0,0.0,0.0,6.800080009757452,6.050000000000001,0.0,SONOLENTO,uta,data\raw\uta\drowsiness\drowsy_010_2b9adbda.mov,group_010,7,2395,2765,30.024588141990552,6.00491762839811,10.0
0.13904303268937082,0.045760797237843744,0.17849700450894043,0.029597205493730266,0.10613425897049934,0.1205341215668267,0.16091150153378117,0.1681798750083251,0.1327362072710967,0.0008182507799727763,0.5333333333333333,11,1.831831955192763,0.5328965687833492,10,1.0008196047330182,0.0194635644799516,0.0,0.03433609215841479,0.007472759030008253,0.021814010199302066,0.03083277636006018,0.03278681340106844,0.03433609215841479,5.529148311567833e-05,0.0,0,0,0.0,0.0,7.1433929504348495,5.866666666666666,0.0,SONOLENTO,uta,data\raw\uta\drowsiness\drowsy_010_2b9adbda.mov,group_010,8,2770,3155,30.024588141990552,6.00491762839811,10.0
0.13104626749490786,0.09440185833296968,0.1686980876262159,0.022773926350228266,0.09850622745345052,0.10539178621769174,0.15185058905126025,0.15597002841082883,0.07429622929324622,-0.0005406351516038828,0.7,26,4.329784621364713,0.8742834331601823,8,0.8006556837864146,0.021412601453124566,0.0,0.041576537496303176,0.007866416141320278,0.030291733128710543,0.03384487217112064,0.034364464074382255,0.041576537496303176,-3.5864467068836584e-05,0.0,0,0,0.0,0.0,6.119767745830828,18.2,0.0,SONOLENTO,uta,data\raw\uta\drowsiness\drowsy_010_2b9adbda.mov,group_010,9,3160,3560,30.024588141990552,6.00491762839811,10.0
0.11395823010139264,0.07243041521949978,0.14784872828794327,0.017877043449087086,0.08760913101402912,0.10376944131322269,0.12511045567617934,0.1387622309780135,0.07541831306844349,-2.6954752777330454e-05,1.0,60,9.991810664687799,9.991810664687799,1,0.10008196047330183,0.02039831730832795,0.0,0.03439697540055092,0.008393019264696717,0.024143074165879408,0.031294572084453166,0.033864855902351776,0.03439697540055092,-4.415721816338561e-06,0.0,0,0,0.0,0.0,5.586374699650835,60.0,0.0,SONOLENTO,uta,data\raw\uta\drowsiness\drowsy_010_2b9adbda.mov,group_010,10,3570,4005,30.024588141990552,6.00491762839811,10.0
0.1196905107463208,0.09580094797719413,0.16094059083814904,0.014142935772064344,0.09979246735159343,0.11019973830965187,0.1292299469663924,0.138766305366997,0.06513964286095492,-0.0002635015743997829,0.9833333333333333,44,7.327327820771052,4.912640243471501,2,0.20016392094660365,0.016347990986284696,0.0,0.036060922298730945,0.011579368917538692,0.021755200965182735,0.03393153359687041,0.034934511177034375,0.036060922298730945,-9.512268716127786e-06,0.0,0,0,0.0,0.0,7.320972336869605,43.266666666666666,0.0,SONOLENTO,uta,data\raw\uta\drowsiness\drowsy_010_2b9adbda.mov,group_010,11,4015,4440,30.024588141990552,6.00491762839811,10.0
0.13632144142263508,0.08867865853205287,0.16924344068471,0.019938776097331853,0.10925182707280434,0.11419015138113708,0.15245934293647034,0.15819214392070347,0.08056478215265714,0.000653701490318633,0.7,19,3.1640733771511362,0.699426746528146,10,1.0008196047330182,0.01884326626785222,0.0,0.03606561254031919,0.010723551965274612,0.03041958041958042,0.032254288944481034,0.0328673897536341,0.03606561254031919,9.53836198200407e-05,0.0,0,0,0.0,0.0,7.234107154131841,13.299999999999999,0.0,SONOLENTO,uta,data\raw\uta\drowsiness\drowsy_010_2b9adbda.mov,group_010,12,4445,4810,30.024588141990552,6.00491762839811,10.0
0.12766978296869208,0.0948457184922872,0.16545749561118583,0.01806808889482463,0.10437111595492699,0.11404128861236969,0.14325835873778228,0.15096845150660346,0.07061177711889863,-0.0004781990958101729,0.8833333333333333,32,5.328965687833493,2.2065248551185555,4,0.4003278418932073,0.016613443399950866,0.0,0.03665685209016049,0.010664682281569823,0.022806929798068927,0.03076923076923077,0.03499086369662862,0.03665685209016049,-6.401850327502461e-05,0.0,0,0,0.0,0.0,7.684264822802889,28.266666666666666,0.0,SONOLENTO,uta,data\raw\uta\drowsiness\drowsy_010_2b9adbda.mov,group_010,13,4820,5215,30.024588141990552,6.00491762839811,10.0
0.11764841837220723,0.0810675856825048,0.14756743227266444,0.011591487298948287,0.10394520144660022,0.1092878342910054,0.12540532007684385,0.13172013984341058,0.06649984659015964,9.452147929171268e-05,1.0,60,9.991810664687799,9.991810664687799,1,0.10008196047330183,0.012399410195578556,0.0,0.03549314249999666,0.010940179490604144,0.015625,0.03029955259253477,0.03286759327399101,0.03549314249999666,-8.984572825267777e-06,0.0,0,0,0.0,0.0,9.487461827202742,60.0,0.0,SONOLENTO,uta,data\raw\uta\drowsiness\drowsy_010_2b9adbda.mov,group_010,14,5225,5670,30.024588141990552,6.00491762839811,10.0
0.11804011611789902,0.022074947634628236,0.1499378634631468,0.02091567816818383,0.10155989668258779,0.11187429067266348,0.13000384145921612,0.13666641924846706,0.12786291582851855,0.00014296103748817184,1.0,60,9.991810664687799,9.991810664687799,1,0.10008196047330183,0.013993481691384526,0.0,0.034401045807689073,0.01027366748421797,0.0215092480076568,0.02314390937941946,0.031235324058889364,0.034401045807689073,9.541811894616385e-05,0.0,0,0,0.0,0.0,8.434761552517411,60.0,0.0,SONOLENTO,uta,data\raw\uta\drowsiness\drowsy_010_2b9adbda.mov,group_010,15,5675,6120,30.024588141990552,6.00491762839811,10.0
0.14066609774820732,0.10231868515174514,0.16935053572891123,0.01605788969920934,0.11905342578062128,0.1308933270823876,0.15228609439316215,0.15870277561426363,0.0670318505771661,5.095448962618224e-05,0.7166666666666667,18,2.9975431994063397,0.7956441825584728,9,0.9007376442597165,0.01993303538762596,0.0,0.0349002406379888,0.007427484266503096,0.02217386173228577,0.030802683446048685,0.0313770903547265,0.0349002406379888,1.0624917971927661e-05,0.0,0,0,0.0,0.0,7.056579112703176,12.9,0.0,SONOLENTO,uta,data\raw\uta\drowsiness\drowsy_010_2b9adbda.mov,group_010,16,6130,6500,30.024588141990552,6.00491762839811,10.0
0.12485693533691371,0.08049802939380718,0.15078627990106147,0.015268778732842358,0.09727058262999207,0.11927166576402351,0.13347667463187451,0.14110996521206434,0.07028825050725429,0.00010066985833438483,0.9833333333333333,47,7.826918354005442,4.912640243471501,2,0.20016392094660365,0.0205570514555541,0.0,0.03547527082590287,0.007932836721485911,0.022438650203716777,0.032979799499054906,0.034411609940103234,0.03547527082590287,-0.0002052643973337348,0.0,0,0,0.0,0.0,6.073383735168224,46.21666666666666,0.0,SONOLENTO,uta,data\raw\uta\drowsiness\drowsy_010_2b9adbda.mov,group_010,17,6505,6840,30.024588141990552,6.00491762839811,10.0
0.1202689423585114,0.09228955019071478,0.14509324448118746,0.013394240874018616,0.10080954937843403,0.112695524682108,0.1293414294188016,0.13586549982974894,0.052803694290472686,-0.00016418355968315609,1.0,60,9.991810664687799,9.991810664687799,1,0.10008196047330183,0.015806749034872232,0.0,0.03278248047860214,0.007905420224808484,0.021107665110046196,0.0224811992457524,0.030793078530823442,0.03278248047860214,4.074659291966908e-05,0.0,0,0,0.0,0.0,7.60822695838576,60.0,0.0,SONOLENTO,uta,data\raw\uta\drowsiness\drowsy_010_2b9adbda.mov,group_010,18,6845,7205,30.024588141990552,6.00491762839811,10.0
0.10030189743145085,0.013701397594524697,0.1434179694142696,0.020749134013424767,0.07922534949828906,0.0911669570024167,0.11356248507125284,0.1230161166236071,0.12971657181974489,-0.00024873824605363274,1.0,60,9.991810664687799,9.991810664687799,1,0.10008196047330183,0.01722586593429034,0.0,0.03387592964236887,0.00959020355343967,0.021836061361813267,0.029895974672094074,0.030793078530823442,0.03387592964236887,4.6571314548961956e-05,0.0,0,0,0.0,0.0,5.822411215948363,60.0,0.0,SONOLENTO,uta,data\raw\uta\drowsiness\drowsy_010_2b9adbda.mov,group_010,19,7215,7690,30.024588141990552,6.00491762839811,10.0
0.1184424856662912,0.04969738831179665,0.17680282710500245,0.023787055980009193,0.08897227965349135,0.10318220363542817,0.13168916609047338,0.15095715670233578,0.1271054387932058,0.0006531893609679754,0.8833333333333333,53,8.826099420474222,8.826099420474222,1,0.10008196047330183,0.018550983518906647,0.0,0.03726262461981637,0.008484413844215463,0.02175713172881685,0.032307171017458294,0.03387981784090591,0.03726262461981637,3.4103810251387836e-05,0.0,0,0,0.0,0.0,6.38435699048484,46.81666666666666,0.0,SONOLENTO,uta,data\raw\uta\drowsiness\drowsy_010_2b9adbda.mov,group_010,20,7695,8130,30.024588141990552,6.00491762839811,10.0
0.41341473037127047,0.3603872374682062,0.4822345166740113,0.023617277331876584,0.3853638985437177,0.3990934818364702,0.42732981523257696,0.44586814585106826,0.12184727920580507,-6.876444367161072e-05,0.0,0,0.0,0.0,0,0.0,0.009371330650950482,0.0,0.03843312210120439,0.015644699986776863,0.024081048715047584,0.035589779859194905,0.036854375614729644,0.03843312210120439,-0.00019304440971401593,0.0,0,0,0.0,0.0,44.110130742063035,0.0,0.0,SONOLENTO,uta,data\raw\uta\drowsiness\drowsy_011_b9559dcd.mp4,group_011,1,5,190,17.160651840660815,3.432130368132163,10.0
0.3773841394267623,0.1526200300053428,0.4293012010478382,0.05713754849401882,0.35344957184020814,0.3720173460426336,0.3990873872618065,0.4147215906353327,0.2766811710424954,-0.0013683722259225206,0.0,0,0.0,0.0,0,0.0,0.009384511995406701,0.0,0.03843312210120439,0.01565312743163116,0.025619511963193314,0.03551104121142175,0.035623524993954825,0.03843312210120439,-5.972826665163393e-05,0.0,0,0,0.0,0.0,40.209222428297494,0.0,0.0,SONOLENTO,uta,data\raw\uta\drowsiness\drowsy_011_b9559dcd.mp4,group_011,2,195,360,17.160651840660815,3.432130368132163,10.0
0.3741816170116236,0.20445944277753403,0.4218491943314242,0.03588279262549761,0.3528224163250261,0.35984582242123475,0.39279173598443506,0.3986855120316246,0.21738975155389018,-0.0001717259940565716,0.0,0,0.0,0.0,0,0.0,0.011590243733008595,0.0,0.03663716527236558,0.016763298439797663,0.035158127696731496,0.03641785203646149,0.03649461166902792,0.03663716527236558,0.00046897769005563723,0.0,0,0,0.0,0.0,32.28140358623121,0.0,0.0,SONOLENTO,uta,data\raw\uta\drowsiness\drowsy_011_b9559dcd.mp4,group_011,3,365,530,17.160651840660815,3.432130368132163,10.0
0.3739789162985449,0.2730835352703077,0.39266027871921694,0.019582630320095468,0.3651899284492871,0.3681992656882947,0.38170191687615906,0.39086210279569544,0.11957674344890923,6.048393430979206e-05,0.0,0,0.0,0.0,0,0.0,0.014471587998982838,0.0,0.036155076303109365,0.01729887624540197,0.035158127696731496,0.035158127696731496,0.035158127696731496,0.036155076303109365,0.0006265628671833828,0.0,0,0,0.0,0.0,25.8405004222347,0.0,0.0,SONOLENTO,uta,data\raw\uta\drowsiness\drowsy_011_b9559dcd.mp4,group_011,4,535,700,17.160651840660815,3.432130368132163,10.0
0.36214620394389685,0.19636565009512463,0.4032972091687671,0.03290361343196635,0.34066874459683455,0.35247936876956554,0.3762641637708595,0.385457603600688,0.20693155907364247,0.0005230955957712292,0.0,0,0.0,0.0,0,0.0,0.0153670965618902,0.0,0.051502620262460476,0.018732000177870727,0.03492151478847891,0.035158127696731496,0.04139664933679303,0.051502620262460476,0.0011687460548160473,0.0,0,0,0.0,0.0,23.56480534108218,0.0,0.0,SONOLENTO,uta,data\raw\uta\drowsiness\drowsy_011_b9559dcd.mp4,group_011,5,705,870,17.160651840660815,3.432130368132163,10.0
0.3436652786834571,0.19594500138146453,0.38905027240164025,0.03598634607670371,0.3222549976569232,0.331345431173732,0.36270301873816874,0.374833347160074,0.19310527102017572,0.0001662424920333764,0.0,0,0.0,0.0,0,0.0,0.014452009707881342,0.0,0.036155076303109365,0.017275676159528845,0.03492151478847891,0.03492151478847891,0.03535326131859957,0.036155076303109365,-0.00036119647497965905,0.0,0,0,0.0,0.0,23.778111661825957,0.0,0.0,SONOLENTO,uta,data\raw\uta\drowsiness\drowsy_011_b9559dcd.mp4,group_011,6,875,1040,17.160651840660815,3.432130368132163,10.0
0.38519651774755287,0.1828486952973728,0.4284641216347651,0.05421011600170546,0.35080383611783683,0.3890747941248518,0.4125280141575266,0.41328744411518614,0.2456154263373923,0.001983687629805822,0.0,0,0.0,0.0,0,0.0,0.009572114656223287,0.0,0.052342392259021375,0.017567333469403992,0.0,0.03698891518421295,0.043301366656440306,0.052342392259021375,-0.0009729095462689507,0.0,0,0,0.0,0.0,40.23732417088982,0.0,0.0,SONOLENTO,uta,data\raw\uta\drowsiness\drowsy_011_b9559dcd.mp4,group_011,7,1045,1210,17.160651840660815,3.432130368132163,10.0
0.37797309019864095,0.1759207666901094,0.4168381008253225,0.050393020656778025,0.34520303952135123,0.37722841112064903,0.40168670443776655,0.41239110742687934,0.24091733413521313,-0.00032318707281256935,0.0,0,0.0,0.0,0,0.0,0.014899655902025296,0.0,0.036810508691615514,0.01781303742442325,0.035623524993954825,0.036810508691615514,0.036810508691615514,0.036810508691615514,-0.0003277104866042046,0.0,0,0,0.0,0.0,25.36620486265084,0.0,0.0,SONOLENTO,uta,data\raw\uta\drowsiness\drowsy_011_b9559dcd.mp4,group_011,8,1215,1380,17.160651840660815,3.432130368132163,10.0
0.38020179585854413,0.2438771672209023,0.42668001721589327,0.03193031275954508,0.35130265986068215,0.36905511216376086,0.39807614906903266,0.4093114424762158,0.18280284999499097,-0.0014327610634594732,0.0,0,0.0,0.0,0,0.0,0.006308182309742862,0.0,0.036810508691615514,0.013628708558436495,0.0,0.03551104121142175,0.03555041053530832,0.036810508691615514,-0.0002657568868733815,0.0,0,0,0.0,0.0,60.26165946598549,0.0,0.0,SONOLENTO,uta,data\raw\uta\drowsiness\drowsy_011_b9559dcd.mp4,group_011,9,1385,1550,17.160651840660815,3.432130368132163,10.0
0.3661081996723647,0.18884976762943181,0.4155047437297879,0.05878906979664213,0.3078177936449389,0.3708763043956128,0.3970396691600926,0.4088115882350259,0.2266549761003561,-0.000905063409096985,0.0,0,0.0,0.0,0,0.0,0.00955286002422267,0.0,0.036810508691615514,0.015924898986010003,0.02663328090856631,0.03642066844755738,0.036810508691615514,0.036810508691615514,-9.501608026231974e-05,0.0,0,0,0.0,0.0,38.32044835743261,0.0,0.0,SONOLENTO,uta,data\raw\uta\drowsiness\drowsy_011_b9559dcd.mp4,group_011,10,1555,1720,17.160651840660815,3.432130368132163,10.0
0.3692578277614377,0.2199670303145465,0.402777852562707,0.030427363417327363,0.3563708074358909,0.36459126381311757,0.38181707638089224,0.39601588345212907,0.18281082224816048,0.0004918516766412842,0.0,0,0.0,0.0,0,0.0,0.011522506430992313,0.0,0.036810508691615514,0.016662923557153445,0.03551104121142175,0.03551104121142175,0.03551104121142175,0.036810508691615514,0.00043595255601950195,0.0,0,0,0.0,0.0,32.04387744066544,0.0,0.0,SONOLENTO,uta,data\raw\uta\drowsiness\drowsy_011_b9559dcd.mp4,group_011,11,1725,1890,17.160651840660815,3.432130368132163,10.0
0.35596790874418033,0.22020677018436202,0.3872209675948202,0.03182458497833366,0.33481831318823274,0.35316456244454053,0.3740016955831256,0.3816804498332218,0.1670141974104582,2.900510749192969e-05,0.0,0,0.0,0.0,0,0.0,0.013397074131533912,0.0,0.03641785203646149,0.01703301707887085,0.034908433093613064,0.035355339059327376,0.03540983481256041,0.03641785203646149,6.669680014069098e-05,0.0,0,0,0.0,0.0,26.568587787282713,0.0,0.0,SONOLENTO,uta,data\raw\uta\drowsiness\drowsy_011_b9559dcd.mp4,group_011,12,1895,2060,17.160651840660815,3.432130368132163,10.0
0.34252247817011594,0.21261579364029634,0.39585401744059556,0.04880957662422451,0.2578199116324773,0.32854316011646073,0.37442538433134015,0.3918111012359203,0.18323822380029922,-9.735834063043297e-05,0.0,0,0.0,0.0,0,0.0,0.01576621078807625,0.0,0.04972110101636284,0.017920748524517565,0.035158127696731496,0.035158127696731496,0.035158127696731496,0.04972110101636284,6.419196023513264e-05,0.0,0,0,0.0,0.0,21.72372036968924,0.0,0.0,SONOLENTO,uta,data\raw\uta\drowsiness\drowsy_011_b9559dcd.mp4,group_011,13,2065,2230,17.160651840660815,3.432130368132163,10.0
0.3473483248537765,0.19168780327664858,0.39260126581073007,0.03704821501829866,0.3365383445083356,0.3428404448964583,0.3651899284492871,0.3714284557462959,0.2009134625340815,-0.0005118062504134074,0.0,0,0.0,0.0,0,0.0,0.011840061833041406,0.0,0.04972110101636284,0.01728390371409682,0.035158127696731496,0.035158127696731496,0.03559903121563699,0.04972110101636284,-0.0002684031018927813,0.0,0,0,0.0,0.0,29.334221014244907,0.0,0.0,SONOLENTO,uta,data\raw\uta\drowsiness\drowsy_011_b9559dcd.mp4,group_011,14,2235,2400,17.160651840660815,3.432130368132163,10.0
0.33728812483895104,0.10525814603039671,0.45733112683748206,0.07445938122717942,0.2216401391556463,0.34103340813902994,0.37319656785266375,0.38941919533998504,0.3520729808070854,-0.0014706565463886972,0.029411764705882353,1,0.2913642235985986,0.2913642235985986,1,0.10094501082741655,0.033955844247055396,0.0,0.2071121492313991,0.03370714992510969,0.03530603621867841,0.03765315985192435,0.0493642964704985,0.2071121492313991,0.0008237163357577591,0.029411764705882353,1,1,0.2913642235985986,0.2913642235985986,9.932846597433722,0.029411764705882353,0.0060915338009235025,SONOLENTO,uta,data\raw\uta\drowsiness\drowsy_011_b9559dcd.mp4,group_011,15,2405,2580,17.160651840660815,3.432130368132163,10.0
0.3709005108952896,0.156118567437727,0.4223144696615805,0.057978809852301916,0.3310146273770817,0.3772322232687292,0.3955305811581561,0.40998123713579476,0.2661959022238535,-7.70405041367006e-05,0.0,0,0.0,0.0,0,0.0,0.022502724574562736,0.0,0.052342392259021375,0.020502646397348483,0.038020446341035644,0.047247334620597874,0.05223516976555702,0.052342392259021375,-0.0008135439373057892,0.0,0,0,0.0,0.0,16.481738819117076,0.0,0.0,SONOLENTO,uta,data\raw\uta\drowsiness\drowsy_011_b9559dcd.mp4,group_011,16,2585,2750,17.160651840660815,3.432130368132163,10.0
0.3861764435203194,0.2265937536748755,0.41928089530794,0.03146911242991434,0.37731808915288134,0.38224044859039263,0.39967206184669035,0.4098636974752937,0.1926871416330645,-0.0003026985294920085,0.0,0,0.0,0.0,0,0.0,0.014050566390146514,0.0,0.037011660509880265,0.017860447109363364,0.036935842757655886,0.03698891518421295,0.037011660509880265,0.037011660509880265,0.0009085054635203129,0.0,0,0,0.0,0.0,27.48280389516722,0.0,0.0,SONOLENTO,uta,data\raw\uta\drowsiness\drowsy_011_b9559dcd.mp4,group_011,17,2755,2920,17.160651840660815,3.432130368132163,10.0
0.3902790850651689,0.2738716259902111,0.42808663122403434,0.02973358860936664,0.37842400358367273,0.3932262319911961,0.40258049470929935,0.4140479283655273,0.15421500523382325,-0.00010042389874874196,0.0,0,0.0,0.0,0,0.0,0.009513551780871977,0.0,0.05223516976555702,0.017468342974352537,0.0,0.036935842757655886,0.04229060721042125,0.05223516976555702,-0.00019367395858380202,0.0,0,0,0.0,0.0,41.01917715659341,0.0,0.0,SONOLENTO,uta,data\raw\uta\drowsiness\drowsy_011_b9559dcd.mp4,group_011,18,2925,3090,17.160651840660815,3.432130368132163,10.0
0.3881880539360809,0.21342017208771147,0.4247511028767125,0.046046288830143486,0.3644118045972638,0.38070248996070366,0.41162615198525104,0.418907881045686,0.21133093078900106,0.0003960502709728477,0.0,0,0.0,0.0,0,0.0,0.021345934469281656,0.0,0.03834824944236852,0.017869475726232976,0.036624764696345034,0.036935842757655886,0.036935842757655886,0.03834824944236852,0.00013134905830152968,0.0,0,0,0.0,0.0,18.184721300132598,0.0,0.0,SONOLENTO,uta,data\raw\uta\drowsiness\drowsy_011_b9559dcd.mp4,group_011,19,3095,3260,17.160651840660815,3.432130368132163,10.0
0.3982089509706089,0.37138557645895554,0.4340584936998461,0.01745097910856233,0.3791173993029839,0.3815169081520173,0.4098861356459252,0.42660307612157433,0.06267291724089058,0.0007524020405867413,0.0,0,0.0,0.0,0,0.0,0.023931669775066784,0.0,0.05223516976555702,0.01932552869859076,0.036935842757655886,0.036935842757655886,0.05223516976555702,0.05223516976555702,0.0002617768674641112,0.0,0,0,0.0,0.0,16.63871831739665,0.0,0.0,SONOLENTO,uta,data\raw\uta\drowsiness\drowsy_011_b9559dcd.mp4,group_011,20,3265,3430,17.160651840660815,3.432130368132163,10.0
0.3298093412213404,0.1343579913254868,0.4445671246994134,0.08635829935293239,0.15966921230271786,0.31808904946954253,0.38500863952007736,0.41270933195544857,0.31020913337392664,-0.0016083336097341722,0.06666666666666667,2,0.33140301143639334,0.22093534095759554,3,0.3017474088921885,0.0199065649245011,0.0,0.10647942749999,0.02314811312865326,0.03836946760707749,0.040134288985202556,0.050018963609299395,0.10647942749999,-0.0002530226574124563,0.0,0,0,0.0,0.0,16.567035821414294,0.13333333333333333,0.0,SONOLENTO,uta,data\raw\uta\drowsiness\drowsy_012_9ceea41e.mp4,group_012,1,5,300,30.17474088921885,6.03494817784377,10.0
0.36334484408706236,0.17122575327605374,0.4478339195797063,0.056734583355843984,0.2991710930500506,0.35961249755367997,0.39390330553308894,0.40559552435235935,0.2766081663036526,-0.0003673709507568016,0.0,0,0.0,0.0,0,0.0,0.012670204324287681,0.0,0.045267873021259265,0.016956090141183235,0.030247530200945175,0.03834824944236852,0.039955117580716244,0.045267873021259265,-0.0001973961469308207,0.0,0,0,0.0,0.0,28.674846903906115,0.0,0.0,SONOLENTO,uta,data\raw\uta\drowsiness\drowsy_012_9ceea41e.mp4,group_012,2,305,600,30.17474088921885,6.03494817784377,10.0
0.3163527075088318,0.11285530002882954,0.4240386937769699,0.09527690340245265,0.14256754128051902,0.2821272716976213,0.3868962341600199,0.4034472545599545,0.31118339374814036,-0.0013923405412868226,0.13333333333333333,3,0.49710451715459,0.4418706819151911,3,0.3017474088921885,0.006277010567928182,0.0,0.041522739926869986,0.0127194934116822,0.0,0.029361010975735173,0.030249610022936375,0.041522739926869986,0.0001478120478545541,0.0,0,0,0.0,0.0,50.39059811796907,0.4,0.0,SONOLENTO,uta,data\raw\uta\drowsiness\drowsy_012_9ceea41e.mp4,group_012,3,605,900,30.17474088921885,6.03494817784377,10.0
0.32138416171118334,0.10565143244723255,0.436746695866715,0.10399340224105215,0.13937769718032844,0.24855663758153193,0.39322233298859904,0.4039852950618529,0.3310952634194825,-0.0001414628970422086,0.13333333333333333,5,0.8285075285909833,0.4418706819151911,3,0.3017474088921885,0.0069824285236985695,0.0,0.04143353952325209,0.012757476490181802,0.0,0.02930424418648066,0.030247530200945175,0.04143353952325209,-5.020910970883578e-05,0.0,0,0,0.0,0.0,46.020971020259196,0.6666666666666666,0.0,SONOLENTO,uta,data\raw\uta\drowsiness\drowsy_012_9ceea41e.mp4,group_012,4,905,1200,30.17474088921885,6.03494817784377,10.0
0.3192248890436911,0.1137560125343109,0.40330769282779755,0.09313850887864987,0.1347756256791118,0.2872017444907082,0.3790583262138042,0.39319627401410595,0.28955168029348666,0.001212065786368764,0.11666666666666667,6,0.99420903430918,0.5799552700136883,2,0.20116493926145898,0.007318320007483604,0.0,0.04034029375505465,0.012763845597228013,0.006933752452815364,0.028524895269256473,0.028599835752719897,0.04034029375505465,-4.524631332658655e-05,0.0,0,0,0.0,0.0,43.61400904965231,0.7,0.0,SONOLENTO,uta,data\raw\uta\drowsiness\drowsy_012_9ceea41e.mp4,group_012,5,1205,1500,30.17474088921885,6.03494817784377,10.0
0.3609344643404755,0.14322939867255757,0.426687997791127,0.0728288559116217,0.23694579613243,0.3667648430049727,0.4047935474940211,0.413160666136175,0.2834585991185694,-0.00014122648990934667,0.016666666666666666,1,0.16570150571819667,0.16570150571819667,1,0.10058246963072949,0.003357697614228118,0.0,0.029399051601892736,0.009242548664877228,0.0,0.027687144937248137,0.029361010975735173,0.029399051601892736,-0.00012874866586971379,0.0,0,0,0.0,0.0,107.46262563545005,0.016666666666666666,0.0,SONOLENTO,uta,data\raw\uta\drowsiness\drowsy_012_9ceea41e.mp4,group_012,6,1505,1800,30.17474088921885,6.03494817784377,10.0
0.3766086794534575,0.0967769587657399,0.47442316677755714,0.09776957450236498,0.17367110267702263,0.38470207374018145,0.4288532227053997,0.45845038879358013,0.37764620801181725,-0.002176551984034013,0.1,6,0.99420903430918,0.99420903430918,1,0.10058246963072949,0.00520473789714783,0.0,0.029361010975735173,0.010986776502309267,0.0,0.028524895269256473,0.0285266392007375,0.029361010975735173,-0.00010806449264548997,0.0,0,0,0.0,0.0,72.34491764554598,0.6000000000000001,0.0,SONOLENTO,uta,data\raw\uta\drowsiness\drowsy_012_9ceea41e.mp4,group_012,7,1805,2100,30.17474088921885,6.03494817784377,10.0
0.3800633085486284,0.134558668373419,0.43943422795302267,0.06996106019150844,0.33577561581042153,0.38757792166435706,0.4131318957315146,0.42460351276003994,0.30487555957960366,0.0010308080121056238,0.05,3,0.49710451715459,0.49710451715459,1,0.10058246963072949,0.0028672045842850205,0.0,0.029361010975735173,0.008602171930090672,0.0,0.0028467047115479003,0.02855977389887699,0.029361010975735173,7.712777249328669e-05,0.0,0,0,0.0,0.0,132.50913502858435,0.15000000000000002,0.0,SONOLENTO,uta,data\raw\uta\drowsiness\drowsy_012_9ceea41e.mp4,group_012,8,2105,2400,30.17474088921885,6.03494817784377,10.0
0.2701972893991698,0.12216289554083587,0.46483356316833435,0.11351306670990038,0.14718561949817605,0.1722490988599985,0.38613623843047196,0.42560527762280737,0.3426706676274985,0.0007804794864971375,0.13333333333333333,3,0.49710451715459,0.33140301143639334,4,0.40232987852291796,0.005740717797750056,0.0,0.030289126640769135,0.01148617833256212,0.0,0.02855977389887699,0.028601737784027775,0.030289126640769135,7.3948820024726044e-06,0.0,0,0,0.0,0.0,47.05861536856602,0.4,0.0,SONOLENTO,uta,data\raw\uta\drowsiness\drowsy_012_9ceea41e.mp4,group_012,9,2405,2700,30.17474088921885,6.03494817784377,10.0
0.30315560093967525,0.11194208581202024,0.42699640546154677,0.10949563682254648,0.13053288432895388,0.19339303646568812,0.3899573265551509,0.4145707236695325,0.3150543196495265,-0.00020893297992953947,0.16666666666666666,5,0.8285075285909833,0.5523383523939889,3,0.3017474088921885,0.0067635746335638035,0.0,0.04285495643554834,0.013099820523464301,0.0,0.02855977389887699,0.02990460462451987,0.04285495643554834,3.255998933704088e-05,0.0,0,0,0.0,0.0,44.8151757296767,0.8333333333333333,0.0,SONOLENTO,uta,data\raw\uta\drowsiness\drowsy_012_9ceea41e.mp4,group_012,10,2705,3000,30.17474088921885,6.03494817784377,10.0
0.3441076334425325,0.12103898147327476,0.41497956281922277,0.07799465592478036,0.17647855908808702,0.357242871953678,0.38501744356603895,0.3959126834418794,0.293940581345948,0.0005411525737197415,0.05,2,0.33140301143639334,0.248552258577295,2,0.20116493926145898,0.008206137148321755,0.0,0.03926856307863329,0.013129653736517064,0.027735009811261455,0.02855977389887699,0.02936291300704305,0.03926856307863329,0.00012566116823902875,0.0,0,0,0.0,0.0,41.92785221249748,0.1,0.0,SONOLENTO,uta,data\raw\uta\drowsiness\drowsy_012_9ceea41e.mp4,group_012,11,3005,3300,30.17474088921885,6.03494817784377,10.0
0.29314817661154763,0.11900255037184643,0.40524787138042473,0.11085482410803352,0.13046537430218602,0.15724130789193125,0.3791691358760647,0.39170903808224766,0.2862453210085783,0.0005804842990629577,0.21666666666666667,6,0.99420903430918,0.5385298935841392,4,0.40232987852291796,0.007142649982812331,0.0,0.029411764705882353,0.012377600922942687,0.006746907251875056,0.02863989760656281,0.029399051601892736,0.029411764705882353,0.000104231164368035,0.0,0,0,0.0,0.0,41.03618980729236,1.3,0.0,SONOLENTO,uta,data\raw\uta\drowsiness\drowsy_012_9ceea41e.mp4,group_012,12,3305,3600,30.17474088921885,6.03494817784377,10.0
0.32816599002434,0.144724974394908,0.41726420618864407,0.07546939625298486,0.18446975778957025,0.315508463837204,0.3743962036776981,0.3948379584644229,0.27253923179373607,-0.00016620528346823846,0.03333333333333333,1,0.16570150571819667,0.16570150571819667,2,0.20116493926145898,0.008308306377894379,0.0,0.04038961958610097,0.013302008311186848,0.027767067240353285,0.02855977389887699,0.029443555353836554,0.04038961958610097,3.923561567951997e-05,0.0,0,0,0.0,0.0,39.493788662959254,0.03333333333333333,0.0,SONOLENTO,uta,data\raw\uta\drowsiness\drowsy_012_9ceea41e.mp4,group_012,13,3605,3900,30.17474088921885,6.03494817784377,10.0
0.3270234098841192,0.14139306972237775,0.41074131322564855,0.07807724560199084,0.19114937448843175,0.2856454418053386,0.3850111147686781,0.39142523684753133,0.2693482435032708,-0.00046456626028317275,0.05,2,0.33140301143639334,0.248552258577295,2,0.20116493926145898,0.010503580665971348,0.0,0.042835293687811936,0.014492574706647799,0.02855977389887699,0.029399051601892736,0.02945563280262669,0.042835293687811936,0.00013247948635599187,0.0,0,0,0.0,0.0,31.13150541491698,0.1,0.0,SONOLENTO,uta,data\raw\uta\drowsiness\drowsy_012_9ceea41e.mp4,group_012,14,3905,4200,30.17474088921885,6.03494817784377,10.0
0.33492973945893995,0.1122461501682789,0.4183125113788736,0.08118231233089195,0.18101787322457272,0.33708248406746527,0.38162482361262784,0.39172456015578,0.3060663612105947,1.5737508842391998e-06,0.08333333333333333,3,0.49710451715459,0.41425376429549166,2,0.20116493926145898,0.009233097548461437,0.0,0.040406101782088436,0.013649643593030942,0.027769744874709408,0.02856093936613215,0.029411764705882353,0.040406101782088436,0.00017301233770115055,0.0,0,0,0.0,0.0,36.2709769634982,0.25,0.0,SONOLENTO,uta,data\raw\uta\drowsiness\drowsy_012_9ceea41e.mp4,group_012,15,4205,4500,30.17474088921885,6.03494817784377,10.0
0.3632267436989902,0.11866649663707654,0.43815712490341174,0.08445748310851983,0.17032602172673508,0.3677696415933963,0.41991102501440614,0.4287313899870454,0.31949062826633523,0.00021219805133722245,0.05,2,0.33140301143639334,0.248552258577295,2,0.20116493926145898,0.012020574445047042,0.0,0.041576537496303176,0.01558462531589834,0.02855977389887699,0.030279950041207825,0.04038961958610097,0.041576537496303176,-0.00013088072716018766,0.0,0,0,0.0,0.0,30.214573420425953,0.1,0.0,SONOLENTO,uta,data\raw\uta\drowsiness\drowsy_012_9ceea41e.mp4,group_012,16,4505,4800,30.17474088921885,6.03494817784377,10.0
0.31855188888447655,0.10042186166657421,0.4539277942170565,0.1045217763125888,0.13147825518946404,0.2825677320043616,0.3875620870149618,0.41680979076568864,0.35350593255048224,0.0016624716137532366,0.16666666666666666,7,1.1599105400273766,0.5523383523939889,3,0.3017474088921885,0.010462340905729263,0.0,0.030303030303030304,0.013766174747792946,0.027767067240353285,0.029411764705882353,0.02945563280262669,0.030303030303030304,-0.00010428799192359186,0.0,0,0,0.0,0.0,30.44456753865791,1.1666666666666665,0.0,SONOLENTO,uta,data\raw\uta\drowsiness\drowsy_012_9ceea41e.mp4,group_012,17,4805,5100,30.17474088921885,6.03494817784377,10.0
0.3264125117253009,0.05169835032084271,0.5082928565958429,0.09884279388911832,0.15816507655950995,0.28720513914723034,0.37982214066487474,0.42810441670737703,0.4565945062750002,0.0004269679750731444,0.08333333333333333,2,0.33140301143639334,0.20712688214774583,4,0.40232987852291796,0.013285449362412247,0.0,0.05652334189442215,0.01855569869961741,0.03551104121142175,0.039535123863145887,0.04161846414434183,0.05652334189442215,0.0002645296453891903,0.0,0,0,0.0,0.0,24.567324408636324,0.16666666666666666,0.0,SONOLENTO,uta,data\raw\uta\drowsiness\drowsy_012_9ceea41e.mp4,group_012,18,5105,5400,30.17474088921885,6.03494817784377,10.0
0.2642048456629785,0.09684288524946194,0.4072681683288407,0.11011336559308765,0.11686351533135123,0.13245565563774886,0.35697068884697875,0.3812282129700654,0.3104252830793788,0.0011155723844425446,0.31666666666666665,8,1.3256120457455733,0.5247214347742895,6,0.603494817784377,0.01104009101688188,0.0,0.045267873021259265,0.015312793925657759,0.028722408397120067,0.030373595637457486,0.038424467527322335,0.045267873021259265,-8.423043926391041e-05,0.0,0,0,0.0,0.0,23.929233556630237,2.533333333333333,0.0,SONOLENTO,uta,data\raw\uta\drowsiness\drowsy_012_9ceea41e.mp4,group_012,19,5405,5700,30.17474088921885,6.03494817784377,10.0
0.28617495487004196,0.08498192649828307,0.41903882962641614,0.10613288336382898,0.11554836402405468,0.18007927133675034,0.3655682999644547,0.3902312456639731,0.3340569031281331,0.0005694141189781433,0.21666666666666667,7,1.1599105400273766,0.5385298935841392,4,0.40232987852291796,0.005639504811349903,0.0,0.029361010975735173,0.011282447977102539,0.0,0.027735009811261455,0.0285266392007375,0.029361010975735173,5.101596885321633e-06,0.0,0,0,0.0,0.0,50.73569909810141,1.5166666666666666,0.0,SONOLENTO,uta,data\raw\uta\drowsiness\drowsy_012_9ceea41e.mp4,group_012,20,5705,6000,30.17474088921885,6.03494817784377,10.0
0.16881700737309696,0.0796303189293179,0.1938888120024933,0.02076262580616381,0.16105020445736035,0.16661627948053964,0.17957445333659833,0.18340054497221092,0.1142584930731754,-0.0002980525160071673,0.06779661016949153,2,0.33568704244653613,0.33568704244653613,2,0.20196373883060825,0.011972457140892854,0.0,0.02857142857142857,0.006796350467112285,0.01515351884693293,0.018345386035097454,0.018651000827624817,0.02857142857142857,4.48146699190276e-05,0.0,0,0,0.0,0.0,14.09927019294516,0.13559322033898305,0.0,SONOLENTO,uta,data\raw\uta\drowsiness\drowsy_013_bca6d321.mp4,group_013,1,5,295,29.789651477514717,5.957930295502943,10.0
0.1740016659306389,0.08465172052343822,0.19647683545880756,0.016102041258157018,0.16115695330518331,0.17060495401570674,0.18147183247596704,0.18787909530472174,0.11182511493536934,-0.00015671768547947338,0.03389830508474576,2,0.33568704244653613,0.33568704244653613,1,0.10098186941530413,0.01202496547747391,0.0,0.018841113964807383,0.006203296913698222,0.018117547506621468,0.018354032308639325,0.018593592822160564,0.018841113964807383,-6.655853857753504e-05,0.0,0,0,0.0,0.0,14.468831318081289,0.06779661016949153,0.0,SONOLENTO,uta,data\raw\uta\drowsiness\drowsy_013_bca6d321.mp4,group_013,2,300,590,29.789651477514717,5.957930295502943,10.0
0.1762980707493718,0.10518888589618706,0.21359369414820217,0.022862609756796354,0.14606701035067096,0.17092064893872566,0.1882661022025709,0.19798964782670198,0.10840480825201511,0.00018788788027500965,0.11864406779661017,4,0.6713740848930723,0.5874523242814382,2,0.20196373883060825,0.010043340877049084,0.0,0.018582353656179162,0.0063701845017008355,0.012973346145761424,0.01770219979492864,0.018139960570732607,0.018582353656179162,-2.1370007197705228e-05,0.0,0,0,0.0,0.0,17.551980055974187,0.4745762711864407,0.0,SONOLENTO,uta,data\raw\uta\drowsiness\drowsy_013_bca6d321.mp4,group_013,3,595,885,29.789651477514717,5.957930295502943,10.0
0.1768920254174615,0.1519302181428665,0.19624122778488035,0.010229371354683181,0.16273082209495926,0.17142197691593594,0.18370979920707553,0.1894944640608961,0.04431100964201384,0.00019903401033609445,0.0,0,0.0,0.0,0,0.0,0.008876237158994006,0.0,0.018601633295108114,0.006805158039811715,0.012969524996603018,0.017878534642384033,0.018107149208503707,0.018601633295108114,-1.3744976091305053e-05,0.0,0,0,0.0,0.0,19.926472870925014,0.0,0.0,SONOLENTO,uta,data\raw\uta\drowsiness\drowsy_013_bca6d321.mp4,group_013,4,890,1180,29.789651477514717,5.957930295502943,10.0
0.183605415171748,0.16428223394371366,0.20374267291344395,0.009833175099400182,0.17108138420992874,0.17532703165111102,0.19115802541062024,0.19628142848612026,0.03946043896973028,-0.00030631249572933225,0.0,0,0.0,0.0,0,0.0,0.010863873945526176,0.0,0.025308346645483232,0.006794526852308586,0.013332148306149432,0.018170485869820317,0.018602116224456264,0.025308346645483232,-1.1491536905351545e-05,0.0,0,0,0.0,0.0,16.898991750139093,0.0,0.0,SONOLENTO,uta,data\raw\uta\drowsiness\drowsy_013_bca6d321.mp4,group_013,5,1185,1475,29.789651477514717,5.957930295502943,10.0
0.15943852046349688,0.08191805929464371,0.18602939764100557,0.020000434458626343,0.13486286418250842,0.15374418352191574,0.1722030618583327,0.1818207294897818,0.10411133834636185,-0.0003974863063083865,0.23728813559322035,12,2.014122254679217,1.1749046485628765,2,0.20196373883060825,0.01029535932893653,0.0,0.0282842712474619,0.007444735984997058,0.01315334104411641,0.018360217584555836,0.018619181538480807,0.0282842712474619,-0.0001631585635543867,0.0,0,0,0.0,0.0,15.484941363246369,2.847457627118644,0.0,SONOLENTO,uta,data\raw\uta\drowsiness\drowsy_013_bca6d321.mp4,group_013,6,1480,1770,29.789651477514717,5.957930295502943,10.0
0.13792832753143502,0.05818779373111378,0.17424999621674858,0.030870136896939765,0.09322783770728496,0.11398318058121734,0.15854433753230088,0.1655997187415369,0.1160622024856348,-0.0007997824197877205,0.4576271186440678,15,2.517652818349021,0.7552958455047063,6,0.6058912164918248,0.011140655266437602,0.0,0.028646357868614195,0.007339070758762611,0.01306678674281276,0.018354032308639325,0.019086523653542485,0.028646357868614195,-0.00010676788155585454,0.0,0,0,0.0,0.0,12.37951850358549,6.864406779661017,0.0,SONOLENTO,uta,data\raw\uta\drowsiness\drowsy_013_bca6d321.mp4,group_013,7,1775,2065,29.789651477514717,5.957930295502943,10.0
0.1738872541002088,0.07141894700939286,0.19160848649155404,0.01603613928984757,0.16555841514207115,0.17047672109697676,0.18071377110484627,0.18665722301309146,0.12018953948216118,0.0004170235847996791,0.05084745762711865,3,0.5035305636698042,0.5035305636698042,1,0.10098186941530413,0.011872520312951954,0.0,0.025939049993206037,0.006762609397542852,0.01754093579527417,0.018117547506621468,0.01893522028532084,0.025939049993206037,1.4901594992495697e-05,0.0,0,0,0.0,0.0,14.644962026175838,0.15254237288135594,0.0,SONOLENTO,uta,data\raw\uta\drowsiness\drowsy_013_bca6d321.mp4,group_013,8,2070,2360,29.789651477514717,5.957930295502943,10.0
0.15815463944063549,0.08665662118926444,0.1782436335508663,0.015910068577564204,0.14866596216545502,0.15436893021939807,0.16773406847520642,0.17353715256814634,0.09158701236160187,-3.5040867279873436e-05,0.1694915254237288,6,1.0070611273396084,0.41960880305817017,4,0.4039274776612165,0.009031539096186529,0.0,0.018360217584555836,0.006659869672289775,0.01297716729491983,0.01400316367763662,0.01814104135492534,0.018360217584555836,5.870046970323983e-05,0.0,0,0,0.0,0.0,17.50943314570398,1.0169491525423728,0.0,SONOLENTO,uta,data\raw\uta\drowsiness\drowsy_013_bca6d321.mp4,group_013,9,2365,2655,29.789651477514717,5.957930295502943,10.0
0.15975335023026382,0.058263064306308426,0.2150599737844177,0.04140256527871127,0.09193759836346277,0.1431416836935145,0.1893207021018677,0.2057147930976291,0.1567969094781093,0.00033710807848543687,0.3559322033898305,9,1.5105916910094126,0.7049427891377259,5,0.5049093470765206,0.0117375723915664,0.0,0.0262953111423425,0.006916090722396764,0.0177803458330442,0.018354032308639325,0.018626417964133602,0.0262953111423425,0.00011399310492071138,0.0,0,0,0.0,0.0,13.609265667181038,3.2033898305084745,0.0,SONOLENTO,uta,data\raw\uta\drowsiness\drowsy_013_bca6d321.mp4,group_013,10,2660,2950,29.789651477514717,5.957930295502943,10.0
0.17218945773172406,0.09728602571149515,0.19146374505355884,0.014867190306327277,0.15715866807293233,0.16969711664010584,0.1801460645644335,0.1845601928495679,0.09417771934206369,0.00017543637201814945,0.05084745762711865,2,0.33568704244653613,0.2517652818349021,2,0.20196373883060825,0.009423697640819125,0.0,0.01836486123448497,0.006749280088434795,0.0128163003962754,0.01789570353364101,0.018124985839860344,0.01836486123448497,-5.567009674181661e-05,0.0,0,0,0.0,0.0,18.27002459855663,0.1016949152542373,0.0,SONOLENTO,uta,data\raw\uta\drowsiness\drowsy_013_bca6d321.mp4,group_013,11,2955,3245,29.789651477514717,5.957930295502943,10.0
0.15328768910166246,0.06031121329516666,0.2116304016274434,0.031878783982847866,0.11137668474180222,0.14433660427201445,0.17114263517566508,0.18080350038619836,0.15131918833227676,-0.0005406590412530175,0.288135593220339,10,1.6784352122326807,0.9511132869318524,3,0.3029456082459124,0.009277283651991833,0.0,0.018360217584555836,0.006283140262786155,0.01297716729491983,0.013019402540386698,0.01789570353364101,0.018360217584555836,-3.946243038833896e-05,0.0,0,0,0.0,0.0,16.521125549848346,2.88135593220339,0.0,SONOLENTO,uta,data\raw\uta\drowsiness\drowsy_013_bca6d321.mp4,group_013,12,3250,3540,29.789651477514717,5.957930295502943,10.0
0.14063741591476075,0.05998911691935885,0.17011222698988232,0.02522199568865439,0.11519423568656574,0.14002013192895266,0.15342000673995765,0.16088042096501445,0.11012311007052347,-0.00044695288762638735,0.6101694915254238,11,1.8462787334559487,0.7552958455047063,8,0.807854955322433,0.012429463220732257,0.0,0.03105649968749708,0.006728092570413366,0.01823873591476027,0.018854504950126017,0.01910942382139352,0.03105649968749708,2.1715754140821424e-05,0.0,0,0,0.0,0.0,11.313932024688944,6.711864406779662,0.0,SONOLENTO,uta,data\raw\uta\drowsiness\drowsy_013_bca6d321.mp4,group_013,13,3545,3835,29.789651477514717,5.957930295502943,10.0
0.14083739580596777,0.08387524668116,0.1646338070203432,0.018674579586024927,0.10591256109544872,0.13750394935219803,0.15216245673108728,0.15735088375169937,0.08075856033918319,-9.65751363907724e-05,0.6101694915254238,8,1.3427481697861445,0.5035305636698042,12,1.2117824329836495,0.013690865757398724,0.0,0.07997157071694166,0.018288618311275193,0.01756312739486909,0.030826199510683962,0.06501330113710242,0.07997157071694166,0.0003894239790847539,0.0,0,0,0.0,0.0,10.28620922096486,4.88135593220339,0.0,SONOLENTO,uta,data\raw\uta\drowsiness\drowsy_013_bca6d321.mp4,group_013,14,3840,4130,29.789651477514717,5.957930295502943,10.0
0.14021592991779025,0.06883016577409175,0.16185725653298688,0.019644478418612825,0.12308369479953601,0.1373409051678253,0.1511601730453927,0.15606212595320984,0.09302709075889513,0.0002322192086696867,0.6779661016949152,13,2.181965775902485,0.6103400771755202,11,1.1108005635683453,0.010549429721645092,0.0,0.0191092493475347,0.007638041686015076,0.018010344686750675,0.018900387587794748,0.019104017997521754,0.0191092493475347,8.600889292423777e-05,0.0,0,0,0.0,0.0,13.290068141027993,8.813559322033898,0.0,SONOLENTO,uta,data\raw\uta\drowsiness\drowsy_013_bca6d321.mp4,group_013,15,4135,4425,29.789651477514717,5.957930295502943,10.0
0.16943105984462095,0.1325266305602329,0.20272757169155814,0.017778837331793005,0.14510266277135372,0.15405650454936307,0.18493780547158878,0.1913225842213081,0.07020094113132525,0.0007477717126784543,0.1864406779661017,7,1.1749046485628765,0.6154262444853162,3,0.3029456082459124,0.012731267351858195,0.0,0.019110994086122907,0.006241054187247609,0.018366409900949288,0.0191092493475347,0.0191092493475347,0.019110994086122907,-5.454150326741029e-06,0.0,0,0,0.0,0.0,13.307218200998078,1.305084745762712,0.0,SONOLENTO,uta,data\raw\uta\drowsiness\drowsy_013_bca6d321.mp4,group_013,16,4430,4720,29.789651477514717,5.957930295502943,10.0
0.16262782509587223,0.11521956801196029,0.19932738921828974,0.013473245390295879,0.15193642264865528,0.15602396393118875,0.16633637502860968,0.183191718216693,0.08410782120632945,-0.0002534870591495626,0.06779661016949153,1,0.16784352122326807,0.16784352122326807,4,0.4039274776612165,0.013912106661505011,0.0,0.019110994086122907,0.005355643331194821,0.018606462588589622,0.01885618083164127,0.0191092493475347,0.019110994086122907,6.363859686668111e-05,0.0,0,0,0.0,0.0,11.688821846369748,0.06779661016949153,0.0,SONOLENTO,uta,data\raw\uta\drowsiness\drowsy_013_bca6d321.mp4,group_013,17,4725,5015,29.789651477514717,5.957930295502943,10.0
0.14894698673976514,0.1315557104730095,0.1675544321623203,0.008343893883497164,0.14014566548793658,0.14262969466520822,0.1548737966146997,0.16050829273672343,0.035998721689310786,0.00019543413507578034,0.576271186440678,18,3.021183382018825,0.9511132869318524,6,0.6058912164918248,0.01557990473429384,0.0,0.019110994086122907,0.0034245437765758006,0.01885618083164127,0.019109598295252342,0.019110994086122907,0.019110994086122907,-1.7825935096118996e-05,0.0,0,0,0.0,0.0,9.55958522818834,10.372881355932204,0.0,SONOLENTO,uta,data\raw\uta\drowsiness\drowsy_013_bca6d321.mp4,group_013,18,5020,5310,29.789651477514717,5.957930295502943,10.0
0.12797041062482348,0.04750626676000212,0.18673630628688132,0.029640129471469594,0.07552143439679108,0.12083457917299878,0.1466881058975027,0.15691523236642663,0.13923003952687918,-0.0006421795324271808,0.8305084745762712,16,2.685496339572289,1.1749046485628765,7,0.7068730859071288,0.01340347402318911,0.0,0.019372788525658838,0.00585378825087264,0.018607267888854646,0.0191092493475347,0.019366066832312838,0.019372788525658838,-5.862218309455795e-05,0.0,0,0,0.0,0.0,9.546843121441444,13.288135593220339,0.0,SONOLENTO,uta,data\raw\uta\drowsiness\drowsy_013_bca6d321.mp4,group_013,19,5315,5605,29.789651477514717,5.957930295502943,10.0
0.11463375265865365,0.04948903764593911,0.15153409894595676,0.02103491331731686,0.09148876265755009,0.10176632254058542,0.13068450696697909,0.14154010073881526,0.10204506130001766,2.80983785340495e-06,0.9661016949152542,29,4.8674621154747735,4.78354035486314,2,0.20196373883060825,0.010739843008943501,0.0,0.02630668208823282,0.008122465846281145,0.01860404794184887,0.0191092493475347,0.019366066832312838,0.02630668208823282,1.0275916463813944e-05,0.0,0,0,0.0,0.0,10.672696041009294,28.016949152542374,0.0,SONOLENTO,uta,data\raw\uta\drowsiness\drowsy_013_bca6d321.mp4,group_013,20,5610,5900,29.789651477514717,5.957930295502943,10.0
0.37775929064937774,0.15772879389503586,0.4456574536766399,0.049057109373938305,0.3522223396263325,0.37110323966236525,0.40589032473684555,0.41482612634041194,0.28792865978160403,-0.0009313919466822702,0.0,0,0.0,0.0,0,0.0,0.04929163881869884,0.0,0.16657415116319238,0.038509252530810695,0.0644825880219161,0.09691436686899263,0.12664376149358403,0.16657415116319238,-8.07296070492751e-05,0.08333333333333333,3,3,0.4999994650117697,0.2777774805620943,7.6636045401991595,0.0,0.013881179263599365,SONOLENTO,uta,data\raw\uta\drowsiness\drowsy_014_b3106f52.mp4,group_014,1,5,300,30.000032099328163,6.000006419865633,10.0
0.37034291989754453,0.3467467397676443,0.39229740462723517,0.013310225726104654,0.3502444729732442,0.35854661996327614,0.38061383367515716,0.38607714185422887,0.04555066485959086,0.0006000480469848481,0.0,0,0.0,0.0,0,0.0,0.03819528165635645,0.0,0.07437051466359121,0.014554363081296127,0.04559607525875532,0.06438227799796505,0.06438227799796505,0.07437051466359121,0.00030742379523595535,0.0,0,0,0.0,0.0,9.695784611429938,0.0,0.0,SONOLENTO,uta,data\raw\uta\drowsiness\drowsy_014_b3106f52.mp4,group_014,2,305,600,30.000032099328163,6.000006419865633,10.0
0.37305212478000005,0.024968808471946116,0.4151540519560821,0.053018260482208764,0.3475812482009351,0.37589433563652835,0.3902580566975662,0.39904798433912786,0.390185243484136,0.0004141652971538532,0.016666666666666666,1,0.16666648833725656,0.16666648833725656,1,0.10000010699776055,0.02359805507889766,0.0,0.04552514536059855,0.015025967617169421,0.03224129401095805,0.032348647633126094,0.03331483023263848,0.04552514536059855,-0.00043114859970286377,0.0,0,0,0.0,0.0,15.807926356915209,0.016666666666666666,0.0,SONOLENTO,uta,data\raw\uta\drowsiness\drowsy_014_b3106f52.mp4,group_014,3,605,900,30.000032099328163,6.000006419865633,10.0
0.37730482828005396,0.2157665092610908,0.40693789542970193,0.03492231576765037,0.35498976449778985,0.3790866559688817,0.39006474680386116,0.39707050017935425,0.19117138616861112,4.045757834185669e-06,0.0,0,0.0,0.0,0,0.0,0.03271147802352513,0.0,0.10517579047791782,0.025238400794464162,0.03331483023263848,0.07437051466359121,0.07437670018336388,0.10517579047791782,0.0005705542615913935,0.0,0,0,0.0,0.0,11.533972694111274,0.0,0.0,SONOLENTO,uta,data\raw\uta\drowsiness\drowsy_014_b3106f52.mp4,group_014,4,905,1200,30.000032099328163,6.000006419865633,10.0
0.3759040118201309,0.034961706884774985,0.42292052751153597,0.07289464514214748,0.35858294509147365,0.3865470765169884,0.4025993818732479,0.40987301979788027,0.387958820626761,0.00011245112869362459,0.05,2,0.3333329766745131,0.24999973250588484,2,0.2000002139955211,0.03796725732466145,0.0,0.07437051466359121,0.02048265411574106,0.04703604341917987,0.07437051466359121,0.07437051466359121,0.07437051466359121,0.0005653915124694649,0.0,0,0,0.0,0.0,9.900481041461196,0.1,0.0,SONOLENTO,uta,data\raw\uta\drowsiness\drowsy_014_b3106f52.mp4,group_014,5,1205,1500,30.000032099328163,6.000006419865633,10.0
0.382439603123559,0.2742417957446097,0.40295744659402066,0.021235611468104293,0.36077117118199575,0.375579975752816,0.3959185041442653,0.3988238237524992,0.12871565084941095,-6.781741395564037e-05,0.0,0,0.0,0.0,0,0.0,0.039233543337575776,0.0,0.06651901052377393,0.012963304350708093,0.04703604341917987,0.06438227799796505,0.06651901052377393,0.06651901052377393,-0.00037646445993149384,0.0,0,0,0.0,0.0,9.747522733552204,0.0,0.0,SONOLENTO,uta,data\raw\uta\drowsiness\drowsy_014_b3106f52.mp4,group_014,6,1505,1800,30.000032099328163,6.000006419865633,10.0
0.3826455879399173,0.22375466351502532,0.4096965518765359,0.0256023605152754,0.3734491053636982,0.37770186931921873,0.39678899325105227,0.3988238237524992,0.1859418883615106,-0.00014055978715737098,0.0,0,0.0,0.0,0,0.0,0.030755324528372454,0.0,0.04703604341917987,0.01490396282675046,0.033259505261886965,0.04703604341917987,0.04703604341917987,0.04703604341917987,-0.00029281302648418654,0.0,0,0,0.0,0.0,12.441200104613603,0.0,0.0,SONOLENTO,uta,data\raw\uta\drowsiness\drowsy_014_b3106f52.mp4,group_014,7,1805,2100,30.000032099328163,6.000006419865633,10.0
0.38399426981480744,0.27781414925940573,0.4099933555395038,0.02430406705129959,0.3720895493214535,0.37878672317513196,0.3963078268396038,0.4078278865058959,0.13217920628009805,0.00013633319058158942,0.0,0,0.0,0.0,0,0.0,0.029106848424987678,0.0,0.06651901052377393,0.016472437606259195,0.033259505261886965,0.045676235166456684,0.048010191774409516,0.06651901052377393,-0.0003318506615244266,0.0,0,0,0.0,0.0,13.19212138967877,0.0,0.0,SONOLENTO,uta,data\raw\uta\drowsiness\drowsy_014_b3106f52.mp4,group_014,8,2105,2400,30.000032099328163,6.000006419865633,10.0
0.3531840880490725,0.034525223864491986,0.3979388362904595,0.07057658055187582,0.31719406830612806,0.3582493871888719,0.3821919509552398,0.3937695776303784,0.36341361242596754,-0.0018115991714297685,0.03333333333333333,2,0.3333329766745131,0.3333329766745131,1,0.10000010699776055,0.020557638302654065,0.0,0.034401045807689073,0.016211438872692437,0.033259505261886965,0.033259505261886965,0.034401045807689073,0.034401045807689073,-9.557982044972727e-05,0.0,0,0,0.0,0.0,17.179352194910564,0.06666666666666667,0.0,SONOLENTO,uta,data\raw\uta\drowsiness\drowsy_014_b3106f52.mp4,group_014,9,2405,2700,30.000032099328163,6.000006419865633,10.0
0.3719226581277767,0.2363964744340899,0.4077193767108583,0.02632060740118932,0.35403399326444696,0.3674946928362416,0.38586546357092266,0.3880714321212717,0.17132290227676839,-0.0002519637548968004,0.0,0,0.0,0.0,0,0.0,0.026043556515024734,0.0,0.04703604341917987,0.015604526478296361,0.033259505261886965,0.034624205033900235,0.04690650298201946,0.04703604341917987,0.00013107269440535365,0.0,0,0,0.0,0.0,14.280245390748727,0.0,0.0,SONOLENTO,uta,data\raw\uta\drowsiness\drowsy_014_b3106f52.mp4,group_014,10,2705,3000,30.000032099328163,6.000006419865633,10.0
0.3597320903825517,0.21085564066637957,0.40590677419587784,0.02894423207853881,0.3437765132317924,0.35736790413833947,0.37118049003338216,0.3817669966042144,0.19505113352949827,-0.00012598185020260282,0.0,0,0.0,0.0,0,0.0,0.03780299022022962,0.0,0.06651901052377393,0.012393912887611894,0.033259505261886965,0.06633581268066595,0.06634497257282135,0.06651901052377393,-0.00016289670440964237,0.0,0,0,0.0,0.0,9.515717475507449,0.0,0.0,SONOLENTO,uta,data\raw\uta\drowsiness\drowsy_014_b3106f52.mp4,group_014,11,3005,3300,30.000032099328163,6.000006419865633,10.0
0.3772350005570476,0.16400354963159097,0.4199961239463691,0.04550490155254867,0.3424500519323099,0.3625912817526998,0.40020646969624557,0.41110057098801,0.2559925743147781,0.0005126260332767803,0.0,0,0.0,0.0,0,0.0,0.03135818124374253,0.0,0.06651901052377393,0.014047693517189042,0.033259505261886965,0.034401045807689073,0.06448911462425548,0.06651901052377393,-0.0001276247363698442,0.0,0,0,0.0,0.0,12.029491383239534,0.0,0.0,SONOLENTO,uta,data\raw\uta\drowsiness\drowsy_014_b3106f52.mp4,group_014,12,3305,3600,30.000032099328163,6.000006419865633,10.0
0.355628617879636,0.03504200843550083,0.4012577444229479,0.0787536782296339,0.2772232730492426,0.35302746934727763,0.3962354825127424,0.3979388362904595,0.3662157359874471,-0.0009915829866867136,0.05,2,0.3333329766745131,0.24999973250588484,2,0.2000002139955211,0.024647350638850617,0.0,0.034401045807689073,0.01424442552826374,0.033167906340332974,0.033259505261886965,0.034401045807689073,0.034401045807689073,-0.00030127814185101584,0.0,0,0,0.0,0.0,14.42808985843847,0.1,0.0,SONOLENTO,uta,data\raw\uta\drowsiness\drowsy_014_b3106f52.mp4,group_014,13,3605,3900,30.000032099328163,6.000006419865633,10.0
0.37401046339307575,0.24372216126851914,0.40590677419587784,0.025045564437571517,0.3552290175045668,0.36688685381728914,0.3935427810106175,0.397716608303993,0.1621846129273587,0.0005192679026513924,0.0,0,0.0,0.0,0,0.0,0.042285445568248356,0.0,0.09950371902099892,0.019997765562964166,0.04703604341917987,0.06651901052377393,0.07562717488146152,0.09950371902099892,-0.00011505477509742777,0.0,0,0,0.0,0.0,8.844689081030475,0.0,0.0,SONOLENTO,uta,data\raw\uta\drowsiness\drowsy_014_b3106f52.mp4,group_014,14,3905,4200,30.000032099328163,6.000006419865633,10.0
0.36258609268212844,0.046806684691300934,0.4238840469998625,0.06629549821051106,0.32957937788192543,0.36292873441200385,0.3950610342235827,0.4078582997071473,0.37707736230856154,0.0006619304459044694,0.03333333333333333,2,0.3333329766745131,0.3333329766745131,1,0.10000010699776055,0.025459397343261535,0.0,0.034401045807689073,0.014051107069190933,0.033167906340332974,0.033259505261886965,0.03430478346746114,0.034401045807689073,1.1203485384299105e-05,0.0,0,0,0.0,0.0,14.241179656141231,0.06666666666666667,0.0,SONOLENTO,uta,data\raw\uta\drowsiness\drowsy_014_b3106f52.mp4,group_014,15,4205,4500,30.000032099328163,6.000006419865633,10.0
0.3761195584915576,0.053856845044765636,0.4333647293832471,0.05850789569700951,0.3517573755195959,0.3710345701999684,0.39678899325105227,0.41302452034819936,0.3795078843384815,0.0008445114027083938,0.03333333333333333,1,0.16666648833725656,0.16666648833725656,2,0.2000002139955211,0.03412987641932838,0.0,0.06651901052377393,0.014678046146041035,0.033259505261886965,0.06421612990679355,0.06447995473210008,0.06651901052377393,0.00018830419324323397,0.0,0,0,0.0,0.0,11.019920903014384,0.03333333333333333,0.0,SONOLENTO,uta,data\raw\uta\drowsiness\drowsy_014_b3106f52.mp4,group_014,16,4505,4800,30.000032099328163,6.000006419865633,10.0
0.394520390389388,0.2752675330376212,0.4255665490450109,0.025023977029317798,0.37444497892373635,0.3862154650743491,0.4106415456668837,0.4205297725259619,0.1502990160073897,-5.575884094358897e-05,0.0,0,0.0,0.0,0,0.0,0.0397056527218126,0.0,0.07437051466359121,0.01636634157469091,0.04703604341917987,0.06651901052377393,0.06691158573076478,0.07437051466359121,-0.00039406893374588586,0.0,0,0,0.0,0.0,9.935876316581597,0.0,0.0,SONOLENTO,uta,data\raw\uta\drowsiness\drowsy_014_b3106f52.mp4,group_014,17,4805,5100,30.000032099328163,6.000006419865633,10.0
0.4057465115521345,0.21085564066637957,0.46538744758532147,0.037901587760332596,0.3746739895659001,0.3883334826757372,0.4269796319920432,0.46071874148359915,0.2545318069189419,0.0013103923432805705,0.0,0,0.0,0.0,0,0.0,0.024629289192826476,0.0,0.033259505261886965,0.014226806176104138,0.033167906340332974,0.033259505261886965,0.033259505261886965,0.033259505261886965,0.0001117000533671696,0.0,0,0,0.0,0.0,16.473477366652574,0.0,0.0,SONOLENTO,uta,data\raw\uta\drowsiness\drowsy_014_b3106f52.mp4,group_014,18,5105,5400,30.000032099328163,6.000006419865633,10.0
0.40646413434772566,0.3163479082898254,0.43434160286286194,0.016964394081214085,0.3903566165147354,0.3992104171926084,0.41285744831121773,0.4238840469998625,0.11799369457303654,-0.00027418272180676777,0.0,0,0.0,0.0,0,0.0,0.018418331615195592,0.0,0.034401045807689073,0.01666397322597135,0.033259505261886965,0.03429971702850177,0.034401045807689073,0.034401045807689073,-0.0001365768619160465,0.0,0,0,0.0,0.0,22.06725753351444,0.0,0.0,SONOLENTO,uta,data\raw\uta\drowsiness\drowsy_014_b3106f52.mp4,group_014,19,5405,5700,30.000032099328163,6.000006419865633,10.0
0.39225556139311046,0.26661512678941934,0.4383658892653227,0.026896573519043503,0.3757735160679108,0.3844588519454507,0.41021152324774507,0.41504083840654343,0.17175076247590337,-0.0008155058889341794,0.0,0,0.0,0.0,0,0.0,0.012618953190269018,0.0,0.04703604341917987,0.016759718167965367,0.033167906340332974,0.033259505261886965,0.0333115158502177,0.04703604341917987,-0.00047049244170870833,0.0,0,0,0.0,0.0,31.082172451762386,0.0,0.0,SONOLENTO,uta,data\raw\uta\drowsiness\drowsy_014_b3106f52.mp4,group_014,20,5705,6000,30.000032099328163,6.000006419865633,10.0
0.292706198353744,0.1400748604408134,0.4089806556912335,0.06773327692845127,0.18698859725433967,0.24073560825865015,0.3481881763390715,0.36226378472664156,0.2689057952504201,-0.0009233889734646878,0.03333333333333333,1,0.16666524193402946,0.16666524193402946,2,0.20000170969377978,0.006195684648456349,0.0,0.03843312210120439,0.013855031752772756,0.0,0.037037037037037035,0.037037037037037035,0.03843312210120439,-2.4452770907044143e-05,0.0,0,0,0.0,0.0,47.235935820400314,0.03333333333333333,0.0,SONOLENTO,uta,data\raw\uta\drowsiness\drowsy_015_6892d6ec.mp4,group_015,1,5,300,30.000256454066967,6.000051290813394,10.0
0.2899196491860151,0.0795595225101261,0.3907351770482713,0.07386582852779423,0.16636384394840267,0.24546775137754848,0.3449064579327962,0.36060192237245364,0.3111756545381452,0.00016237307630897427,0.06666666666666667,2,0.3333304838680589,0.22222032257870591,3,0.30000256454066965,0.006224470639066019,0.0,0.038461538461538464,0.013926591829305644,0.0,0.037037037037037035,0.038461538461538464,0.038461538461538464,6.607921798445e-05,0.0,0,0,0.0,0.0,46.569916717093456,0.13333333333333333,0.0,SONOLENTO,uta,data\raw\uta\drowsiness\drowsy_015_6892d6ec.mp4,group_015,2,305,600,30.000256454066967,6.000051290813394,10.0
0.2896110187335899,0.12835478243449305,0.378141655529485,0.06324214607976443,0.19713523607249753,0.24446339003053047,0.3304191270469606,0.36153887696325243,0.24978687309499192,0.0011319153096804072,0.03333333333333333,1,0.16666524193402946,0.16666524193402946,2,0.20000170969377978,0.0055081676853523925,0.0,0.037037037037037035,0.01311379440405786,0.0,0.037011660509880265,0.037011660509880265,0.037037037037037035,0.00013770029980924732,0.0,0,0,0.0,0.0,52.56892425031804,0.03333333333333333,0.0,SONOLENTO,uta,data\raw\uta\drowsiness\drowsy_015_6892d6ec.mp4,group_015,3,605,900,30.000256454066967,6.000051290813394,10.0
0.29573403694060835,0.12830253429658242,0.3686071986926973,0.06679461816395772,0.1800971250498082,0.2652959918852705,0.3424523339925822,0.3529222000240857,0.2403046643961149,0.0004347702118237732,0.03333333333333333,1,0.16666524193402946,0.16666524193402946,2,0.20000170969377978,0.010948613336612237,0.0,0.037011660509880265,0.01673009602587831,0.03551104121142175,0.037011660509880265,0.037011660509880265,0.037011660509880265,-0.00011627622753329563,0.0,0,0,0.0,0.0,27.008628327701953,0.03333333333333333,0.0,SONOLENTO,uta,data\raw\uta\drowsiness\drowsy_015_6892d6ec.mp4,group_015,4,905,1200,30.000256454066967,6.000051290813394,10.0
0.30882978710948067,0.1573507523455293,0.36819011382068534,0.056375746665377965,0.2134433042013744,0.3029083804277917,0.3452631044959586,0.3500373931048779,0.21083936147515603,-8.625204123145513e-05,0.0,0,0.0,0.0,0,0.0,0.007920626777296935,0.0,0.03820803599504351,0.015064799265714789,0.0,0.036810508691615514,0.036935842757655886,0.03820803599504351,-4.9157338232284124e-05,0.0,0,0,0.0,0.0,38.985652289826945,0.0,0.0,SONOLENTO,uta,data\raw\uta\drowsiness\drowsy_015_6892d6ec.mp4,group_015,5,1205,1500,30.000256454066967,6.000051290813394,10.0
0.2912394935990495,0.12298424172861064,0.36191726769191485,0.056448405607974775,0.2063183458031885,0.27759804545887234,0.33166363828965434,0.3394011056334466,0.2389330259633042,-0.00012504764632904786,0.05,1,0.16666524193402946,0.16666524193402946,3,0.30000256454066965,0.00913431412951078,0.0,0.037011660509880265,0.01582379108791808,0.008877760302855437,0.03682304209821955,0.0369396336452671,0.037011660509880265,0.00016894155586463346,0.0,0,0,0.0,0.0,31.880621669946468,0.05,0.0,SONOLENTO,uta,data\raw\uta\drowsiness\drowsy_015_6892d6ec.mp4,group_015,6,1505,1800,30.000256454066967,6.000051290813394,10.0
0.2948046632881863,0.11350693243207775,0.3753552311232896,0.07510508449189271,0.16206504834049226,0.2616101747675909,0.3482945502618598,0.36226534807761984,0.26184829869121184,-0.00044966130426793985,0.1,2,0.3333304838680589,0.19999829032083533,5,0.5000042742344495,0.0006155973792942648,0.0,0.036935842757655886,0.0047284931923652,0.0,0.0,0.0,0.036935842757655886,3.181470201409649e-05,0.0,0,0,0.0,0.0,478.1153361787056,0.2,0.0,SONOLENTO,uta,data\raw\uta\drowsiness\drowsy_015_6892d6ec.mp4,group_015,7,1805,2100,30.000256454066967,6.000051290813394,10.0
0.29236392914596787,0.14848022881510087,0.36016798808559575,0.06280566825351434,0.17837912056354746,0.25364421817532534,0.34216624098825654,0.3564637310960345,0.21168775927049488,-0.0004551778570027782,0.016666666666666666,1,0.16666524193402946,0.16666524193402946,1,0.10000085484688989,0.011320370059720622,0.0,0.03843312210120439,0.01729805613437257,0.036935842757655886,0.03834824944236852,0.03834824944236852,0.03843312210120439,-3.4416968992548754e-05,0.0,0,0,0.0,0.0,25.824076733093076,0.016666666666666666,0.0,SONOLENTO,uta,data\raw\uta\drowsiness\drowsy_015_6892d6ec.mp4,group_015,8,2105,2400,30.000256454066967,6.000051290813394,10.0
0.30078800018716395,0.12835478243449305,0.3507357189229843,0.05953027497182642,0.21828174792140542,0.2982762299835247,0.33705689729239907,0.342436750410969,0.22238093648849122,0.0005101851593168332,0.08333333333333333,2,0.3333304838680589,0.2083315524175368,4,0.40000341938755957,0.007261542061902532,0.0,0.037011660509880265,0.014526055117580742,0.0,0.036810508691615514,0.036810508691615514,0.037011660509880265,0.00010343869318563439,0.0,0,0,0.0,0.0,41.41635223911778,0.16666666666666666,0.0,SONOLENTO,uta,data\raw\uta\drowsiness\drowsy_015_6892d6ec.mp4,group_015,9,2405,2700,30.000256454066967,6.000051290813394,10.0
0.2880351453982513,0.15409875001658185,0.3479628188034549,0.04925896921741484,0.19272691608656475,0.26720993751767197,0.31943437183739287,0.33318917321300456,0.19386406878687307,4.581328691271318e-05,0.0,0,0.0,0.0,0,0.0,0.0036952862622761347,0.0,0.037011660509880265,0.01108588225180864,0.0,0.0036810508691616037,0.0369396336452671,0.037011660509880265,7.833844077860514e-05,0.0,0,0,0.0,0.0,77.92555147524808,0.0,0.0,SONOLENTO,uta,data\raw\uta\drowsiness\drowsy_015_6892d6ec.mp4,group_015,10,2705,3000,30.000256454066967,6.000051290813394,10.0
0.29633832081010103,0.17568930155879525,0.36589863710069614,0.04722513113953615,0.20917656823323927,0.2818644563965709,0.3247654121691648,0.3315293696157537,0.1902093355419009,0.0002444813689649708,0.0,0,0.0,0.0,0,0.0,0.010683636426948478,0.0,0.03843312210120439,0.01699548645961875,0.036935842757655886,0.03834824944236852,0.03834824944236852,0.03843312210120439,-5.73858021856086e-05,0.0,0,0,0.0,0.0,27.734993402553705,0.0,0.0,SONOLENTO,uta,data\raw\uta\drowsiness\drowsy_015_6892d6ec.mp4,group_015,11,3005,3300,30.000256454066967,6.000051290813394,10.0
0.29050693463291266,0.11567744591137895,0.35900387948598234,0.05983237684897846,0.18887283271964997,0.2740675889730444,0.3329568568756303,0.34211746129578224,0.24332643357460337,-0.00026472664332718944,0.016666666666666666,1,0.16666524193402946,0.16666524193402946,1,0.10000085484688989,0.006561589363060257,0.0,0.03820803599504351,0.013858316882109822,0.0,0.03551104121142175,0.036810508691615514,0.03820803599504351,-0.00020033246245550274,0.0,0,0,0.0,0.0,44.267120577150344,0.016666666666666666,0.0,SONOLENTO,uta,data\raw\uta\drowsiness\drowsy_015_6892d6ec.mp4,group_015,12,3305,3600,30.000256454066967,6.000051290813394,10.0
0.2988430607735277,0.10014862610835668,0.36431617863729115,0.058604070674266,0.2310205827581675,0.2836347817130227,0.33367791196946883,0.34460956409034205,0.2641675525289345,-0.0002168794833154222,0.05,2,0.3333304838680589,0.24999786290104417,2,0.20000170969377978,0.007804948107519566,0.0,0.05423261445466404,0.015747099951674892,0.0,0.03820803599504351,0.03834824944236852,0.05423261445466404,3.5063399109384985e-05,0.0,0,0,0.0,0.0,38.2840183738409,0.1,0.0,SONOLENTO,uta,data\raw\uta\drowsiness\drowsy_015_6892d6ec.mp4,group_015,13,3605,3900,30.000256454066967,6.000051290813394,10.0
0.2872186287322435,0.10131963068354502,0.34877070877497285,0.05911525304343094,0.19153048482651996,0.2754641846112916,0.32979619702089413,0.34172848615557144,0.24745107809142783,0.00023263436399153153,0.03333333333333333,1,0.16666524193402946,0.16666524193402946,2,0.20000170969377978,0.013493332954081382,0.0,0.05638838744346009,0.018547068290977662,0.036935842757655886,0.03820803599504351,0.03834824944236852,0.05638838744346009,-0.0002213623402815842,0.0,0,0,0.0,0.0,21.284388765980005,0.03333333333333333,0.0,SONOLENTO,uta,data\raw\uta\drowsiness\drowsy_015_6892d6ec.mp4,group_015,14,3905,4200,30.000256454066967,6.000051290813394,10.0
0.2959260596708439,0.10897133380705121,0.37245721535325604,0.06147737806372471,0.20609668345540108,0.29400677670987324,0.3278395257167596,0.3487265062838766,0.26348588154620484,-0.0005725619277605035,0.06666666666666667,2,0.3333304838680589,0.3333304838680589,2,0.20000170969377978,0.006905949705280501,0.0,0.039872611141445,0.01458099008665129,0.0,0.03694342453287833,0.038215046667409755,0.039872611141445,-0.0001737603017366943,0.0,0,0,0.0,0.0,42.84468141480783,0.13333333333333333,0.0,SONOLENTO,uta,data\raw\uta\drowsiness\drowsy_015_6892d6ec.mp4,group_015,15,4205,4500,30.000256454066967,6.000051290813394,10.0
0.29489647094920596,0.12677669314197265,0.40967896021761135,0.049901850078343836,0.2260219296672897,0.2842231797626296,0.3214696190719353,0.3411556113402822,0.2829022670756387,0.00032551308189537003,0.016666666666666666,1,0.16666524193402946,0.16666524193402946,1,0.10000085484688989,0.010386443486652961,0.0,0.037011660509880265,0.016524765689195503,0.036810508691615514,0.03682304209821955,0.036935842757655886,0.037011660509880265,-0.00013348332628788977,0.0,0,0,0.0,0.0,28.38970641121894,0.016666666666666666,0.0,SONOLENTO,uta,data\raw\uta\drowsiness\drowsy_015_6892d6ec.mp4,group_015,16,4505,4800,30.000256454066967,6.000051290813394,10.0
0.309074052940683,0.16468839551237863,0.3819308888107091,0.04407534463755826,0.22942233773620102,0.30211332386493095,0.3328741783966958,0.34981921362625057,0.21724249329833045,-0.0005789112306545381,0.0,0,0.0,0.0,0,0.0,0.005259785636632023,0.0,0.05205792062953536,0.013524385545654678,0.0,0.03682304209821955,0.03820803599504351,0.05205792062953536,-8.670879744232445e-05,0.0,0,0,0.0,0.0,58.750550638013365,0.0,0.0,SONOLENTO,uta,data\raw\uta\drowsiness\drowsy_015_6892d6ec.mp4,group_015,17,4805,5100,30.000256454066967,6.000051290813394,10.0
0.2755575244245934,0.10633364107201337,0.3465593698784845,0.06468292339272357,0.1699021325637673,0.24711681790605577,0.3243927494406845,0.3313787447616463,0.24022572880647114,-0.0008841911302356116,0.08333333333333333,2,0.3333304838680589,0.27777540322338246,3,0.30000256454066965,0.005898550334569068,0.0,0.055006532413609206,0.014211307868424108,0.0,0.036810508691615514,0.038242408799252364,0.055006532413609206,0.00026452488130304826,0.0,0,0,0.0,0.0,46.70822499978237,0.16666666666666666,0.0,SONOLENTO,uta,data\raw\uta\drowsiness\drowsy_015_6892d6ec.mp4,group_015,18,5105,5400,30.000256454066967,6.000051290813394,10.0
0.2631840776921851,0.09335418922317903,0.34075916429001973,0.06657813184654322,0.14632176930510743,0.2408770032263638,0.31079769433414217,0.32032611465697886,0.2474049750668407,0.0005309384090021247,0.11666666666666667,2,0.3333304838680589,0.29166417338455153,4,0.40000341938755957,0.011124171544265926,0.0,0.050379272185987846,0.01789312046862232,0.03397313406257281,0.03971507353947688,0.04162299110235031,0.050379272185987846,-6.118827240752732e-05,0.0,0,0,0.0,0.0,23.65663096923966,0.23333333333333334,0.0,SONOLENTO,uta,data\raw\uta\drowsiness\drowsy_015_6892d6ec.mp4,group_015,19,5405,5700,30.000256454066967,6.000051290813394,10.0
0.2963573507609555,0.12853510007558872,0.4457611198523186,0.06777050822675738,0.17040998879112107,0.2679343179066853,0.3295818092250317,0.3457983435586334,0.3172260197767299,0.000597678165651827,0.05,2,0.3333304838680589,0.24999786290104417,2,0.20000170969377978,0.005911134594842217,0.0,0.03569153051241249,0.013218410088720696,0.0,0.03551104121142175,0.035623524993954825,0.03569153051241249,0.0001656944728586946,0.0,0,0,0.0,0.0,50.12696277576283,0.1,0.0,SONOLENTO,uta,data\raw\uta\drowsiness\drowsy_015_6892d6ec.mp4,group_015,20,5705,6000,30.000256454066967,6.000051290813394,10.0
0.14960557493812657,0.03518286712651873,0.2509272962229401,0.037440423363853864,0.09415475793000104,0.14539790709137707,0.16690114784665755,0.17915650805345418,0.21574442909642133,0.00037422486699090766,0.375,4,0.8331102063695032,0.46862449108284554,8,0.8002142592536969,0.05296417189488848,0.0,0.16912817223825688,0.03628249753315426,0.07645921444147957,0.09555810622341471,0.10874029422678294,0.16912817223825688,-0.001392018268284284,0.041666666666666664,2,1,0.2082775515923758,0.2082775515923758,2.824602839674057,1.5,0.007047007176594036,SONOLENTO,uta,data\raw\uta\drowsiness\drowsy_016_5a99d514.mov,group_016,1,5,250,24.00642777761091,4.801285555522182,10.0
0.14553474930196092,0.12021226123571792,0.16453570915599192,0.010351065605799391,0.1320806303057251,0.14004486333568178,0.15471583451012189,0.15802854376975342,0.044323447920274,-0.0003104922854731312,0.6041666666666666,20,4.165551031847516,1.006674832696483,6,0.6001606944402728,0.041601893808060265,0.0,0.06879395080110184,0.0171847440696766,0.05546345628822525,0.06274560602449035,0.06341701363871351,0.06879395080110184,0.0010334388730355976,0.0,0,0,0.0,0.0,3.4981881302152256,12.083333333333332,0.0,SONOLENTO,uta,data\raw\uta\drowsiness\drowsy_016_5a99d514.mov,group_016,2,255,490,24.00642777761091,4.801285555522182,10.0
0.08208107103340273,0.02700041619535623,0.1318621997843759,0.02778014885471732,0.05224200481681043,0.05962932348436432,0.11158757604028,0.11652259553652575,0.10486178358901968,0.00030758728341623293,1.0,48,9.99732247643404,9.99732247643404,1,0.10002678240671212,0.014942548870503627,0.0,0.0440985774028391,0.010781042912112652,0.020637067565819348,0.0295394719866806,0.03193079792995658,0.0440985774028391,-9.776842791319052e-05,0.0,0,0,0.0,0.0,5.492742838042891,48.0,0.0,SONOLENTO,uta,data\raw\uta\drowsiness\drowsy_016_5a99d514.mov,group_016,3,495,730,24.00642777761091,4.801285555522182,10.0
0.061307203994864036,0.04010036987213771,0.10630424791947521,0.012824312993683636,0.04847762323098368,0.05392289382084996,0.0654935065759035,0.0757944330751877,0.06620387804733749,0.00012072594956042959,1.0,48,9.99732247643404,9.99732247643404,1,0.10002678240671212,0.01813718354907805,0.0,0.04219653443544738,0.008981513025510049,0.020779853352946225,0.030580346729639996,0.03269102061296293,0.04219653443544738,0.00013514463604738755,0.0,0,0,0.0,0.0,3.3800079169438235,48.0,0.0,SONOLENTO,uta,data\raw\uta\drowsiness\drowsy_016_5a99d514.mov,group_016,4,735,970,24.00642777761091,4.801285555522182,10.0
0.09272740808826953,0.03403958517822115,0.13894924084249732,0.03574939870054017,0.0458038695492448,0.0568242761626249,0.12370824343182152,0.13467181792098906,0.10490965566427618,-0.0017863385502446517,1.0,48,9.99732247643404,9.99732247643404,1,0.10002678240671212,0.01683811662644206,0.0,0.04217307497155848,0.011339508659280424,0.021487531329002284,0.03265778585812771,0.03383538530536689,0.04217307497155848,0.00023739289751672002,0.0,0,0,0.0,0.0,5.5066670149823596,48.0,0.0,SONOLENTO,uta,data\raw\uta\drowsiness\drowsy_016_5a99d514.mov,group_016,5,975,1210,24.00642777761091,4.801285555522182,10.0
0.10511574948476425,0.03353307015790145,0.14527239435829298,0.039144967106389546,0.04573138060931684,0.05801331022872131,0.13586104708280808,0.1398533538528851,0.11173932420039154,0.00014437126616144254,1.0,48,9.99732247643404,9.99732247643404,1,0.10002678240671212,0.026004235930900427,0.014910433647938832,0.06514815430202264,0.009979150522644987,0.03297373409051424,0.03438477284282031,0.04046927825527631,0.050237720654083814,-0.00021410391998712602,0.0,0,0,0.0,0.0,4.0420994358240625,48.0,0.0,SONOLENTO,uta,data\raw\uta\drowsiness\drowsy_016_5a99d514.mov,group_016,6,1215,1450,24.00642777761091,4.801285555522182,10.0
0.07914696775807695,0.04096156034653256,0.13429005635140256,0.02006810272724114,0.0557917796231246,0.0647448848548817,0.09365564234387556,0.09972973987202471,0.09332849600487,-0.000805093811140126,1.0,48,9.99732247643404,9.99732247643404,1,0.10002678240671212,0.019197764318251896,0.0,0.034921514788478915,0.008722770927165995,0.021392519448324383,0.03139665473886402,0.033352798328309896,0.034921514788478915,-0.00025435164876383735,0.0,0,0,0.0,0.0,4.122503221878371,48.0,0.0,SONOLENTO,uta,data\raw\uta\drowsiness\drowsy_016_5a99d514.mov,group_016,7,1455,1690,24.00642777761091,4.801285555522182,10.0
0.07306517497275349,0.053121330053132694,0.10637169596135651,0.012562233751854175,0.06004325560170942,0.06336753736425876,0.08114256254746291,0.08845514230298997,0.053250365908223816,0.0001094891204637139,1.0,48,9.99732247643404,9.99732247643404,1,0.10002678240671212,0.04174864320173428,0.014705882352941176,0.0650458352006776,0.012010760243526455,0.04653404674096147,0.06110972613640304,0.06127794947802897,0.050339952847736416,-0.000267562490336173,0.0,0,0,0.0,0.0,1.750079027494979,48.0,0.0,SONOLENTO,uta,data\raw\uta\drowsiness\drowsy_016_5a99d514.mov,group_016,8,1695,1935,24.00642777761091,4.801285555522182,10.0
0.07682456213219309,0.0395072367231155,0.13313110172996595,0.020462568578471563,0.05466319624762957,0.06237067866696265,0.08779002582438786,0.1049641757071913,0.09362386500685045,-0.0005243093846111289,1.0,48,9.99732247643404,9.99732247643404,1,0.10002678240671212,0.021014228700828686,0.0,0.04098739319195583,0.008117865029642622,0.028973338686962963,0.0330236450863806,0.033699005542194765,0.04098739319195583,-7.191906609640669e-06,0.0,0,0,0.0,0.0,3.655661483672728,48.0,0.0,SONOLENTO,uta,data\raw\uta\drowsiness\drowsy_016_5a99d514.mov,group_016,9,1940,2175,24.00642777761091,4.801285555522182,10.0
0.10978014016386566,0.04680238959634844,0.1565541706989732,0.024513165582483062,0.07764383258291085,0.09268864363848486,0.12576568750724743,0.1352768707046606,0.10975178110262476,-0.0001552884010099737,0.9583333333333334,36,7.497991857325529,3.193589124416429,3,0.3000803472201364,0.036992618414422564,0.0,0.07574888148133693,0.012953066013816546,0.04557387946460538,0.05345186598429227,0.05570163871727113,0.07574888148133693,-1.2496523164397244e-05,0.0,0,0,0.0,0.0,2.9675426430053156,34.5,0.0,SONOLENTO,uta,data\raw\uta\drowsiness\drowsy_016_5a99d514.mov,group_016,10,2180,2430,24.00642777761091,4.801285555522182,10.0
0.12035442714140672,0.02765052221444141,0.2568294105503964,0.04808940860757933,0.07044861491061875,0.08684206275361492,0.1328802221450924,0.18098960427247823,0.22917888833595496,0.0011341425160312705,0.8333333333333334,22,4.582106135032268,4.165551031847516,2,0.20005356481342423,0.030954571969544875,0.01439631501497389,0.09053574604251853,0.014287772619147992,0.03386427307392982,0.0463998390940091,0.053281543193887386,0.07613943102754464,-9.237933185640621e-05,0.0,0,0,0.0,0.0,3.8879729717097593,18.333333333333336,0.0,SONOLENTO,uta,data\raw\uta\drowsiness\drowsy_016_5a99d514.mov,group_016,11,2435,2690,24.00642777761091,4.801285555522182,10.0
0.12304173613103216,0.0966366997142038,0.1361015645371153,0.008729262559631221,0.11449580214800995,0.11714592442853787,0.12963307837721214,0.1326853204410237,0.039464864822911505,-0.00022676984042422512,1.0,48,9.99732247643404,9.99732247643404,1,0.10002678240671212,0.012524721425811777,0.0,0.034921514788478915,0.0074656940457278696,0.015617376188860606,0.015623093000542114,0.01938955299872861,0.034921514788478915,5.2802594354201286e-05,0.0,0,0,0.0,0.0,9.823125706554501,48.0,0.0,SONOLENTO,uta,data\raw\uta\drowsiness\drowsy_016_5a99d514.mov,group_016,12,2695,2930,24.00642777761091,4.801285555522182,10.0
0.12769364410627787,0.09940139739260505,0.1498130243514651,0.010160019725796225,0.114396146307733,0.12428906660212172,0.13247229653928969,0.13799473091779,0.05041162695886005,-9.93114283653041e-05,1.0,48,9.99732247643404,9.99732247643404,1,0.10002678240671212,0.01397105167528589,0.0,0.03124618600108423,0.008604670266699647,0.015378702180916231,0.024218755526826407,0.030761770081606063,0.03124618600108423,2.386555925426052e-05,0.0,0,0,0.0,0.0,9.13921928388982,48.0,0.0,SONOLENTO,uta,data\raw\uta\drowsiness\drowsy_016_5a99d514.mov,group_016,13,2935,3170,24.00642777761091,4.801285555522182,10.0
0.11291926999144453,0.03510850828288339,0.15453410731238224,0.023302050414935025,0.08273138285711185,0.10896543705066258,0.12498172574748746,0.1353233582820598,0.11942559902949884,-0.0003988509189663139,0.9791666666666666,43,8.95593471847216,4.894522462420832,2,0.20005356481342423,0.020070068946574104,0.0,0.046423834544262965,0.009640876917357181,0.021505474279365583,0.03437055670491367,0.03946668877323361,0.046423834544262965,0.00034658367874713735,0.0,0,0,0.0,0.0,5.625971904735971,42.104166666666664,0.0,SONOLENTO,uta,data\raw\uta\drowsiness\drowsy_016_5a99d514.mov,group_016,14,3175,3410,24.00642777761091,4.801285555522182,10.0
0.09879095402784632,0.016288474991550148,0.1615299772985893,0.028179658372250647,0.06966133353161805,0.08604971190829669,0.11247418303037218,0.13104795727830995,0.14524150230703917,-0.0012791356913077674,0.9375,43,8.95593471847216,4.686244910828456,2,0.20005356481342423,0.03543026883668249,0.0,0.10243025025322686,0.02113590765450541,0.04759109516310506,0.06541733505286025,0.0770972063877408,0.10243025025322686,-0.0004922106830256278,0.0,0,0,0.0,0.0,2.788242060514826,40.3125,0.0,SONOLENTO,uta,data\raw\uta\drowsiness\drowsy_016_5a99d514.mov,group_016,15,3415,3695,24.00642777761091,4.801285555522182,10.0
0.12647980270316325,0.020087093496931774,0.214030958618112,0.04529026500350625,0.06487594901983768,0.07413362668574014,0.15676431776027136,0.17405552721392945,0.19394386512118023,0.0013445926902683483,0.5208333333333334,12,2.49933061910851,1.041387757961879,5,0.5001339120335606,0.03292457298566289,0.014272612797395282,0.09366968538266252,0.016614193599336798,0.035448398569060395,0.058451736059713925,0.0629996860740713,0.07939707258526724,0.0006656918232297263,0.0,0,0,0.0,0.0,3.841385015782037,6.25,0.0,SONOLENTO,uta,data\raw\uta\drowsiness\drowsy_016_5a99d514.mov,group_016,16,3700,3940,24.00642777761091,4.801285555522182,10.0
0.10798867941153849,0.07235507896703539,0.13989479763657336,0.014857474053594348,0.09203022036878775,0.09819356401988236,0.11698828602415115,0.12820360826349642,0.06753971866953798,-3.645702543282008e-05,1.0,48,9.99732247643404,9.99732247643404,1,0.10002678240671212,0.03964867218284674,0.02166502680656047,0.0622147406379,0.009364012006529266,0.045906001151400526,0.047716527859489016,0.057080649593047934,0.040549713831339526,-0.000248705350736988,0.0,0,0,0.0,0.0,2.7235705484156965,48.0,0.0,SONOLENTO,uta,data\raw\uta\drowsiness\drowsy_016_5a99d514.mov,group_016,17,3945,4185,24.00642777761091,4.801285555522182,10.0
0.11362637326322743,0.06245673722786568,0.14663506239532487,0.017145347234018022,0.09359672778100489,0.1021464832473557,0.12638527085099027,0.13612977039272078,0.08417832516745918,0.00010496697829014072,1.0,48,9.99732247643404,9.99732247643404,1,0.10002678240671212,0.037359805324991856,0.014910433647938832,0.06129360551760735,0.010075095000288265,0.04544052029307488,0.0484444726738244,0.05741963682369155,0.04638317186966852,-0.00021849626385327475,0.0,0,0,0.0,0.0,3.0413255890717927,48.0,0.0,SONOLENTO,uta,data\raw\uta\drowsiness\drowsy_016_5a99d514.mov,group_016,18,4190,4430,24.00642777761091,4.801285555522182,10.0
0.1064642032834393,0.062311008675021574,0.17336898165873643,0.03226261550966155,0.07145903971623159,0.08233263797728713,0.13549611157980254,0.15504625836687916,0.11105797298371486,0.001546774970514429,0.8333333333333334,25,5.206938789809395,1.6662204127390063,5,0.5001339120335606,0.025443904648028662,0.0,0.07596950144520837,0.015196109691603224,0.032637856055714835,0.04636707935963446,0.05118284036418015,0.07596950144520837,0.0007437921186574136,0.0,0,0,0.0,0.0,4.1841069855094775,20.833333333333336,0.0,SONOLENTO,uta,data\raw\uta\drowsiness\drowsy_016_5a99d514.mov,group_016,19,4435,4685,24.00642777761091,4.801285555522182,10.0
0.12052504329579412,0.03983541686860555,0.18343304327722237,0.024109874684892688,0.09396359239555886,0.11133462488497203,0.13022094172055676,0.13805525661027201,0.14359762640861684,-0.0009841706338029241,0.9375,27,5.623493892994147,2.343122455414228,4,0.40010712962684847,0.056404253632916825,0.01577593229640665,0.1111111111111111,0.019328380740578573,0.06982162712416962,0.08269526013894422,0.0843151545989293,0.09533517881470446,0.0001249507451356441,0.0,0,0,0.0,0.0,2.1367698136802358,25.3125,0.0,SONOLENTO,uta,data\raw\uta\drowsiness\drowsy_016_5a99d514.mov,group_016,20,4690,4990,24.00642777761091,4.801285555522182,10.0
0.15208879253551466,0.030369640519847106,0.17867626565074135,0.02219586820426924,0.13259053338191415,0.14736645232942736,0.16560913410041164,0.1697880409147419,0.14830662513089424,0.00033118779938241333,0.288135593220339,6,1.0020869207116188,0.47320771255826444,6,0.6088987680750487,0.03861093730471857,0.012337220169960089,0.11308518894210363,0.022050766980571325,0.046852869449103496,0.06919152146091077,0.08311871331211226,0.10074796877214355,0.0001832940780322431,0.0,0,0,0.0,0.0,3.938906026269981,1.728813559322034,0.0,SONOLENTO,uta,data\raw\uta\drowsiness\drowsy_017_e4833fa6.mp4,group_017,1,5,295,29.9375227636899,5.987504552737979,10.0
0.14955750988808061,0.0272157955106928,0.16468466715236002,0.019457092173349046,0.13924940618142823,0.14934880051121535,0.1575369396212194,0.16026553324146986,0.1374688716416672,0.00013095048241615472,0.2542372881355932,4,0.6680579471410792,0.35788818596843525,7,0.7103818960875569,0.03312166193042167,0.02558850617733721,0.05502503444319857,0.007637270569604759,0.03941912484207276,0.04207702567428212,0.04740454631399772,0.029436528265861357,-0.0002141192016514747,0.0,0,0,0.0,0.0,4.515262396550285,1.0169491525423728,0.0,SONOLENTO,uta,data\raw\uta\drowsiness\drowsy_017_e4833fa6.mp4,group_017,2,300,590,29.9375227636899,5.987504552737979,10.0
0.1468451567285913,0.047667878540935744,0.16400973065224234,0.016282038560204822,0.1389209628563028,0.1454243127810133,0.1537184114927183,0.15928742001772958,0.1163418521113066,0.000256491872964276,0.576271186440678,15,2.505217301779047,0.7098115688373966,8,0.811865024100065,0.03422907711184049,0.025919437989735207,0.04210386360674207,0.006543586790966981,0.04045898072083702,0.04152560986593605,0.04155292128214119,0.016184425617006865,-8.621066436400516e-05,0.0,0,0,0.0,0.0,4.289945250453329,8.64406779661017,0.0,SONOLENTO,uta,data\raw\uta\drowsiness\drowsy_017_e4833fa6.mp4,group_017,3,595,885,29.9375227636899,5.987504552737979,10.0
0.15073399002825869,0.03655523687310186,0.17475001345371155,0.022953534244208436,0.13675866486092011,0.1451283412288492,0.16167258952882352,0.1663824387700992,0.1381947765806097,0.0001336291253632087,0.3559322033898305,12,2.0041738414232375,1.1691014074968886,3,0.30444938403752436,0.04425770861786727,0.025919437989735207,0.08851493626665116,0.014391820938090487,0.053740921490045904,0.0626956920400654,0.07356766270950052,0.06259549827691596,0.0004924573331913052,0.0,0,0,0.0,0.0,3.4057475858526804,4.271186440677966,0.0,SONOLENTO,uta,data\raw\uta\drowsiness\drowsy_017_e4833fa6.mp4,group_017,4,890,1180,29.9375227636899,5.987504552737979,10.0
0.1575726270677504,0.11302315157109183,0.17485542381735292,0.008769903176355155,0.14758869809143849,0.15483594385704358,0.162886561985375,0.1655720880146655,0.06183227224626109,4.877322941720042e-06,0.15254237288135594,8,1.3361158942821585,0.7515651905337141,2,0.20296625602501625,0.03673175649643567,0.026259022960633843,0.05614476269339175,0.007809244240744511,0.042539815798603914,0.04312107717106231,0.044342697360160076,0.029885739732757904,-8.012936951463088e-05,0.0,0,0,0.0,0.0,4.289703308354774,1.2203389830508475,0.0,SONOLENTO,uta,data\raw\uta\drowsiness\drowsy_017_e4833fa6.mp4,group_017,5,1185,1475,29.9375227636899,5.987504552737979,10.0
0.1498929912597355,0.04357258093973659,0.16567748032473267,0.01699027577084266,0.1425510366380932,0.1495990851425445,0.1565706063149956,0.1610390462815749,0.12210489938499608,-4.4331503034079614e-05,0.288135593220339,9,1.5031303810674281,0.4056066107642266,7,0.7103818960875569,0.03750487559938296,0.026607604209509573,0.04632410546120795,0.006107034201025852,0.04233200946108312,0.042602215669394844,0.04317772196156185,0.01971650125169838,-3.560858048752713e-05,0.0,0,0,0.0,0.0,3.99652024820883,2.593220338983051,0.0,SONOLENTO,uta,data\raw\uta\drowsiness\drowsy_017_e4833fa6.mp4,group_017,6,1480,1770,29.9375227636899,5.987504552737979,10.0
0.13969105998051437,0.037814309429447676,0.17139266918772467,0.033696462295358456,0.09411572507083779,0.14276516402567518,0.1581035699925682,0.16091775295295535,0.13357835975827698,-0.0007887040671512522,0.4406779661016949,5,0.835072433926349,0.48248629515744607,9,0.913348152112573,0.03717479566172808,0.026607604209509573,0.051878099986412074,0.0066439758505755986,0.042070316191167134,0.04263626742297782,0.04383483874736308,0.0252704957769025,-4.115681203762285e-06,0.0,0,0,0.0,0.0,3.757580906985784,2.2033898305084745,0.0,SONOLENTO,uta,data\raw\uta\drowsiness\drowsy_017_e4833fa6.mp4,group_017,7,1775,2065,29.9375227636899,5.987504552737979,10.0
0.14500091290124542,0.026787797950955778,0.16841112960503835,0.0300220150063889,0.12214511597227504,0.13720612726356923,0.16174415452444302,0.16596295771426492,0.14162333165408256,-0.00013235682981621843,0.3898305084745763,10,1.670144867852698,1.2804443986870686,3,0.30444938403752436,0.03377682784550217,0.026234161806670223,0.04465195489297516,0.006123567224733312,0.04046487915332231,0.04155140595715836,0.042070316191167134,0.018417793086304937,-1.6306813715066908e-05,0.0,0,0,0.0,0.0,4.292783821519584,3.898305084745763,0.0,SONOLENTO,uta,data\raw\uta\drowsiness\drowsy_017_e4833fa6.mp4,group_017,8,2070,2360,29.9375227636899,5.987504552737979,10.0
0.15787886668900286,0.13400442236702975,0.17312672634692222,0.009409073005522729,0.14631832231927028,0.15047289380012777,0.1665088458288791,0.16779501722322043,0.03912230397989247,-0.00033744056291015577,0.22033898305084745,5,0.835072433926349,0.7237294427361691,3,0.30444938403752436,0.03685486981753579,0.025919437989735207,0.05343429029416267,0.0069970446353396585,0.04098222985952963,0.042070316191167134,0.04349034191614743,0.027514852304427462,2.456878909675921e-05,0.0,0,0,0.0,0.0,4.283683100429368,1.1016949152542372,0.0,SONOLENTO,uta,data\raw\uta\drowsiness\drowsy_017_e4833fa6.mp4,group_017,9,2365,2655,29.9375227636899,5.987504552737979,10.0
0.13997702703221104,0.02233851319222541,0.17794601734232168,0.04373815584290099,0.05043305616731383,0.14796897740529152,0.1648556402176815,0.1682072689501365,0.15560750415009628,0.0012788575035702413,0.3389830508474576,14,2.3382028149937772,0.6680579471410792,5,0.5074156400625406,0.05034916063548513,0.0,0.13298611052165374,0.02899622035924178,0.07015919728378961,0.08278122291861378,0.11042195007885795,0.13298611052165374,-0.00032442598685564666,0.03389830508474576,2,1,0.1670144867852698,0.1670144867852698,2.7800711113036622,4.745762711864407,0.004508003746496737,SONOLENTO,uta,data\raw\uta\drowsiness\drowsy_017_e4833fa6.mp4,group_017,10,2660,2955,29.9375227636899,5.987504552737979,10.0
0.14919720740229353,0.026665711404105747,0.17494709674490672,0.026764808026759086,0.12996081187888311,0.14492451093082756,0.1628960914907132,0.16778485151517883,0.14828138534080096,-0.0005554661793432723,0.3050847457627119,9,1.5031303810674281,0.7515651905337141,4,0.4059325120500325,0.0352400207193748,0.01882942022801095,0.045753295356792185,0.006516907664288915,0.04098222985952963,0.041519160843130475,0.04267118815566505,0.026923875128781236,1.536120957445773e-05,0.0,0,0,0.0,0.0,4.2336233274953905,2.745762711864407,0.0,SONOLENTO,uta,data\raw\uta\drowsiness\drowsy_017_e4833fa6.mp4,group_017,11,2960,3250,29.9375227636899,5.987504552737979,10.0
0.15840011296074902,0.04377953833121165,0.17298791394150675,0.017202407687831666,0.15255232177963723,0.1573400437096162,0.1647273213110813,0.16832076722312486,0.1292083756102951,-3.3676282603893365e-05,0.0847457627118644,3,0.5010434603558094,0.4175362169631745,2,0.20296625602501625,0.031276400545209984,0.01331441072903769,0.04213001159712989,0.006866827783711722,0.038879156984602814,0.040488816508945806,0.041035922957889714,0.0288156008680922,3.625136653818582e-05,0.0,0,0,0.0,0.0,5.064363092827655,0.2542372881355932,0.0,SONOLENTO,uta,data\raw\uta\drowsiness\drowsy_017_e4833fa6.mp4,group_017,12,3255,3545,29.9375227636899,5.987504552737979,10.0
0.12992683828381746,0.029702055066124066,0.15985260317974614,0.03550094181900633,0.05953883070992828,0.13032841791442762,0.1498255790190708,0.15384436892201359,0.1301505481136221,0.0007365421026911985,0.7457627118644068,17,2.8392462753495864,1.4697274837103744,5,0.5074156400625406,0.03068084506927223,0.025607375986579195,0.04381500053010675,0.005741662467729756,0.029970375489760122,0.041002512988337715,0.041013239159753107,0.018207624543527555,-1.089287917647324e-05,0.0,0,0,0.0,0.0,4.234648796070572,12.677966101694915,0.0,SONOLENTO,uta,data\raw\uta\drowsiness\drowsy_017_e4833fa6.mp4,group_017,13,3550,3840,29.9375227636899,5.987504552737979,10.0
0.1517892858869779,0.03973710298713712,0.1674150285406963,0.018122416163522982,0.14575969620255474,0.15154957643733097,0.1594419377028174,0.1617609343432911,0.12767792555355917,-0.00010859106438657569,0.1864406779661017,4,0.6680579471410792,0.3674318709275936,5,0.5074156400625406,0.029295854705563253,0.017878534642384033,0.040488816508945806,0.005116139362759877,0.028812585255216704,0.03997761879845559,0.04,0.022610281866561773,-2.5756417938312107e-05,0.0,0,0,0.0,0.0,5.181077880628402,0.7457627118644068,0.0,SONOLENTO,uta,data\raw\uta\drowsiness\drowsy_017_e4833fa6.mp4,group_017,14,3845,4135,29.9375227636899,5.987504552737979,10.0
0.1472189754686343,0.0661633016286017,0.1603096026952074,0.015586181703756044,0.1375109291215555,0.14545031266579064,0.15569993951512145,0.15788709473836324,0.09414630106660568,0.00018478178745095174,0.4067796610169492,8,1.3361158942821585,0.6680579471410792,6,0.6088987680750487,0.033283300874787536,0.025607375986579195,0.041013239159753107,0.006080349858913194,0.04045898072083702,0.04098222985952963,0.041013239159753107,0.015405863173173912,-1.8104320600187902e-05,0.0,0,0,0.0,0.0,4.423075492030266,3.2542372881355934,0.0,SONOLENTO,uta,data\raw\uta\drowsiness\drowsy_017_e4833fa6.mp4,group_017,15,4140,4430,29.9375227636899,5.987504552737979,10.0
0.15206879317387562,0.04398658519355271,0.16384632071323801,0.020272076554244393,0.14396958165384283,0.15299295194445947,0.16138703473783667,0.1634907571638141,0.1198597355196853,0.00022654957949920415,0.2033898305084746,4,0.6680579471410792,0.5010434603558094,4,0.4059325120500325,0.031142486634826914,0.017865690353216127,0.04155140595715836,0.006060120481061414,0.038659819484838924,0.03997761879845559,0.040541258774026534,0.023685715603942233,6.762084337631207e-05,0.0,0,0,0.0,0.0,4.882844202929457,0.8135593220338984,0.0,SONOLENTO,uta,data\raw\uta\drowsiness\drowsy_017_e4833fa6.mp4,group_017,16,4435,4725,29.9375227636899,5.987504552737979,10.0
0.14687922587749722,0.02878713152580063,0.16551101777937083,0.023441358660533283,0.12902511546072362,0.14725437533186891,0.15814469256742725,0.16103147118841274,0.1367238862535702,-5.892175406308043e-05,0.3728813559322034,9,1.5031303810674281,0.7348637418551872,5,0.5074156400625406,0.030003127837976522,0.012959718994867604,0.041013239159753107,0.005698762892932569,0.029000739528287082,0.04007389118293188,0.040541258774026534,0.028053520164885503,-6.0521687991612254e-05,0.0,0,0,0.0,0.0,4.895300628988479,3.3559322033898304,0.0,SONOLENTO,uta,data\raw\uta\drowsiness\drowsy_017_e4833fa6.mp4,group_017,17,4730,5020,29.9375227636899,5.987504552737979,10.0
0.14060778753570907,0.03789989243007372,0.16506525975674383,0.035121311971177425,0.09775302783792264,0.14771149834235786,0.15705777067467536,0.16260597378134248,0.1271653673266701,0.0006898546350603981,0.3728813559322034,6,1.0020869207116188,0.40825763436399287,9,0.913348152112573,0.030735364992261205,0.018327810367085983,0.04263626742297782,0.006303216823514265,0.03295273155201938,0.041013239159753107,0.04108880620180926,0.024308457055891835,4.5888297174055334e-05,0.0,0,0,0.0,0.0,4.574639439995955,2.2372881355932206,0.0,SONOLENTO,uta,data\raw\uta\drowsiness\drowsy_017_e4833fa6.mp4,group_017,18,5025,5315,29.9375227636899,5.987504552737979,10.0
0.15029308954998827,0.02876015685453611,0.1661095474111123,0.019810756755290922,0.14457787534331223,0.14789944439990169,0.1589257953059131,0.16204401186252743,0.1373493905565762,3.513963342095626e-05,0.3389830508474576,7,1.1691014074968886,0.5567149559508994,6,0.6088987680750487,0.03291294910370012,0.018093806238429006,0.041013239159753107,0.006882389176972565,0.040488816508945806,0.04098222985952963,0.041013239159753107,0.0229194329213241,-9.181865165332912e-05,0.0,0,0,0.0,0.0,4.566242995529595,2.3728813559322033,0.0,SONOLENTO,uta,data\raw\uta\drowsiness\drowsy_017_e4833fa6.mp4,group_017,19,5320,5610,29.9375227636899,5.987504552737979,10.0
0.1372229349423702,0.02839868715803726,0.1629650441017188,0.027264000608564203,0.1250470305063826,0.13813489023863212,0.149120663355029,0.15320780815242738,0.13456635694368155,0.00022544651917564594,0.7796610169491526,17,2.8392462753495864,1.536533278424482,5,0.5074156400625406,0.027610230415254858,0.014699525800946368,0.04210386360674207,0.00584657381824535,0.02896574410225046,0.035395258203144396,0.038432399037865515,0.027404337805795702,1.7161425288906086e-05,0.0,0,0,0.0,0.0,4.969823252300856,13.254237288135593,0.0,SONOLENTO,uta,data\raw\uta\drowsiness\drowsy_017_e4833fa6.mp4,group_017,20,5615,5905,29.9375227636899,5.987504552737979,10.0
0.1415537475229818,0.05464242780956059,0.22417621461585452,0.05339968197492294,0.08276391880592404,0.0927341071997305,0.17828640584479355,0.21132848323922068,0.16953378680629394,-0.005349844492617614,0.4583333333333333,6,2.499537519541428,2.291242726246309,2,0.20003700528237373,0.06454387796083376,0.02323069967623409,0.11854979567276382,0.025581324327442194,0.07140833383886687,0.09452461786108998,0.1130921597000197,0.09531909599652973,-0.0010925140783193555,0.0,0,0,0.0,0.0,2.1931058202461475,2.75,0.0,SONOLENTO,uta,data\raw\uta\drowsiness\drowsy_018_aa93590e.mov,group_018,1,5,120,12.002220316942426,2.400444063388485,10.0
0.15342062582802124,0.008838834764831844,0.2574396493386802,0.08604654782067538,0.03661422782770381,0.08414251011637819,0.2323690250857545,0.2523227730229249,0.24860081457384833,-0.003260190372584458,0.4583333333333333,6,2.499537519541428,1.1456213631231544,4,0.40007401056474745,0.05439642067409147,0.0,0.09513029883089881,0.021846106364375516,0.06969209902870227,0.08597619165159497,0.09298681415153756,0.09513029883089881,0.0009200346461401498,0.0,0,0,0.0,0.0,2.820365817475106,2.75,0.0,SONOLENTO,uta,data\raw\uta\drowsiness\drowsy_018_aa93590e.mov,group_018,2,125,240,12.002220316942426,2.400444063388485,10.0
0.15035727736892626,0.0211346553675614,0.25049813313055136,0.06615805291414636,0.0632956557728651,0.12543212589287103,0.20737323690206264,0.24092583334766418,0.22936347776298996,-0.004736454305700484,0.5833333333333334,7,2.916127106131666,1.458063553065833,4,0.40007401056474745,0.049367425317419944,0.023249527748763855,0.09088562141317662,0.015153127202227678,0.047575251034731536,0.06974858324629156,0.06976461306833909,0.06763609366441276,0.0009229714948134857,0.0,0,0,0.0,0.0,3.0456162294459856,4.083333333333334,0.0,SONOLENTO,uta,data\raw\uta\drowsiness\drowsy_018_aa93590e.mov,group_018,3,245,360,12.002220316942426,2.400444063388485,10.0
0.1266234925560763,0.017579063848365748,0.2217856576900143,0.07345718078026123,0.030356430898255793,0.054435512649903706,0.2039845990170941,0.2139424076374033,0.20420659384164855,-0.00015857742021843673,0.5416666666666666,7,2.916127106131666,1.3539161564182736,4,0.40007401056474745,0.10874023421821843,0.04544281070658831,0.27906976744186046,0.06968382757617056,0.11210851626616675,0.23924053550607924,0.2664114300233028,0.23362695673527215,0.001767328412628769,0.25,2,5,2.08294793295119,1.249768759770714,1.1644478147265858,3.7916666666666665,0.06976744186046512,SONOLENTO,uta,data\raw\uta\drowsiness\drowsy_018_aa93590e.mov,group_018,4,365,480,12.002220316942426,2.400444063388485,10.0
0.12019362631636699,0.008574929257125443,0.26098207330510526,0.07023334910886452,0.027593098945682456,0.04017411143424312,0.1610723768781016,0.18913459919546888,0.2524071440479798,0.001146171702384617,0.5,4,1.666358346360952,1.249768759770714,4,0.40007401056474745,0.06781239459854897,0.04544281070658831,0.11585688927269844,0.018468599642582174,0.06976744186046512,0.08567637365203785,0.1101988159634766,0.07041407856611012,0.0011331485487497265,0.0,0,0,0.0,0.0,1.7724171902602088,2.0,0.0,SONOLENTO,uta,data\raw\uta\drowsiness\drowsy_018_aa93590e.mov,group_018,5,485,600,12.002220316942426,2.400444063388485,10.0
0.16991984242374314,0.021500699294985666,0.24127308403029937,0.06867114070260154,0.03832342389565492,0.15313983423789718,0.22791477933777868,0.23188242392777914,0.2197723847353137,-0.0010333074881923863,0.25,2,0.833179173180476,0.833179173180476,3,0.3000555079235606,0.06511848496915143,0.03213291960680524,0.09302325581395349,0.014480647482056014,0.07185139255635233,0.07303992270050645,0.09007959548591932,0.060890336207148246,-0.000157114155135376,0.0,0,0,0.0,0.0,2.609354826811637,0.5,0.0,SONOLENTO,uta,data\raw\uta\drowsiness\drowsy_018_aa93590e.mov,group_018,6,605,720,12.002220316942426,2.400444063388485,10.0
0.17615525145523803,0.01737867208589628,0.24127308403029937,0.05349782106057816,0.13457833653754003,0.1674826343757742,0.21208244807238968,0.22154709600758757,0.2238944119444031,0.0025546823781067915,0.16666666666666666,3,1.249768759770714,0.833179173180476,2,0.20003700528237373,0.06664778171642684,0.023249527748763855,0.11627906976744186,0.02167378762120072,0.07142857142857142,0.09302325581395349,0.09488293338947547,0.093029542018678,-0.00044426944732735117,0.0,0,0,0.0,0.0,2.643037830829866,0.5,0.0,SONOLENTO,uta,data\raw\uta\drowsiness\drowsy_018_aa93590e.mov,group_018,7,725,840,12.002220316942426,2.400444063388485,10.0
0.21325318086861236,0.15714792166254238,0.24088985260525025,0.02281525938877171,0.18526379747676835,0.2015617093842334,0.23141539747368364,0.24053674503300784,0.08374193094270788,0.0007686699055749785,0.0,0,0.0,0.0,0,0.0,0.07431091050342986,0.04649905549752771,0.09753196981883415,0.012385125042680717,0.07527099294949814,0.09456609996518328,0.09718788863172331,0.05103291432130644,0.0006205793605958083,0.0,0,0,0.0,0.0,2.8697039199223613,0.0,0.0,SONOLENTO,uta,data\raw\uta\drowsiness\drowsy_018_aa93590e.mov,group_018,8,845,960,12.002220316942426,2.400444063388485,10.0
0.1929533491548366,0.026027618817106322,0.25070344038947406,0.06955228114409821,0.07622106714650057,0.18456022228889823,0.24109515986417296,0.24109515986417296,0.22467582157236773,-0.00794256188954438,0.25,5,2.08294793295119,1.249768759770714,2,0.20003700528237373,0.0802057728784301,0.04649905549752771,0.11627906976744186,0.018920467281630333,0.09357021980675408,0.09521111178515583,0.1131188760700989,0.06978001426991415,-0.00012336961722391035,0.0,0,0,0.0,0.0,2.4056989482334266,1.25,0.0,SONOLENTO,uta,data\raw\uta\drowsiness\drowsy_018_aa93590e.mov,group_018,9,965,1080,12.002220316942426,2.400444063388485,10.0
0.17481276217703598,0.017677669529663688,0.23709409169401774,0.07155403811947025,0.026734605483041,0.1777443906161281,0.22034753850043376,0.23288065604843336,0.21941642216435406,-0.006734261081555458,0.20833333333333334,4,1.666358346360952,1.041473966475595,2,0.20003700528237373,0.06114172381768721,0.023802777946288958,0.09302325581395349,0.020654045271690097,0.07140833383886687,0.09302325581395349,0.09302325581395349,0.06922047786766453,-0.001210041530558327,0.0,0,0,0.0,0.0,2.8590934662689427,0.8333333333333334,0.0,SONOLENTO,uta,data\raw\uta\drowsiness\drowsy_018_aa93590e.mov,group_018,10,1085,1200,12.002220316942426,2.400444063388485,10.0
0.14058229186898555,0.01301448015738384,0.24769942673857104,0.0841400261130583,0.018841112948286595,0.030192996200861553,0.21660320785807843,0.22905142041959217,0.2346849465811872,0.004871309245871458,0.4166666666666667,3,1.249768759770714,0.833179173180476,5,0.5000925132059343,0.057788115445178624,0.023802777946288958,0.13330042371088133,0.0293317419099987,0.07140833383886687,0.10611453633921795,0.1201587366459843,0.10949764576459237,-0.0022754562178786773,0.08333333333333333,2,1,0.416589586590238,0.416589586590238,2.432677690011509,1.25,0.011108368642573443,SONOLENTO,uta,data\raw\uta\drowsiness\drowsy_018_aa93590e.mov,group_018,11,1205,1320,12.002220316942426,2.400444063388485,10.0
0.14832532929263967,0.009202627172903878,0.19391222337818934,0.046435994995859584,0.10190876621604676,0.13739101462595085,0.17496859588340377,0.18540388367318436,0.18470959620528546,0.004327541952821792,0.3333333333333333,5,2.08294793295119,0.833179173180476,4,0.40007401056474745,0.06557348134412104,0.023802777946288958,0.09753196981883415,0.01580948737072832,0.07140833383886687,0.07262678430654798,0.09183310061088279,0.07372919187254519,0.0008329223465944046,0.0,0,0,0.0,0.0,2.2619367511922763,1.6666666666666665,0.0,SONOLENTO,uta,data\raw\uta\drowsiness\drowsy_018_aa93590e.mov,group_018,12,1325,1440,12.002220316942426,2.400444063388485,10.0
0.18069360181608526,0.05613117271394662,0.21680987339197016,0.03841173211710569,0.1269791137995373,0.17756192235324206,0.2060067483819757,0.20719581530728656,0.16067870067802353,-0.002281071016458848,0.125,3,1.249768759770714,1.249768759770714,1,0.10001850264118686,0.07203353378119155,0.047565149415449405,0.09753196981883415,0.017196480487845642,0.07866451096938316,0.09683571240873065,0.09753196981883415,0.049966820403384744,-0.000986830895930877,0.0,0,0,0.0,0.0,2.508430225493664,0.375,0.0,SONOLENTO,uta,data\raw\uta\drowsiness\drowsy_018_aa93590e.mov,group_018,13,1445,1560,12.002220316942426,2.400444063388485,10.0
0.17766427305962643,0.0,0.24589417876450215,0.07941627311961036,0.03636977797570046,0.17657664009416763,0.23653367916633944,0.24178416882231485,0.24589417876450215,0.003530016742776317,0.20833333333333334,3,1.249768759770714,1.041473966475595,2,0.20003700528237373,0.05839041299132534,0.023802777946288958,0.21951219512195122,0.03714899843193863,0.07140833383886687,0.07263285558345935,0.07316746855583835,0.19570941717566226,0.00047833018413685714,0.041666666666666664,1,1,0.416589586590238,0.416589586590238,3.0426438402170595,0.625,0.009146341463414634,SONOLENTO,uta,data\raw\uta\drowsiness\drowsy_018_aa93590e.mov,group_018,14,1565,1680,12.002220316942426,2.400444063388485,10.0
0.2231842289408682,0.18287126169824477,0.24758243739707003,0.016824398056257055,0.20629925401865162,0.2176383513247695,0.23608452399178992,0.24544907270528454,0.06471117569882526,-0.0009399392798565222,0.0,0,0.0,0.0,0,0.0,0.04432473002236489,0.023249527748763855,0.07317073170731707,0.014837142501599404,0.04902044309959445,0.06480912342732406,0.07117940199335547,0.04992120395855321,-0.0010060680266377083,0.0,0,0,0.0,0.0,5.035094263044487,0.0,0.0,SONOLENTO,uta,data\raw\uta\drowsiness\drowsy_018_aa93590e.mov,group_018,15,1685,1800,12.002220316942426,2.400444063388485,10.0
0.21212294164665568,0.1337155310661799,0.23853424554475416,0.024206096209430254,0.18224453607662786,0.20667873057055047,0.22838961570275862,0.23739309798120256,0.10481871447857427,-0.0010103014538021381,0.041666666666666664,1,0.416589586590238,0.416589586590238,1,0.10001850264118686,0.03804577436144623,0.023249527748763855,0.06976744186046512,0.014639453880677175,0.046511627906976744,0.05153890744663783,0.06726999019053304,0.04651791411170126,-0.00020922044171780264,0.0,0,0,0.0,0.0,5.575319989849265,0.041666666666666664,0.0,SONOLENTO,uta,data\raw\uta\drowsiness\drowsy_018_aa93590e.mov,group_018,16,1805,1920,12.002220316942426,2.400444063388485,10.0
0.1121362978056777,0.008574929257125443,0.2215753464781433,0.06560376450491115,0.011346839198058851,0.06991081744903299,0.17010356798942994,0.18741177301569775,0.21300041722101787,0.002148701725409703,0.625,4,1.666358346360952,1.5622109497133925,4,0.40007401056474745,0.044529128680971475,0.023249527748763855,0.07142857142857142,0.017078183138483017,0.049884417119561555,0.06976744186046512,0.0711622000421066,0.04817904367980757,-0.00018369609586471844,0.0,0,0,0.0,0.0,2.518211851779255,2.5,0.0,SONOLENTO,uta,data\raw\uta\drowsiness\drowsy_018_aa93590e.mov,group_018,17,1925,2040,12.002220316942426,2.400444063388485,10.0
0.1102493222274565,0.008877760302855437,0.26660469492969585,0.08724464227219923,0.026195427929657795,0.02663328090856631,0.199113541623698,0.21928808553132204,0.25772693462684043,-0.0025362250065817833,0.5833333333333334,12,4.999075039082856,2.916127106131666,2,0.20003700528237373,0.0464706354626091,0.023802777946288958,0.0975609756097561,0.017902697387981805,0.04876961063328232,0.07093023255813953,0.07142857142857142,0.07375819766346714,-0.0003344626991784946,0.0,0,0,0.0,0.0,2.3724003067669672,7.0,0.0,SONOLENTO,uta,data\raw\uta\drowsiness\drowsy_018_aa93590e.mov,group_018,18,2045,2160,12.002220316942426,2.400444063388485,10.0
0.19895235210241147,0.06899740967442285,0.26624382481362485,0.05999861762896963,0.09520124371606112,0.15892671400799374,0.2438342522300214,0.25485709161751846,0.197246415139202,0.0002919333460867691,0.20833333333333334,4,1.666358346360952,1.041473966475595,2,0.20003700528237373,0.07148850287668163,0.047605555892577915,0.09753196981883415,0.018748397477002566,0.09521111178515583,0.09521111178515583,0.0971838411137824,0.049926413926256234,0.00045216955582736237,0.0,0,0,0.0,0.0,2.782958953366922,0.8333333333333334,0.0,SONOLENTO,uta,data\raw\uta\drowsiness\drowsy_018_aa93590e.mov,group_018,19,2165,2280,12.002220316942426,2.400444063388485,10.0
0.21045485363298821,0.15563530293297423,0.2459820733051053,0.023371061222914505,0.183815386167841,0.19761356435324295,0.22382008510382229,0.2429953672409539,0.09034677037213107,-0.002189276965204805,0.0,0,0.0,0.0,0,0.0,0.057155430403840496,0.023802777946288958,0.0975609756097561,0.018249820354534707,0.07140833383886687,0.07263285558345935,0.09387452095062782,0.07375819766346714,0.0006854829642769388,0.0,0,0,0.0,0.0,3.682085325238351,0.0,0.0,SONOLENTO,uta,data\raw\uta\drowsiness\drowsy_018_aa93590e.mov,group_018,20,2285,2400,12.002220316942426,2.400444063388485,10.0
0.14934524111020495,0.033457912393561266,0.18162997987849283,0.0328868219197367,0.1240707116959056,0.13862272796554184,0.1715286742720195,0.1765652373350945,0.14817206748493156,-0.0009544501116033161,0.3728813559322034,11,1.8352362894892233,0.9176181447446117,4,0.40635787126461237,0.08359541963732488,0.01492371097349751,0.16820428926406505,0.04433201617675707,0.11853602870492733,0.14191180428239622,0.15326218750185236,0.15328057829056754,-0.00033046220826097764,0.2542372881355932,7,3,0.5005189880425155,0.357513562887511,1.7865028401709677,4.101694915254237,0.042763802355270775,SONOLENTO,uta,data\raw\uta\drowsiness\drowsy_019_5ebe44f8.mov,group_019,1,5,295,29.968893005765164,5.993778601153033,10.0
0.14595085557938148,0.0431949455814776,0.16358054813723066,0.022041776036324533,0.1277936654648459,0.14758103974580522,0.1548877068753102,0.15966471769972723,0.12038560255575306,-0.0002420272810863331,0.3898305084745763,10,1.668396626808385,0.42636802685103165,9,0.9143052103453778,0.15729409717985798,0.015865023417386784,0.2503573518814503,0.055180150650820756,0.20355906128314888,0.22602989370425597,0.23857354865539945,0.23449232846406354,-0.0010697594014763307,0.8135593220338984,3,25,4.1709915670209625,2.669434602893416,0.9278792422404304,3.898305084745763,0.20368055746287483,SONOLENTO,uta,data\raw\uta\drowsiness\drowsy_019_5ebe44f8.mov,group_019,2,300,590,29.968893005765164,5.993778601153033,10.0
0.13579071402218973,0.04377448003607798,0.15603960686024038,0.020913239352627355,0.12669040957840183,0.135418044474778,0.1462508284539997,0.15070842325178407,0.1122651268241624,4.122453969197099e-05,0.864406779661017,39,6.506746844552701,1.7017645593445525,5,0.5079473390807655,0.12596209162888536,0.015368255536133623,0.2503573518814503,0.059728279196129885,0.1597313677490948,0.20457969886930433,0.2181700791501313,0.23498909634531667,0.0008366703669510119,0.6101694915254238,5,9,1.5015569641275464,1.2012455713020371,1.0780198569773016,33.71186440677966,0.15276041809715613,SONOLENTO,uta,data\raw\uta\drowsiness\drowsy_019_5ebe44f8.mov,group_019,3,595,885,29.968893005765164,5.993778601153033,10.0
0.13570497561918668,0.06384820569390427,0.16492017970809436,0.018181645381488736,0.11818983719096474,0.13189322627440753,0.14397889183849205,0.15306567082705397,0.10107197401419009,-0.00018860681081057966,0.864406779661017,23,3.8373122416592853,2.1272056991806907,4,0.40635787126461237,0.10807572325563723,0.0,0.3159960690024482,0.07494333039811156,0.1536352668105918,0.22917870819939734,0.25011382034781937,0.3159960690024482,0.0021742012092468076,0.3050847457627119,5,10,1.668396626808385,0.6006227856510186,1.255635547889433,19.88135593220339,0.09640558037362827,SONOLENTO,uta,data\raw\uta\drowsiness\drowsy_019_5ebe44f8.mov,group_019,4,890,1185,29.968893005765164,5.993778601153033,10.0
0.14050449796231443,0.0425199319901467,0.1611890798953758,0.02218467848955114,0.12455208455302912,0.1426461439625614,0.15234967073637432,0.15589923285494045,0.11866914790522909,0.0001607561989238182,0.6949152542372882,10,1.668396626808385,0.8550532712392973,8,0.8127157425292247,0.15670515343247288,0.016126934718260072,0.33164455278743693,0.08149540083595169,0.22481731159534957,0.25972963528212417,0.2762345759975342,0.3155176180691769,0.0015650891155930093,0.6101694915254238,5,15,2.5025949402125773,1.2012455713020371,0.8966112362834558,6.9491525423728815,0.20235938814148696,SONOLENTO,uta,data\raw\uta\drowsiness\drowsy_019_5ebe44f8.mov,group_019,5,1190,1480,29.968893005765164,5.993778601153033,10.0
0.1412889200930776,0.09758224886157016,0.1581371893630569,0.010812345455646835,0.13024420825569444,0.1352782370709729,0.14952049821033,0.1530130435544611,0.06055494050148674,-0.00020918356119110286,0.7627118644067796,26,4.337831229701801,1.876946205159433,4,0.40635787126461237,0.18433086969036014,0.08092662348022014,0.3092485936998611,0.0561199747426427,0.2385913952672989,0.2553429827089764,0.26318368338263165,0.22832197021964093,-0.0008719682273963282,0.847457627118644,4,19,3.1699535909359313,2.0854957835104813,0.766492090219744,19.83050847457627,0.2620750794066619,SONOLENTO,uta,data\raw\uta\drowsiness\drowsy_019_5ebe44f8.mov,group_019,6,1485,1775,29.968893005765164,5.993778601153033,10.0
0.12813128146444952,0.04473228001269093,0.1458109183433339,0.01685650631717289,0.1144699882266088,0.12449513225466999,0.13741794751235703,0.14177534886553944,0.10107863833064297,3.785048543124448e-05,1.0,59,9.843540098169472,9.843540098169472,1,0.10158946781615309,0.09484282296069388,0.016664352333993333,0.22188007849009167,0.04672202849218061,0.11087182804563522,0.17519979397545687,0.1932223201912848,0.20521572615609834,-0.0005790805301935527,0.22033898305084745,3,10,1.668396626808385,0.7229718716169667,1.3509712858954552,59.0,0.04888883085374901,SONOLENTO,uta,data\raw\uta\drowsiness\drowsy_019_5ebe44f8.mov,group_019,7,1780,2070,29.968893005765164,5.993778601153033,10.0
0.1309749542691298,0.04502317228034661,0.16095192956057167,0.01901273240900365,0.11810513649724723,0.12913861064919102,0.1381222538549202,0.1485098141533099,0.11592875728022506,0.00017108485953745486,0.8983050847457628,48,8.008303808680248,4.42125106104222,2,0.20317893563230618,0.08087300605390937,0.0,0.16354178004021522,0.04055523904593907,0.10997055627048147,0.14053252061970364,0.14723612191181776,0.16354178004021522,7.106558396269757e-05,0.22033898305084745,5,5,0.8341983134041925,0.43378312297018007,1.619493835656217,43.11864406779661,0.036034629500386404,SONOLENTO,uta,data\raw\uta\drowsiness\drowsy_019_5ebe44f8.mov,group_019,8,2075,2365,29.968893005765164,5.993778601153033,10.0
0.1489348243943695,0.044768474330862944,0.1625433892239998,0.019116416399216265,0.1367429782202925,0.15027111820203762,0.1567039607268652,0.15834499996668985,0.11777491489313685,-9.28329420096881e-06,0.2542372881355932,4,0.667358650723354,0.41709915670209624,6,0.6095368068969186,0.08324585211252751,0.0,0.1740051084818425,0.03174405786076161,0.1045452450492825,0.12409926478380198,0.13065209275991857,0.1740051084818425,-9.245548269388913e-05,0.11864406779661017,3,3,0.5005189880425155,0.38929254625528986,1.7890745489456994,1.0169491525423728,0.02064467388767623,SONOLENTO,uta,data\raw\uta\drowsiness\drowsy_019_5ebe44f8.mov,group_019,9,2370,2660,29.968893005765164,5.993778601153033,10.0
0.14156054645566132,0.05047359603251399,0.15727507758618503,0.01832814809904475,0.12054080122016989,0.13685472988904127,0.1542661954363409,0.15635339974408285,0.10680148155367104,-0.0004421215118461581,0.5423728813559322,17,2.836274265574254,1.0677738411573663,5,0.5079473390807655,0.06510045071052639,0.016664352333993333,0.10647942749999,0.024102045956890857,0.08616815167585931,0.0921265729016478,0.10071752085676407,0.08981507516599666,-0.00015107688674445002,0.0,0,0,0.0,0.0,2.1744607057239063,9.220338983050848,0.0,SONOLENTO,uta,data\raw\uta\drowsiness\drowsy_019_5ebe44f8.mov,group_019,10,2665,2955,29.968893005765164,5.993778601153033,10.0
0.1429561482731805,0.0766897762460375,0.16770779202320463,0.013816965987729924,0.1307863429075173,0.13809619884461488,0.15017202486936554,0.1577903606636711,0.09101801577716713,0.0001251868780690869,0.7457627118644068,21,3.503632916297608,1.4681890315913788,5,0.5079473390807655,0.056191137177931526,0.015384615384615385,0.12283505009457917,0.024298979871244252,0.07212653483905013,0.08622606031406319,0.10071891376648702,0.10745043470996378,-0.000497891367383144,0.01694915254237288,1,1,0.1668396626808385,0.1668396626808385,2.544059639883639,15.661016949152543,0.0020819500016030367,SONOLENTO,uta,data\raw\uta\drowsiness\drowsy_019_5ebe44f8.mov,group_019,11,2960,3250,29.968893005765164,5.993778601153033,10.0
0.14286865863406126,0.06944194279850331,0.16366680034211972,0.017988257658366306,0.12926850897682793,0.1406401184465643,0.15325272301470044,0.15647981823635035,0.09422485754361641,-0.0003502444380392492,0.6271186440677966,16,2.669434602893416,0.8818667884558605,7,0.7111262747130717,0.10926546499116989,0.015382795043203983,0.20401791355925028,0.03685481001385011,0.13607977655247394,0.15056947727168063,0.1712117126033691,0.1886351185160463,-0.0006359364529062464,0.4067796610169492,9,5,0.8341983134041925,0.4449057671489026,1.3075252196143332,10.033898305084746,0.08299033771901707,SONOLENTO,uta,data\raw\uta\drowsiness\drowsy_019_5ebe44f8.mov,group_019,12,3255,3545,29.968893005765164,5.993778601153033,10.0
0.12355078958881237,0.04676591000146052,0.14959827339886764,0.018392926234229983,0.10491352092598945,0.1142387401535757,0.1340954688398952,0.14280086726992913,0.10283236339740712,0.0002632681195218931,1.0,59,9.843540098169472,9.843540098169472,1,0.10158946781615309,0.0894305032407644,0.03278688524590164,0.14662740836064195,0.023639640024260763,0.10732439152217213,0.1212598644122872,0.12282067314607113,0.1138405231147403,-0.0001504100219240242,0.15254237288135594,6,2,0.333679325361677,0.25025949402125774,1.3815130587282336,59.0,0.022366892800775893,SONOLENTO,uta,data\raw\uta\drowsiness\drowsy_019_5ebe44f8.mov,group_019,13,3550,3840,29.968893005765164,5.993778601153033,10.0
0.13601376186885708,0.050850694817140385,0.16023072665942537,0.019094327100631907,0.12483530284086852,0.13110536025468533,0.14671990080775443,0.1525227469538979,0.10938003184228498,0.00011859457662930493,0.847457627118644,20,3.33679325361677,2.0854957835104813,4,0.40635787126461237,0.12314351917425419,0.01639344262295082,0.19145550896473018,0.042283744382314685,0.15884221600462595,0.1715045708566158,0.17764708096676923,0.17506206634177937,0.00034995039189329664,0.576271186440678,6,12,2.002075952170062,0.9454247551914181,1.1045052007259244,16.94915254237288,0.11033029330170892,SONOLENTO,uta,data\raw\uta\drowsiness\drowsy_019_5ebe44f8.mov,group_019,14,3845,4135,29.968893005765164,5.993778601153033,10.0
0.14243823779373227,0.05380242828599406,0.16457459517568898,0.01724832470240113,0.1299706354810789,0.13962231078539383,0.15055544246056635,0.15721940050427705,0.11077216688969492,-0.00012464325581841159,0.7457627118644068,17,2.836274265574254,1.2234908596594822,6,0.6095368068969186,0.14174058407193477,0.016129032258064516,0.23468684475148777,0.048442909064519625,0.16826586121021758,0.2012436689845653,0.2031893262609618,0.21855781249342326,-0.0011688542975772278,0.7627118644067796,2,44,7.340945157956893,3.753892410318866,1.0049149565130016,12.677966101694915,0.17899844091215167,SONOLENTO,uta,data\raw\uta\drowsiness\drowsy_019_5ebe44f8.mov,group_019,15,4140,4430,29.968893005765164,5.993778601153033,10.0
0.14475285665856424,0.11039181713037788,0.16246185628626814,0.008359858629744558,0.1365505476597123,0.14117053008261643,0.14816008243786277,0.15463423186107889,0.05207003915589026,-8.237046644298738e-05,0.847457627118644,14,2.3357552775317387,1.1917118762917036,7,0.7111262747130717,0.10282115019106057,0.057223764241394144,0.19185454816553116,0.029257051578916664,0.1218521815510066,0.13778859063330537,0.14485282741611746,0.13463078392413702,-0.0003709384797417396,0.288135593220339,7,6,1.001037976085031,0.4051820379391792,1.4077983818621715,11.864406779661017,0.05528012404769542,SONOLENTO,uta,data\raw\uta\drowsiness\drowsy_019_5ebe44f8.mov,group_019,16,4435,4725,29.968893005765164,5.993778601153033,10.0
0.13763058090368566,0.044695685095515233,0.16259240019413135,0.0224391564505048,0.11532391411640058,0.1326647339240958,0.15071502346649465,0.15599194034110533,0.11789671509861611,4.3401294043735765e-05,0.6610169491525424,15,2.5025949402125773,1.3013493689105402,5,0.5079473390807655,0.08569087528347566,0.01639344262295082,0.17467148984006664,0.03496053318467532,0.10733813256047378,0.13480013912188873,0.15139230425359296,0.15827804721711583,0.000504304135048975,0.1864406779661017,7,4,0.667358650723354,0.26217661278417476,1.606110036084431,9.915254237288135,0.03256587098713107,SONOLENTO,uta,data\raw\uta\drowsiness\drowsy_019_5ebe44f8.mov,group_019,17,4730,5020,29.968893005765164,5.993778601153033,10.0
0.13428819401072267,0.05180739277980398,0.15641661213072489,0.0163337968895591,0.1193346544574843,0.1279883422355632,0.1439047373199145,0.15064642548866006,0.1046092193509209,-0.00022837328880563956,0.8813559322033898,19,3.1699535909359313,1.2393803513433717,7,0.7111262747130717,0.09376265313621004,0.016129032258064516,0.16826586121021758,0.03565239533250347,0.11807383579707664,0.14887153134297154,0.15387149956322418,0.15213682895215308,-0.0006388457409186811,0.23728813559322035,5,4,0.667358650723354,0.4671510555063477,1.432198826720657,16.745762711864405,0.03992749249056011,SONOLENTO,uta,data\raw\uta\drowsiness\drowsy_019_5ebe44f8.mov,group_019,18,5025,5315,29.968893005765164,5.993778601153033,10.0
0.13724567726569367,0.07775585613355744,0.17509233976796038,0.014840093655155559,0.12240823009805928,0.12889771015640833,0.14418401485277038,0.15354086533733668,0.09733648363440293,1.796610710822384e-05,0.847457627118644,28,4.6715105550634775,1.668396626808385,5,0.5079473390807655,0.07808620292097165,0.016126934718260072,0.13975424859373686,0.030257953203579626,0.09255479198167144,0.12032204633007744,0.13023436993055473,0.12362731387547679,0.0003173624930328033,0.11864406779661017,5,3,0.5005189880425155,0.23357552775317386,1.757594998051006,23.728813559322035,0.01658101254501963,SONOLENTO,uta,data\raw\uta\drowsiness\drowsy_019_5ebe44f8.mov,group_019,19,5320,5610,29.968893005765164,5.993778601153033,10.0
0.13428789695476515,0.039874187084922935,0.1575294055983522,0.02215976674519371,0.11864342744196185,0.13232745142029606,0.14685579121629871,0.1493087646651524,0.11765521851342928,-9.266954839136897e-05,0.9322033898305084,32,5.338869205786832,3.0587271491487056,3,0.3047684034484593,0.11579937640756272,0.015873015873015872,0.23210756969565854,0.04455497540810235,0.14582145078962488,0.1712498542405397,0.20005412653462643,0.21623455382264267,0.0008671206210891834,0.4576271186440678,8,7,1.1678776387658694,0.5630838615478299,1.1596499175627468,29.83050847457627,0.10621871833530137,SONOLENTO,uta,data\raw\uta\drowsiness\drowsy_019_5ebe44f8.mov,group_019,20,5615,5905,29.968893005765164,5.993778601153033,10.0
0.10640487903451289,0.02811395858350987,0.16239590576029755,0.03123404043717605,0.059004842326719965,0.0971432174832638,0.12712246532787824,0.13838019602566343,0.13428194717678768,0.0009012042730069243,0.9661016949152542,52,8.68026574967449,3.1716355623810637,3,0.3046067796610169,0.19551453748077585,0.03924587541391115,0.3305975228166118,0.07929373853042686,0.2591075335574109,0.2934995011111191,0.30486521719232956,0.29135164740270064,0.003065922903420983,0.7796610169491526,6,29,4.840917437318466,1.2797827707853415,0.5442272282067362,50.23728813559322,0.2577540008400702,SONOLENTO,uta,data\raw\uta\drowsiness\drowsy_020_8d9224af.mp4,group_020,1,45,1740,29.953,5.9906,10.0
0.10122027878188722,0.05219319904669143,0.14841934843805368,0.028230082862386312,0.06355792572287448,0.07809763452484475,0.1304470098249558,0.13936551008171993,0.09622614939136226,-0.0008935293134622065,1.0,59,9.848763062130672,9.848763062130672,1,0.10153559322033898,0.2253055647585126,0.09685485552825747,0.35523160206360466,0.057475740771500756,0.2591912560967403,0.2960973070719235,0.31458248868157535,0.2583767465353472,-0.0004886110286213082,0.9491525423728814,3,32,5.341701999799686,3.115992833216484,0.44925579017361006,59.0,0.3371689782298621,SONOLENTO,uta,data\raw\uta\drowsiness\drowsy_020_8d9224af.mp4,group_020,2,1785,2790,29.953,5.9906,10.0
0.11310161796701942,0.05400944630705673,0.18181873526625697,0.027340422073551293,0.08091441279074074,0.094001834043584,0.12498214994006357,0.15279635449501958,0.12780928895920024,0.0009257962068699354,0.8813559322033898,46,7.67869662471205,2.1700664374186225,4,0.4061423728813559,0.17068846521497275,0.048564293117863214,0.2947138687133518,0.054644123725348534,0.20650677576662277,0.24235867669201264,0.2695585659243359,0.2461495755954886,0.0002898015162899896,0.8135593220338984,8,14,2.336994624912363,1.0015691249624412,0.6626162770184731,40.54237288135593,0.23976721522442182,SONOLENTO,uta,data\raw\uta\drowsiness\drowsy_020_8d9224af.mp4,group_020,3,2815,3765,29.953,5.9906,10.0
0.166204824017197,0.1256312074321523,0.19504408096091602,0.0162161081711809,0.14405858771853344,0.15559301948313764,0.1792027940760382,0.18484384965446587,0.06941287352876371,-0.00011081606948755414,0.1864406779661017,3,0.5007845624812206,0.22952625780389277,8,0.8122847457627118,0.12553173729442899,0.02630668208823282,0.27994401679440195,0.06424474060264,0.17454851808157895,0.23032423454175974,0.24053854067163205,0.2536373347061691,-0.0011706196586762372,0.4406779661016949,13,6,1.0015691249624412,0.3338563749874804,1.323995856374694,0.5593220338983051,0.12336515994329578,SONOLENTO,uta,data\raw\uta\drowsiness\drowsy_020_8d9224af.mp4,group_020,4,3775,4910,29.953,5.9906,10.0
0.102914771365201,0.030734659984399636,0.16651942205782072,0.03340312258406241,0.06366713191253491,0.07605374624077955,0.12554295517471123,0.14793894676073566,0.13578476207342108,-0.0013581878683645767,0.8983050847457628,43,7.177912062230829,1.7694387874336461,5,0.5076779661016949,0.18267971420788576,0.030563751796324874,0.35630007021422555,0.07774067703075377,0.2458958315129719,0.27476742172899743,0.3035594282366654,0.3257363184179007,0.0014443623704389085,0.7457627118644068,8,22,3.6724201248622843,0.9181050312155711,0.5633587092728723,38.6271186440678,0.2657153066004394,SONOLENTO,uta,data\raw\uta\drowsiness\drowsy_020_8d9224af.mp4,group_020,5,4925,7065,29.953,5.9906,10.0
0.0835017042976945,0.03865696628780206,0.14001915145159474,0.02434027508386168,0.048341598332186694,0.06615943880450562,0.10061217470234432,0.11219058583690611,0.10136218516379268,0.0009090636952556853,1.0,59,9.848763062130672,9.848763062130672,1,0.10153559322033898,0.1714283918480598,0.08219949365267865,0.2711630722733202,0.04236528213807697,0.19753524443379655,0.23059160215367464,0.2373161867985597,0.18896357862064156,-0.00022845359495354844,0.8813559322033898,6,19,3.1716355623810637,1.4467109582790816,0.4870909439596169,59.0,0.2389911823425873,SONOLENTO,uta,data\raw\uta\drowsiness\drowsy_020_8d9224af.mp4,group_020,6,7075,8530,29.953,5.9906,10.0
0.12218338421441849,0.04972403370516059,0.27182008142218805,0.05097386409071834,0.07351087264801055,0.09004356483373195,0.13675266467810396,0.17767509175621957,0.22209604771702746,0.0011906959442403592,0.8135593220338984,27,4.507061062330985,1.3354254999499215,6,0.6092135593220338,0.1594754085789151,0.0,0.335293413929134,0.08239296233491411,0.21027794776086997,0.2627834863306588,0.28071904696236377,0.335293413929134,-0.0008711877902757406,0.711864406779661,7,23,3.839348312356025,1.0015691249624412,0.7661533470886851,21.966101694915256,0.23868344720379028,SONOLENTO,uta,data\raw\uta\drowsiness\drowsy_020_8d9224af.mp4,group_020,7,8540,12315,29.953,5.9906,10.0
0.08568425938938422,0.04569232931619569,0.12297484843137556,0.01803680136762456,0.06153388207813455,0.07210174320250295,0.09879325361476698,0.10905398375950077,0.07728251911517986,0.0001767683505048297,1.0,59,9.848763062130672,9.848763062130672,1,0.10153559322033898,0.1748931453349119,0.04376881095324085,0.3496386577757613,0.07008729522875425,0.21498651396569562,0.28397576451121254,0.2969576264046968,0.30586984682252044,-0.0019827352498127445,0.8135593220338984,5,25,4.173204687343505,1.6025105999399059,0.48992068445346726,59.0,0.2844517893768906,SONOLENTO,uta,data\raw\uta\drowsiness\drowsy_020_8d9224af.mp4,group_020,8,12325,13010,29.953,5.9906,10.0
0.0965121883975199,0.04261459334397351,0.17848771613290293,0.031189167409539763,0.05902161585873327,0.07496416943533023,0.10985526524023154,0.13337801515863987,0.13587312278892943,7.367182632773746e-05,0.9152542372881356,40,6.677127499749608,3.0047073748873236,3,0.3046067796610169,0.11871514259070444,0.021233384741779292,0.3749213754053629,0.08178805671552476,0.15475590447013235,0.2272609375882567,0.2827662677036017,0.35368799066358364,0.0008442189333975955,0.3728813559322034,10,5,0.834640937468701,0.36724201248622845,0.8129660069082878,36.610169491525426,0.13980119082911838,SONOLENTO,uta,data\raw\uta\drowsiness\drowsy_020_8d9224af.mp4,group_020,9,13020,14445,29.953,5.9906,10.0
0.1080212678384495,0.027774218632900083,0.2592780309523768,0.0654460164717771,0.05290192393205847,0.06255423357942214,0.1139372902552434,0.23097659114280292,0.2315038123194767,0.00056264825302888,0.7796610169491526,24,4.006276499849765,3.839348312356025,2,0.20307118644067795,0.1801872577171546,0.015128956621341947,0.43340094970794685,0.11434182928830008,0.26365275913202424,0.32534066579203114,0.3602691850716952,0.4182719930866049,-0.0049153267301810626,0.6440677966101694,6,25,4.173204687343505,1.0572118541270212,0.599491161116685,18.71186440677966,0.27913959472715216,SONOLENTO,uta,data\raw\uta\drowsiness\drowsy_020_8d9224af.mp4,group_020,10,14455,17635,29.953,5.9906,10.0
0.1940656646790295,0.11504812522364788,0.2837544487849859,0.03673078678560543,0.13499250340181945,0.17364693803479128,0.2172607815648191,0.22993074649486903,0.16870632356133802,0.0006007648997006792,0.1864406779661017,6,1.0015691249624412,0.36724201248622845,5,0.5076779661016949,0.043163468812600206,0.0,0.1662056238286334,0.030224991586809098,0.05420551071669706,0.07754530436977305,0.10006995810131533,0.1662056238286334,-0.00025698093920383154,0.03389830508474576,2,1,0.1669281874937402,0.1669281874937402,4.495958597835901,1.1186440677966103,0.0056340889433435055,SONOLENTO,uta,data\raw\uta\drowsiness\drowsy_020_8d9224af.mp4,group_020,11,17780,18370,29.953,5.9906,10.0
0.15908503603068772,0.05002169104144162,0.24195184249037166,0.04854429594469175,0.10823340686049655,0.12497561232834034,0.20123421918608386,0.2241149452267911,0.19193015144893005,-0.0007214553162165358,0.5084745762711864,13,2.1700664374186225,1.0015691249624412,5,0.5076779661016949,0.08194848334067548,0.0,0.32980909396427877,0.07456478099341766,0.09559698141075312,0.22147658438149354,0.23578686396258283,0.32980909396427877,-0.0008777171656123057,0.13559322033898305,2,7,1.1684973124561815,0.6677127499749608,1.9412573398339674,6.610169491525424,0.04471987714769882,SONOLENTO,uta,data\raw\uta\drowsiness\drowsy_020_8d9224af.mp4,group_020,12,18375,19135,29.953,5.9906,10.0
0.1990914448141491,0.14877222341861393,0.2496513111630128,0.020590249315645983,0.1730337095798234,0.18608547727485078,0.21799022182474448,0.2252612429862088,0.10087908774439888,-6.256965581118398e-05,0.01694915254237288,1,0.1669281874937402,0.1669281874937402,1,0.10153559322033898,0.07007321021268567,0.018656586541256383,0.24102423042252893,0.04532161321328409,0.08353046152078411,0.12661813066119484,0.15156571327512106,0.22236764388127256,-0.00019547961861770025,0.11864406779661017,4,2,0.3338563749874804,0.2921243281140454,2.841151462283726,0.01694915254237288,0.028596095134876313,SONOLENTO,uta,data\raw\uta\drowsiness\drowsy_020_8d9224af.mp4,group_020,13,19165,19605,29.953,5.9906,10.0
0.12784854559896658,0.03923985381355262,0.16804713687434997,0.026755918111031257,0.09097854791168065,0.1136227084507615,0.14877056022923218,0.15778977657801824,0.12880728306079736,0.0007024224771004711,0.7627118644067796,14,2.335756484814917,1.501557740238161,5,0.507947076537867,0.015504106994542188,0.009975589671416266,0.030727440776359815,0.0055233860825296775,0.020596133602280586,0.024009067536175828,0.02483299818290986,0.02075185110494355,-0.00011069942564781432,0.0,0,0,0.0,0.0,8.245576482894919,10.677966101694915,0.0,SONOLENTO,uta,data\raw\uta\drowsiness\drowsy_021_5c2aad10.mov,group_021,1,5,295,29.968877515734146,5.993775503146829,10.0
0.14180252715207728,0.07819524017397048,0.16588479181533988,0.019082305849137008,0.11516138354199387,0.13480638281595003,0.15351169185392807,0.15953027960351998,0.0876895516413694,-0.00012630363835106518,0.559322033898305,10,1.6683974891535123,0.6117457460229545,9,0.9143047377681605,0.013085511230372698,0.0,0.029405406092748727,0.00493717424729135,0.014551709517017402,0.020621932374089092,0.02205125667453867,0.029405406092748727,2.623171910133301e-05,0.0,0,0,0.0,0.0,10.835777745176689,5.59322033898305,0.0,SONOLENTO,uta,data\raw\uta\drowsiness\drowsy_021_5c2aad10.mov,group_021,2,300,590,29.968877515734146,5.993775503146829,10.0
0.1325310356278791,0.07195465063856295,0.17536434826279573,0.025142745006969933,0.09101221970052448,0.11599464605132974,0.15232566548866933,0.15638845115440744,0.10340969762423279,0.0004772976379770058,0.711864406779661,19,3.1699552293916735,0.7785854949383058,9,0.9143047377681605,0.01566266626574764,0.0,0.04657744991457534,0.007095874647978807,0.020706918150789587,0.024522183848460093,0.02477236809546417,0.04657744991457534,-5.370908295985214e-05,0.0,0,0,0.0,0.0,8.46104822328154,13.525423728813559,0.0,SONOLENTO,uta,data\raw\uta\drowsiness\drowsy_021_5c2aad10.mov,group_021,3,595,885,29.968877515734146,5.993775503146829,10.0
0.12890241038421885,0.08019090735743947,0.1738200303508261,0.02672528541621531,0.09534331347259348,0.10582939113282415,0.15067899656364392,0.16350079424024722,0.09362912299338663,0.00014293159410442086,0.7288135593220338,25,4.170993722883781,1.4348218406720206,5,0.507947076537867,0.015330552435508791,0.0,0.027896417632583534,0.005615228777521321,0.016834682850925008,0.02479229092553908,0.02603272300112965,0.027896417632583534,0.00011502850368541832,0.0,0,0,0.0,0.0,8.407655449533811,18.220338983050848,0.0,SONOLENTO,uta,data\raw\uta\drowsiness\drowsy_021_5c2aad10.mov,group_021,4,890,1185,29.968877515734146,5.993775503146829,10.0
0.15356309277022817,0.09249291008694208,0.1793807050421119,0.017248197257561892,0.132254014302955,0.15067343555166723,0.16373325942998698,0.16919210218756708,0.08688779495516982,0.00016635693378335993,0.23728813559322035,4,0.6673589956614049,0.3892927474691529,6,0.6095364918454403,0.029333278091356822,0.0,0.06401489471156688,0.013576972072921066,0.034364464074382255,0.04490420632469252,0.055539551818294654,0.06401489471156688,-2.669832264715228e-05,0.0,0,0,0.0,0.0,5.234936830283703,0.9491525423728814,0.0,SONOLENTO,uta,data\raw\uta\drowsiness\drowsy_021_5c2aad10.mov,group_021,5,1190,1480,29.968877515734146,5.993775503146829,10.0
0.158848283395441,0.09822040838142301,0.18117787198838275,0.02081316601030892,0.12087115185337156,0.15481155885520806,0.17348474217626422,0.1776954000614368,0.08295746360695974,-0.0003357128094039351,0.2033898305084746,4,0.6673589956614049,0.40041539739684295,5,0.507947076537867,0.019550055984966,0.010750202576038455,0.05914550355752821,0.010441572569245234,0.02221262151598699,0.03027241839032018,0.04681906637310229,0.04839530098148976,-7.078604469366969e-05,0.0,0,0,0.0,0.0,8.124793029982069,0.8135593220338984,0.0,SONOLENTO,uta,data\raw\uta\drowsiness\drowsy_021_5c2aad10.mov,group_021,6,1485,1775,29.968877515734146,5.993775503146829,10.0
0.15064985331790168,0.0748615920948312,0.17664195361864746,0.024568118506871156,0.10499583229461894,0.14083390746891716,0.1679176912950895,0.1722003989045735,0.10178036152381625,0.000459082494392575,0.3220338983050847,5,0.8341987445767561,0.45285074705595335,7,0.7111259071530137,0.017181797666058145,0.0,0.06315439597525524,0.007817080347456037,0.016733880513629843,0.024300206672506486,0.024860069314230075,0.06315439597525524,-5.319694985136403e-05,0.0,0,0,0.0,0.0,8.767481072973712,1.6101694915254237,0.0,SONOLENTO,uta,data\raw\uta\drowsiness\drowsy_021_5c2aad10.mov,group_021,7,1780,2070,29.968877515734146,5.993775503146829,10.0
0.15019816965800678,0.09869183701915264,0.17370967262311898,0.02018987040867671,0.11433451466716528,0.14002043666295316,0.16533169964559166,0.16921621353101576,0.07501783560396634,-0.0001779418004681959,0.4067796610169492,8,1.3347179913228098,0.6673589956614049,6,0.6095364918454403,0.022043780756493034,0.010628679156203412,0.06205608379028745,0.009319110691315097,0.024031241697019683,0.032463247048040385,0.036448463551994055,0.05142740463408404,-0.00013109161206198522,0.0,0,0,0.0,0.0,6.813321090243442,3.2542372881355934,0.0,SONOLENTO,uta,data\raw\uta\drowsiness\drowsy_021_5c2aad10.mov,group_021,8,2075,2365,29.968877515734146,5.993775503146829,10.0
0.1403081975534121,0.09051726983585695,0.1681122361529523,0.019163964979721945,0.10736045588617904,0.1332520812609167,0.15359975778299984,0.162700251646093,0.07759496631709534,-7.094401855080383e-05,0.711864406779661,16,2.6694359826456195,1.751817363611188,4,0.40635766123029354,0.015994576987109804,0.01040256683797447,0.0367435473927409,0.005634074326630796,0.016254254600023277,0.024011560617861298,0.02482216420383649,0.026340980554766427,-1.8152196710835597e-05,0.0,0,0,0.0,0.0,8.771687177429163,11.389830508474576,0.0,SONOLENTO,uta,data\raw\uta\drowsiness\drowsy_021_5c2aad10.mov,group_021,9,2370,2660,29.968877515734146,5.993775503146829,10.0
0.1538099620755992,0.09116621587424537,0.17033533422473618,0.013634940353119043,0.14405764912972135,0.15347569523867818,0.15991680789806356,0.1641305104441481,0.07916911835049081,3.050099748217137e-05,0.15254237288135594,5,0.8341987445767561,0.7507788701190805,2,0.20317883061514677,0.019253233658561793,0.010411584125907071,0.062469504755442426,0.011289637114760711,0.023903546707646692,0.0344318413837278,0.04175955047760622,0.052057920629535355,0.0001719596508881834,0.0,0,0,0.0,0.0,7.988371015078255,0.7627118644067797,0.0,SONOLENTO,uta,data\raw\uta\drowsiness\drowsy_021_5c2aad10.mov,group_021,10,2665,2955,29.968877515734146,5.993775503146829,10.0
0.14431823229430657,0.0989239182322185,0.17100814874743042,0.02009145477010088,0.11097062350742956,0.1323584156388241,0.1607857340412674,0.16289906974366425,0.07208423051521193,-0.0004371573685175037,0.4915254237288136,11,1.8352372380688635,1.2095881796362964,4,0.40635766123029354,0.023838125095408735,0.010516997371545019,0.07283570407292297,0.012518307679801999,0.032090286728843904,0.041710239111216935,0.04254029619892838,0.06231870670137796,-0.0002126100975064042,0.0,0,0,0.0,0.0,6.053839296396886,5.40677966101695,0.0,SONOLENTO,uta,data\raw\uta\drowsiness\drowsy_021_5c2aad10.mov,group_021,11,2960,3250,29.968877515734146,5.993775503146829,10.0
0.1420369184855063,0.08866836980388407,0.17317188331194905,0.02188960246092659,0.11182759810011977,0.12476267463306225,0.15864191346504225,0.16491163134712294,0.08450351350806498,0.00023042588202414147,0.5084745762711864,11,1.8352372380688635,0.6256490584325671,8,0.8127153224605871,0.021189715311743688,0.01019559237857732,0.07422503290235383,0.01351570351189932,0.023881721970424583,0.029203533498958874,0.04694213871725563,0.0640294405237765,0.0003064440026276382,0.0,0,0,0.0,0.0,6.70279017937591,5.59322033898305,0.0,SONOLENTO,uta,data\raw\uta\drowsiness\drowsy_021_5c2aad10.mov,group_021,12,3255,3545,29.968877515734146,5.993775503146829,10.0
0.15213485638097535,0.11177152057461975,0.16861968026580404,0.012741470394824097,0.14038339768061062,0.1468609400195618,0.1612042586418705,0.16423794437889697,0.056848159691184286,-0.0001046996761081319,0.3050847457627119,4,0.6673589956614049,0.4290164972109032,7,0.7111259071530137,0.020584692005540965,0.0,0.043826570791278316,0.008498631619361938,0.023276595919090707,0.03296486872925341,0.036783099417007845,0.043826570791278316,-5.3804306364003185e-05,0.0,0,0,0.0,0.0,7.390320244761548,1.2203389830508475,0.0,SONOLENTO,uta,data\raw\uta\drowsiness\drowsy_021_5c2aad10.mov,group_021,13,3550,3845,29.968877515734146,5.993775503146829,10.0
0.1505495261832444,0.07898346022564834,0.18390261555776355,0.022227333331125115,0.12368836642041338,0.14081152773489403,0.1650089821546335,0.1723581254928973,0.10491915533211521,0.00036248825364014215,0.3559322033898305,4,0.6673589956614049,0.3892927474691529,9,0.9143047377681605,0.018440337389182836,0.01040256683797447,0.04731394539135561,0.008557112074878226,0.02242877436580674,0.02459227403710704,0.03203708974190449,0.03691137855338114,0.00020951568152036715,0.0,0,0,0.0,0.0,8.163698923026725,1.423728813559322,0.0,SONOLENTO,uta,data\raw\uta\drowsiness\drowsy_021_5c2aad10.mov,group_021,14,3850,4150,29.968877515734146,5.993775503146829,10.0
0.12577349655615916,0.06551475646815155,0.17696144206702424,0.035285793433027596,0.07586516075216032,0.09544452467606022,0.16037226592877424,0.16932096618850415,0.11144668559887269,0.0011097008330621327,0.6610169491525424,33,5.505711714206591,1.3013500415397397,5,0.507947076537867,0.07902347758241177,0.0,0.3499128128133127,0.10517289377964206,0.0684413004370911,0.2779251901405047,0.3393863897053295,0.3499128128133127,-0.0017122408264185743,0.22033898305084745,1,13,2.168916735899566,2.168916735899566,1.5915764381358235,21.8135593220339,0.07709943333174686,SONOLENTO,uta,data\raw\uta\drowsiness\drowsy_021_5c2aad10.mov,group_021,15,4155,4485,29.968877515734146,5.993775503146829,10.0
0.14406059086246853,0.08686689551724236,0.18396425727269017,0.027270322756956053,0.10409706437360286,0.12179786773640015,0.16823371681206822,0.17491511963762316,0.09709736175544781,-0.0003612350613694792,0.4915254237288136,12,2.0020769869842145,0.6047940898181482,8,0.8127153224605871,0.01534552477217238,0.0,0.03432193252747841,0.006463134210065965,0.016245672627619313,0.02408898196159375,0.025424266004841208,0.03432193252747841,-8.27435412930153e-05,0.0,0,0,0.0,0.0,9.387180029428645,5.898305084745763,0.0,SONOLENTO,uta,data\raw\uta\drowsiness\drowsy_021_5c2aad10.mov,group_021,16,4490,4785,29.968877515734146,5.993775503146829,10.0
0.14052405352958597,0.08774036420776354,0.1794954866601875,0.024023741654162413,0.10590473353403788,0.11728820879526203,0.16094165485321033,0.16495751319289056,0.09175512245242395,0.0008227985397972852,0.559322033898305,20,3.3367949783070245,0.9176186190344318,6,0.6095364918454403,0.017353646879471572,0.0,0.053760333057047034,0.009811387888014316,0.0194019107686169,0.02683801831148675,0.039268834791212806,0.053760333057047034,-1.8775484185441502e-05,0.0,0,0,0.0,0.0,8.097200392812876,11.1864406779661,0.0,SONOLENTO,uta,data\raw\uta\drowsiness\drowsy_021_5c2aad10.mov,group_021,17,4790,5080,29.968877515734146,5.993775503146829,10.0
0.1323053039640399,0.08950679349891993,0.16309349850428712,0.020633246587208106,0.10603577659404659,0.11468060329171934,0.15244282196096287,0.15819687597534027,0.07358670500536718,-0.0007688255634038625,0.6949152542372882,33,5.505711714206591,2.2801432351764666,3,0.30476824592272017,0.01908643020715791,0.0,0.034731435582359395,0.007055737048944864,0.024969045071149186,0.026054890393207297,0.031097863828597336,0.034731435582359395,-0.00011584459982333297,0.0,0,0,0.0,0.0,6.931540942291149,22.93220338983051,0.0,SONOLENTO,uta,data\raw\uta\drowsiness\drowsy_021_5c2aad10.mov,group_021,18,5085,5375,29.968877515734146,5.993775503146829,10.0
0.13079161846697296,0.08689404755613854,0.1960179772326719,0.030740665039557333,0.09431414938673925,0.10181874219461017,0.15264358242500914,0.16387064457568323,0.10912392967653335,0.0012709978711433042,0.6101694915254238,22,3.670474476137727,1.0010384934921073,6,0.6095364918454403,0.018950202140548572,0.011487425279926293,0.04762204733857681,0.00829964824183339,0.024462775730318916,0.027940833272398845,0.03569408198870122,0.03613462205865052,0.00010792673768106303,0.0,0,0,0.0,0.0,6.901494559394056,13.423728813559324,0.0,SONOLENTO,uta,data\raw\uta\drowsiness\drowsy_021_5c2aad10.mov,group_021,19,5380,5670,29.968877515734146,5.993775503146829,10.0
0.14755757860932148,0.08312038577512698,0.17810842867048565,0.02376243555868014,0.11032475511215585,0.1342421528382695,0.16493679678923784,0.16992262977250358,0.09498804289535867,9.930731776759336e-05,0.3728813559322034,8,1.3347179913228098,0.5243534965911039,7,0.7111259071530137,0.017149718283781337,0.0,0.04192218081503185,0.007857114680724985,0.016831105696898524,0.026054890393207297,0.034336864739743976,0.04192218081503185,0.00011227579960719841,0.0,0,0,0.0,0.0,8.603580104797128,2.983050847457627,0.0,SONOLENTO,uta,data\raw\uta\drowsiness\drowsy_021_5c2aad10.mov,group_021,20,5675,5965,29.968877515734146,5.993775503146829,10.0
0.1554889250646654,0.11652870791431985,0.19522370693542385,0.01595081743631682,0.13462195482573164,0.14687780449792615,0.16709967940781822,0.17349366744077424,0.078694999021104,-0.0003907472184888133,0.3389830508474576,7,1.1678769017980637,0.47668444971349533,7,0.7111267234565734,0.01241257660504605,0.0,0.02719641466102106,0.010219024718762583,0.018867924528301886,0.02628342576937666,0.026683274761756512,0.02719641466102106,9.651840758553519e-05,0.0,0,0,0.0,0.0,12.5257151916604,2.3728813559322033,0.0,SONOLENTO,uta,data\raw\uta\drowsiness\drowsy_022_72eec9dd.mov,group_022,1,5,295,29.968911917098445,5.993782383419689,10.0
0.15962154373016318,0.12617421456952224,0.17348734369778798,0.01053727911319028,0.14513204458143533,0.15395648080272734,0.16773731956828924,0.17117710600591898,0.04731312912826574,0.00024017904517736535,0.13559322033898305,3,0.5005186721991701,0.2669432918395574,5,0.5079476596118381,0.010440898014824028,0.0,0.026683274761756512,0.010093386160799576,0.018867924528301886,0.019230769230769232,0.025810003951371747,0.026683274761756512,0.00010165239180928163,0.0,0,0,0.0,0.0,15.286640752816547,0.4067796610169492,0.0,SONOLENTO,uta,data\raw\uta\drowsiness\drowsy_022_72eec9dd.mov,group_022,2,300,590,29.968911917098445,5.993782383419689,10.0
0.16172139843168912,0.10863127276460739,0.18481755591589488,0.014878405706925262,0.13995304192096641,0.15615236882894434,0.1727967187981447,0.17702240400373592,0.07618628315128749,1.996253688219614e-05,0.22033898305084745,8,1.334716459197787,0.7229714153988013,3,0.30476859576710286,0.01186748446155299,0.0,0.026683274761756512,0.010066891790719573,0.018867924528301886,0.020434573012492446,0.026238553515727236,0.026683274761756512,-2.2570548269091835e-05,0.0,0,0,0.0,0.0,13.626120416264833,1.7627118644067796,0.0,SONOLENTO,uta,data\raw\uta\drowsiness\drowsy_022_72eec9dd.mov,group_022,3,595,885,29.968911917098445,5.993782383419689,10.0
0.16470355310140247,0.12400865669946069,0.19007020990204787,0.016656781301150222,0.13894429909210193,0.15319220177872003,0.17618549804602512,0.17934543317999296,0.06606155320258718,-0.0003270439993267059,0.23728813559322035,10,1.6683955739972336,1.1678769017980637,2,0.20317906384473525,0.012559613833106744,0.0,0.026683274761756512,0.009983932545006988,0.018864566947613626,0.025712973861329,0.026683274761756512,0.026683274761756512,-0.00011775511478582462,0.0,0,0,0.0,0.0,13.11269937041482,2.3728813559322033,0.0,SONOLENTO,uta,data\raw\uta\drowsiness\drowsy_022_72eec9dd.mov,group_022,4,890,1180,29.968911917098445,5.993782383419689,10.0
0.1635904516792383,0.13408111986100235,0.17856333698011506,0.009882731865660455,0.15269135665454286,0.15698701816199545,0.1704935367751709,0.17392325672419023,0.04448221711911271,0.00027793384524250436,0.0847457627118644,2,0.33367911479944673,0.2085494467496542,4,0.4063581276894705,0.009477729812170087,0.0,0.026189140043946207,0.009768681533303701,0.018518518518518517,0.018867924528301886,0.019552004559116962,0.026189140043946207,-3.397871124478652e-06,0.0,0,0,0.0,0.0,17.258689183143353,0.1694915254237288,0.0,SONOLENTO,uta,data\raw\uta\drowsiness\drowsy_022_72eec9dd.mov,group_022,5,1185,1475,29.968911917098445,5.993782383419689,10.0
0.16565323346822,0.12136606740853201,0.18405792474453941,0.011570085408442034,0.15439422705956504,0.15888652562929043,0.17288179220551575,0.17803806005473466,0.0626918573360074,2.7417848125890724e-05,0.06779661016949153,3,0.5005186721991701,0.33367911479944673,2,0.20317906384473525,0.013253806873332018,0.0,0.026683274761756512,0.010205107435390923,0.018867924528301886,0.025712973861329,0.026238553515727236,0.026683274761756512,-0.00017907055275306015,0.0,0,0,0.0,0.0,12.497596913426607,0.2033898305084746,0.0,SONOLENTO,uta,data\raw\uta\drowsiness\drowsy_022_72eec9dd.mov,group_022,6,1480,1770,29.968911917098445,5.993782383419689,10.0
0.15716429419177766,0.11069684633842905,0.17867361820640007,0.012649300621981021,0.1410358575317121,0.15310458248148365,0.16478541915481465,0.1671479622096391,0.06797677186797102,-0.00010610447034577974,0.22033898305084745,6,1.0010373443983402,0.7229714153988013,3,0.30476859576710286,0.013599828528049676,0.0,0.026683274761756512,0.009742403002088448,0.018518518518518517,0.025709574641428232,0.026683274761756512,0.026683274761756512,-2.287045269909023e-06,0.0,0,0,0.0,0.0,11.555494127997408,1.3220338983050848,0.0,SONOLENTO,uta,data\raw\uta\drowsiness\drowsy_022_72eec9dd.mov,group_022,7,1775,2065,29.968911917098445,5.993782383419689,10.0
0.1609101724665334,0.13492414248972068,0.1735100650792237,0.009969635573366343,0.14780929674868226,0.15681642037893154,0.16987473108430032,0.17284775888591716,0.038585922589503024,-3.461065605558241e-05,0.15254237288135594,4,0.6673582295988935,0.3753890041493776,4,0.4063581276894705,0.015498724430646666,0.0,0.026683274761756512,0.01038584498160977,0.025948812233323612,0.026189140043946207,0.026678526425610413,0.026683274761756512,-6.495638259728638e-05,0.0,0,0,0.0,0.0,10.38148601844659,0.6101694915254238,0.0,SONOLENTO,uta,data\raw\uta\drowsiness\drowsy_022_72eec9dd.mov,group_022,8,2070,2360,29.968911917098445,5.993782383419689,10.0
0.15567544836101932,0.11986591763025478,0.17265635753528813,0.010412905446429456,0.14144045383062737,0.15055692235166135,0.16177763361657135,0.1671975535475867,0.05279043990503335,-0.00017620082007298188,0.2033898305084746,6,1.0010373443983402,0.6673582295988935,3,0.30476859576710286,0.012902798634211196,0.0,0.026683274761756512,0.009891515524799195,0.018518518518518517,0.025709574641428232,0.025760590479590718,0.026683274761756512,0.00018395337884264412,0.0,0,0,0.0,0.0,12.064311663100879,1.2203389830508475,0.0,SONOLENTO,uta,data\raw\uta\drowsiness\drowsy_022_72eec9dd.mov,group_022,9,2365,2655,29.968911917098445,5.993782383419689,10.0
0.15633668116111177,0.13319109407931895,0.1743901369548154,0.010774287742988622,0.1430236298817068,0.14816648087250203,0.16527101911863865,0.1695713366744194,0.041199042875496444,-0.0002991068832086693,0.3220338983050847,5,0.8341977869986168,0.396243948824343,8,0.812716255378941,0.013251355869513872,0.0,0.026678526425610413,0.0097999819980476,0.01869154273306607,0.025315867761718187,0.02570914973894064,0.026678526425610413,-0.0001551122728043916,0.0,0,0,0.0,0.0,11.796897298898644,1.6101694915254237,0.0,SONOLENTO,uta,data\raw\uta\drowsiness\drowsy_022_72eec9dd.mov,group_022,10,2660,2950,29.968911917098445,5.993782383419689,10.0
0.15134141817871993,0.12575706648121138,0.17555310637330623,0.011657090312632325,0.1359708348529557,0.14301510695436775,0.16162252915098757,0.1647450381684382,0.04979603989209486,0.00017919865316868452,0.4067796610169492,13,2.1689142461964037,0.5005186721991701,8,0.812716255378941,0.014148741586362637,0.0,0.026683274761756512,0.010169021283393946,0.01869154273306607,0.025709574641428232,0.02576014153572792,0.026683274761756512,0.00011649929413656856,0.0,0,0,0.0,0.0,10.6957019147672,5.288135593220339,0.0,SONOLENTO,uta,data\raw\uta\drowsiness\drowsy_022_72eec9dd.mov,group_022,11,2955,3245,29.968911917098445,5.993782383419689,10.0
0.15245191597586433,0.12530787303934085,0.17553178014169502,0.011465442237351598,0.13582227536640773,0.14463857088243343,0.1615572675160713,0.16478541915481465,0.050223907102354165,0.00022943015440012068,0.4067796610169492,15,2.5025933609958506,0.4449054863992623,9,0.9143057873013086,0.010220350212300198,0.0,0.026683274761756512,0.010322357165531742,0.018515344006020947,0.024990356369018262,0.026189140043946207,0.026683274761756512,0.00018431035942556036,0.0,0,0,0.0,0.0,14.91504672175368,6.101694915254238,0.0,SONOLENTO,uta,data\raw\uta\drowsiness\drowsy_022_72eec9dd.mov,group_022,12,3250,3540,29.968911917098445,5.993782383419689,10.0
0.15721913821867176,0.1122459088784902,0.17618549804602512,0.011096168154462566,0.143547560859635,0.15355310010949297,0.16468414855727115,0.16786004424416145,0.06393958916753492,9.834481148729332e-05,0.2033898305084746,4,0.6673582295988935,0.33367911479944673,6,0.6095371915342057,0.01232553964510726,0.0,0.026683274761756512,0.009776045238191249,0.018518518518518517,0.020236084589932136,0.026189140043946207,0.026683274761756512,8.650359798536584e-05,0.0,0,0,0.0,0.0,12.754523389788174,0.8135593220338984,0.0,SONOLENTO,uta,data\raw\uta\drowsiness\drowsy_022_72eec9dd.mov,group_022,13,3545,3835,29.968911917098445,5.993782383419689,10.0
0.15407223115841454,0.13492414248972068,0.1776837639073306,0.009663246555928333,0.13988041259140208,0.14924903794932975,0.15971926991746627,0.16733110817245872,0.042759621417609917,0.00011534114835948323,0.3050847457627119,6,1.0010373443983402,0.33367911479944673,9,0.9143057873013086,0.016011937137194836,0.0,0.026683274761756512,0.008596986756978491,0.018867924528301886,0.02628796698750827,0.026683274761756512,0.026683274761756512,5.432283316884698e-06,0.0,0,0,0.0,0.0,9.621734591122305,1.8305084745762712,0.0,SONOLENTO,uta,data\raw\uta\drowsiness\drowsy_022_72eec9dd.mov,group_022,14,3840,4130,29.968911917098445,5.993782383419689,10.0
0.15617259165804462,0.11767212061440194,0.1761909288562359,0.009417411522736391,0.14553794361471403,0.15209198560962411,0.16172379974853107,0.1654165049800938,0.058518808241833975,-2.1400105603677375e-05,0.2033898305084746,3,0.5005186721991701,0.2860106698280972,7,0.7111267234565734,0.014241984361864999,0.0,0.026678526425610413,0.00984550791888827,0.018518518518518517,0.025712973861329,0.026189140043946207,0.026678526425610413,-0.00010057383248275615,0.0,0,0,0.0,0.0,10.964878405412723,0.6101694915254238,0.0,SONOLENTO,uta,data\raw\uta\drowsiness\drowsy_022_72eec9dd.mov,group_022,15,4135,4425,29.968911917098445,5.993782383419689,10.0
0.1564641036801156,0.11038546214560196,0.17158031170372715,0.0105823391124659,0.14248711860036642,0.15197390836745123,0.16476018103832935,0.16773731956828924,0.06119484955812518,-0.0002598386192601725,0.22033898305084745,4,0.6673582295988935,0.309844892313772,7,0.7111267234565734,0.013448344687478464,0.0,0.026683274761756512,0.009617797079282384,0.018518518518518517,0.025681591605814486,0.026185099549181017,0.026683274761756512,2.1237837664536822e-05,0.0,0,0,0.0,0.0,11.633585673938892,0.8813559322033898,0.0,SONOLENTO,uta,data\raw\uta\drowsiness\drowsy_022_72eec9dd.mov,group_022,16,4430,4720,29.968911917098445,5.993782383419689,10.0
0.1620265729988518,0.13408111986100235,0.1889014008982896,0.012585677427410562,0.14665115329106967,0.15630894205686863,0.17033439298086017,0.17892061708029838,0.054820281037287255,-0.00022149186268854642,0.13559322033898305,2,0.33367911479944673,0.19067377988539813,7,0.7111267234565734,0.014794631881855664,0.0,0.026678526425610413,0.008993565395258828,0.018866245737957754,0.024887167105251837,0.025760590479590718,0.026678526425610413,7.764417851267447e-05,0.0,0,0,0.0,0.0,10.950973523310616,0.2711864406779661,0.0,SONOLENTO,uta,data\raw\uta\drowsiness\drowsy_022_72eec9dd.mov,group_022,17,4725,5015,29.968911917098445,5.993782383419689,10.0
0.15722824412153788,0.12846839643049346,0.1932049712123436,0.012649587294681748,0.13921586784154208,0.15247282701394785,0.16478541915481465,0.17111611923090606,0.06473657478185013,0.0003469318104132509,0.22033898305084745,4,0.6673582295988935,0.27111428077455046,8,0.812716255378941,0.01243511795307999,0.0,0.026189140043946207,0.009476752376778232,0.018518518518518517,0.01893978246891015,0.02570914973894064,0.026189140043946207,-8.65883860595783e-05,0.0,0,0,0.0,0.0,12.642871731736667,0.8813559322033898,0.0,SONOLENTO,uta,data\raw\uta\drowsiness\drowsy_022_72eec9dd.mov,group_022,18,5020,5310,29.968911917098445,5.993782383419689,10.0
0.16588674952400584,0.12494554220478252,0.18889751520750708,0.014002899106540696,0.1455243965940521,0.1590511744432811,0.17668419655408768,0.18234680157114555,0.06395197300272457,0.00038724322282997204,0.13559322033898305,5,0.8341977869986168,0.4449054863992623,3,0.30476859576710286,0.012033127091641184,0.0,0.06089276856999239,0.012758728109743727,0.018867924528301886,0.020821236169434907,0.033036350989238794,0.06089276856999239,-0.00023863084932240864,0.0,0,0,0.0,0.0,13.78469316974636,0.6779661016949152,0.0,SONOLENTO,uta,data\raw\uta\drowsiness\drowsy_022_72eec9dd.mov,group_022,19,5315,5605,29.968911917098445,5.993782383419689,10.0
0.16011726800547604,0.13416318611690797,0.17738968950902273,0.010400974870067374,0.14393717185436936,0.15404977097634498,0.16764430663163313,0.1727619612644513,0.04322650339211476,-7.598180287730272e-05,0.22033898305084745,4,0.6673582295988935,0.24099047179960043,9,0.9143057873013086,0.011375297515149957,0.0,0.026189140043946207,0.010769899258321981,0.018518518518518517,0.025807309210126847,0.026189140043946207,0.026189140043946207,0.0001876257667889495,0.0,0,0,0.0,0.0,14.074637885678174,0.8813559322033898,0.0,SONOLENTO,uta,data\raw\uta\drowsiness\drowsy_022_72eec9dd.mov,group_022,20,5610,5900,29.968911917098445,5.993782383419689,10.0
0.1646619385837344,0.12396191333391124,0.1961687305623296,0.012444404818281025,0.1506785863187139,0.1570972713458827,0.17212039825202194,0.17959590270593906,0.07220681722841837,3.8642269424416134e-05,0.0847457627118644,2,0.3343179333222142,0.20894870832638388,4,0.40558165394106716,0.013062039424115608,0.0,0.02883749003642362,0.011161964915405583,0.02035526172844723,0.027681826617913324,0.028236314043437495,0.02883749003642362,-3.0341927310600208e-05,0.0,0,0,0.0,0.0,12.60517810883682,0.1694915254237288,0.0,SONOLENTO,uta,data\raw\uta\drowsiness\drowsy_023_434363b9.mp4,group_023,1,5,295,29.911646978153705,5.982329395630741,10.0
0.17147267799771318,0.13602186121421092,0.19574006048013717,0.011038315249720786,0.1609381864406634,0.16454039489835143,0.17936493683647686,0.18511959182713864,0.05971819926592625,-0.000156093113896717,0.01694915254237288,1,0.1671589666611071,0.1671589666611071,1,0.10139541348526679,0.013267352728477597,0.0,0.02943724047047319,0.010995126177207652,0.01996409690931557,0.027792160616267637,0.028867344695480354,0.02943724047047319,6.243739302608202e-05,0.0,0,0,0.0,0.0,12.923433790668291,0.01694915254237288,0.0,SONOLENTO,uta,data\raw\uta\drowsiness\drowsy_023_434363b9.mp4,group_023,2,300,590,29.911646978153705,5.982329395630741,10.0
0.1633847875205744,0.14215981085948232,0.17671763692414771,0.009495574272686571,0.1481103954743187,0.15879750381881408,0.17080705242748845,0.173184712393044,0.0345578260646654,0.0002900808218012756,0.1694915254237288,7,1.1701127666277498,0.8357948333055355,2,0.20279082697053358,0.011035324286592058,0.0,0.02876581430826429,0.010674363726635917,0.0199363055707225,0.020370021093167764,0.027602107599450934,0.02876581430826429,-0.00017829719420974183,0.0,0,0,0.0,0.0,14.8042757060944,1.1864406779661016,0.0,SONOLENTO,uta,data\raw\uta\drowsiness\drowsy_023_434363b9.mp4,group_023,3,595,885,29.911646978153705,5.982329395630741,10.0
0.1545532940546427,0.1325946244558883,0.17993134748516365,0.012206328005365134,0.13958321058117532,0.14603478969918188,0.16558027522884544,0.17013638940161407,0.04733672302927536,-0.00045239287568379753,0.5254237288135594,12,2.0059075999332854,0.8636546610823868,6,0.6083724809116007,0.012798606780142543,0.0,0.02876581430826429,0.01093315843181074,0.01990074380419978,0.027597366233044082,0.028143901789211678,0.02876581430826429,0.0001995634138062935,0.0,0,0,0.0,0.0,12.07484704095898,6.305084745762713,0.0,SONOLENTO,uta,data\raw\uta\drowsiness\drowsy_023_434363b9.mp4,group_023,4,890,1180,29.911646978153705,5.982329395630741,10.0
0.156654629782548,0.13516950550907625,0.17320747632326594,0.009787657764283218,0.14215153602129266,0.1501066860710485,0.16295391141567866,0.17256873217784333,0.03803797081418969,-4.6939837331632205e-05,0.2542372881355932,4,0.6686358666444284,0.3581977857023724,7,0.7097678943968675,0.009106397554465491,0.0,0.028143901789211678,0.011250490625177061,0.01990074380419978,0.027200995013679136,0.027644779897112608,0.028143901789211678,-0.00012396748403057162,0.0,0,0,0.0,0.0,17.20081163095136,1.0169491525423728,0.0,SONOLENTO,uta,data\raw\uta\drowsiness\drowsy_023_434363b9.mp4,group_023,5,1185,1475,29.911646978153705,5.982329395630741,10.0
0.15924741858775132,0.10189510190180025,0.18556022038554937,0.015347483949607457,0.14167893602561138,0.15420579196794373,0.16894110258146272,0.1754901744404047,0.08366511848374912,-0.000471823689465218,0.22033898305084745,5,0.8357948333055355,0.36217776109906535,6,0.6083724809116007,0.01351782388308673,0.0,0.02880756009578387,0.00984401290508533,0.01996409690931557,0.020370021093167764,0.021425116569287327,0.02880756009578387,3.464860724874417e-05,0.0,0,0,0.0,0.0,11.779679945900044,1.1016949152542372,0.0,SONOLENTO,uta,data\raw\uta\drowsiness\drowsy_023_434363b9.mp4,group_023,6,1480,1770,29.911646978153705,5.982329395630741,10.0
0.1536718022690711,0.08190075791588006,0.1811563786744018,0.016358219549302593,0.13825402169534515,0.14249983418230228,0.16600760658750818,0.1714474336636539,0.09925562075852173,0.00021082901619347456,0.3898305084745763,11,1.838748633272178,0.6407760388675773,6,0.6083724809116007,0.013874995349732902,0.0,0.030028540676910215,0.010319283348220128,0.0199363055707225,0.02617513785186229,0.028713202578816117,0.030028540676910215,8.506915150414481e-05,0.0,0,0,0.0,0.0,11.074650747272637,4.288135593220339,0.0,SONOLENTO,uta,data\raw\uta\drowsiness\drowsy_023_434363b9.mp4,group_023,7,1775,2065,29.911646978153705,5.982329395630741,10.0
0.16555340457023432,0.1234607120489998,0.2242897852094865,0.015343579411364421,0.1511563301537026,0.15754333685997585,0.1718076771791332,0.18123755271708397,0.1008290731604867,0.00015720097848450645,0.0847457627118644,2,0.3343179333222142,0.20894870832638388,4,0.40558165394106716,0.017930519771744792,0.0,0.06759189550192886,0.013528027793535331,0.025607375986579195,0.028257602805571488,0.035720599268299486,0.06759189550192886,0.00024182296491626981,0.0,0,0,0.0,0.0,9.232536152964656,0.1694915254237288,0.0,SONOLENTO,uta,data\raw\uta\drowsiness\drowsy_023_434363b9.mp4,group_023,8,2070,2360,29.911646978153705,5.982329395630741,10.0
0.17016179389719946,0.14198822732925998,0.20875220660098084,0.015392802710653708,0.1534396629614101,0.16132574390429805,0.17453843057946694,0.19730666537639513,0.06676397927172087,-0.0003943397992333676,0.06779661016949153,2,0.3343179333222142,0.22287862221480947,3,0.30418624045580034,0.015412276302531393,0.0,0.04972110101636284,0.012174586381459882,0.02303025405415431,0.0265241964207249,0.03366809058604889,0.04972110101636284,-0.0001906193945347108,0.0,0,0,0.0,0.0,11.039949622472738,0.13559322033898305,0.0,SONOLENTO,uta,data\raw\uta\drowsiness\drowsy_023_434363b9.mp4,group_023,9,2365,2655,29.911646978153705,5.982329395630741,10.0
0.16371410356732283,0.1047781465954308,0.18320548015986876,0.012089628716935943,0.15266106083984116,0.15801670617535873,0.17111146789540077,0.1767965802052045,0.07842733356443796,-5.318254547591511e-05,0.0847457627118644,2,0.3343179333222142,0.20894870832638388,4,0.40558165394106716,0.02721203455277808,0.0,0.0594018645349865,0.011996884332610877,0.038688409527458376,0.04281804086459152,0.043789153044909844,0.0594018645349865,-6.0059097265965466e-05,0.0,0,0,0.0,0.0,6.016017921478362,0.1694915254237288,0.0,SONOLENTO,uta,data\raw\uta\drowsiness\drowsy_023_434363b9.mp4,group_023,10,2660,2950,29.911646978153705,5.982329395630741,10.0
0.1575324482388236,0.12349807761405152,0.18342743151953542,0.013494304172990938,0.13949063243130977,0.14739825256963954,0.16897303326581492,0.17309614315476174,0.0599293539054839,0.00019379485362042907,0.3220338983050847,6,1.0029537999666427,0.453717195223005,7,0.7097678943968675,0.010582368757686951,0.0,0.02880756009578387,0.01057391693268249,0.0199363055707225,0.020370021093167764,0.02153290521872712,0.02880756009578387,-8.077633165918418e-05,0.0,0,0,0.0,0.0,14.884905916597118,1.9322033898305082,0.0,SONOLENTO,uta,data\raw\uta\drowsiness\drowsy_023_434363b9.mp4,group_023,11,2955,3245,29.911646978153705,5.982329395630741,10.0
0.15638682130115747,0.11248156722341912,0.18432127038109056,0.014120712218580377,0.13942725074019344,0.14687872392251738,0.16561647365393323,0.17327040084184536,0.07183970315767144,-0.0001646955600645174,0.2711864406779661,4,0.6686358666444284,0.44575724442961895,6,0.6083724809116007,0.013235363404742137,0.0,0.04457893447634325,0.011963356061623999,0.01997405804187568,0.026077591960304673,0.029209599293793836,0.04457893447634325,-3.9008550476471606e-05,0.0,0,0,0.0,0.0,11.814938629225715,1.0847457627118644,0.0,SONOLENTO,uta,data\raw\uta\drowsiness\drowsy_023_434363b9.mp4,group_023,12,3250,3540,29.911646978153705,5.982329395630741,10.0
0.16222734099020317,0.12984600361262305,0.22972258343833535,0.018903002246458554,0.14268201424538848,0.14960609336671754,0.17029939843172942,0.18587780589688715,0.0998765798257123,-0.00024371488821047334,0.2711864406779661,5,0.8357948333055355,0.38207763808253054,7,0.7097678943968675,0.02530158143325408,0.0,0.14142135623730948,0.03220460148169129,0.025795141798689657,0.06158414503662593,0.11444891868693813,0.14142135623730948,-0.00020275725040082195,0.05084745762711865,1,3,0.5014768999833213,0.5014768999833213,6.411493681707703,1.3559322033898304,0.007190916418846245,SONOLENTO,uta,data\raw\uta\drowsiness\drowsy_023_434363b9.mp4,group_023,13,3545,3850,29.911646978153705,5.982329395630741,10.0
0.15913728455931425,0.12514190851218315,0.19783899137097,0.016506717629406815,0.14009153246441838,0.1448639501610744,0.17291574768294887,0.17996184188957542,0.07269708285878684,-7.66137240745844e-05,0.288135593220339,6,1.0029537999666427,0.40595749046268864,7,0.7097678943968675,0.016294747915448212,0.0,0.045398301408931134,0.011126517078890062,0.020321619983202796,0.026573777976376115,0.028067127988702614,0.045398301408931134,-2.1075701437300815e-05,0.0,0,0,0.0,0.0,9.765571079339884,1.728813559322034,0.0,SONOLENTO,uta,data\raw\uta\drowsiness\drowsy_023_434363b9.mp4,group_023,14,3855,4145,29.911646978153705,5.982329395630741,10.0
0.16793932372841672,0.13605390011141327,0.1904211686328831,0.012828929584165847,0.1478768878364532,0.1578821440665335,0.17630002254793545,0.18246480949950988,0.054367268521469836,-1.2198781663603347e-05,0.11864406779661017,4,0.6686358666444284,0.29252819165693744,4,0.40558165394106716,0.01790576684932668,0.0,0.043544162022763684,0.009471051769819785,0.01990074380419978,0.027597366233044082,0.02770887029684074,0.043544162022763684,9.392559489501017e-05,0.0,0,0,0.0,0.0,9.378539696278644,0.4745762711864407,0.0,SONOLENTO,uta,data\raw\uta\drowsiness\drowsy_023_434363b9.mp4,group_023,15,4150,4440,29.911646978153705,5.982329395630741,10.0
0.1609216351931933,0.13192748541591842,0.18379091310980172,0.014500440938626541,0.14199242756402367,0.14761261323586153,0.17320747632326594,0.17879465170028946,0.0518634276938833,0.00023657474342443088,0.3050847457627119,7,1.1701127666277498,0.5014768999833213,6,0.6083724809116007,0.01564776684274115,0.0,0.04457893447634325,0.01097496980301975,0.01991852468746114,0.027142685057754492,0.02825135578038347,0.04457893447634325,-0.0001285279740949841,0.0,0,0,0.0,0.0,10.283342886397373,2.135593220338983,0.0,SONOLENTO,uta,data\raw\uta\drowsiness\drowsy_023_434363b9.mp4,group_023,16,4445,4735,29.911646978153705,5.982329395630741,10.0
0.15441377948222343,0.07058138569518801,0.2157943238676234,0.02158597179452621,0.13881744497027854,0.14389744846685684,0.16573633871262944,0.17367430566393152,0.14521293817243539,-0.00029275773464839674,0.4067796610169492,8,1.3372717332888568,0.802363039973314,5,0.5069770674263339,0.01979137496664284,0.0,0.0910975037348554,0.0160727017836297,0.02713378712690073,0.03040263728851126,0.04346088344535025,0.0910975037348554,-6.343859247219389e-05,0.0,0,0,0.0,0.0,7.801680179486561,3.2542372881355934,0.0,SONOLENTO,uta,data\raw\uta\drowsiness\drowsy_023_434363b9.mp4,group_023,17,4740,5030,29.911646978153705,5.982329395630741,10.0
0.15377920486551228,0.1216633613096251,0.17619700606288674,0.013415320437579672,0.13546550647888586,0.14464621733548333,0.16523129394488928,0.17059790678587103,0.05453364475326164,-0.00022421720481415825,0.3728813559322034,6,1.0029537999666427,0.4596871583180445,8,0.8111633078821343,0.014543120756601097,0.0,0.030678599553894816,0.010943633428997271,0.020340502363726694,0.02829783635158618,0.028825333975011375,0.030678599553894816,7.518960762307698e-05,0.0,0,0,0.0,0.0,10.573289883867126,2.2372881355932206,0.0,SONOLENTO,uta,data\raw\uta\drowsiness\drowsy_023_434363b9.mp4,group_023,18,5035,5325,29.911646978153705,5.982329395630741,10.0
0.15388528759256714,0.1263360043985803,0.18473658873610954,0.01116114868234284,0.13990249077562883,0.14602828605606485,0.1590765544961208,0.16598470129331067,0.05840058433752923,3.137651226171291e-05,0.288135593220339,3,0.5014768999833213,0.2583365848398928,11,1.1153495483379345,0.019125170641134028,0.0,0.042803889509332595,0.00970916784445197,0.027012426710228434,0.028143901789211678,0.028712406871010714,0.042803889509332595,9.713321686530572e-05,0.0,0,0,0.0,0.0,8.045797064134264,0.864406779661017,0.0,SONOLENTO,uta,data\raw\uta\drowsiness\drowsy_023_434363b9.mp4,group_023,19,5330,5620,29.911646978153705,5.982329395630741,10.0
0.15011071253537167,0.11005092105435255,0.17932807988840507,0.0175270502831267,0.1268433170599462,0.13612689405507009,0.16596689664737474,0.1735639532035603,0.06927715883405253,0.00016730581947825706,0.4915254237288136,10,1.671589666611071,0.8079350055286842,6,0.6083724809116007,0.015224587743649631,0.0,0.041522739926869986,0.01077171361530627,0.020340502363726694,0.02755127017386289,0.02930990440831014,0.041522739926869986,-3.3691919609132675e-06,0.0,0,0,0.0,0.0,9.859107908525939,4.915254237288136,0.0,SONOLENTO,uta,data\raw\uta\drowsiness\drowsy_023_434363b9.mp4,group_023,20,5625,5915,29.911646978153705,5.982329395630741,10.0
0.18351583022352452,0.11836492324996437,0.2315065119238915,0.03215989941605708,0.13400953251243541,0.16310375673344643,0.2117724244138032,0.22025562619288078,0.11314158867392712,-0.00042596627421206945,0.1864406779661017,3,0.5035394743153149,0.26375877226040306,7,0.7068605770655962,0.050044609369858405,0.0,0.17776224747160063,0.03644906304234657,0.05983136757680868,0.09344288203441524,0.12204059557726443,0.17776224747160063,-0.00011593555975435255,0.05084745762711865,3,1,0.1678464914384383,0.1678464914384383,3.66697163915548,0.5593220338983051,0.009038758346013592,SONOLENTO,uta,data\raw\uta\drowsiness\drowsy_024_d7fc114f.mp4,group_024,1,5,330,29.78912431919299,5.9578248638385976,10.0
0.1913036090937871,0.1123597886409414,0.2818048893031535,0.032384206288684714,0.15228194187081054,0.16932061995789002,0.2159535148675314,0.2262369527334563,0.1694451006622121,-0.0005524821592076752,0.06779661016949153,1,0.1678464914384383,0.1678464914384383,4,0.4039203297517693,0.05403770834415477,0.0,0.3416196017128146,0.06262629936473449,0.04595713868414833,0.10381496681627866,0.16668567953595684,0.3416196017128146,0.0013724461537694688,0.06779661016949153,2,3,0.5035394743153149,0.3356929828768766,3.5401217933529665,0.06779661016949153,0.02316065096358065,SONOLENTO,uta,data\raw\uta\drowsiness\drowsy_024_d7fc114f.mp4,group_024,2,335,655,29.78912431919299,5.9578248638385976,10.0
0.14392148572570068,0.09129153886576061,0.2182224134451541,0.029628433200383063,0.10900115117797438,0.12037169590107741,0.16307063077878317,0.1780528814145123,0.1269308745793935,0.0006875326224533734,0.5932203389830508,8,1.3427719315075064,0.5340570182132127,11,1.1107809068173655,0.17903082350700195,0.021334622931739582,0.45480475031927875,0.12215525528021574,0.2318610624686274,0.40020338737539346,0.41225176001411334,0.43347012738753915,-0.002321040164835742,0.576271186440678,5,10,1.678464914384383,1.1413561417813805,0.8038877273686033,4.745762711864407,0.26209087306534706,SONOLENTO,uta,data\raw\uta\drowsiness\drowsy_024_d7fc114f.mp4,group_024,3,660,995,29.78912431919299,5.9578248638385976,10.0
0.1962650078356758,0.0715996993362049,0.3880577542970606,0.04373001318300132,0.1679512421867839,0.17915102973378408,0.20519192334813427,0.2162708775130628,0.31645805496085566,0.0010875239135443814,0.03389830508474576,1,0.1678464914384383,0.1678464914384383,2,0.20196016487588464,0.07917146987099223,0.021491713855208944,0.2660760420950958,0.05589351367082944,0.10081749617657708,0.16269139335943256,0.18909459504587217,0.24458432823988682,0.0006401580849865338,0.2033898305084746,7,3,0.5035394743153149,0.2877368424658942,2.478955224656756,0.03389830508474576,0.05411716110408728,SONOLENTO,uta,data\raw\uta\drowsiness\drowsy_024_d7fc114f.mp4,group_024,4,1005,1340,29.78912431919299,5.9578248638385976,10.0
0.17363267072046884,0.06786286067346131,0.2596726344571354,0.03648512998609382,0.12614583667906298,0.1611669261493812,0.19299516609313394,0.214747178452566,0.1918097737836741,-0.0007751572114748717,0.2033898305084746,5,0.8392324571921915,0.4028315794522519,5,0.5049004121897116,0.05724124871612286,0.0,0.1917628303776478,0.047182842977864875,0.07564982944882974,0.12403473458920845,0.1627896236917024,0.1917628303776478,-0.0010722420581673418,0.13559322033898305,5,3,0.5035394743153149,0.2685543863015013,3.033295766935226,1.0169491525423728,0.02600173971222343,SONOLENTO,uta,data\raw\uta\drowsiness\drowsy_024_d7fc114f.mp4,group_024,5,1345,1680,29.78912431919299,5.9578248638385976,10.0
0.17545541310149662,0.12466370427330978,0.22732107671416474,0.021988815915050586,0.14797917878617933,0.15940472673060938,0.18934161814845646,0.20238349753551804,0.10265737244085496,0.0005956118121769412,0.11864406779661017,3,0.5035394743153149,0.39164181335635606,3,0.30294024731382696,0.030144683007529153,0.0,0.0999800059980007,0.020574331763327947,0.031821467296530695,0.05325389591355384,0.07423957852089198,0.0999800059980007,0.0005070994956933008,0.0,0,0,0.0,0.0,5.820250052310145,0.3559322033898305,0.0,SONOLENTO,uta,data\raw\uta\drowsiness\drowsy_024_d7fc114f.mp4,group_024,6,1685,2005,29.78912431919299,5.9578248638385976,10.0
0.17043517343632528,0.06107967503876723,0.24378541260399297,0.03312386385046679,0.14128613407032298,0.15837799161436433,0.185762093921977,0.21004355997510496,0.18270573756522573,-0.0002683884361960904,0.15254237288135594,4,0.6713859657537532,0.5035394743153149,3,0.30294024731382696,0.03390069770269938,0.0,0.12209937297436847,0.02731325132414711,0.030439705627581436,0.0820306107952224,0.0924182541977788,0.12209937297436847,0.00037990220040052045,0.01694915254237288,1,1,0.1678464914384383,0.1678464914384383,5.027334469528781,0.6101694915254238,0.0020694808978706522,SONOLENTO,uta,data\raw\uta\drowsiness\drowsy_024_d7fc114f.mp4,group_024,7,2010,2330,29.78912431919299,5.9578248638385976,10.0
0.16284075884245922,0.08784871232225143,0.21160648938788107,0.024260573769200718,0.1223678288636065,0.1584564499244252,0.1754696072053934,0.18944429309861768,0.12375777706562964,-0.0006051087349313936,0.15254237288135594,8,1.3427719315075064,0.7553092114729724,2,0.20196016487588464,0.03266066963316312,0.0,0.14530954842977412,0.021257287763448186,0.04120618985768597,0.04624087034629467,0.07054621437527865,0.14530954842977412,0.0005396039720238675,0.01694915254237288,1,1,0.1678464914384383,0.1678464914384383,4.985683851174539,1.2203389830508475,0.0024628737021995615,SONOLENTO,uta,data\raw\uta\drowsiness\drowsy_024_d7fc114f.mp4,group_024,8,2335,2645,29.78912431919299,5.9578248638385976,10.0
0.1672269595913305,0.08253496013190538,0.22628331973462534,0.02326340154944086,0.15165589220043396,0.15865462812958922,0.1779927666446078,0.19015766956639427,0.14374835960271998,0.00043640500488402825,0.0847457627118644,2,0.3356929828768766,0.20980811429804788,4,0.4039203297517693,0.037916058585195124,0.0,0.14120241876945958,0.02730106454535627,0.045106565028183526,0.06762539397636717,0.08404538995711758,0.14120241876945958,0.00020598767368391196,0.03389830508474576,2,1,0.1678464914384383,0.1678464914384383,4.410335765249074,0.1694915254237288,0.004786522670151172,SONOLENTO,uta,data\raw\uta\drowsiness\drowsy_024_d7fc114f.mp4,group_024,9,2650,2970,29.78912431919299,5.9578248638385976,10.0
0.14950748692426288,0.0689402354579871,0.23148658955070012,0.039830765069209656,0.08986879064184962,0.11887322319736568,0.1722444242909137,0.19704904802016956,0.162546354092713,0.00011681551826083372,0.3559322033898305,6,1.0070789486306297,0.44059704002590055,8,0.8078406595035386,0.05915305238103789,0.0,0.39223227027636803,0.07069576927285459,0.07559014911825937,0.11399348640529006,0.1405928244070874,0.39223227027636803,0.0015450247870426744,0.0847457627118644,3,2,0.3356929828768766,0.2797441523973972,2.5274259481196286,2.135593220338983,0.03324002290477695,SONOLENTO,uta,data\raw\uta\drowsiness\drowsy_024_d7fc114f.mp4,group_024,10,2975,3330,29.78912431919299,5.9578248638385976,10.0
0.17123238412444453,0.08929789487524825,0.3116276115184734,0.03694902273311435,0.12277966203919699,0.14382929773060774,0.1914355383768298,0.20571616821592467,0.22232971664322515,0.0007299599712370673,0.3220338983050847,6,1.0070789486306297,0.5315138895550546,6,0.6058804946276539,0.13419990549658137,0.019370971105651492,0.6343977119615135,0.15056896160263986,0.20894641080061588,0.36021104520384983,0.427804872491265,0.6150267408558621,-0.006219237549614251,0.3559322033898305,4,9,1.5106184229459447,0.8811940800518011,1.2759406018225898,1.9322033898305082,0.22580257544392854,SONOLENTO,uta,data\raw\uta\drowsiness\drowsy_024_d7fc114f.mp4,group_024,11,3335,3680,29.78912431919299,5.9578248638385976,10.0
0.18740918789373587,0.15497476369880248,0.22576469593287696,0.013902115683452282,0.17130995304403693,0.1793815213906422,0.19582687955777192,0.20143436970809167,0.07078993223407448,0.00014841381713600477,0.0,0,0.0,0.0,0,0.0,0.03719512267970214,0.020203050891044214,0.15069663344883083,0.02480001208830792,0.04480568673715958,0.05041603673200573,0.07412186345105023,0.13049358255778662,0.0001777716178754932,0.03389830508474576,2,1,0.1678464914384383,0.1678464914384383,5.03840654327137,0.0,0.00510836045589257,SONOLENTO,uta,data\raw\uta\drowsiness\drowsy_024_d7fc114f.mp4,group_024,12,3690,3985,29.78912431919299,5.9578248638385976,10.0
0.20305408638253028,0.16787786689459627,0.22524287820326794,0.010101871909444936,0.19088169895760476,0.19747817412516622,0.2094051308556607,0.21627583769881842,0.057365011308671665,0.00022126139440049674,0.0,0,0.0,0.0,0,0.0,0.028460276295565634,0.020896918976428647,0.05,0.009066638840324331,0.03144666041059039,0.044077301917283866,0.04519014395799677,0.029103081023571356,-1.0325079829181797e-05,0.0,0,0,0.0,0.0,7.134398481426035,0.0,0.0,SONOLENTO,uta,data\raw\uta\drowsiness\drowsy_024_d7fc114f.mp4,group_024,13,3990,4280,29.78912431919299,5.9578248638385976,10.0
0.18760487705585313,0.14366637936708795,0.22422116426834204,0.015205717329921297,0.16845549580599475,0.1791884020648037,0.19818653803533162,0.2042498661797611,0.08055478490125409,-0.00013414856452021682,0.01694915254237288,1,0.1678464914384383,0.1678464914384383,1,0.10098008243794232,0.02890384234042992,0.02054987341316966,0.04978884516262318,0.00795742573909339,0.03162277660168379,0.042186737098160565,0.04697971227224316,0.029238971749453516,0.0001434214617374094,0.0,0,0,0.0,0.0,6.490430732896458,0.01694915254237288,0.0,SONOLENTO,uta,data\raw\uta\drowsiness\drowsy_024_d7fc114f.mp4,group_024,14,4285,4580,29.78912431919299,5.9578248638385976,10.0
0.17747614798764233,0.12449327499394058,0.20569841009144307,0.01578149966250453,0.16071419523995464,0.16579736393284808,0.1893650313259011,0.1962401408869144,0.08120513509750249,0.0004091350916000841,0.03389830508474576,2,0.3356929828768766,0.3356929828768766,1,0.10098008243794232,0.034364701936910845,0.021491713855208944,0.08830722018960102,0.011356458076446087,0.038752027975944375,0.04909990209489283,0.051325938368630364,0.06681550633439208,-1.1177259387140634e-05,0.0,0,0,0.0,0.0,5.164339384466993,0.06779661016949153,0.0,SONOLENTO,uta,data\raw\uta\drowsiness\drowsy_024_d7fc114f.mp4,group_024,15,4585,4880,29.78912431919299,5.9578248638385976,10.0
0.1411273984870255,0.06898569824461528,0.23575898199491907,0.03764920250654244,0.09721141927360293,0.11006698533532722,0.17095379794823107,0.19132190968863463,0.16677328375030379,-0.00013608685686705206,0.6101694915254238,20,3.356929828768766,1.2084947383567557,5,0.5049004121897116,0.12277960686628901,0.0,0.6099108518994971,0.1409813405935617,0.14184558554605353,0.2942683979807865,0.4665060491382171,0.6099108518994971,0.0003879996308499808,0.3050847457627119,5,9,1.5106184229459447,0.6042473691783778,1.1494274388195245,12.203389830508476,0.1860744971896771,SONOLENTO,uta,data\raw\uta\drowsiness\drowsy_024_d7fc114f.mp4,group_024,16,4885,5215,29.78912431919299,5.9578248638385976,10.0
0.19169059358342813,0.09983427337963015,0.3014312630202439,0.029270958429445944,0.1717950584384953,0.18162147269275286,0.20462640751816452,0.21334271084288278,0.2015969896406138,9.062252991988595e-05,0.05084745762711865,1,0.1678464914384383,0.1678464914384383,3,0.30294024731382696,0.051368793868660154,0.0,0.14598450400585697,0.03349237465950851,0.07377894012199358,0.10415578846506632,0.10911391314002426,0.14598450400585697,-0.00012436875286302463,0.01694915254237288,1,1,0.1678464914384383,0.1678464914384383,3.7315819112206974,0.05084745762711865,0.002474313627217915,SONOLENTO,uta,data\raw\uta\drowsiness\drowsy_024_d7fc114f.mp4,group_024,17,5220,5560,29.78912431919299,5.9578248638385976,10.0
0.201103137138232,0.16855901297482143,0.25825655416405746,0.017996716606364597,0.18160421002238053,0.1913953498971429,0.20729545386959947,0.21828773368723411,0.08969754118923604,-0.00013088924000891238,0.0,0,0.0,0.0,0,0.0,0.06828732726048702,0.019370971105651492,0.19497170131437347,0.04324839879198579,0.09513275874421162,0.12643628089158648,0.14473489392331848,0.17560073020872197,7.728592863757517e-05,0.13559322033898305,7,2,0.3356929828768766,0.19182456164392947,2.944912332837215,0.0,0.026436840856186233,SONOLENTO,uta,data\raw\uta\drowsiness\drowsy_024_d7fc114f.mp4,group_024,18,5565,5920,29.78912431919299,5.9578248638385976,10.0
0.18883275986397402,0.1496413038653567,0.24129884591920675,0.013932986696271677,0.17392496802093088,0.17959023453034922,0.19666292845121605,0.2037204115080541,0.09165754205385004,0.00017219615668172066,0.01694915254237288,1,0.1678464914384383,0.1678464914384383,1,0.10098008243794232,0.02998786686955429,0.0,0.10397504898200725,0.020372728043514556,0.0286185964308263,0.04360590981128124,0.08059233944153925,0.10397504898200725,6.26404539741563e-05,0.0,0,0,0.0,0.0,6.296762084588244,0.01694915254237288,0.0,SONOLENTO,uta,data\raw\uta\drowsiness\drowsy_024_d7fc114f.mp4,group_024,19,5925,6230,29.78912431919299,5.9578248638385976,10.0
0.18141338384908282,0.08626004463945562,0.22724564702323197,0.02894189419095269,0.14497409166293979,0.17148913526750723,0.19849757082397237,0.20512130264129658,0.14098560238377633,-0.0008720145880155481,0.11864406779661017,3,0.5035394743153149,0.2349850880138136,5,0.5049004121897116,0.09819846084236998,0.0,0.4472135954999579,0.11415150530424194,0.11491604828585936,0.3234845973351135,0.34146324285884305,0.4472135954999579,0.0027369217013077664,0.23728813559322035,5,5,0.8392324571921915,0.4699701760276272,1.8473969438619222,0.3559322033898305,0.10611848028812561,SONOLENTO,uta,data\raw\uta\drowsiness\drowsy_024_d7fc114f.mp4,group_024,20,6235,6560,29.78912431919299,5.9578248638385976,10.0
0.13755039902499877,0.11009216966897226,0.15719710799576833,0.011460642985173112,0.12584031994732905,0.12802465270394534,0.1470685253001438,0.15110315155362555,0.047104938326796075,0.00014264994858335722,0.8333333333333334,22,3.6636647515269196,1.6653021597849635,5,0.5004096874773403,0.013341436579508639,0.0,0.03127100198801298,0.005235498731728448,0.01582623235508992,0.016356891033009344,0.022040264855464453,0.03127100198801298,5.506600735927103e-05,0.0,0,0,0.0,0.0,10.30924135972654,18.333333333333336,0.0,SONOLENTO,uta,data\raw\uta\drowsiness\drowsy_025_3c05e67b.mov,group_025,1,5,300,30.024581248640416,6.004916249728083,10.0
0.12909253774877072,0.10737052595384713,0.14171490169060802,0.008443928794659716,0.11862291739446533,0.12321079121760882,0.1365381012777887,0.13819695053161393,0.034344375736760885,-0.00018228252781578655,1.0,60,9.991812958709781,9.991812958709781,1,0.10008193749546805,0.01957889053542439,0.010923255186885403,0.0494437954988872,0.009070930616302512,0.02472832924296206,0.031956784556682195,0.03595532453891961,0.0385205403120018,-0.0001238849083970865,0.0,0,0,0.0,0.0,6.593118460760213,60.0,0.0,SONOLENTO,uta,data\raw\uta\drowsiness\drowsy_025_3c05e67b.mov,group_025,2,305,600,30.024581248640416,6.004916249728083,10.0
0.12987381625681194,0.10671611511181117,0.1464271964906544,0.009344788200280335,0.11546586544415352,0.12213587176461711,0.135534064966144,0.13931286527242867,0.039711081378843216,1.1771185501039417e-05,1.0,60,9.991812958709781,9.991812958709781,1,0.10008193749546805,0.022088358732547737,0.01105596878011099,0.03499842510630453,0.006716789525879187,0.02508710462249505,0.03096111569564247,0.03167030247383204,0.02394245632619354,0.00010888530813052141,0.0,0,0,0.0,0.0,5.879474267645821,60.0,0.0,SONOLENTO,uta,data\raw\uta\drowsiness\drowsy_025_3c05e67b.mov,group_025,3,605,900,30.024581248640416,6.004916249728083,10.0
0.13093182608054343,0.10827083902680666,0.15038582020674618,0.008787887583626464,0.11918848459873767,0.1262435852303322,0.13797243740723655,0.1410587403242406,0.04211498117993952,0.0001077631837914721,0.9833333333333333,49,8.159980582946321,4.912641371365642,2,0.2001638749909361,0.019263101440704526,0.0,0.03623093282773528,0.008169628810310015,0.02500352431700345,0.03162218851706972,0.03498336749930522,0.03623093282773528,-0.00018097092848952978,0.0,0,0,0.0,0.0,6.79667445084607,48.18333333333333,0.0,SONOLENTO,uta,data\raw\uta\drowsiness\drowsy_025_3c05e67b.mov,group_025,4,905,1200,30.024581248640416,6.004916249728083,10.0
0.1407761515500578,0.12128215333915782,0.16796293814097368,0.008438547651547319,0.13183928000948184,0.13634943756219794,0.14538242089591613,0.1524101506646363,0.04668078480181587,0.00010568401324993991,0.8666666666666667,16,2.6644834556559416,1.443261871813635,6,0.6004916249728083,0.022136177583224302,0.0,0.0884628068267601,0.013451874501846098,0.025311595910526095,0.034431921009609644,0.044317451828473346,0.0884628068267601,0.0002446292825729917,0.0,0,0,0.0,0.0,6.3592637779054035,13.866666666666667,0.0,SONOLENTO,uta,data\raw\uta\drowsiness\drowsy_025_3c05e67b.mov,group_025,5,1205,1500,30.024581248640416,6.004916249728083,10.0
0.13625121370879253,0.11972993558483425,0.15390400973018536,0.007696746986946009,0.1258250668629744,0.13052823594526433,0.14216189977480095,0.1443817967786759,0.03417407414535112,-7.506208263117487e-05,0.9666666666666667,27,4.496315831419401,3.2195841755842625,3,0.30024581248640414,0.04480372973133292,0.010396381025863422,0.135552224378424,0.02363471281285029,0.0631943353087176,0.07131938387283122,0.07470747322867527,0.12515584335256058,-0.0007216208754831144,0.016666666666666666,1,1,0.16653021597849635,0.16653021597849635,3.0410006828700746,26.1,0.0022592037396404,SONOLENTO,uta,data\raw\uta\drowsiness\drowsy_025_3c05e67b.mov,group_025,6,1505,1800,30.024581248640416,6.004916249728083,10.0
0.13515352908929265,0.11436823700856061,0.145162785631833,0.006619126633837276,0.1272784074209344,0.13058951522720513,0.14052897649783685,0.14268152490475203,0.030794548623272383,0.00014306801504442607,1.0,60,9.991812958709781,9.991812958709781,1,0.10008193749546805,0.02342189264309564,0.0,0.0638559653189165,0.013608842914447642,0.033249325278888894,0.042949322606618975,0.04422603307748634,0.0638559653189165,-3.889802752970394e-05,0.0,0,0,0.0,0.0,5.770146802475817,60.0,0.0,SONOLENTO,uta,data\raw\uta\drowsiness\drowsy_025_3c05e67b.mov,group_025,7,1805,2100,30.024581248640416,6.004916249728083,10.0
0.13610725123932746,0.08799723965686977,0.15536938590263355,0.010890005091405449,0.1278409926342165,0.13213911865630426,0.14176544955427292,0.1459315801370735,0.06737214624576378,8.656558050264512e-05,0.95,50,8.326510798924817,4.746111155387146,2,0.2001638749909361,0.023879331908770375,0.0,0.09551292750287763,0.018047074212828692,0.026602486198246757,0.04426309596818023,0.0487289529260947,0.09551292750287763,-3.6990187755247584e-05,0.0,0,0,0.0,0.0,5.699554418225662,47.5,0.0,SONOLENTO,uta,data\raw\uta\drowsiness\drowsy_025_3c05e67b.mov,group_025,8,2105,2400,30.024581248640416,6.004916249728083,10.0
0.13724482416113318,0.12279690005613098,0.15394467272321957,0.0064500996380563655,0.13067075396069003,0.13258352988335592,0.14108976278974908,0.14520312999266075,0.031147772667088597,5.23793602257372e-05,0.95,32,5.328966911311883,2.373055577693573,4,0.4003277499818722,0.016157692031347003,0.0,0.04744454453203825,0.007795512894187869,0.01581361727462737,0.02500824359834129,0.033966657552332385,0.04744454453203825,0.0001439241370461828,0.0,0,0,0.0,0.0,8.49356023958409,30.4,0.0,SONOLENTO,uta,data\raw\uta\drowsiness\drowsy_025_3c05e67b.mov,group_025,9,2405,2700,30.024581248640416,6.004916249728083,10.0
0.1312982500199015,0.11969613929024638,0.14131325748814505,0.004189860498534543,0.12766099858855373,0.12830850694143525,0.13415193312169274,0.13714119220211687,0.021617118197898674,-2.3195158177463173e-05,1.0,60,9.991812958709781,9.991812958709781,1,0.10008193749546805,0.04361179738542931,0.010489189904469216,0.10925285948808793,0.02376747757527946,0.053588351289804985,0.08664341494196257,0.08816553852989797,0.09876366958361871,-0.0005785977075929272,0.0,0,0,0.0,0.0,3.0105441038223155,60.0,0.0,SONOLENTO,uta,data\raw\uta\drowsiness\drowsy_025_3c05e67b.mov,group_025,10,2705,3000,30.024581248640416,6.004916249728083,10.0
0.13397262433636284,0.11836476180104157,0.15073325331466547,0.007086341276071979,0.12616584842480139,0.12916276420502343,0.13853162614899334,0.14391627690062073,0.032368491513623907,8.742260872238374e-05,0.9833333333333333,50,8.326510798924817,4.912641371365642,2,0.2001638749909361,0.04226193589092418,0.01500328232705284,0.10799590454065947,0.019995425630253236,0.05357546467108889,0.06775176453378123,0.07750955735873022,0.09299262221360663,-0.0003697141329164339,0.0,0,0,0.0,0.0,3.1699791202894874,49.166666666666664,0.0,SONOLENTO,uta,data\raw\uta\drowsiness\drowsy_025_3c05e67b.mov,group_025,11,3005,3300,30.024581248640416,6.004916249728083,10.0
0.1397671180199026,0.12851857738229241,0.15661521532027306,0.0064587592848834455,0.13128272336771485,0.13542189580220623,0.1431792207005231,0.14685781830893038,0.028096637937980645,3.3051109910580426e-05,0.95,29,4.829376263376394,3.1640741035914304,3,0.30024581248640414,0.031054647639975504,0.010389084728188357,0.08649607580657799,0.016322701672748248,0.04030207755738739,0.05479633077254054,0.05803392070976511,0.07610699107838964,0.0001659799034856781,0.0,0,0,0.0,0.0,4.50053786158983,27.549999999999997,0.0,SONOLENTO,uta,data\raw\uta\drowsiness\drowsy_025_3c05e67b.mov,group_025,12,3305,3600,30.024581248640416,6.004916249728083,10.0
0.1363277772279806,0.12425467607291789,0.15218104668858135,0.0056456724632383895,0.12910945789026496,0.1323711524753694,0.1401496200943298,0.1423053828534431,0.027926370615663457,6.161267653461879e-05,0.9833333333333333,37,6.1616179912043645,4.912641371365642,2,0.2001638749909361,0.029632893104012643,0.0,0.06664665566016252,0.014014876122471882,0.03822682898104344,0.047408546135801775,0.0553254684853803,0.06664665566016252,4.2065875446725534e-05,0.0,0,0,0.0,0.0,4.600400519414738,36.38333333333333,0.0,SONOLENTO,uta,data\raw\uta\drowsiness\drowsy_025_3c05e67b.mov,group_025,13,3605,3900,30.024581248640416,6.004916249728083,10.0
0.1348214196096816,0.1163054059412051,0.1503602438777999,0.006792536712678333,0.12665469408798702,0.13061326561548217,0.14073967531015397,0.14362025033188308,0.03405483793659479,0.00018037192260324757,0.9833333333333333,56,9.325692094795796,4.912641371365642,2,0.2001638749909361,0.05719541609213356,0.010608922673515347,0.15481100404763246,0.034118338745421875,0.06993611464866659,0.11322459853938671,0.12477380101192134,0.1442020813741171,0.0013248527815206822,0.06666666666666667,3,2,0.3330604319569927,0.22204028797132844,2.3571655152747257,55.06666666666666,0.010320733603175498,SONOLENTO,uta,data\raw\uta\drowsiness\drowsy_025_3c05e67b.mov,group_025,14,3905,4200,30.024581248640416,6.004916249728083,10.0
0.13977093319153766,0.12450895259921908,0.1569713987750793,0.0060224797956717905,0.1324180154950009,0.13616966863124014,0.14350747103010725,0.1471892516471782,0.03246244617586021,-2.1002286674231455e-05,0.95,36,5.995087775225868,4.746111155387146,2,0.2001638749909361,0.09289936474573547,0.052445949522346075,0.21262733822280125,0.028847060675074324,0.09693077619723311,0.1164610623939367,0.14908110103504646,0.16018138870045517,9.313327566277587e-05,0.1,5,2,0.3330604319569927,0.19983625917419562,1.504525128335987,34.199999999999996,0.021262733822280125,SONOLENTO,uta,data\raw\uta\drowsiness\drowsy_025_3c05e67b.mov,group_025,15,4205,4500,30.024581248640416,6.004916249728083,10.0
0.1467272530646847,0.12930600053779853,0.16648095657461895,0.008489504619574666,0.1361003370833728,0.14104032456642268,0.1532277366783768,0.15820856403951508,0.03717495603682042,0.0002593585120317978,0.6833333333333333,17,2.831013671634438,1.3655477710236699,5,0.5004096874773403,0.0852308421602281,0.042835293687811936,0.1675189576951334,0.023575942129830555,0.09460644180790015,0.11491050999912737,0.12821028007167312,0.12468366400732145,-6.63369732833713e-05,0.08333333333333333,5,1,0.16653021597849635,0.16653021597849635,1.7215074712200968,11.616666666666667,0.013959913141261115,SONOLENTO,uta,data\raw\uta\drowsiness\drowsy_025_3c05e67b.mov,group_025,16,4505,4800,30.024581248640416,6.004916249728083,10.0
0.14309977673961846,0.13131243860618583,0.15670488693524326,0.005907241003379772,0.136183671143189,0.13826430008906537,0.14711385462882987,0.14987443751141327,0.025392448329057432,-4.272814612698252e-05,0.9,41,6.82773885511835,1.7985263325677607,5,0.5004096874773403,0.08043336712577408,0.0317999364001908,0.2200871558369174,0.04039897346208535,0.09422456298417052,0.1360749098992373,0.15311246137740073,0.1882872194367266,-0.00045583171152084096,0.13333333333333333,6,3,0.499590647935489,0.22204028797132844,1.7790874952227245,36.9,0.029344954111588988,SONOLENTO,uta,data\raw\uta\drowsiness\drowsy_025_3c05e67b.mov,group_025,17,4805,5100,30.024581248640416,6.004916249728083,10.0
0.13502458957284363,0.11464296520440398,0.1548975309815551,0.00736978035943058,0.12613927716201234,0.13063760530045881,0.13900803193628838,0.14361745002966303,0.04025456577715111,2.2473160236393174e-06,0.9666666666666667,29,4.829376263376394,3.2195841755842625,3,0.30024581248640414,0.049532611129922334,0.010616692370889646,0.12123707679025725,0.02661648370735361,0.06395635415308655,0.08399471278733438,0.09782505141326356,0.1106203844193676,-4.9798632159402765e-06,0.016666666666666666,1,1,0.16653021597849635,0.16653021597849635,2.7259185529333996,28.033333333333335,0.0020206179465042874,SONOLENTO,uta,data\raw\uta\drowsiness\drowsy_025_3c05e67b.mov,group_025,18,5105,5400,30.024581248640416,6.004916249728083,10.0
0.13427959103539278,0.1153619983888077,0.15389736566122297,0.008245566048576902,0.1234299754209799,0.12910481566182042,0.13887536488595753,0.14548488762804523,0.03853536727241527,-1.6446497069163883e-05,0.9833333333333333,51,8.493041014903314,4.912641371365642,2,0.2001638749909361,0.037687495498999385,0.0,0.0812341355070244,0.018273767020052237,0.05248962301582529,0.06309126070352367,0.0670517421997491,0.0812341355070244,0.00021388450332736204,0.0,0,0,0.0,0.0,3.5628801112253963,50.15,0.0,SONOLENTO,uta,data\raw\uta\drowsiness\drowsy_025_3c05e67b.mov,group_025,19,5405,5700,30.024581248640416,6.004916249728083,10.0
0.12759799186770432,0.11243347433250639,0.14806225639634438,0.00717873016304592,0.11921941842845456,0.12329473362063392,0.13195910133937117,0.13515731699803332,0.03562878206383799,-0.00010861333754818167,1.0,60,9.991812958709781,9.991812958709781,1,0.10008193749546805,0.038579777016970976,0.0105999788000636,0.07657048647896111,0.015228254631155912,0.05236828157485254,0.05582628112273165,0.06525062232212067,0.06597050767889752,-0.00017084998059696332,0.0,0,0,0.0,0.0,3.3072945060587116,60.0,0.0,SONOLENTO,uta,data\raw\uta\drowsiness\drowsy_025_3c05e67b.mov,group_025,20,5705,6000,30.024581248640416,6.004916249728083,10.0
0.1796270557339851,0.13562794623737515,0.20669498100591757,0.013113007645399367,0.16677944290927105,0.17246624771145214,0.19010681107596816,0.19233580755796958,0.07106703476854243,0.00043526839446312947,0.041666666666666664,2,0.41655509439014593,0.41655509439014593,1,0.10002678451854828,0.011407253797270422,0.0,0.02903739520695205,0.006851397426235343,0.013512279797026393,0.018606462588589622,0.019020088808441662,0.02903739520695205,-4.464974061315977e-05,0.0,0,0,0.0,0.0,15.745359362268333,0.08333333333333333,0.0,SONOLENTO,uta,data\raw\uta\drowsiness\drowsy_026_549e4728.mov,group_026,1,5,240,24.006428284451587,4.801285656890317,10.0
0.1804221540686716,0.16127015748261742,0.1993201987040397,0.0082712936797748,0.17098901636304803,0.1750587202956097,0.18428434947686478,0.1909295027818028,0.038050041221422276,-3.9727434578855474e-05,0.0,0,0.0,0.0,0,0.0,0.014624199234502358,0.0,0.06453938041598581,0.013533668972422397,0.01818830523847,0.028667538173074228,0.034846632626230674,0.06453938041598581,0.00017975867656797528,0.0,0,0,0.0,0.0,12.336389486102663,0.0,0.0,SONOLENTO,uta,data\raw\uta\drowsiness\drowsy_026_549e4728.mov,group_026,2,245,480,24.006428284451587,4.801285656890317,10.0
0.17897535381320995,0.14710537616674751,0.20351171306410953,0.010331201051589259,0.1650918633779842,0.1730948194074392,0.1853087408789842,0.1895258934288373,0.05640633689736202,-2.4933029135280322e-05,0.020833333333333332,1,0.20827754719507297,0.20827754719507297,1,0.10002678451854828,0.018179294821863107,0.0,0.0906472661989917,0.017093606447895312,0.02630668208823282,0.03225130730269402,0.048536465614950314,0.0906472661989917,0.00011583075865700054,0.0,0,0,0.0,0.0,9.844469276591667,0.020833333333333332,0.0,SONOLENTO,uta,data\raw\uta\drowsiness\drowsy_026_549e4728.mov,group_026,3,485,720,24.006428284451587,4.801285656890317,10.0
0.16910326442081247,0.13744651911767083,0.1965666958597896,0.011407963223135661,0.1573978260850235,0.16264033462100438,0.17580798366226666,0.18429210991526324,0.05912017674211875,-6.425181331157194e-05,0.041666666666666664,2,0.41655509439014593,0.41655509439014593,1,0.10002678451854828,0.027440407195637822,0.0,0.0768978023776524,0.017428080974130376,0.038957753743362813,0.05195311793735001,0.060915602630902885,0.0768978023776524,-1.1709459665193296e-05,0.0,0,0,0.0,0.0,6.162339387890198,0.08333333333333333,0.0,SONOLENTO,uta,data\raw\uta\drowsiness\drowsy_026_549e4728.mov,group_026,4,725,960,24.006428284451587,4.801285656890317,10.0
0.16598831393477648,0.1440650668095695,0.18863236669331446,0.009417013229533458,0.15194589351860224,0.1600025722274841,0.1724392835764799,0.17639963362290245,0.04456729988374497,9.9887901577871e-05,0.041666666666666664,1,0.20827754719507297,0.20827754719507297,2,0.20005356903709656,0.0321950218163469,0.0,0.11107725641467897,0.022858572248860697,0.038977687829709236,0.052375033329222505,0.08947851766820504,0.11107725641467897,0.0003331622300435578,0.0,0,0,0.0,0.0,5.155553530234569,0.041666666666666664,0.0,SONOLENTO,uta,data\raw\uta\drowsiness\drowsy_026_549e4728.mov,group_026,5,965,1200,24.006428284451587,4.801285656890317,10.0
0.16004014358720767,0.1088265662430197,0.18590489604160768,0.015211709167123081,0.14235273265186776,0.15052263316200373,0.17057714155214676,0.1779975418463155,0.07707832979858797,1.2848832902011524e-05,0.22916666666666666,3,0.6248326415852189,0.32729328844940037,7,0.700187491629838,0.015147894256823849,0.0,0.11291995079911113,0.017387022746230746,0.01836486123448497,0.025614152914125915,0.029283370136244016,0.11291995079911113,-0.0001406697081142598,0.0,0,0,0.0,0.0,10.564476909931383,0.6875,0.0,SONOLENTO,uta,data\raw\uta\drowsiness\drowsy_026_549e4728.mov,group_026,6,1205,1445,24.006428284451587,4.801285656890317,10.0
0.15307443282263347,0.13039972188829496,0.17903564504277275,0.009810123709988487,0.13920913374014507,0.1476730575380747,0.15854612729769185,0.16512201345981953,0.04863592315447779,-1.24921653736343e-05,0.3333333333333333,4,0.8331101887802919,0.41655509439014593,8,0.8002142761483862,0.018762826307119587,0.0,0.0624951177596301,0.012406087262214559,0.01859560294039745,0.03717307158823914,0.04739860038775807,0.0624951177596301,-0.00010789106749430961,0.0,0,0,0.0,0.0,8.157954050371496,1.3333333333333333,0.0,SONOLENTO,uta,data\raw\uta\drowsiness\drowsy_026_549e4728.mov,group_026,7,1450,1685,24.006428284451587,4.801285656890317,10.0
0.15830810995815123,0.14073454975830077,0.17520406614797934,0.00783081938650741,0.1493860312054853,0.15320608980972067,0.16458282869171248,0.1681145035395106,0.03446951638967857,0.0001964613810359108,0.125,3,0.6248326415852189,0.31241632079260945,4,0.4001071380741931,0.014941576642032195,0.0,0.027942119170441704,0.006433894972835553,0.018360217584555836,0.02540987962971984,0.025848834942922682,0.027942119170441704,9.021188029967046e-05,0.0,0,0,0.0,0.0,10.594431854064847,0.375,0.0,SONOLENTO,uta,data\raw\uta\drowsiness\drowsy_026_549e4728.mov,group_026,8,1690,1925,24.006428284451587,4.801285656890317,10.0
0.16343060991610223,0.13767744199971593,0.18214413683242092,0.0104906459762868,0.15036327601760593,0.15510955085649875,0.17104752798212652,0.17471796344963209,0.04446669483270499,4.6100153512750826e-05,0.10416666666666667,2,0.41655509439014593,0.26034693399384123,4,0.4001071380741931,0.017967155027997894,0.0,0.07497657348060921,0.014491138564347035,0.018487177422052713,0.038111277370316644,0.03900033632416127,0.07497657348060921,-0.000172413582536981,0.0,0,0,0.0,0.0,9.09556989359483,0.20833333333333334,0.0,SONOLENTO,uta,data\raw\uta\drowsiness\drowsy_026_549e4728.mov,group_026,9,1930,2165,24.006428284451587,4.801285656890317,10.0
0.16074194307510925,0.13616911799162573,0.1790686842726049,0.00925059528308071,0.14943998953174886,0.15709943477141186,0.16567322931120573,0.16882381420485928,0.04289956628097916,-4.549976040387335e-06,0.125,4,0.8331101887802919,0.41655509439014593,3,0.30008035355564483,0.014306801311869505,0.0,0.05425138981075869,0.009217869312151123,0.018124985839860344,0.018930928269348623,0.027948666314477455,0.05425138981075869,-5.08420331086828e-06,0.0,0,0,0.0,0.0,11.23456634400986,0.5,0.0,SONOLENTO,uta,data\raw\uta\drowsiness\drowsy_026_549e4728.mov,group_026,10,2170,2405,24.006428284451587,4.801285656890317,10.0
0.1582134435233364,0.1366711272771064,0.18101609328361107,0.009390124089900623,0.14800364152998566,0.15203142331718392,0.1623630190626581,0.17021765152741553,0.04434496600650467,0.00011508222739283231,0.16666666666666666,2,0.41655509439014593,0.27770339626009727,6,0.6001607071112897,0.016643478276561267,0.0,0.052842960263488954,0.010230951167570156,0.01836486123448497,0.028660237979982735,0.03915193121023227,0.052842960263488954,-0.00011036003937628874,0.0,0,0,0.0,0.0,9.505461264360108,0.3333333333333333,0.0,SONOLENTO,uta,data\raw\uta\drowsiness\drowsy_026_549e4728.mov,group_026,11,2410,2645,24.006428284451587,4.801285656890317,10.0
0.15855628424618998,0.12540117325311612,0.17872343069565633,0.012092408561048876,0.14291860346769164,0.15415690269611027,0.16583035590652753,0.17202911302699225,0.05332225744254021,-0.0001771644101106313,0.1875,4,0.8331101887802919,0.6248326415852189,3,0.30008035355564483,0.02356791664975345,0.0,0.08747266906071074,0.0198465021467037,0.027942119170441704,0.03866975961895689,0.077291389041514,0.08747266906071074,-0.0001843700457148036,0.0,0,0,0.0,0.0,6.727347149740487,0.75,0.0,SONOLENTO,uta,data\raw\uta\drowsiness\drowsy_026_549e4728.mov,group_026,12,2650,2885,24.006428284451587,4.801285656890317,10.0
0.1649470184583248,0.13782536310601604,0.1870496109632182,0.010133568591308125,0.15243675783030886,0.15968476985181052,0.17211950786237404,0.17571157884653543,0.04922424785720217,-2.9867758317319603e-05,0.0625,2,0.41655509439014593,0.31241632079260945,2,0.20005356903709656,0.022592633573040723,0.0,0.1007074368138451,0.017984275869969462,0.02596745803065638,0.03846905431997993,0.038865093275551085,0.1007074368138451,-0.0001699578496634344,0.0,0,0,0.0,0.0,7.300597220233916,0.125,0.0,SONOLENTO,uta,data\raw\uta\drowsiness\drowsy_026_549e4728.mov,group_026,13,2890,3125,24.006428284451587,4.801285656890317,10.0
0.15651496434968734,0.12979342549381212,0.18211363705661432,0.009735573006975829,0.14508843526857215,0.15184797086346236,0.16104363151689272,0.16631101169943058,0.0523202115628022,0.0002011710055697371,0.20833333333333334,4,0.8331101887802919,0.3471292453251216,6,0.6001607071112897,0.015161760930534089,0.0,0.04157653749630318,0.007351115012568206,0.018360217584555836,0.018603082083152568,0.024908815781364255,0.04157653749630318,0.00019498205708292352,0.0,0,0,0.0,0.0,10.322326195521853,0.8333333333333334,0.0,SONOLENTO,uta,data\raw\uta\drowsiness\drowsy_026_549e4728.mov,group_026,14,3130,3365,24.006428284451587,4.801285656890317,10.0
0.1642657907640723,0.14118748488978128,0.18348843792501962,0.009565877405007172,0.14968930745311929,0.1613055839779076,0.17023629954323974,0.17600323694493344,0.04230095303523834,0.00017900484959598202,0.10416666666666667,1,0.20827754719507297,0.20827754719507297,5,0.5001339225927414,0.022645084141553265,0.0,0.17885378546361225,0.030506141599496765,0.019945766115416354,0.03175012683260697,0.0628186633524299,0.17885378546361225,-0.0002283539567137676,0.041666666666666664,2,1,0.20827754719507297,0.20827754719507297,7.253606837160039,0.10416666666666667,0.007452241060983843,SONOLENTO,uta,data\raw\uta\drowsiness\drowsy_026_549e4728.mov,group_026,15,3370,3605,24.006428284451587,4.801285656890317,10.0
0.15887128676273607,0.12214243399793362,0.17964129241520574,0.009751857320060882,0.1507943381333447,0.1557450515783924,0.16416423172802494,0.16861199614266398,0.05749885841727212,0.00020990692667108616,0.08333333333333333,3,0.6248326415852189,0.41655509439014593,2,0.20005356903709656,0.015451011867154904,0.0,0.040028831141371894,0.0077269739514514366,0.01812945323979834,0.02061885212285045,0.028300010987408024,0.040028831141371894,4.741478757976783e-05,0.0,0,0,0.0,0.0,10.281592334292466,0.25,0.0,SONOLENTO,uta,data\raw\uta\drowsiness\drowsy_026_549e4728.mov,group_026,16,3610,3845,24.006428284451587,4.801285656890317,10.0
0.1631293633416014,0.12650305714753673,0.18104706901611134,0.01215187988532809,0.1484893593600015,0.1579429682507992,0.1703374614593538,0.17478091201139312,0.054544011868574604,-0.0002998615352414471,0.10416666666666667,4,0.8331101887802919,0.5206938679876825,2,0.20005356903709656,0.02548687225012949,0.0,0.08838144311777256,0.02017480148098534,0.036695462424800485,0.04282150757977371,0.06929100956486044,0.08838144311777256,0.00033779370958886973,0.0,0,0,0.0,0.0,6.400273892646045,0.4166666666666667,0.0,SONOLENTO,uta,data\raw\uta\drowsiness\drowsy_026_549e4728.mov,group_026,17,3850,4085,24.006428284451587,4.801285656890317,10.0
0.16467606683437228,0.14223788329892706,0.1842260493158665,0.009949139125249012,0.15244758748129209,0.15577795901289443,0.1722802374954016,0.1758944924668061,0.04198816601693944,-0.0001747408324313278,0.041666666666666664,1,0.20827754719507297,0.20827754719507297,2,0.20005356903709656,0.0209335068524172,0.0,0.11761450567990027,0.019672385553834694,0.02499804710385204,0.031204078467522767,0.05712099571159779,0.11761450567990027,-0.00036920621334732235,0.0,0,0,0.0,0.0,7.8662501101791165,0.041666666666666664,0.0,SONOLENTO,uta,data\raw\uta\drowsiness\drowsy_026_549e4728.mov,group_026,18,4090,4325,24.006428284451587,4.801285656890317,10.0
0.16505615213740546,0.12990554978652968,0.18499209998654859,0.012873274349663478,0.14952356127012728,0.1578476186359465,0.1757838401843982,0.1800569196933131,0.0550865502000189,0.00023743546872776798,0.125,3,0.6248326415852189,0.6248326415852189,2,0.20005356903709656,0.0273684505643656,0.0,0.12195121951219512,0.024007384970726412,0.02743803304778229,0.061698789113378824,0.06942914287493376,0.12195121951219512,-1.912224088325151e-06,0.020833333333333332,1,1,0.20827754719507297,0.20827754719507297,6.0306710121651035,0.375,0.002540650406504065,SONOLENTO,uta,data\raw\uta\drowsiness\drowsy_026_549e4728.mov,group_026,19,4330,4565,24.006428284451587,4.801285656890317,10.0
0.1720079887421869,0.1535204072499077,0.1856405756202077,0.008166766279503902,0.1613299338682148,0.1669482898562028,0.17811088662831132,0.1813490462352354,0.03212016837029999,-7.899943868062636e-05,0.0,0,0.0,0.0,0,0.0,0.03285869265239231,0.0,0.12107405163651166,0.02580675503747325,0.038573651660194594,0.07436308643333983,0.08602183497684616,0.12107405163651166,-0.00018253778091229604,0.020833333333333332,1,1,0.20827754719507297,0.20827754719507297,5.234619524953593,0.0,0.0025223760757606597,SONOLENTO,uta,data\raw\uta\drowsiness\drowsy_026_549e4728.mov,group_026,20,4570,4805,24.006428284451587,4.801285656890317,10.0
0.17597109294649,0.05300083865552489,0.3055755688967906,0.06409282333764353,0.10982137514685474,0.12186506670597817,0.2222979009732045,0.2515329513259827,0.2525747302412657,-0.0007478645953439811,0.42424242424242425,7,2.1001329568788503,1.0500664784394251,4,0.40401482473083,0.003794135677726279,0.0,0.04038961958610097,0.010378620698385436,0.0,0.02221365379228265,0.028524895269256473,0.04038961958610097,-0.00035502761300120915,0.0,0,0,0.0,0.0,46.36753673373723,2.9696969696969697,0.0,SONOLENTO,uta,data\raw\uta\drowsiness\drowsy_027_893cbb7f.mp4,group_027,1,5,165,16.66561152014674,3.333122304029348,10.0
0.14310149029255523,0.029285661433792236,0.25667803686920565,0.05962083454425331,0.06586397197102585,0.11588646888745388,0.17809915058856515,0.23638293773375058,0.2273923754354134,-0.0014982148216514438,0.5151515151515151,5,1.5000949691991787,0.8500538158795347,6,0.606022237096245,0.011200999287618705,0.0,0.09597850322264759,0.021545117286734517,0.0292103118918493,0.030247530200945175,0.04352043276439581,0.09597850322264759,-0.001268119737585523,0.0,0,0,0.0,0.0,12.77463840322877,2.5757575757575757,0.0,SONOLENTO,uta,data\raw\uta\drowsiness\drowsy_027_893cbb7f.mp4,group_027,2,170,330,16.66561152014674,3.333122304029348,10.0
0.13547227132488984,0.04972559228160961,0.23362946110408456,0.055791018589415306,0.07697686714500293,0.08270515291429999,0.1736670592554992,0.2301235825698227,0.18390386882247495,0.0030254601993630927,0.6363636363636364,12,3.6002279260780288,1.5750997176591377,4,0.40401482473083,0.0,0.0,0.0,0.0,0.0,0.0,0.0,0.0,0.0,0.0,0,0,0.0,0.0,135472.27132488985,7.636363636363637,0.0,SONOLENTO,uta,data\raw\uta\drowsiness\drowsy_027_893cbb7f.mp4,group_027,3,335,495,16.66561152014674,3.333122304029348,10.0
0.16663676881275075,0.04344633347726192,0.3495657822908263,0.1013491038787435,0.058174534210023915,0.08147377722682667,0.24268116464095876,0.33443923565325256,0.3061194488135644,0.005536952553633522,0.6060606060606061,14,4.2002659137577005,1.2000759753593429,5,0.5050185309135375,0.0019244868035190616,0.0,0.03225806451612903,0.00757772812009465,0.0,0.0,0.012499999999999956,0.03225806451612903,9.433758840779712e-05,0.0,0,0,0.0,0.0,86.54266988909079,8.484848484848484,0.0,SONOLENTO,uta,data\raw\uta\drowsiness\drowsy_027_893cbb7f.mp4,group_027,4,500,660,16.66561152014674,3.333122304029348,10.0
0.2672989624747372,0.07954998459042567,0.31767104357020737,0.04998147476698872,0.22056461973162367,0.24990560032842746,0.3019289732315572,0.3035781630074519,0.2381210589797817,0.000964095147062547,0.06060606060606061,2,0.6000379876796714,0.6000379876796714,1,0.1010037061827075,0.00186524334251607,0.0,0.03125,0.007344395442170059,0.0,0.0,0.012121212121212078,0.03125,9.241816561335275e-05,0.0,0,0,0.0,0.0,143.2283541943489,0.12121212121212122,0.0,SONOLENTO,uta,data\raw\uta\drowsiness\drowsy_027_893cbb7f.mp4,group_027,5,665,825,16.66561152014674,3.333122304029348,10.0
0.27058560345725485,0.14515414106864338,0.3132087303195815,0.04067978745582553,0.22573338177608007,0.27229241374562063,0.28929858417223286,0.2986563182387565,0.16805458925093814,0.0003566146475531222,0.030303030303030304,1,0.3000189938398357,0.3000189938398357,1,0.1010037061827075,0.004620064279155189,0.0,0.03125,0.010934061711762956,0.0,0.030303030303030304,0.030303030303030304,0.03125,-0.0006624356870847512,0.0,0,0,0.0,0.0,58.55482354526404,0.030303030303030304,0.0,SONOLENTO,uta,data\raw\uta\drowsiness\drowsy_027_893cbb7f.mp4,group_027,6,830,990,16.66561152014674,3.333122304029348,10.0
0.30738504623902485,0.2934993417243995,0.33454694495004994,0.010761856434616152,0.2943334278338934,0.29906996666522095,0.3122325694087037,0.3241487886200146,0.04104760322565043,-6.161140017554833e-05,0.0,0,0.0,0.0,0,0.0,0.005537916601602738,0.0,0.03125,0.01174866479247736,0.0,0.030303030303030304,0.030303030303030304,0.03125,0.0005386607305919514,0.0,0,0,0.0,0.0,55.49551804951894,0.0,0.0,SONOLENTO,uta,data\raw\uta\drowsiness\drowsy_027_893cbb7f.mp4,group_027,7,995,1155,16.66561152014674,3.333122304029348,10.0
0.23565499455030997,0.06836111636835118,0.3309386597576055,0.0791057889434851,0.08486675847118691,0.1975789577030811,0.2845376642980732,0.3117015336139246,0.2625775433892543,-0.0003655923327565921,0.18181818181818182,3,0.9000569815195072,0.6000379876796714,3,0.3030111185481225,0.004620062341247037,0.0,0.03125,0.010936392773100217,0.0,0.030111111632993855,0.030667376935549964,0.03125,-0.00010605602086177608,0.0,0,0,0.0,0.0,50.99584838899106,0.5454545454545454,0.0,SONOLENTO,uta,data\raw\uta\drowsiness\drowsy_027_893cbb7f.mp4,group_027,8,1160,1320,16.66561152014674,3.333122304029348,10.0
0.19926046503547268,0.050122380939170166,0.30229772788210924,0.06335943639386124,0.0988692705282754,0.15850088551838723,0.23841797877426954,0.24832971217979463,0.2521753469429391,-0.002591198051043685,0.24242424242424243,4,1.2000759753593429,0.8000506502395619,3,0.3030111185481225,0.0104116054596007,0.0,0.09657341699694758,0.020135697015339155,0.030178582014172842,0.03125,0.031646517604383216,0.09657341699694758,0.000307213833989586,0.0,0,0,0.0,0.0,19.13646548969636,0.9696969696969697,0.0,SONOLENTO,uta,data\raw\uta\drowsiness\drowsy_027_893cbb7f.mp4,group_027,9,1325,1485,16.66561152014674,3.333122304029348,10.0
0.140921280220132,0.029285661433792236,0.19764235376052372,0.03955960314276132,0.07998923698692795,0.12456590534584634,0.1767586682535458,0.18005282137467474,0.16835669232673148,0.0003324935867443366,0.5151515151515151,5,1.5000949691991787,1.0200645790554415,5,0.5050185309135375,0.0,0.0,0.0,0.0,0.0,0.0,0.0,0.0,0.0,0.0,0,0,0.0,0.0,140921.280220132,2.5757575757575757,0.0,SONOLENTO,uta,data\raw\uta\drowsiness\drowsy_027_893cbb7f.mp4,group_027,10,1490,1650,16.66561152014674,3.333122304029348,10.0
0.19774794096393822,0.060550154053325436,0.24075763924068283,0.041472780443410004,0.13486476436969816,0.19219615962682976,0.2232091138404069,0.23813975692870903,0.1802074851873574,0.0007556508422243198,0.15151515151515152,2,0.6000379876796714,0.5000316563997262,3,0.3030111185481225,0.003133743847556067,0.0,0.042835293687811936,0.010068933927008165,0.0,0.0,0.030289126640769135,0.042835293687811936,0.0005083268976936777,0.0,0,0,0.0,0.0,63.082647444418136,0.30303030303030304,0.0,SONOLENTO,uta,data\raw\uta\drowsiness\drowsy_027_893cbb7f.mp4,group_027,11,1655,1815,16.66561152014674,3.333122304029348,10.0
0.13529491598027796,0.0,0.24014557620082783,0.054724664793365824,0.06062836803397644,0.10918711553099489,0.1648526588631849,0.22508929021204538,0.24014557620082783,-0.0010574523615190267,0.6666666666666666,15,4.500284907597536,2.200139288158795,3,0.3030111185481225,0.0009178523224475496,0.0,0.030289126640769135,0.005192156810643872,0.0,0.0,0.0,0.030289126640769135,-0.00016197393925545026,0.0,0,0,0.0,0.0,147.2433737990589,10.0,0.0,SONOLENTO,uta,data\raw\uta\drowsiness\drowsy_027_893cbb7f.mp4,group_027,12,1820,1980,16.66561152014674,3.333122304029348,10.0
0.20493770155416988,0.17000916614465514,0.24268116464095876,0.016291373310789933,0.18656343082128063,0.1932215496884682,0.21651298949685352,0.22491589409749552,0.07267199849630362,0.0011395588974337663,0.0,0,0.0,0.0,0,0.0,0.002727812888240696,0.0,0.030303030303030304,0.008627031882139006,0.0,0.0,0.02976827094474153,0.030303030303030304,-0.00017783608338814365,0.0,0,0,0.0,0.0,75.10141220649837,0.0,0.0,SONOLENTO,uta,data\raw\uta\drowsiness\drowsy_027_893cbb7f.mp4,group_027,13,1985,2145,16.66561152014674,3.333122304029348,10.0
0.20063764694816674,0.12392071898126517,0.25011486331871835,0.035996194511776804,0.14163451649656097,0.18108708130445955,0.22766822768081374,0.24213069792429512,0.12619414433745318,-0.0018425999876182642,0.12121212121212122,3,0.9000569815195072,0.6000379876796714,2,0.202007412365415,0.010580460427877865,0.0,0.06974104408145883,0.018911572931793016,0.029399051601892736,0.03204303520876644,0.04433257830875176,0.06974104408145883,0.00035185869254910956,0.0,0,0,0.0,0.0,18.961243423409474,0.36363636363636365,0.0,SONOLENTO,uta,data\raw\uta\drowsiness\drowsy_027_893cbb7f.mp4,group_027,14,2150,2310,16.66561152014674,3.333122304029348,10.0
0.2294886292438547,0.19472681020747384,0.2644665381418819,0.01850589734757809,0.20392027234003066,0.21622763675282197,0.2405191092335746,0.25011486331871835,0.06973972793440808,0.0012933417423374245,0.0,0,0.0,0.0,0,0.0,0.006456611570247934,0.0,0.03125,0.01244442906308034,0.0,0.030303030303030304,0.030303030303030304,0.03125,0.000581411541889483,0.0,0,0,0.0,0.0,35.537694819114634,0.0,0.0,SONOLENTO,uta,data\raw\uta\drowsiness\drowsy_027_893cbb7f.mp4,group_027,15,2315,2475,16.66561152014674,3.333122304029348,10.0
0.22002138266165044,0.11577559736903142,0.2555234025964357,0.03742154741554719,0.1534273793840623,0.21736589233158138,0.23992883105764057,0.2479441643140503,0.13974780522740426,-0.002067232024322787,0.09090909090909091,1,0.3000189938398357,0.3000189938398357,3,0.3030111185481225,0.006514003673094583,0.0,0.03125,0.012555957218296134,0.0,0.030303030303030304,0.03125,0.03125,-6.773112137416978e-05,0.0,0,0,0.0,0.0,33.77149019428592,0.09090909090909091,0.0,SONOLENTO,uta,data\raw\uta\drowsiness\drowsy_027_893cbb7f.mp4,group_027,16,2480,2640,16.66561152014674,3.333122304029348,10.0
0.10854918350628498,0.051369565460998245,0.22296194023601476,0.04909889055978696,0.05881639002084679,0.0666411041981761,0.14347690505120336,0.17701315458496478,0.17159237477501652,-0.0006703212467979367,0.7878787878787878,12,3.6002279260780288,2.6001646132785763,3,0.3030111185481225,0.0037832663912309985,0.0,0.031234752377721213,0.01018675960708284,0.0,0.024951314462072237,0.031207386797642647,0.031234752377721213,8.348489318900656e-05,0.0,0,0,0.0,0.0,28.684339917987273,9.454545454545453,0.0,SONOLENTO,uta,data\raw\uta\drowsiness\drowsy_027_893cbb7f.mp4,group_027,17,2645,2805,16.66561152014674,3.333122304029348,10.0
0.19259128610441953,0.029087267105011957,0.32187180112237407,0.08688945750199849,0.06825606660793822,0.12797256322755232,0.2839486444748945,0.2989365197374947,0.2927845340173621,0.005799727129173253,0.36363636363636365,4,1.2000759753593429,0.7200455852156057,5,0.5050185309135375,0.008489535343045246,0.0,0.09950371902099892,0.019819141923353715,0.0,0.030247530200945175,0.030289126640769135,0.09950371902099892,0.0002811755883756351,0.0,0,0,0.0,0.0,22.683055699447106,1.4545454545454546,0.0,SONOLENTO,uta,data\raw\uta\drowsiness\drowsy_027_893cbb7f.mp4,group_027,18,2810,2970,16.66561152014674,3.333122304029348,10.0
0.2000464453231036,0.04396616692165982,0.29942473580817114,0.08395893945928305,0.06409983242297111,0.14899148684065244,0.27007603452698115,0.2891439169692281,0.2554585688865113,-0.004913565141173873,0.2727272727272727,6,1.8001139630390144,1.3500854722792608,2,0.202007412365415,0.00837872972963935,0.0,0.03224129401095805,0.01369063441022322,0.029399051601892736,0.030303030303030304,0.031617307026225734,0.03224129401095805,0.000532958784779485,0.0,0,0,0.0,0.0,23.872660787081646,1.6363636363636362,0.0,SONOLENTO,uta,data\raw\uta\drowsiness\drowsy_027_893cbb7f.mp4,group_027,19,2975,3135,16.66561152014674,3.333122304029348,10.0
0.20420941732091538,0.027607881518711633,0.2557705762008279,0.04443889988043938,0.1655397618453925,0.19257117688026187,0.23256633791844245,0.2451174470542779,0.22816269468211625,0.002816145604466661,0.09090909090909091,2,0.6000379876796714,0.4500284907597536,2,0.202007412365415,0.000946969696969697,0.0,0.03125,0.0053568695544435425,0.0,0.0,0.0,0.03125,5.22225935828877e-05,0.0,0,0,0.0,0.0,215.4176636380848,0.18181818181818182,0.0,SONOLENTO,uta,data\raw\uta\drowsiness\drowsy_027_893cbb7f.mp4,group_027,20,3140,3300,16.66561152014674,3.333122304029348,10.0
0.14689154460715656,0.08379268730449824,0.1778929760780036,0.016690314228552446,0.12720463584256317,0.13614238988134195,0.15797191169026886,0.16888800146862568,0.09410028877350538,-0.00019634208860083664,0.559322033898305,7,1.1685143523338142,0.4237469629342403,13,1.319943463488856,0.027429047928950588,0.0,0.13661370322630723,0.03156449021716394,0.041055319674104626,0.07733481737751127,0.08881261744319198,0.13661370322630723,-0.0001834105921227776,0.01694915254237288,1,1,0.16693062176197346,0.16693062176197346,5.355132626367828,3.9152542372881354,0.0023154864953611395,SONOLENTO,uta,data\raw\uta\drowsiness\drowsy_028_7f10e531.mp4,group_028,1,5,495,29.952563209939424,5.990512641987885,10.0
0.1589943800401408,0.08954787874166065,0.1923635773534286,0.019485135491191487,0.1438994851081131,0.14917138815151484,0.17071862580935235,0.18037196355281476,0.10281569861176795,-0.00020863527051771192,0.288135593220339,3,0.5007918652859205,0.25798368817759537,11,1.1168752383367244,0.04294758507350034,0.0,0.18401382730593402,0.04396690929047741,0.07605152840222439,0.10303845283560258,0.11389376662405985,0.18401382730593402,0.0004018654000960163,0.05084745762711865,3,1,0.16693062176197346,0.16693062176197346,3.7019701526382005,0.864406779661017,0.009356635286742408,SONOLENTO,uta,data\raw\uta\drowsiness\drowsy_028_7f10e531.mp4,group_028,2,505,960,29.952563209939424,5.990512641987885,10.0
0.1441573475762593,0.08390094184501706,0.18165970713309204,0.01822581389121427,0.12589196451193954,0.13371480239061764,0.15786569215942056,0.16678598099708766,0.09775876528807498,-4.0801272844145155e-06,0.6101694915254238,15,2.503959326429602,0.6009502383431045,10,1.0153411257606586,0.026672460728568888,0.0,0.14778591503332478,0.02875318372276367,0.0451081115352857,0.06168963736573284,0.07856257074010288,0.14778591503332478,0.00010361285383207497,0.01694915254237288,1,1,0.16693062176197346,0.16693062176197346,5.404523584067893,9.152542372881356,0.0025048460175139792,SONOLENTO,uta,data\raw\uta\drowsiness\drowsy_028_7f10e531.mp4,group_028,3,970,1465,29.952563209939424,5.990512641987885,10.0
0.14931007324709814,0.08452922178229448,0.18861017912987596,0.021961101377069824,0.12243284805277713,0.13487641398922356,0.16810921107315885,0.1717953626343821,0.10408095734758148,0.00041676658438007867,0.4745762711864407,14,2.3370287046676284,0.5193397121483619,9,0.9138070131845927,0.029202000587405776,0.0,0.1256138675717444,0.03626534728806599,0.041014437726905134,0.09003997044026438,0.11225495206480987,0.1256138675717444,0.00023927967768420388,0.03389830508474576,2,1,0.16693062176197346,0.16693062176197346,5.112833278902522,6.6440677966101696,0.004258097205821844,SONOLENTO,uta,data\raw\uta\drowsiness\drowsy_028_7f10e531.mp4,group_028,4,1475,1980,29.952563209939424,5.990512641987885,10.0
0.15196965249409908,0.07535757504689261,0.19709734191833544,0.02356543974668438,0.12384006352393151,0.13958590012185973,0.16870703551319566,0.17272101601120526,0.12173976687144283,0.0003544451155011996,0.3728813559322034,7,1.1685143523338142,0.3338612435239469,11,1.1168752383367244,0.03397142059159041,0.0,0.15579807735286935,0.03681967205116717,0.04411893081554548,0.08931503766729669,0.11220773882627626,0.15579807735286935,0.0006461972544600315,0.05084745762711865,3,1,0.16693062176197346,0.16693062176197346,4.473324239124659,2.610169491525424,0.007921936136586578,SONOLENTO,uta,data\raw\uta\drowsiness\drowsy_028_7f10e531.mp4,group_028,5,1990,2535,29.952563209939424,5.990512641987885,10.0
0.16094343138643163,0.0941345265039463,0.19573537463781998,0.020879770381966936,0.13402495761544045,0.1551307725025194,0.17341561786271292,0.1820065240208716,0.10160084813387368,-1.1121157714870644e-05,0.1694915254237288,2,0.3338612435239469,0.18547846862441497,9,0.9138070131845927,0.018056155399457322,0.0,0.05857460566328322,0.01676698673355397,0.02267462937912591,0.04729601036922975,0.0548385983379763,0.05857460566328322,-0.00015167556395124805,0.0,0,0,0.0,0.0,8.913000294125425,0.3389830508474576,0.0,SONOLENTO,uta,data\raw\uta\drowsiness\drowsy_028_7f10e531.mp4,group_028,6,2545,3105,29.952563209939424,5.990512641987885,10.0
0.1617990570987317,0.08376603287408395,0.20017273773410205,0.020069987890729227,0.14209443931690993,0.15301573552681438,0.17417890095403865,0.1812160089727315,0.1164067048600181,-3.132546009756708e-05,0.2033898305084746,2,0.3338612435239469,0.25039593264296023,8,0.8122729006085269,0.022620113857557085,0.0,0.08016692097435824,0.018603198405746854,0.025994229308664497,0.04148730950540973,0.0706620780623774,0.08016692097435824,0.00034255414898255016,0.0,0,0,0.0,0.0,7.152568088272061,0.4067796610169492,0.0,SONOLENTO,uta,data\raw\uta\drowsiness\drowsy_028_7f10e531.mp4,group_028,7,3110,3655,29.952563209939424,5.990512641987885,10.0
0.16204239444812188,0.12048581656561198,0.1899174958703277,0.016791074242091097,0.13676156006869505,0.15410500160321738,0.17415042113922857,0.17999077291384982,0.06943167930471571,-0.00033250378560114615,0.22033898305084745,3,0.5007918652859205,0.24112200921173946,9,0.9138070131845927,0.020875419309171903,0.0,0.09370089632914795,0.022111639729506905,0.034182036703109375,0.05629400158103405,0.06208233630878202,0.09370089632914795,-4.6275945097950156e-05,0.0,0,0,0.0,0.0,7.761982169850829,0.6610169491525424,0.0,SONOLENTO,uta,data\raw\uta\drowsiness\drowsy_028_7f10e531.mp4,group_028,8,3660,4160,29.952563209939424,5.990512641987885,10.0
0.15983181096751936,0.08744309365408631,0.19332014928608357,0.017548144696961022,0.1380841778866982,0.1520497716308393,0.17175700995764076,0.17726728899168986,0.10587705563199726,4.096184606396834e-05,0.22033898305084745,3,0.5007918652859205,0.24112200921173946,9,0.9138070131845927,0.035098781779910736,0.0,0.13104599009185497,0.04284978947652841,0.0532678388658857,0.11464835511173792,0.12953444848313972,0.13104599009185497,0.0004087687750479209,0.0847457627118644,5,1,0.16693062176197346,0.16693062176197346,4.5536411585042575,0.6610169491525424,0.011105592380665675,SONOLENTO,uta,data\raw\uta\drowsiness\drowsy_028_7f10e531.mp4,group_028,9,4170,4650,29.952563209939424,5.990512641987885,10.0
0.16887110939576558,0.0866865159611403,0.20423746338015136,0.01721332826478256,0.15188732387350745,0.1646637396325089,0.17774721331230986,0.18489807780607498,0.11755094741901106,-0.0001088795373603254,0.1016949152542373,1,0.16693062176197346,0.16693062176197346,6,0.6092046754563951,0.04094645344451339,0.0,0.13748221170444094,0.04186149506382501,0.07190243460306418,0.11089076146332193,0.12420092768146021,0.13748221170444094,-0.0002018008914465698,0.06779661016949153,4,1,0.16693062176197346,0.16693062176197346,4.124093080039703,0.1016949152542373,0.009320827912165488,SONOLENTO,uta,data\raw\uta\drowsiness\drowsy_028_7f10e531.mp4,group_028,10,4665,5150,29.952563209939424,5.990512641987885,10.0
0.16891592319220133,0.1323952202936823,0.19663541814200075,0.013281215797656157,0.14814199078307103,0.16176766276728904,0.17736817379485575,0.18663993881540875,0.06424019784831844,-5.340892404547097e-05,0.11864406779661017,2,0.3338612435239469,0.23370287046676283,5,0.5076705628803293,0.05011957500648761,0.0,0.14946670888720268,0.047181305192286915,0.09645023592649377,0.1254633846217214,0.1337582009995623,0.14946670888720268,-0.0009048126609644009,0.13559322033898305,8,1,0.16693062176197346,0.16693062176197346,3.37019124721408,0.23728813559322035,0.020266672391485108,SONOLENTO,uta,data\raw\uta\drowsiness\drowsy_028_7f10e531.mp4,group_028,11,5155,5665,29.952563209939424,5.990512641987885,10.0
0.16218590742139222,0.09110998176735535,0.18741641482102914,0.01756796749875236,0.1433425444019652,0.15603117852188217,0.1721700348868128,0.17961004722871798,0.09630643305367378,-9.430542091004159e-05,0.1864406779661017,4,0.6677224870478938,0.22952960492271351,8,0.8122729006085269,0.04427562449246848,0.0,0.1414500314475472,0.041893638069264494,0.07010779661492689,0.11535789159287255,0.13043241808509673,0.1414500314475472,0.00011954881464975633,0.0847457627118644,5,1,0.16693062176197346,0.16693062176197346,3.663014271762751,0.7457627118644068,0.011987290800639592,SONOLENTO,uta,data\raw\uta\drowsiness\drowsy_028_7f10e531.mp4,group_028,12,5675,6250,29.952563209939424,5.990512641987885,10.0
0.1480148519851003,0.08958340514343993,0.17412558335731232,0.018775350927935603,0.12535066336647527,0.13800008544678344,0.1639974131260063,0.16993577622063602,0.08454217821387239,-0.00030536842528562793,0.4915254237288136,10,1.6693062176197346,0.6051235038871539,8,0.8122729006085269,0.024526660301635993,0.0,0.1563284149338179,0.02960363926806956,0.035394106006609416,0.059499256876349625,0.08879051766864217,0.1563284149338179,-0.00027447093233033215,0.01694915254237288,1,1,0.16693062176197346,0.16693062176197346,6.0346095047324075,4.915254237288136,0.0026496341514206426,SONOLENTO,uta,data\raw\uta\drowsiness\drowsy_028_7f10e531.mp4,group_028,13,6260,6785,29.952563209939424,5.990512641987885,10.0
0.15759004755210157,0.11298621324724459,0.1902053565357181,0.017369215129554832,0.13367115580449576,0.1455554072972342,0.1715804630903116,0.1770983670277518,0.07721914328847351,0.00026484223600360874,0.3559322033898305,3,0.5007918652859205,0.2696571582308802,13,1.319943463488856,0.019532322343036004,0.0,0.08012174674244928,0.01613450522231517,0.0266726109144294,0.03908072983939375,0.046881593463914996,0.08012174674244928,-3.323110108265401e-05,0.0,0,0,0.0,0.0,8.067754413948192,1.0677966101694916,0.0,SONOLENTO,uta,data\raw\uta\drowsiness\drowsy_028_7f10e531.mp4,group_028,14,6795,7300,29.952563209939424,5.990512641987885,10.0
0.14459580511851977,0.06986837557380551,0.1807400469645956,0.016598381961527152,0.1282588021577099,0.1365760343189435,0.1544770165936997,0.16245294979655184,0.1108716713907901,-0.0004313423090771794,0.6440677966101694,8,1.3354449740957877,0.48795104822730706,13,1.319943463488856,0.01754129200557454,0.0,0.06991219252136202,0.014139744812061553,0.02401900562793992,0.03414069274167545,0.03795701104477453,0.06991219252136202,0.0001830720713338799,0.0,0,0,0.0,0.0,8.242697423607503,5.1525423728813555,0.0,SONOLENTO,uta,data\raw\uta\drowsiness\drowsy_028_7f10e531.mp4,group_028,15,7310,7855,29.952563209939424,5.990512641987885,10.0
0.15299904984762805,0.10164907699554032,0.19414630716465825,0.018443692886004733,0.13362604082694315,0.14244501698999268,0.16689001394431255,0.17503008866205383,0.09249723016911793,-0.0004700201314240545,0.4915254237288136,8,1.3354449740957877,0.44008982100883914,11,1.1168752383367244,0.021817834701689933,0.0,0.08462955844243877,0.0231334284037045,0.03165076657623876,0.05774090329461458,0.07796420111988998,0.08462955844243877,-3.7551070299896464e-06,0.0,0,0,0.0,0.0,7.012246618091745,3.9322033898305087,0.0,SONOLENTO,uta,data\raw\uta\drowsiness\drowsy_028_7f10e531.mp4,group_028,16,7865,8425,29.952563209939424,5.990512641987885,10.0
0.1568743789362832,0.1173450636106784,0.18613174126653756,0.01910213838934981,0.12807667953216073,0.142238748017197,0.1732518994414357,0.1793567705544656,0.06878667765585916,0.0005752589391395412,0.3389830508474576,9,1.5023755958577611,0.4769446336056385,7,0.7107387880324609,0.038127115829497564,0.0,0.18289655190796594,0.04295097920674622,0.05794340356355437,0.07881430418978207,0.13876163378334194,0.18289655190796594,0.00035880654677039863,0.06779661016949153,4,1,0.16693062176197346,0.16693062176197346,4.114401551804938,3.0508474576271185,0.01239976623104854,SONOLENTO,uta,data\raw\uta\drowsiness\drowsy_028_7f10e531.mp4,group_028,17,8435,8945,29.952563209939424,5.990512641987885,10.0
0.14259347370872746,0.10660336285595845,0.1673602862812347,0.015169623075783541,0.12118235494096448,0.13182410033221098,0.15575653498904884,0.15940248710784008,0.06075692342527625,0.0003084459404381337,0.5932203389830508,7,1.1685143523338142,0.41732655440493366,14,1.4214775760649219,0.019835701582277692,0.0,0.09600004208221945,0.01849326569893216,0.025540887252629447,0.04024127218472313,0.05960661544624234,0.09600004208221945,0.0002184941023723665,0.0,0,0,0.0,0.0,7.188366126156875,4.1525423728813555,0.0,SONOLENTO,uta,data\raw\uta\drowsiness\drowsy_028_7f10e531.mp4,group_028,18,8955,9585,29.952563209939424,5.990512641987885,10.0
0.145114708789221,0.09446115989273624,0.1775529778640208,0.016314448279749982,0.12689651587802026,0.13455442492042652,0.1594218533165427,0.16496482607378843,0.08309181797128457,-0.00020686645679338873,0.5932203389830508,13,2.170098082905655,0.6491746401854523,9,0.9138070131845927,0.015793362101206545,0.0,0.08127127300011637,0.014950332412830189,0.01711120974843561,0.025006850907622863,0.0343949702477627,0.08127127300011637,-0.00029038563179263025,0.0,0,0,0.0,0.0,9.187753697133203,7.711864406779661,0.0,SONOLENTO,uta,data\raw\uta\drowsiness\drowsy_028_7f10e531.mp4,group_028,19,9595,10180,29.952563209939424,5.990512641987885,10.0
0.1422438370208742,0.09537841424712931,0.1920952339854835,0.020747043498303613,0.12444902958366395,0.12830533968878266,0.15826252602996213,0.16918145758186837,0.09671681973835419,3.671430018842346e-05,0.6440677966101694,15,2.503959326429602,0.6343363626954992,10,1.0153411257606586,0.02338848779071303,0.0,0.12415704176507462,0.028210210551314646,0.0236676042719361,0.07081935622050638,0.08884170388010248,0.12415704176507462,0.000625144078706442,0.01694915254237288,1,1,0.16693062176197346,0.16693062176197346,6.081528518010265,9.661016949152541,0.0021043566400860106,SONOLENTO,uta,data\raw\uta\drowsiness\drowsy_028_7f10e531.mp4,group_028,20,10190,10790,29.952563209939424,5.990512641987885,10.0
