mean_ear,min_ear,max_ear,std_ear,ear_q10,ear_q25,ear_q75,ear_q90,ear_range,ear_slope,perclos,longest_eye_close,longest_eye_close_seconds,mean_eye_close_duration,eye_close_events,eye_close_event_rate,mean_mar,min_mar,max_mar,std_mar,mar_q75,mar_q90,mar_q95,mar_range,mar_slope,mouth_open_ratio,mouth_open_events,longest_mouth_open,longest_mouth_open_seconds,mean_mouth_open_duration,eye_mouth_ratio,fatigue_score,yawn_score,label,source,video_name,group_id,window_index,frame_start,frame_end,fps,samples_per_second,window_seconds
0.1830094338626201,0.16091867873022186,0.20036434724419486,0.012491647396089031,0.16311704301335297,0.17363730212280645,0.19337869141121566,0.19638354396030358,0.03944566851397299,0.0003259288951178712,0.0,0,0.0,0.0,0,0.0,0.024285215893763076,0.0,0.05171645175253436,0.013320449176320337,0.0322203676155484,0.041098319853644316,0.05002625359880171,0.05171645175253436,-0.00032995459170489844,0.0,0,0,0.0,0.0,7.535526928656622,0.0,0.0,NORMAL,uta,data\raw\uta\normal\normal_001_5323f00c.mov,group_001,1,10,290,29.968874071409797,2.9968874071409797,10.0
0.19054007477263907,0.17171535767342355,0.2099526750085295,0.008980875732974182,0.17887092740928393,0.1841775580184136,0.1974306151282565,0.20140973420958574,0.038237317335105936,0.0002269824133872751,0.0,0,0.0,0.0,0,0.0,0.016943700189880756,0.0,0.05171645175253436,0.011424658677169536,0.017541160386140585,0.026401920864104738,0.034840446264044526,0.05171645175253436,-0.0001414328186428131,0.0,0,0,0.0,0.0,11.24481829937765,0.0,0.0,NORMAL,uta,data\raw\uta\normal\normal_001_5323f00c.mov,group_001,2,300,580,29.968874071409797,2.9968874071409797,10.0
0.1739915462564455,0.14136466285443527,0.2034658926850216,0.015866121939954174,0.15028079495741475,0.16456447186183076,0.18390700320907502,0.1934951837667211,0.06210122983058633,-0.0006292520404582502,0.10344827586206896,3,1.0010386085415166,1.0010386085415166,1,0.10334094507382689,0.008582847357168542,0.0,0.02523772325625344,0.010467392709915823,0.017541160386140585,0.024034857365748473,0.024606059241993345,0.02523772325625344,9.266949091184467e-05,0.0,0,0,0.0,0.0,20.269645884504424,0.3103448275862069,0.0,NORMAL,uta,data\raw\uta\normal\normal_001_5323f00c.mov,group_001,3,590,870,29.968874071409797,2.9968874071409797,10.0
0.16542639693900835,0.10418504982551471,0.20439313334126852,0.017996423960095993,0.14124263722782593,0.1607039628567025,0.17805007908312795,0.1806499470742738,0.1002080835157538,-5.716437795754876e-05,0.13793103448275862,2,0.6673590723610111,0.44490604824067403,3,0.31002283522148066,0.018956721435409198,0.0,0.06943774745378858,0.014536575537695459,0.022809896167307987,0.036916339891241746,0.040931480525754994,0.06943774745378858,3.1980996762991876e-05,0.0,0,0,0.0,0.0,8.726069612460135,0.27586206896551724,0.0,NORMAL,uta,data\raw\uta\normal\normal_001_5323f00c.mov,group_001,4,880,1170,29.968874071409797,2.9968874071409797,10.0
0.18135760329954453,0.12113067150037593,0.2123827995009724,0.017379498181174836,0.16433420780080862,0.18078415246403384,0.19007123336516452,0.19931217353370712,0.09125212800059648,0.00038280416813640317,0.06896551724137931,1,0.33367953618050555,0.33367953618050555,2,0.20668189014765379,0.014568369916967154,0.0,0.04838080415478022,0.012049536252058143,0.017238817250844786,0.032253869436520144,0.03257103606176934,0.04838080415478022,0.0005264165268726453,0.0,0,0,0.0,0.0,12.447868667837147,0.06896551724137931,0.0,NORMAL,uta,data\raw\uta\normal\normal_001_5323f00c.mov,group_001,5,1180,1460,29.968874071409797,2.9968874071409797,10.0
0.1821430365115801,0.1581682259555849,0.2070085716686785,0.010113495282101932,0.17031524030494194,0.17456230510749582,0.18640271134518865,0.1955743476201033,0.04884034571309359,3.7132384719672016e-05,0.0,0,0.0,0.0,0,0.0,0.021696086692102025,0.0,0.051833652831194774,0.011578102637833746,0.032253869436520144,0.034102462098947135,0.03526862808900397,0.051833652831194774,4.376289807865351e-06,0.0,0,0,0.0,0.0,8.394815354537073,0.0,0.0,NORMAL,uta,data\raw\uta\normal\normal_001_5323f00c.mov,group_001,6,1470,1750,29.968874071409797,2.9968874071409797,10.0
0.18907247807476688,0.15285672515724066,0.2066718836564991,0.010169185303351183,0.18168686881207086,0.18485611220058829,0.1932659786008133,0.20081179335638988,0.05381515849925844,-0.00046088364989992965,0.0,0,0.0,0.0,0,0.0,0.01205736058734534,0.0,0.049173720717903206,0.012992394062749938,0.016946718543287685,0.03235959164493654,0.034152676271267515,0.049173720717903206,-0.0002529183843761214,0.0,0,0,0.0,0.0,15.679783060492419,0.0,0.0,NORMAL,uta,data\raw\uta\normal\normal_001_5323f00c.mov,group_001,7,1760,2040,29.968874071409797,2.9968874071409797,10.0
0.19297124858390696,0.15978091871329914,0.20959403814576874,0.009878601405341258,0.18407636159781643,0.1874047727185742,0.1997318281411046,0.2040257479141605,0.049813119432469605,-0.00020774472529297493,0.0,0,0.0,0.0,0,0.0,0.02491199064916488,0.0,0.03922322702763681,0.010104927257576883,0.035066140133044446,0.03789401465834748,0.038285906198089976,0.03922322702763681,0.00020240200380332906,0.0,0,0,0.0,0.0,7.745808253268687,0.0,0.0,NORMAL,uta,data\raw\uta\normal\normal_001_5323f00c.mov,group_001,8,2050,2330,29.968874071409797,2.9968874071409797,10.0
0.1912870111962898,0.14834903673969618,0.20511092898422312,0.011800158319429759,0.18360389584927878,0.18624373549842893,0.1973327592291551,0.2041193990822758,0.056761892244526935,-0.00022368238285520365,0.034482758620689655,1,0.33367953618050555,0.33367953618050555,1,0.10334094507382689,0.02035613219047517,0.0,0.050840155629863056,0.013873971138537984,0.033878845665757114,0.03446534757216102,0.03652746259568431,0.050840155629863056,-0.0005755111769069063,0.0,0,0,0.0,0.0,9.39655985953613,0.034482758620689655,0.0,NORMAL,uta,data\raw\uta\normal\normal_001_5323f00c.mov,group_001,9,2340,2620,29.968874071409797,2.9968874071409797,10.0
0.18771463854239256,0.14088631654382505,0.21151831508093372,0.01559406317914436,0.1694442661338133,0.18426111710112086,0.1957398248413266,0.20642991925642964,0.07063199853710866,-0.0002830122235265012,0.06896551724137931,1,0.33367953618050555,0.33367953618050555,2,0.20668189014765379,0.01587101328185472,0.0,0.03508232077228117,0.010964198819196042,0.023566953078897113,0.026390259746643097,0.032777199015465934,0.03508232077228117,0.0005262023245896465,0.0,0,0,0.0,0.0,11.82676924527228,0.06896551724137931,0.0,NORMAL,uta,data\raw\uta\normal\normal_001_5323f00c.mov,group_001,10,2630,2910,29.968874071409797,2.9968874071409797,10.0
0.1868377961794235,0.16620853248569512,0.20427640885615928,0.008780176740257977,0.17644285753329544,0.18390700320907502,0.1928220908251938,0.1956701120669548,0.03806787637046416,-7.297406120565708e-05,0.0,0,0.0,0.0,0,0.0,0.024587930723327503,0.0,0.053494721371611896,0.012545531989753956,0.03446227583977888,0.03788096369481231,0.038680687777145256,0.053494721371611896,2.7548888743097018e-05,0.0,0,0,0.0,0.0,7.598451444745851,0.0,0.0,NORMAL,uta,data\raw\uta\normal\normal_001_5323f00c.mov,group_001,11,2920,3200,29.968874071409797,2.9968874071409797,10.0
0.18410526274600836,0.15423867471691055,0.2040431087623743,0.010736894657801218,0.17201128292384085,0.18091878077384815,0.18985460235973795,0.1961995532167534,0.04980443404546375,8.02466580922004e-05,0.0,0,0.0,0.0,0,0.0,0.024575989035109498,0.0,0.07271525467005983,0.015123595430024724,0.03389343708657537,0.04083990795836232,0.053187126013757996,0.07271525467005983,0.0002961565500887454,0.0,0,0,0.0,0.0,7.490960852975296,0.0,0.0,NORMAL,uta,data\raw\uta\normal\normal_001_5323f00c.mov,group_001,12,3210,3490,29.968874071409797,2.9968874071409797,10.0
0.1891036466216254,0.15469372491537015,0.21940090110009206,0.01407411743014848,0.1744931173982181,0.18165392826404725,0.2003102602707304,0.20228371049763275,0.06470717618472191,-0.0007220643368632633,0.0,0,0.0,0.0,0,0.0,0.03097318609784607,0.016129032258064516,0.053562889250648824,0.01296808930024174,0.03787770095392851,0.052623481158421755,0.052623481158421755,0.03743385699258431,-0.000269318863436335,0.0,0,0,0.0,0.0,6.105201474035683,0.0,0.0,NORMAL,uta,data\raw\uta\normal\normal_001_5323f00c.mov,group_001,13,3500,3780,29.968874071409797,2.9968874071409797,10.0
0.17583702586559632,0.14487653447244536,0.19717437402578175,0.011625902710767152,0.16113057772940065,0.16915371364289755,0.18216580598387416,0.18880147285467774,0.05229783955333639,-0.0003630351629183395,0.034482758620689655,1,0.33367953618050555,0.33367953618050555,1,0.10334094507382689,0.020907761651350925,0.0,0.03665192741060711,0.006154469363507353,0.023183828891362217,0.023570226039551587,0.0290975787029819,0.03665192741060711,-0.00012915871560436847,0.0,0,0,0.0,0.0,8.409729318150958,0.034482758620689655,0.0,NORMAL,uta,data\raw\uta\normal\normal_001_5323f00c.mov,group_001,14,3790,4070,29.968874071409797,2.9968874071409797,10.0
0.17950770719753079,0.14182196302943384,0.21159966140856978,0.015332731756632308,0.16007775299580776,0.17056781219724448,0.19001250801115466,0.19454242173955535,0.06977769837913594,-0.0005591744509697732,0.06896551724137931,2,0.6673590723610111,0.6673590723610111,1,0.10334094507382689,0.015836810501249885,0.0,0.03278248047860214,0.008926638225875402,0.02279803762937766,0.02411619460728251,0.024952401320500472,0.03278248047860214,-0.00030980618547497444,0.0,0,0,0.0,0.0,11.334123942407595,0.13793103448275862,0.0,NORMAL,uta,data\raw\uta\normal\normal_001_5323f00c.mov,group_001,15,4080,4360,29.968874071409797,2.9968874071409797,10.0
0.18902643801850286,0.1561495318913385,0.20793084370774342,0.011659362573173432,0.17887485882651857,0.18565868005948455,0.1976493252554039,0.202055943150806,0.05178131181640491,2.8742715320673256e-05,0.0,0,0.0,0.0,0,0.0,0.025878688557564256,0.0,0.0516550854280401,0.01112166548199019,0.0356631475810746,0.03917504122685571,0.039532959532557,0.0516550854280401,-0.00042414239191856094,0.0,0,0,0.0,0.0,7.304046089969393,0.0,0.0,NORMAL,uta,data\raw\uta\normal\normal_001_5323f00c.mov,group_001,16,4370,4650,29.968874071409797,2.9968874071409797,10.0
0.1890689375022394,0.14520415792213248,0.21239015788598675,0.013980361376287609,0.17586777956874572,0.1819647593566842,0.19880159137009662,0.2065826947240617,0.06718599996385427,-0.0010107057974459998,0.034482758620689655,1,0.33367953618050555,0.33367953618050555,1,0.10334094507382689,0.02338832992659675,0.0,0.03990434422338111,0.011024518804213464,0.035039222081842444,0.035185541622650474,0.0356631475810746,0.03990434422338111,0.0007674571963524883,0.0,0,0,0.0,0.0,8.083555112335352,0.034482758620689655,0.0,NORMAL,uta,data\raw\uta\normal\normal_001_5323f00c.mov,group_001,17,4660,4940,29.968874071409797,2.9968874071409797,10.0
0.18887814280011941,0.1530458523407335,0.21734312080454615,0.011908130608407804,0.17417541699293454,0.18370861178448622,0.19451605700715302,0.19906955161515136,0.06429726846381265,-0.00015761558193714786,0.0,0,0.0,0.0,0,0.0,0.02338539565291457,0.0,0.07007844416368489,0.01772379072601092,0.03446227583977888,0.04079975337390439,0.051013271056592986,0.07007844416368489,-0.00022885539574483776,0.0,0,0,0.0,0.0,8.076410987110798,0.0,0.0,NORMAL,uta,data\raw\uta\normal\normal_001_5323f00c.mov,group_001,18,4950,5230,29.968874071409797,2.9968874071409797,10.0
0.1902718413262487,0.15728388166045265,0.21199841091462648,0.013190715261575578,0.17412321699105773,0.18140279207335658,0.19950581140570622,0.20455707250286684,0.05471452925417383,-0.00013469078411150993,0.0,0,0.0,0.0,0,0.0,0.028367424044291118,0.0,0.05259921019956667,0.013360659109122538,0.03787770095392851,0.05015809930131113,0.0508314007773721,0.05259921019956667,0.0004242764216377767,0.0,0,0,0.0,0.0,6.707169951675167,0.0,0.0,NORMAL,uta,data\raw\uta\normal\normal_001_5323f00c.mov,group_001,19,5240,5520,29.968874071409797,2.9968874071409797,10.0
0.1903300130088861,0.13738833403357834,0.21450753307057738,0.016473486612191123,0.16886937603186372,0.18140279207335658,0.20316451854585593,0.2090131471087476,0.07711919903699904,-0.0010276466967857139,0.034482758620689655,1,0.33367953618050555,0.33367953618050555,1,0.10334094507382689,0.02996506820586412,0.0,0.12337397325784222,0.026646041155649065,0.035066140133044446,0.056548631296776314,0.07956812844693578,0.12337397325784222,0.00010107804473553828,0.034482758620689655,1,1,0.33367953618050555,0.33367953618050555,6.351517713346192,0.034482758620689655,0.004254274939925594,NORMAL,uta,data\raw\uta\normal\normal_001_5323f00c.mov,group_001,20,5530,5820,29.968874071409797,2.9968874071409797,10.0
0.17100080447842597,0.11335599695454004,0.1973083746914115,0.02150257323118246,0.1386638682304771,0.15655171147240438,0.18648638356587127,0.1954325887796381,0.08395237773687145,0.0003942914300990407,0.1724137931034483,2,0.6673584113599444,0.4170990070999653,4,0.41336418972132966,0.027340081724140514,0.0,0.12583460714630065,0.023457060340036227,0.03726262461981637,0.040637426413683224,0.056610423355009216,0.12583460714630065,-0.00011001477065232512,0.034482758620689655,1,1,0.3336792056799722,0.3336792056799722,6.254354023141763,0.3448275862068966,0.004339124384355195,NORMAL,uta,data\raw\uta\normal\normal_002_92524308.mov,group_002,1,10,310,29.968903754796397,2.99689037547964,10.0
0.1803752569430804,0.1275289597229792,0.20295697332528453,0.013516332010799503,0.17069541187895546,0.17394982516165264,0.18802090697459667,0.19231358228960488,0.07542801360230533,0.00014332055500229006,0.034482758620689655,1,0.3336792056799722,0.3336792056799722,1,0.10334104743033241,0.01673568519597269,0.0,0.03922926276315421,0.009737156158343405,0.024806946917841695,0.024810764252159563,0.024810764252159563,0.03922926276315421,0.00026431983937744673,0.0,0,0,0.0,0.0,10.777239030969147,0.034482758620689655,0.0,NORMAL,uta,data\raw\uta\normal\normal_002_92524308.mov,group_002,2,320,600,29.968903754796397,2.99689037547964,10.0
0.17286448941540064,0.1302002919336466,0.20309844973471378,0.013965195838159115,0.1581620255692691,0.16835621674683787,0.17969122670851162,0.19031312905076378,0.07289815780106718,0.0002509167130671882,0.06896551724137931,1,0.3336792056799722,0.3336792056799722,2,0.20668209486066483,0.016294481540591352,0.0,0.02437936915541597,0.007061202712391951,0.017543859649122806,0.023570226039551587,0.023809923253513127,0.02437936915541597,-4.092800653801644e-05,0.0,0,0,0.0,0.0,10.60812403639638,0.06896551724137931,0.0,NORMAL,uta,data\raw\uta\normal\normal_002_92524308.mov,group_002,3,610,890,29.968903754796397,2.99689037547964,10.0
0.17418630301776677,0.13142159456300012,0.19340450568273077,0.014098003476285325,0.16434554342996774,0.16813188393253492,0.1836992141400408,0.18844489038712842,0.061982911119730644,0.00022733935869171282,0.06896551724137931,1,0.3336792056799722,0.3336792056799722,2,0.20668209486066483,0.015019201957213832,0.0,0.024806946917841695,0.008072333638179512,0.017857142857142856,0.02405237560786503,0.024382992454708537,0.024806946917841695,-5.294979516204608e-05,0.0,0,0,0.0,0.0,11.596801661785207,0.06896551724137931,0.0,NORMAL,uta,data\raw\uta\normal\normal_002_92524308.mov,group_002,4,900,1180,29.968903754796397,2.99689037547964,10.0
0.16769861445326037,0.15074082397429237,0.1855829236444933,0.008485461292826117,0.1555201740091379,0.16226253333590457,0.17419044787123933,0.17661894569925318,0.03484209967020094,0.00018753180442950158,0.0,0,0.0,0.0,0,0.0,0.04253906214263185,0.0,0.10669871313476739,0.025124580021688724,0.05855065872057255,0.0763407190314712,0.08507272861513333,0.10669871313476739,0.001156132138972157,0.0,0,0,0.0,0.0,3.942133744210023,0.0,0.0,NORMAL,uta,data\raw\uta\normal\normal_002_92524308.mov,group_002,5,1190,1470,29.968903754796397,2.99689037547964,10.0
0.16369075089606108,0.14742539305207686,0.18616539952235384,0.008907509523844708,0.15332899766042565,0.15953278590459558,0.16635598137357127,0.17531044862495632,0.03874000647027698,-0.00014620881722944307,0.06896551724137931,1,0.3336792056799722,0.3336792056799722,2,0.20668209486066483,0.05069724494717521,0.018515344006020947,0.07495316889958614,0.016225772464605236,0.05748645634914616,0.0736151499978953,0.07441796133890981,0.05643782489356519,0.001326944790054739,0.0,0,0,0.0,0.0,3.228726183058563,0.06896551724137931,0.0,NORMAL,uta,data\raw\uta\normal\normal_002_92524308.mov,group_002,6,1480,1760,29.968903754796397,2.99689037547964,10.0
0.15710551212048784,0.13424206207585587,0.17900165665374002,0.010903674714889093,0.14411571010665947,0.14895070681481917,0.16343309677291173,0.17087492105584087,0.04475959457788414,8.711190106578252e-05,0.27586206896551724,4,1.334716822719889,0.5338867290879556,5,0.5167052371516621,0.06299766817028893,0.036339618107142986,0.09619079498135935,0.017463748248448107,0.07495316889958614,0.09132636640559659,0.09264821092241589,0.059851176874216365,-0.0005531335629776088,0.0,0,0,0.0,0.0,2.4937910067530766,1.103448275862069,0.0,NORMAL,uta,data\raw\uta\normal\normal_002_92524308.mov,group_002,7,1770,2050,29.968903754796397,2.99689037547964,10.0
0.16896319503781473,0.14708538313557357,0.1910944979642043,0.01001684968738079,0.15864032720205773,0.1629492358100151,0.1743221644869166,0.18103816637770162,0.044009114828630735,0.00039956618942309967,0.034482758620689655,1,0.3336792056799722,0.3336792056799722,1,0.10334104743033241,0.032530109570467126,0.017543859649122806,0.07271525467005983,0.014951078350801662,0.041401567824256115,0.0531885745632659,0.05869948682585402,0.05517139502093703,-0.001123951599076945,0.0,0,0,0.0,0.0,5.193895851348563,0.034482758620689655,0.0,NORMAL,uta,data\raw\uta\normal\normal_002_92524308.mov,group_002,8,2060,2340,29.968903754796397,2.99689037547964,10.0
0.1789570637292421,0.12876321156147413,0.19953580878564114,0.012955557728891797,0.16990017796517673,0.17126035417959695,0.18649532167336808,0.1944651429234499,0.07077259722416701,0.00011016787502343662,0.034482758620689655,1,0.3336792056799722,0.3336792056799722,1,0.10334104743033241,0.014109657403098441,0.0,0.03636363636363636,0.009478783684125282,0.01817881366751496,0.019776967665246722,0.025637789727231547,0.03636363636363636,-5.446770539065478e-06,0.0,0,0,0.0,0.0,12.682404413698432,0.034482758620689655,0.0,NORMAL,uta,data\raw\uta\normal\normal_002_92524308.mov,group_002,9,2350,2630,29.968903754796397,2.99689037547964,10.0
0.1700758320560763,0.15192697863763593,0.18269095583384193,0.00711435950994196,0.1617136533395574,0.16673425532383848,0.17402860736085762,0.17848817378648746,0.030763977196205994,-0.0003470317295572118,0.0,0,0.0,0.0,0,0.0,0.014325168779473376,0.0,0.026189140043946207,0.00820113573181296,0.018518518518518517,0.018864566947613626,0.018864566947613626,0.026189140043946207,-0.00010114933284168485,0.0,0,0,0.0,0.0,11.871689819804581,0.0,0.0,NORMAL,uta,data\raw\uta\normal\normal_002_92524308.mov,group_002,10,2640,2920,29.968903754796397,2.99689037547964,10.0
0.1646593571800057,0.14948032212726683,0.18347965369565994,0.00763549469879001,0.15521824568492323,0.16018190532227938,0.17080567501993177,0.17287568545220824,0.033999331568393104,-0.00019891582587658934,0.034482758620689655,1,0.3336792056799722,0.3336792056799722,1,0.10334104743033241,0.015474137873062307,0.0,0.02719138713261855,0.009171461050880183,0.019227214231343204,0.025803909990226078,0.026480976097493534,0.02719138713261855,0.00018860805983579557,0.0,0,0,0.0,0.0,10.640251384553384,0.034482758620689655,0.0,NORMAL,uta,data\raw\uta\normal\normal_002_92524308.mov,group_002,11,2930,3210,29.968903754796397,2.99689037547964,10.0
0.1671010909239798,0.13981418203311624,0.18846794238898062,0.010585379285028234,0.1585176508128755,0.16166491285964374,0.1701255991959642,0.18363982831317283,0.048653760355864384,-0.0005054521711117655,0.06896551724137931,1,0.3336792056799722,0.3336792056799722,2,0.20668209486066483,0.017139135453642148,0.0,0.026664296612298865,0.007229750740772798,0.01996409690931557,0.021525780478219115,0.026170317570560746,0.026664296612298865,5.574879434373109e-06,0.0,0,0,0.0,0.0,9.749111456903456,0.06896551724137931,0.0,NORMAL,uta,data\raw\uta\normal\normal_002_92524308.mov,group_002,12,3220,3500,29.968903754796397,2.99689037547964,10.0
0.1731956396208696,0.12925413320103724,0.2068091962137884,0.015217037114998786,0.15875179942772827,0.16908056744292133,0.18172170212795774,0.19283989542318603,0.07755506301275117,0.0008461783047587807,0.10344827586206896,1,0.3336792056799722,0.3336792056799722,3,0.31002314229099726,0.016347613725178515,0.0,0.037030688012041894,0.008445741870723514,0.018515344006020947,0.024810764252159563,0.025635096064054754,0.037030688012041894,-0.0002809212493459625,0.0,0,0,0.0,0.0,10.593903711489055,0.10344827586206896,0.0,NORMAL,uta,data\raw\uta\normal\normal_002_92524308.mov,group_002,13,3510,3790,29.968903754796397,2.99689037547964,10.0
0.17680358844119187,0.1560410678689747,0.20747331673614694,0.010562502569547045,0.16737921942705758,0.17096859299404873,0.182039195903144,0.19121044678222984,0.05143224886717224,-0.0001343331967931896,0.0,0,0.0,0.0,0,0.0,0.014791391348101668,0.0,0.02711630722733202,0.009656803709391502,0.02395596150902933,0.025202471597156193,0.02552930976231951,0.02711630722733202,-0.0004990532198789206,0.0,0,0,0.0,0.0,11.952333079930405,0.0,0.0,NORMAL,uta,data\raw\uta\normal\normal_002_92524308.mov,group_002,14,3800,4080,29.968903754796397,2.99689037547964,10.0
0.16878098020349974,0.1511498407832788,0.19820914059116065,0.010276310125081196,0.15809553480522465,0.1614020946154668,0.1723100565278395,0.1781416507512438,0.047059299807881844,-0.0006061714962563945,0.0,0,0.0,0.0,0,0.0,0.018891065967622214,0.0,0.03922322702763681,0.007402523101660597,0.017857142857142856,0.025249788139385214,0.031528486684325494,0.03922322702763681,0.00010018328360836955,0.0,0,0,0.0,0.0,8.933960980909214,0.0,0.0,NORMAL,uta,data\raw\uta\normal\normal_002_92524308.mov,group_002,15,4090,4370,29.968903754796397,2.99689037547964,10.0
0.17297571219895602,0.13239511488739147,0.2057376996889918,0.015692507393741534,0.15732341752072387,0.16690378897171343,0.18331665368476968,0.18958403037948984,0.07334258480160033,-0.00033131200838425813,0.06896551724137931,2,0.6673584113599444,0.6673584113599444,1,0.10334104743033241,0.012907694836531773,0.0,0.037030688012041894,0.010829646499743883,0.018864566947613626,0.025638107938031878,0.027194403649660054,0.037030688012041894,3.084455526669104e-05,0.0,0,0,0.0,0.0,13.399938133902781,0.13793103448275862,0.0,NORMAL,uta,data\raw\uta\normal\normal_002_92524308.mov,group_002,16,4380,4660,29.968903754796397,2.99689037547964,10.0
0.16307924603976068,0.12345927011642421,0.19004426301805233,0.010995922901471035,0.15387302870731942,0.15893375195322,0.169618085749503,0.17317552291983124,0.06658499290162812,-0.00036450264732402766,0.06896551724137931,2,0.6673584113599444,0.6673584113599444,1,0.10334104743033241,0.01964845247281126,0.0,0.04271788288583805,0.008892536949158748,0.025695990389290258,0.026476676463677094,0.03327632476607016,0.04271788288583805,-1.0068550860695701e-05,0.0,0,0,0.0,0.0,8.299429526874182,0.13793103448275862,0.0,NORMAL,uta,data\raw\uta\normal\normal_002_92524308.mov,group_002,17,4670,4960,29.968903754796397,2.99689037547964,10.0
0.16881737917716297,0.15230760738976196,0.19665744491428028,0.01049593141384587,0.15559869822334915,0.163728770302377,0.17425488464848798,0.1790667896112514,0.04434983752451832,-0.0003501064198169978,0.0,0,0.0,0.0,0,0.0,0.019247624910429934,0.0,0.03772913389522725,0.007210741591653877,0.018864566947613626,0.02626981622606832,0.03285372649392869,0.03772913389522725,-5.326011848732398e-05,0.0,0,0,0.0,0.0,8.770360478357532,0.0,0.0,NORMAL,uta,data\raw\uta\normal\normal_002_92524308.mov,group_002,18,4970,5250,29.968903754796397,2.99689037547964,10.0
0.16530030946597452,0.15051786781358578,0.17839143053718068,0.005695901218888345,0.15783592089631263,0.163728770302377,0.16822541689423748,0.17040904041202812,0.027873562723594897,0.00022722373845115589,0.0,0,0.0,0.0,0,0.0,0.018644760349296175,0.0,0.03770900990025203,0.006381062376014008,0.018864566947613626,0.020616010610976697,0.026467056419183593,0.03770900990025203,0.0002049575293099003,0.0,0,0,0.0,0.0,8.865302694519192,0.0,0.0,NORMAL,uta,data\raw\uta\normal\normal_002_92524308.mov,group_002,19,5260,5540,29.968903754796397,2.99689037547964,10.0
0.17617039999715411,0.13289694013361478,0.19348470156545125,0.011303918640765895,0.16419359868760536,0.17482326113862537,0.1832520718074813,0.18586765235781763,0.06058776143183647,-0.0003615266073714759,0.034482758620689655,1,0.3336792056799722,0.3336792056799722,1,0.10334104743033241,0.03144144856873729,0.0,0.07574936441815563,0.015722357037927293,0.03922322702763681,0.05167240574943215,0.05771449231119684,0.07574936441815563,0.001086166773793952,0.0,0,0,0.0,0.0,5.602947862410354,0.034482758620689655,0.0,NORMAL,uta,data\raw\uta\normal\normal_002_92524308.mov,group_002,20,5550,5830,29.968903754796397,2.99689037547964,10.0
0.18473494808010643,0.14975585775567807,0.2253205253831733,0.018387601925995166,0.1629187631168583,0.1735333941786903,0.19436610695003784,0.2090338674919766,0.07556466762749522,-0.000500926604355576,0.034482758620689655,1,0.33367930132126056,0.33367930132126056,1,0.10334101781006265,0.019709555846058574,0.0,0.06775185928473774,0.01416317194997203,0.02018452258857621,0.03152237493886224,0.04919158311865658,0.06775185928473774,-0.00015354226880213946,0.0,0,0,0.0,0.0,9.372386528462464,0.034482758620689655,0.0,NORMAL,uta,data\raw\uta\normal\normal_003_719d8415.mov,group_003,1,10,290,29.968895164918173,2.9968895164918172,10.0
0.18567262596468143,0.1565135079917765,0.20729993272769864,0.013135883168375273,0.1688402350062005,0.174720252626407,0.19495574591737008,0.20243891152415316,0.05078642473592215,-0.0002639650638090948,0.0,0,0.0,0.0,0,0.0,0.012863323216276961,0.0,0.03149391517605338,0.008038778860516559,0.01885618083164127,0.019754094204576567,0.020378729594444603,0.03149391517605338,-0.0003702294859561235,0.0,0,0,0.0,0.0,14.433143729609787,0.0,0.0,NORMAL,uta,data\raw\uta\normal\normal_003_719d8415.mov,group_003,2,300,580,29.968895164918173,2.9968895164918172,10.0
0.17460215970543325,0.14613748468583318,0.19380752442004695,0.013619778679815604,0.15370384008406932,0.16552011540457084,0.18456212194217073,0.19233248159773117,0.04767003973421377,-6.340358874182485e-05,0.06896551724137931,1,0.33367930132126056,0.33367930132126056,2,0.2066820356201253,0.014016765364799294,0.0,0.04053868983909289,0.008168092052216226,0.019370971105651495,0.01969408926623415,0.020086071726363418,0.04053868983909289,-7.796246312739616e-05,0.0,0,0,0.0,0.0,12.455777020200767,0.06896551724137931,0.0,NORMAL,uta,data\raw\uta\normal\normal_003_719d8415.mov,group_003,3,590,870,29.968895164918173,2.9968895164918172,10.0
0.17558733290030754,0.15023391790837196,0.20374345570023655,0.011969307597408085,0.16060436842901152,0.16829774310575563,0.18378284559857444,0.19125660568998076,0.0535095377918646,-0.000249392761014406,0.0,0,0.0,0.0,0,0.0,0.011615339664309991,0.0,0.020788268748151588,0.007504977935569713,0.014699525800946368,0.019639960837957136,0.0198058996487567,0.020788268748151588,-0.0002811526595939056,0.0,0,0,0.0,0.0,15.115547407741662,0.0,0.0,NORMAL,uta,data\raw\uta\normal\normal_003_719d8415.mov,group_003,4,880,1160,29.968895164918173,2.9968895164918172,10.0
0.18945528389139044,0.130692538956522,0.22904115900923472,0.0184115971881608,0.1711957002823454,0.17997333308079502,0.20079169805291477,0.2063494433730299,0.09834862005271272,0.0008665841197778438,0.034482758620689655,1,0.33367930132126056,0.33367930132126056,1,0.10334101781006265,0.016052214598303395,0.0,0.02109826721772369,0.006136754437758585,0.02048724425916605,0.02078961695780156,0.020795009796401455,0.02109826721772369,-5.3070108761376416e-05,0.0,0,0,0.0,0.0,11.801703810239555,0.034482758620689655,0.0,NORMAL,uta,data\raw\uta\normal\normal_003_719d8415.mov,group_003,5,1170,1450,29.968895164918173,2.9968895164918172,10.0
0.19817186173975157,0.16601911338664327,0.20984138524100734,0.010132470614371412,0.18447212386428744,0.1970724211330403,0.20396147954136257,0.20663824048396165,0.043822271854364075,0.0008284753316433546,0.0,0,0.0,0.0,0,0.0,0.015470294791221927,0.0,0.020777048221211104,0.0059548382945221546,0.019910602979342218,0.020200989670726546,0.020366298204969643,0.020777048221211104,0.00011031713094966576,0.0,0,0,0.0,0.0,12.809003022306184,0.0,0.0,NORMAL,uta,data\raw\uta\normal\normal_003_719d8415.mov,group_003,6,1460,1740,29.968895164918173,2.9968895164918172,10.0
0.19182687314882427,0.16832784608548146,0.20861549780271937,0.01057956095414315,0.1737827268274712,0.18616813162992055,0.19870403649247487,0.20297903131092118,0.040287651717237916,0.00013207567961363989,0.0,0,0.0,0.0,0,0.0,0.01760422136865533,0.0,0.04391628750910588,0.0092056223990019,0.02048724425916605,0.029140986874377117,0.031735054969456625,0.04391628750910588,0.0001042402835875457,0.0,0,0,0.0,0.0,10.896021647893416,0.0,0.0,NORMAL,uta,data\raw\uta\normal\normal_003_719d8415.mov,group_003,7,1750,2030,29.968895164918173,2.9968895164918172,10.0
0.19147194580419685,0.15340587781325024,0.21734695461842668,0.01562240138194665,0.16847916726946222,0.17867950884092845,0.20063794566563542,0.2094096197375427,0.06394107680517644,-0.00010762780733757394,0.0,0,0.0,0.0,0,0.0,0.01971391347573526,0.0,0.04391628750910588,0.008996939578331972,0.020788268748151588,0.03202531423593823,0.03760963714263153,0.04391628750910588,0.0005385161880354401,0.0,0,0,0.0,0.0,9.712035816939135,0.0,0.0,NORMAL,uta,data\raw\uta\normal\normal_003_719d8415.mov,group_003,8,2040,2320,29.968895164918173,2.9968895164918172,10.0
0.17764473160292246,0.16039481807039238,0.2113526510135963,0.014586625945849406,0.16375817538529513,0.16645087465345731,0.18481555289925486,0.20232791542708428,0.05095783294320391,9.614568315036987e-05,0.0,0,0.0,0.0,0,0.0,0.031184982416415118,0.0,0.11536474596938079,0.022483843940020218,0.04053683939107918,0.05573527843777391,0.06623780007853827,0.11536474596938079,-0.0006666860425262121,0.0,0,0,0.0,0.0,5.696300640168931,0.0,0.0,NORMAL,uta,data\raw\uta\normal\normal_003_719d8415.mov,group_003,9,2330,2610,29.968895164918173,2.9968895164918172,10.0
0.19447086859473736,0.16200917674993132,0.21711164681670791,0.013804806186214791,0.17324203410601352,0.1868214850360958,0.20688477099618463,0.2104181094061629,0.0551024700667766,-0.00045269914025492625,0.0,0,0.0,0.0,0,0.0,0.018691357525569052,0.013482771598464758,0.044499415948998484,0.00621284926412881,0.020461495722482567,0.020823125706626987,0.026799806668702564,0.031016644350533727,5.915166691711854e-06,0.0,0,0,0.0,0.0,10.403763587804427,0.0,0.0,NORMAL,uta,data\raw\uta\normal\normal_003_719d8415.mov,group_003,10,2620,2900,29.968895164918173,2.9968895164918172,10.0
0.20203724287594155,0.18675860350830326,0.21866414474362672,0.008069775902621678,0.19123240442081926,0.19668222613561487,0.20585199570730855,0.2119113119630964,0.031905541235323465,4.184398593419564e-05,0.0,0,0.0,0.0,0,0.0,0.018400434298161256,0.013687077150699013,0.021070148679394957,0.00277375963170423,0.02047650389446504,0.020761369963434993,0.02077077691810066,0.007383071528695944,-8.982454351310136e-05,0.0,0,0,0.0,0.0,10.979429081575988,0.0,0.0,NORMAL,uta,data\raw\uta\normal\normal_003_719d8415.mov,group_003,11,2910,3190,29.968895164918173,2.9968895164918172,10.0
0.19801607505279178,0.16248088239433023,0.21236784989765256,0.011176457234618164,0.18707446217080026,0.19224882575382157,0.20573626370459502,0.20700480225782472,0.04988696750332233,-0.00046472080163767937,0.0,0,0.0,0.0,0,0.0,0.019939691052539173,0.013867504905630728,0.03285139771708852,0.004439486144980672,0.020761369963434993,0.02290221687889417,0.029199866392456284,0.018983892811457792,0.0003053683322906033,0.0,0,0,0.0,0.0,9.930251390539304,0.0,0.0,NORMAL,uta,data\raw\uta\normal\normal_003_719d8415.mov,group_003,12,3200,3480,29.968895164918173,2.9968895164918172,10.0
0.20861298999157962,0.19645465044134935,0.23424018328061366,0.007171477954833013,0.20107929237310587,0.20446283545038474,0.2124187879054559,0.21409612825972008,0.03778553283926431,0.00020939336597882702,0.0,0,0.0,0.0,0,0.0,0.015158705271354225,0.0,0.021388233719233228,0.005872219934409958,0.020761369963434993,0.021070148679394957,0.021070148679394957,0.021388233719233228,-0.0001826671645950795,0.0,0,0,0.0,0.0,13.76101884947425,0.0,0.0,NORMAL,uta,data\raw\uta\normal\normal_003_719d8415.mov,group_003,13,3490,3770,29.968895164918173,2.9968895164918172,10.0
0.20231242757598117,0.17847938900889881,0.22179991858165496,0.00876104834621644,0.1934014485028035,0.19822805557556555,0.207929284842721,0.21199332929746845,0.043320529572756145,-0.00015227568693002065,0.0,0,0.0,0.0,0,0.0,0.014657695140203323,0.0,0.02171605143400755,0.005658907544813497,0.014898845011808954,0.021070148679394957,0.021443886940877354,0.02171605143400755,0.0001306987447129829,0.0,0,0,0.0,0.0,13.801530466454262,0.0,0.0,NORMAL,uta,data\raw\uta\normal\normal_003_719d8415.mov,group_003,14,3780,4060,29.968895164918173,2.9968895164918172,10.0
0.20741982821780103,0.18820719932532368,0.22485294320763655,0.006661511585884105,0.20093043541438532,0.2041348247470197,0.21078564667565086,0.21315225720034156,0.03664574388231287,0.00016777352391277218,0.0,0,0.0,0.0,0,0.0,0.015915386781967748,0.0,0.022054054569561544,0.006152935924311411,0.021070148679394957,0.021449196131759708,0.021706849173150775,0.022054054569561544,-5.1262595962237115e-06,0.0,0,0,0.0,0.0,13.031841400888451,0.0,0.0,NORMAL,uta,data\raw\uta\normal\normal_003_719d8415.mov,group_003,15,4070,4350,29.968895164918173,2.9968895164918172,10.0
0.20188567253939296,0.1756619334292988,0.22527726662299902,0.012804832665843974,0.1853819414666683,0.19318547723735752,0.2112644921237971,0.2164964484340477,0.049615333193700206,-3.436648344286648e-05,0.0,0,0.0,0.0,0,0.0,0.016297731260444655,0.0,0.032826608214930636,0.0071908357448288345,0.020761369963434993,0.02119472809988909,0.027773494053416063,0.032826608214930636,0.00039540229690089796,0.0,0,0,0.0,0.0,12.386588214344556,0.0,0.0,NORMAL,uta,data\raw\uta\normal\normal_003_719d8415.mov,group_003,16,4360,4640,29.968895164918173,2.9968895164918172,10.0
0.20517017140428384,0.18001375257240546,0.23768703037277883,0.0155297363730098,0.18662479941365914,0.19287806684669176,0.21636798376394725,0.22734848191989826,0.057673277800373374,-0.00047425293624953134,0.0,0,0.0,0.0,0,0.0,0.025229328952546325,0.01297716729491983,0.08681077427152174,0.016839977612489357,0.028545225594790564,0.042649698644018,0.060648124861074716,0.0738336069766019,-0.0007329516307968857,0.0,0,0,0.0,0.0,8.131886500178881,0.0,0.0,NORMAL,uta,data\raw\uta\normal\normal_003_719d8415.mov,group_003,17,4650,4930,29.968895164918173,2.9968895164918172,10.0
0.1963907340770901,0.17228722644975653,0.22731986429956613,0.012149968069440627,0.18243730353873705,0.18867127976287618,0.2022096159275179,0.20982740783165268,0.05503263784980961,-0.0003371873776191206,0.0,0,0.0,0.0,0,0.0,0.020062691309568358,0.0,0.044041516463602756,0.011934706872795579,0.029383183380516528,0.03573529089946868,0.04340538713576087,0.044041516463602756,0.0004624138728228736,0.0,0,0,0.0,0.0,9.78836501453905,0.0,0.0,NORMAL,uta,data\raw\uta\normal\normal_003_719d8415.mov,group_003,18,4940,5220,29.968895164918173,2.9968895164918172,10.0
0.19390011151324268,0.17873636134460474,0.21279705863685167,0.008913729364470215,0.18209651157972687,0.18798461561924323,0.19963129297132048,0.2048159521202728,0.03406069729224692,0.00014187596801008617,0.0,0,0.0,0.0,0,0.0,0.016577798346226035,0.0,0.03021644509175606,0.004839273435822772,0.020761369963434993,0.02108653748577924,0.02165259044558003,0.03021644509175606,-0.00020797676624037713,0.0,0,0,0.0,0.0,11.695667409898963,0.0,0.0,NORMAL,uta,data\raw\uta\normal\normal_003_719d8415.mov,group_003,19,5230,5510,29.968895164918173,2.9968895164918172,10.0
0.208584535323891,0.1679658297641045,0.23404976440629066,0.01644563507597756,0.18551418649422266,0.20112245160741332,0.22065810664308172,0.23118029199917906,0.06608393464218615,0.0009284411069823805,0.0,0,0.0,0.0,0,0.0,0.014346885790443612,0.0,0.02171605143400755,0.007098866613456041,0.021070148679394957,0.02113376568736261,0.021388233719233228,0.02171605143400755,0.00023909509554414867,0.0,0,0,0.0,0.0,14.537649544354364,0.0,0.0,NORMAL,uta,data\raw\uta\normal\normal_003_719d8415.mov,group_003,20,5520,5800,29.968895164918173,2.9968895164918172,10.0
0.36681494797901165,0.27298749253042154,0.43237709966102383,0.039194016518071334,0.3159283079211732,0.3436820399422179,0.3944188985951175,0.41199420207379217,0.1593896071306023,0.00278134821714989,0.0,0,0.0,0.0,0,0.0,0.018189497594121962,0.0,0.03926856307863329,0.015382371762342,0.02855977389887699,0.03820803599504351,0.03905645766191533,0.03926856307863329,-0.00023902949314395837,0.0,0,0,0.0,0.0,20.16519592611603,0.0,0.0,NORMAL,uta,data\raw\uta\normal\normal_004_7bfc5796.mp4,group_004,1,10,250,25.0,2.5,10.0
0.3585817095117098,0.08218688753254022,0.4333652800417034,0.06791184548523714,0.3190145739762771,0.3575132380089453,0.3911683144361764,0.41622265992143337,0.35117839250916316,0.0007199584907174428,0.04,1,0.4,0.4,1,0.1,0.007839406853838453,0.0,0.02857142857142857,0.012574261588213464,0.02701716134791496,0.028226048272664995,0.028552798172952885,0.02857142857142857,0.00034188533220023477,0.0,0,0,0.0,0.0,45.735089542726705,0.04,0.0,NORMAL,uta,data\raw\uta\normal\normal_004_7bfc5796.mp4,group_004,2,260,500,25.0,2.5,10.0
0.3533981772791379,0.19537160962983846,0.4036397262457322,0.040926182478898926,0.3194177988941497,0.34456415921597555,0.38132412034970375,0.38915695088135804,0.20826811661589373,-0.0019582304105467334,0.0,0,0.0,0.0,0,0.0,0.007778599171094736,0.0,0.02855977389887699,0.012475392618555061,0.02702702702702703,0.027777777777777776,0.027777777777777776,0.02855977389887699,8.3551498236708e-05,0.0,0,0,0.0,0.0,45.426270622295846,0.0,0.0,NORMAL,uta,data\raw\uta\normal\normal_004_7bfc5796.mp4,group_004,3,510,750,25.0,2.5,10.0
0.3691404697259744,0.31123951250807347,0.43191204982577347,0.033057745615261994,0.32780046842743826,0.34066273634693034,0.39513060190850713,0.41511119692884074,0.1206725373177,0.0007588388033911354,0.0,0,0.0,0.0,0,0.0,0.010023000083704794,0.0,0.040406101782088436,0.014959430114754382,0.026279416561381837,0.03335442837919457,0.03789771419527503,0.040406101782088436,0.00032318923430043906,0.0,0,0,0.0,0.0,36.82566506818533,0.0,0.0,NORMAL,uta,data\raw\uta\normal\normal_004_7bfc5796.mp4,group_004,4,760,1000,25.0,2.5,10.0
0.33416976363672674,0.12224276939820766,0.39500424696660535,0.06963802278620433,0.22790379902653338,0.342211002216963,0.37632209969172836,0.3840611556361782,0.2727614775683977,-0.004348612637707041,0.04,1,0.4,0.4,1,0.1,0.014504707377966407,0.0,0.03820803599504351,0.014109527876881365,0.02701716134791496,0.02777349356280798,0.028403374674657145,0.03820803599504351,0.00039891285310181154,0.0,0,0,0.0,0.0,23.0371229013152,0.04,0.0,NORMAL,uta,data\raw\uta\normal\normal_004_7bfc5796.mp4,group_004,5,1010,1250,25.0,2.5,10.0
0.3402750872265605,0.2953282919649621,0.40221405252514564,0.025509687296495512,0.3078998018997541,0.3260423612263006,0.3560816527992102,0.372172787273057,0.10688576056018356,0.0010494070757451073,0.0,0,0.0,0.0,0,0.0,0.01064041415010901,0.0,0.03820803599504351,0.014459551463579245,0.026987629007500225,0.028123380876771815,0.03622642619005599,0.03820803599504351,-0.0003016027864778735,0.0,0,0,0.0,0.0,31.976491322168382,0.0,0.0,NORMAL,uta,data\raw\uta\normal\normal_004_7bfc5796.mp4,group_004,6,1260,1500,25.0,2.5,10.0
0.3693248009827058,0.08529349050829865,0.43030593294347685,0.06455967226599145,0.3464709891549266,0.3565842083483859,0.40782243250979167,0.42552974260141907,0.3450124424351782,0.0007682201855323895,0.04,1,0.4,0.4,1,0.1,0.014340240493828761,0.0,0.04143353952325209,0.015279712051508168,0.027767067240353285,0.028545822447028784,0.03703036648722622,0.04143353952325209,0.0003560772704116485,0.0,0,0,0.0,0.0,25.752639818126717,0.04,0.0,NORMAL,uta,data\raw\uta\normal\normal_004_7bfc5796.mp4,group_004,7,1510,1750,25.0,2.5,10.0
0.384655393928376,0.3292167862950375,0.43403019854278857,0.02547140412204968,0.35224872381372596,0.3740966295007321,0.3952567635402733,0.42684937181573457,0.10481341224775109,-0.0005022544621964341,0.0,0,0.0,0.0,0,0.0,0.012414423440743299,0.0,0.040488816508945806,0.014256958161023408,0.026279416561381837,0.028123380876771815,0.029212650704609905,0.040488816508945806,-0.0005197259048521711,0.0,0,0,0.0,0.0,30.982059996928072,0.0,0.0,NORMAL,uta,data\raw\uta\normal\normal_004_7bfc5796.mp4,group_004,8,1760,2000,25.0,2.5,10.0
0.37041135309586176,0.33414708760358514,0.41562280795526807,0.020878853229831806,0.34870607723845026,0.358944370828464,0.37504811861246423,0.4063756170817342,0.08147572035168293,-0.00035703801752971597,0.0,0,0.0,0.0,0,0.0,0.007807311238950489,0.0,0.04034029375505465,0.01422356895872163,0.0,0.033308922154467714,0.03804417442884709,0.04034029375505465,0.0003932621531185361,0.0,0,0,0.0,0.0,47.438087668448084,0.0,0.0,NORMAL,uta,data\raw\uta\normal\normal_004_7bfc5796.mp4,group_004,9,2010,2250,25.0,2.5,10.0
0.35620418664398995,0.31774769237690537,0.40260993913746,0.020317607089446528,0.33748636210552363,0.34092124646434896,0.3693487106475057,0.3813008036513265,0.08486224676055465,0.0005819032070469224,0.0,0,0.0,0.0,0,0.0,0.007469378230251498,0.0,0.027681826617913324,0.01198396097702077,0.025565499628245683,0.026834584323455122,0.027474029799372957,0.027681826617913324,0.00030757975384643,0.0,0,0,0.0,0.0,47.68221576807604,0.0,0.0,NORMAL,uta,data\raw\uta\normal\normal_004_7bfc5796.mp4,group_004,10,2260,2500,25.0,2.5,10.0
0.3874772927884215,0.29769460911634404,0.6446977021204794,0.08058606940485472,0.312753196024184,0.358316207648982,0.38806050713502205,0.4163240554159213,0.34700309300413534,0.0021794021167058563,0.0,0,0.0,0.0,0,0.0,0.00912433156590724,0.0,0.03210806495339678,0.013331625615359157,0.027735009811261455,0.028545822447028784,0.029231196061289585,0.03210806495339678,0.0004608313431588372,0.0,0,0,0.0,0.0,42.46172207441304,0.0,0.0,NORMAL,uta,data\raw\uta\normal\normal_004_7bfc5796.mp4,group_004,11,2510,2750,25.0,2.5,10.0
0.4376749177277118,0.17670368475750242,0.8571856060639873,0.13560123674197547,0.31999446056458863,0.35962481452479034,0.5066776889925483,0.553941994059168,0.6804819213064849,0.0001254476189240372,0.0,0,0.0,0.0,0,0.0,0.0223335525993295,0.0,0.06662966046527696,0.02025656712210155,0.033259505261886965,0.0457564928892325,0.05643792402841217,0.06662966046527696,0.00046629799446450354,0.0,0,0,0.0,0.0,19.59631453467535,0.0,0.0,NORMAL,uta,data\raw\uta\normal\normal_004_7bfc5796.mp4,group_004,12,2760,3010,25.0,2.5,10.0
0.36293209143315275,0.21879444150836258,0.41719333234324285,0.04794354815734925,0.31105275171589714,0.3544570634552941,0.39532185078293336,0.4002519288792357,0.19839889083488027,0.0010874328079689573,0.0,0,0.0,0.0,0,0.0,0.014791540510429883,0.0,0.04343722427630694,0.01575693291234356,0.028524895269256473,0.030166248536057778,0.03743918768271548,0.04343722427630694,-0.0005864273257216381,0.0,0,0,0.0,0.0,24.534804631919556,0.0,0.0,NORMAL,uta,data\raw\uta\normal\normal_004_7bfc5796.mp4,group_004,13,3020,3260,25.0,2.5,10.0
0.3806089134955159,0.3097980974635507,0.47937278164488367,0.03569528730748797,0.33497092543739865,0.3580388470206589,0.4024528308539678,0.4135995715813137,0.16957468418133298,-0.0026184474216932154,0.0,0,0.0,0.0,0,0.0,0.013106812603097047,0.0,0.05536365323582665,0.01686798365684974,0.02838664779018298,0.0326512630227702,0.03733751611607872,0.05536365323582665,-0.00019284072802777243,0.0,0,0,0.0,0.0,29.036798512483127,0.0,0.0,NORMAL,uta,data\raw\uta\normal\normal_004_7bfc5796.mp4,group_004,14,3270,3510,25.0,2.5,10.0
0.3763435183553843,0.3310656539720239,0.46189643747172926,0.031074974599050054,0.33640687981301653,0.35795106611452354,0.384446757817054,0.41747108112354386,0.13083078349970534,-0.0005249645082430596,0.0,0,0.0,0.0,0,0.0,0.008228004880139186,0.0,0.03816627095870037,0.013334202501572965,0.026938622922018266,0.028187667808719216,0.028984017533024313,0.03816627095870037,-0.0008678809035415899,0.0,0,0,0.0,0.0,45.733782375520825,0.0,0.0,NORMAL,uta,data\raw\uta\normal\normal_004_7bfc5796.mp4,group_004,15,3520,3760,25.0,2.5,10.0
0.36370856691920295,0.2067150563075767,0.4765015934176539,0.0445129313088451,0.34082882728130237,0.3485038919180734,0.38761915625006893,0.39777739883679086,0.2697865371100772,-0.0010079708028706764,0.0,0,0.0,0.0,0,0.0,0.010790213771354086,0.0,0.03710070742448329,0.014554613771364432,0.027513674254937545,0.03060565875223211,0.034603622650176746,0.03710070742448329,0.00014551955066125272,0.0,0,0,0.0,0.0,33.70413881380877,0.0,0.0,NORMAL,uta,data\raw\uta\normal\normal_004_7bfc5796.mp4,group_004,16,3770,4010,25.0,2.5,10.0
0.35615089747264556,0.32088613794338633,0.41821844161474214,0.018901752474073483,0.34071075408381046,0.34470044305024566,0.36740270922889073,0.3745557140115153,0.09733230367135581,-0.0003214537838803444,0.0,0,0.0,0.0,0,0.0,0.006165731812940749,0.0,0.03721614637823935,0.0125534240288119,0.0,0.027186556133685657,0.035316026720243615,0.03721614637823935,-5.331945921838163e-05,0.0,0,0,0.0,0.0,57.753589466185446,0.0,0.0,NORMAL,uta,data\raw\uta\normal\normal_004_7bfc5796.mp4,group_004,17,4020,4260,25.0,2.5,10.0
0.33990999273512446,0.07793763509488902,0.40726263626447134,0.05845502910515591,0.3141760071465115,0.3322390255311881,0.36357482383953243,0.37721197796950745,0.3293250011695823,-0.0004754454933983789,0.04,1,0.4,0.4,1,0.1,0.01937913740054442,0.0,0.03922322702763681,0.01373082323162444,0.02702702702702703,0.03317389256738322,0.03625950330769993,0.03922322702763681,0.000695147999554108,0.0,0,0,0.0,0.0,17.53909096256334,0.04,0.0,NORMAL,uta,data\raw\uta\normal\normal_004_7bfc5796.mp4,group_004,18,4270,4510,25.0,2.5,10.0
0.3341046658701594,0.29116184312035015,0.39721393579274344,0.025940322661865925,0.3031588120794441,0.3162419537648769,0.35013685822487844,0.36884018662730716,0.1060520926723933,0.0016344895961041856,0.0,0,0.0,0.0,0,0.0,0.019472093659707562,0.0,0.04025848411142373,0.01504490505143426,0.029297936765452382,0.03497119538088937,0.03984004148087905,0.04025848411142373,0.00021096127922136114,0.0,0,0,0.0,0.0,17.157246388716686,0.0,0.0,NORMAL,uta,data\raw\uta\normal\normal_004_7bfc5796.mp4,group_004,19,4520,4760,25.0,2.5,10.0
0.3177058219229956,0.25882806199888,0.37727988801801127,0.027341317837012668,0.2893750905473653,0.3033886456774496,0.3312783385192784,0.3546976422602433,0.11845182601913129,-0.0003117757878040446,0.0,0,0.0,0.0,0,0.0,0.014375673596599116,0.0,0.05536365323582665,0.016037838015959757,0.02631578947368421,0.028187667808719216,0.036182551764229645,0.05536365323582665,-0.0004642832955408146,0.0,0,0,0.0,0.0,22.09870174684572,0.0,0.0,NORMAL,uta,data\raw\uta\normal\normal_004_7bfc5796.mp4,group_004,20,4770,5010,25.0,2.5,10.0
0.1722118101192389,0.11686679934063232,0.20488318212084308,0.017576826548410206,0.15570393149645118,0.1641781446248754,0.1828553064161222,0.1880006461724155,0.08801638278021076,-0.00038168595051380887,0.06666666666666667,1,0.3330599311968133,0.3330599311968133,2,0.20016417594007035,0.033842996991093825,0.0,0.09399030871206115,0.01984645561978865,0.04336176870524684,0.05619062175282129,0.06855706165002112,0.09399030871206115,0.001534600760877841,0.0,0,0,0.0,0.0,5.0884004677271735,0.06666666666666667,0.0,NORMAL,uta,data\raw\uta\normal\normal_005_33aea274.mov,group_005,1,10,300,30.024626391010553,3.002462639101055,10.0
0.16803892265171377,0.15338875661094498,0.185017858444136,0.008429353589716042,0.15790008240422465,0.1611776222707011,0.1748320641295853,0.17925436813375512,0.03162910183319104,0.00028361635312726527,0.0,0,0.0,0.0,0,0.0,0.0512430193036304,0.03247634908414431,0.07274495717075045,0.01091505451109192,0.05999981806467104,0.06450700559529875,0.06911823876928996,0.04026860808660614,-0.00012096516147693477,0.0,0,0,0.0,0.0,3.2791909170131976,0.0,0.0,NORMAL,uta,data\raw\uta\normal\normal_005_33aea274.mov,group_005,2,310,600,30.024626391010553,3.002462639101055,10.0
0.16486703288218565,0.10824487572260855,0.1831628963699541,0.014741640423734482,0.15003885217773227,0.15965877546246,0.1745747681575946,0.18202115933143634,0.07491802064734554,0.0006363471261621495,0.1,1,0.3330599311968133,0.3330599311968133,3,0.3002462639101055,0.054415487494421995,0.027942119170441704,0.0800328006495815,0.013617836645676295,0.06601691547868369,0.07169755223715595,0.07558348211259193,0.0520906814791398,0.00029847241476627264,0.0,0,0,0.0,0.0,3.0297257407341016,0.1,0.0,NORMAL,uta,data\raw\uta\normal\normal_005_33aea274.mov,group_005,3,610,900,30.024626391010553,3.002462639101055,10.0
0.18727177629922234,0.16709009304009453,0.21613729353129107,0.011734303132377607,0.1751309359770059,0.1784145693784507,0.19393376494359377,0.19911153239930815,0.04904720049119654,-0.0002634528044848412,0.0,0,0.0,0.0,0,0.0,0.07831228809285266,0.034908213887296195,0.12640611847268438,0.021248916457752842,0.08805402890400466,0.10596553613852422,0.11803482151704658,0.09149790458538817,0.000332101957138617,0.03333333333333333,1,1,0.3330599311968133,0.3330599311968133,2.3913154569270842,0.0,0.004213537282422812,NORMAL,uta,data\raw\uta\normal\normal_005_33aea274.mov,group_005,4,910,1200,30.024626391010553,3.002462639101055,10.0
0.19489003493634752,0.17612646676572064,0.21394487075730934,0.009179205121647873,0.18352421721689519,0.1867415100780822,0.20191290862338576,0.20522695994904425,0.0378184039915887,0.0007019655380551638,0.0,0,0.0,0.0,0,0.0,0.07010246591877013,0.042874646285627205,0.10599978800063599,0.016093242607780903,0.07969306941118448,0.08586683275370842,0.0993582562675977,0.06312514171500878,0.0005620601402062865,0.0,0,0,0.0,0.0,2.780034230578119,0.0,0.0,NORMAL,uta,data\raw\uta\normal\normal_005_33aea274.mov,group_005,5,1210,1500,30.024626391010553,3.002462639101055,10.0
0.18747306121416252,0.16463283584216132,0.20759411621568635,0.009628191729782914,0.17573587063443374,0.18106557869641365,0.19258253083215254,0.19958790029216178,0.042961280373525035,0.00026178068208533177,0.0,0,0.0,0.0,0,0.0,0.09588314540735787,0.04391791642131167,0.14396315014973893,0.024681991006166543,0.11312345764443243,0.12372191249394361,0.1402529133360816,0.10004523372842726,-0.0002919505694659747,0.13333333333333333,4,1,0.3330599311968133,0.3330599311968133,1.9552039643018644,0.0,0.019195086686631856,NORMAL,uta,data\raw\uta\normal\normal_005_33aea274.mov,group_005,6,1510,1800,30.024626391010553,3.002462639101055,10.0
0.19298350676067813,0.16060569507309078,0.22603250508321937,0.014221242352365224,0.17557119635220889,0.18376443661779218,0.20111400209723376,0.21071057000542134,0.0654268100101286,-0.0008194679109564797,0.0,0,0.0,0.0,0,0.0,0.10429462110501818,0.0594186399842153,0.14475044990743205,0.024331556397052156,0.12315442709289225,0.13334278055111307,0.13527662151391032,0.08533180992321675,0.0006526845167402311,0.3333333333333333,6,2,0.6661198623936266,0.5550998853280222,1.850350999553065,0.0,0.048250149969144014,NORMAL,uta,data\raw\uta\normal\normal_005_33aea274.mov,group_005,7,1810,2120,30.024626391010553,3.002462639101055,10.0
0.19074709171374823,0.1512186450431332,0.21033766877125035,0.011928517394575486,0.17957719765840877,0.18550344169897687,0.19734209565257754,0.20482449468605227,0.05911902372811714,-0.0002992039357164526,0.0,0,0.0,0.0,0,0.0,0.11348516824958632,0.0829061417021459,0.14403780047891934,0.01506925298539557,0.12481217918514828,0.12964143034520229,0.13384227675197657,0.06113165877677344,-0.00025644772087965386,0.36666666666666664,8,3,0.99917979359044,0.45795740539561836,1.6807959476986178,0.0,0.05281386017560376,NORMAL,uta,data\raw\uta\normal\normal_005_33aea274.mov,group_005,8,2130,2430,30.024626391010553,3.002462639101055,10.0
0.18733805678305096,0.13484397921021424,0.21297290039603928,0.016418521882175442,0.16687335802063166,0.1848350012917305,0.19713592700527774,0.20095593575522655,0.07812892118582504,-0.0006592818345847456,0.06666666666666667,2,0.6661198623936266,0.6661198623936266,1,0.10008208797003518,0.12323775706330001,0.08089035345353915,0.19190413092849798,0.027090249462287996,0.13910219569720803,0.15419323457924103,0.18008030247439963,0.11101377747495883,0.0014947010988221204,0.4666666666666667,7,6,1.99835958718088,0.6661198623936266,1.5201229000291456,0.13333333333333333,0.08955526109996573,NORMAL,uta,data\raw\uta\normal\normal_005_33aea274.mov,group_005,9,2440,2740,30.024626391010553,3.002462639101055,10.0
0.18172556833930462,0.1359042730683514,0.20942818728519824,0.014351384922574768,0.16295648760023496,0.17675459797303383,0.19096943752628248,0.19565966874541416,0.07352391421684684,-0.00021722101280152536,0.03333333333333333,1,0.3330599311968133,0.3330599311968133,1,0.10008208797003518,0.10261262612130667,0.0376288347353439,0.13610507030942834,0.02676337345547214,0.12098352383384785,0.1321903894122852,0.13477118847700859,0.09847623557408444,9.523228422869649e-05,0.3,4,4,1.3322397247872533,0.74938484519283,1.7709691705512312,0.03333333333333333,0.0408315210928285,NORMAL,uta,data\raw\uta\normal\normal_005_33aea274.mov,group_005,10,2750,3070,30.024626391010553,3.002462639101055,10.0
0.17805185640971538,0.15392096096927194,0.19908558289690179,0.011904410351925788,0.16228043531906539,0.16811211328721887,0.18696031339805957,0.19202566664073803,0.04516462192762985,-9.098597754391928e-05,0.0,0,0.0,0.0,0,0.0,0.10088964054427066,0.04325398698483402,0.13794918058124908,0.026322316545882223,0.11919087688997484,0.13169604003071658,0.13537477163222267,0.09469519359641507,-0.0002519443169270458,0.2,6,1,0.3330599311968133,0.3330599311968133,1.764800535006877,0.0,0.02758983611624982,NORMAL,uta,data\raw\uta\normal\normal_005_33aea274.mov,group_005,11,3080,3420,30.024626391010553,3.002462639101055,10.0
0.1750606899441154,0.13614136460346238,0.20025770888975342,0.014515105811243725,0.15837203559350335,0.1670128341699686,0.18481062019129724,0.1882624869755783,0.06411634428629104,0.00030461729905633837,0.06666666666666667,2,0.6661198623936266,0.6661198623936266,1,0.10008208797003518,0.08555691358971503,0.03287979746107146,0.16703553469441254,0.024822028001672478,0.09541652994798049,0.10650526558911132,0.13354274381920989,0.13415573723334107,-0.0011594938559779705,0.1,2,2,0.6661198623936266,0.49958989679522,2.046107514771837,0.13333333333333333,0.016703553469441256,NORMAL,uta,data\raw\uta\normal\normal_005_33aea274.mov,group_005,12,3430,3720,30.024626391010553,3.002462639101055,10.0
0.17110679295647704,0.13093911036954312,0.1874421262349864,0.012827363475983542,0.15681942799950446,0.1676088216444227,0.17872881079798847,0.1854195011072016,0.05650301586544329,-0.0006641305379329037,0.1,2,0.6661198623936266,0.49958989679522,2,0.20016417594007035,0.07431834831808537,0.05710557587505377,0.09029184343036645,0.00675912966503187,0.08058537958854671,0.08177142105407839,0.08184953515585021,0.033186267555312676,-0.00022449661572105463,0.0,0,0,0.0,0.0,2.3023182633968116,0.2,0.0,NORMAL,uta,data\raw\uta\normal\normal_005_33aea274.mov,group_005,13,3730,4020,30.024626391010553,3.002462639101055,10.0
0.17281378653926638,0.16033123572507657,0.18521497490484398,0.00538255262099668,0.16619439228588972,0.16981130860229815,0.17556811536652603,0.1800395248664035,0.02488373917976741,-1.641542103945879e-05,0.0,0,0.0,0.0,0,0.0,0.0752073179414463,0.052831149976270295,0.11345674393862516,0.011426393748093394,0.0808726263535073,0.08781360259347816,0.0900183442949878,0.06062559396235487,7.950530126143104e-05,0.0,0,0,0.0,0.0,2.297801510117686,0.0,0.0,NORMAL,uta,data\raw\uta\normal\normal_005_33aea274.mov,group_005,14,4030,4320,30.024626391010553,3.002462639101055,10.0
0.17045496039563188,0.1600638051153645,0.18468226011836886,0.00652804404201029,0.16253491478026427,0.1664218554632032,0.17460362594848028,0.1794757333714593,0.024618455003004358,-0.0003844728992505486,0.0,0,0.0,0.0,0,0.0,0.0737685559624532,0.05317945372643963,0.09468641529479986,0.00894472560982533,0.08067548209010907,0.08265999862086386,0.08435911029357865,0.04150696156836023,-0.00013362436481620924,0.0,0,0,0.0,0.0,2.310640997790322,0.0,0.0,NORMAL,uta,data\raw\uta\normal\normal_005_33aea274.mov,group_005,15,4330,4620,30.024626391010553,3.002462639101055,10.0
0.14926259610202708,0.10086533960193078,0.18321957595066252,0.022029575732043175,0.11920088933589751,0.1336753579651684,0.1659878113029591,0.17382323869918448,0.08235423634873174,-0.0004362817062046468,0.43333333333333335,10,3.3305993119681334,1.0824447763896434,4,0.4003283518801407,0.045018147345840434,0.011482123332789982,0.09635676983401982,0.025273973749442052,0.06609064141165007,0.08579176224152715,0.08633531329260728,0.08487464650122983,-0.0019458837471238598,0.0,0,0,0.0,0.0,3.315535830907252,4.333333333333334,0.0,NORMAL,uta,data\raw\uta\normal\normal_005_33aea274.mov,group_005,16,4630,4920,30.024626391010553,3.002462639101055,10.0
0.17157545156127343,0.09807205009554082,0.18750153014672802,0.015751368254168077,0.15782849800261253,0.16991499963760398,0.17936605717943682,0.18075635485533545,0.0894294800511872,0.0004106990228615218,0.03333333333333333,1,0.3330599311968133,0.3330599311968133,1,0.10008208797003518,0.03474280669726145,0.01174440439029407,0.06970503120754849,0.020759702775201495,0.050872338189046136,0.06733533578472323,0.06880209161537815,0.057960626817254425,0.0021076952401605864,0.0,0,0,0.0,0.0,4.938303193322717,0.03333333333333333,0.0,NORMAL,uta,data\raw\uta\normal\normal_005_33aea274.mov,group_005,17,4930,5220,30.024626391010553,3.002462639101055,10.0
0.17608918962931092,0.1617242587192394,0.1826506279665471,0.004840027917148405,0.1702369725544316,0.1739875267829267,0.17944395186178164,0.18059436258560546,0.020926369247307702,-0.000120031611903869,0.0,0,0.0,0.0,0,0.0,0.064409462834087,0.04281414865949237,0.09164993374146733,0.011016188900919656,0.06996262524301175,0.07660005537434116,0.08405663887578647,0.04883578508197497,0.00043282522440450465,0.0,0,0,0.0,0.0,2.7338600264819375,0.0,0.0,NORMAL,uta,data\raw\uta\normal\normal_005_33aea274.mov,group_005,18,5230,5520,30.024626391010553,3.002462639101055,10.0
0.17536069712463515,0.14273903576930924,0.19434006005771953,0.009255438521833224,0.16642274716487748,0.17190301471113645,0.18055609323829533,0.18377288719520998,0.05160102428841029,8.190731916841518e-05,0.03333333333333333,1,0.3330599311968133,0.3330599311968133,1,0.10008208797003518,0.0681268078139772,0.03247634908414431,0.10159920368804691,0.018686131727206796,0.08072804131525872,0.08753029068046032,0.0960457174786853,0.0691228546039026,0.0002769097156253094,0.0,0,0,0.0,0.0,2.5739958873101725,0.03333333333333333,0.0,NORMAL,uta,data\raw\uta\normal\normal_005_33aea274.mov,group_005,19,5530,5820,30.024626391010553,3.002462639101055,10.0
0.17733876021549552,0.14416049628788424,0.19185031037055283,0.008579767092047842,0.17061496723876804,0.173597386115465,0.18282184913093005,0.18536654602740907,0.04768981408266859,0.0004605528744677214,0.03333333333333333,1,0.3330599311968133,0.3330599311968133,1,0.10008208797003518,0.06834474119236184,0.037603552349761676,0.09270310543822174,0.012926687474721567,0.07523504097319088,0.08585236700211443,0.08732850266946056,0.05509955308846007,0.00019683859115041263,0.0,0,0,0.0,0.0,2.594730221980744,0.03333333333333333,0.0,NORMAL,uta,data\raw\uta\normal\normal_005_33aea274.mov,group_005,20,5830,6120,30.024626391010553,3.002462639101055,10.0
0.3730657794712178,0.3271745611042474,0.4430966696216021,0.03140758998455388,0.34502435860533337,0.352547383637885,0.39489402961907405,0.4239044656701104,0.11592210851735468,0.0025735443648270055,0.0,0,0.0,0.0,0,0.0,0.015265824702212383,0.0,0.042835293687811936,0.01703768088880684,0.029411764705882353,0.03910357624741222,0.04259647794714196,0.042835293687811936,0.00010707371784246708,0.0,0,0,0.0,0.0,24.43637015214796,0.0,0.0,NORMAL,uta,data\raw\uta\normal\normal_006_25c88d4e.mp4,group_006,1,10,240,24.962141116864142,2.496214111686414,10.0
0.3692443167582751,0.18451538426723846,0.4094937006451926,0.047424119696522944,0.3185296624894368,0.3645526616496215,0.3985628612519853,0.4065373154431962,0.22497831637795412,-0.00015447536251782598,0.0,0,0.0,0.0,0,0.0,0.018500319269302005,0.0,0.042835293687811936,0.016146642381594627,0.02962070607964806,0.03734699277055422,0.04141378199724252,0.042835293687811936,-0.00013365963807669348,0.0,0,0,0.0,0.0,19.957729034541735,0.0,0.0,NORMAL,uta,data\raw\uta\normal\normal_006_25c88d4e.mp4,group_006,2,250,480,24.962141116864142,2.496214111686414,10.0
0.3972129333859959,0.08284378911201323,0.44188791862105864,0.06941717346518213,0.3666243941589096,0.4012720095711753,0.4293750206511031,0.43557135471635083,0.3590441295090454,-0.0008698801717522829,0.041666666666666664,1,0.4006066608302328,0.4006066608302328,1,0.10400892132026725,0.008742165839753565,0.0,0.03331483023263848,0.013645910655592765,0.028769593324630926,0.029411764705882353,0.030169340463458108,0.03331483023263848,0.00019761084889011182,0.0,0,0,0.0,0.0,45.431247750093206,0.041666666666666664,0.0,NORMAL,uta,data\raw\uta\normal\normal_006_25c88d4e.mp4,group_006,3,490,720,24.962141116864142,2.496214111686414,10.0
0.39365624085413176,0.34686467064324156,0.4387893872314852,0.024988174733488976,0.3671128539690157,0.37518124916018203,0.4119439666287678,0.4273578349305407,0.09192471658824364,-0.0009366704764451791,0.0,0,0.0,0.0,0,0.0,0.0325083010128757,0.0,0.2660760420950957,0.05433576330655733,0.030108510189454155,0.044765112339983974,0.10164906094694359,0.2660760420950957,-0.0031504342453862917,0.041666666666666664,1,1,0.4006066608302328,0.4006066608302328,12.109034294469128,0.0,0.011086501753962322,NORMAL,uta,data\raw\uta\normal\normal_006_25c88d4e.mp4,group_006,4,730,980,24.962141116864142,2.496214111686414,10.0
0.33038228662849006,0.28400648232651915,0.39864310492764904,0.02690113265501341,0.3048969471771305,0.31023267356969136,0.34466304733744796,0.35732491650360254,0.11463662260112989,0.00020680009109275106,0.0,0,0.0,0.0,0,0.0,0.0117330256610957,0.0,0.0596284793999944,0.01776354726738166,0.02740829823236449,0.03593048893799765,0.04311559212718039,0.0596284793999944,-0.0006900435825342033,0.0,0,0,0.0,0.0,28.15591990086373,0.0,0.0,NORMAL,uta,data\raw\uta\normal\normal_006_25c88d4e.mp4,group_006,5,990,1220,24.962141116864142,2.496214111686414,10.0
0.388977317161798,0.3382739213156752,0.4386030409274055,0.028213028002666053,0.34759916225088283,0.3739530222335687,0.4091514035026283,0.42281980323513546,0.1003291196117303,0.0023512278063820354,0.0,0,0.0,0.0,0,0.0,0.013359823891143055,0.0,0.03224129401095805,0.014565780813582306,0.028769593324630926,0.03019071141421809,0.03110586899611537,0.03224129401095805,0.0007164435074000653,0.0,0,0,0.0,0.0,29.113273277978966,0.0,0.0,NORMAL,uta,data\raw\uta\normal\normal_006_25c88d4e.mp4,group_006,6,1230,1460,24.962141116864142,2.496214111686414,10.0
0.3933987081240092,0.3160302055327522,0.43250514637315707,0.029617123462313138,0.34936667931118953,0.3825058510055912,0.41938945042089476,0.4259137166874688,0.11647494084040488,-0.00205669597725583,0.0,0,0.0,0.0,0,0.0,0.014892653924625599,0.0,0.04711428474315455,0.016645385247575025,0.030292602556334428,0.03224129401095805,0.03916737074982951,0.04711428474315455,-0.00029462934921475285,0.0,0,0,0.0,0.0,26.413847811620787,0.0,0.0,NORMAL,uta,data\raw\uta\normal\normal_006_25c88d4e.mp4,group_006,7,1470,1700,24.962141116864142,2.496214111686414,10.0
0.337542315832295,0.10562417129536275,0.4609460045363965,0.08225720399273993,0.29112181496577805,0.3071781895178966,0.3910627245074396,0.41873300382646866,0.3553218332410337,-0.005292103025548406,0.08333333333333333,1,0.4006066608302328,0.4006066608302328,2,0.2080178426405345,0.01340775354625031,0.0,0.04417261042993862,0.016093431799781618,0.030514130749974416,0.03190422301260413,0.0330992503224513,0.04417261042993862,0.0008011677176056629,0.0,0,0,0.0,0.0,25.173280623588386,0.08333333333333333,0.0,NORMAL,uta,data\raw\uta\normal\normal_006_25c88d4e.mp4,group_006,8,1710,1940,24.962141116864142,2.496214111686414,10.0
0.32431148809337823,0.14535598112376769,0.4302596484777644,0.045942631301512105,0.298450152410365,0.31641664049019597,0.3386141933715964,0.350905808915574,0.2849036673539967,-0.0006404064977930626,0.041666666666666664,1,0.4006066608302328,0.4006066608302328,1,0.10400892132026725,0.009711044391786319,0.0,0.031992834407549194,0.013753773081184478,0.02838664779018298,0.029048669870460245,0.03014044815947162,0.031992834407549194,-0.00032861193372129915,0.0,0,0,0.0,0.0,33.392710639549314,0.041666666666666664,0.0,NORMAL,uta,data\raw\uta\normal\normal_006_25c88d4e.mp4,group_006,9,1950,2180,24.962141116864142,2.496214111686414,10.0
0.32943960421040414,0.2309307525617957,0.3757630278184646,0.03272833341747371,0.29004316545169795,0.3158120175221549,0.34947916322581973,0.3660300839353181,0.1448322752566689,-1.0083211338299884e-05,0.0,0,0.0,0.0,0,0.0,0.023038893908334235,0.0,0.1666024034421197,0.03342813434418534,0.0285336149266616,0.03734699277055422,0.04135277187575463,0.1666024034421197,0.0013005780079672162,0.041666666666666664,1,1,0.4006066608302328,0.4006066608302328,14.298659773395732,0.0,0.006941766810088321,NORMAL,uta,data\raw\uta\normal\normal_006_25c88d4e.mp4,group_006,10,2190,2420,24.962141116864142,2.496214111686414,10.0
0.36198003253646727,0.14060430457996054,0.5123019037410059,0.08308390195023287,0.2902585999769781,0.33771045568782787,0.417026756361453,0.4526772802440788,0.3716975991610454,5.708610514892685e-05,0.041666666666666664,1,0.4006066608302328,0.4006066608302328,1,0.10400892132026725,0.017608542204035144,0.0,0.1498128508316767,0.036642575255002,0.025789309682436784,0.027892004626469843,0.10127035820118611,0.1498128508316767,-0.0016748849867590059,0.041666666666666664,1,1,0.4006066608302328,0.4006066608302328,20.55590249549595,0.041666666666666664,0.006242202117986529,NORMAL,uta,data\raw\uta\normal\normal_006_25c88d4e.mp4,group_006,11,2430,2660,24.962141116864142,2.496214111686414,10.0
0.3341235939896929,0.12340229575623589,0.3941489082296744,0.055251829923478504,0.30298472542046007,0.34145053098710676,0.35456566687997015,0.36972495547229306,0.2707466124734385,0.0033718626819980507,0.041666666666666664,1,0.4006066608302328,0.4006066608302328,1,0.10400892132026725,0.016918661050902974,0.0,0.1941450686788302,0.03896866630285187,0.025764072441601952,0.027510795570133084,0.02840641245055722,0.1941450686788302,-0.0004264587031782975,0.041666666666666664,1,1,0.4006066608302328,0.4006066608302328,19.747652921916025,0.041666666666666664,0.008089377861617925,NORMAL,uta,data\raw\uta\normal\normal_006_25c88d4e.mp4,group_006,12,2670,2900,24.962141116864142,2.496214111686414,10.0
0.34115526667274637,0.16514617452283975,0.429145557488176,0.06734053441965207,0.25145350772322084,0.3237992818291806,0.3832623909759102,0.41536460884437043,0.26399938296533626,-0.0012447139921053726,0.0,0,0.0,0.0,0,0.0,0.01748634073850577,0.0,0.16793218724293182,0.03421914811829509,0.026245475495348128,0.03298397178295755,0.03692217237812849,0.16793218724293182,-0.00017069423187010473,0.041666666666666664,1,1,0.4006066608302328,0.4006066608302328,19.508698993984197,0.0,0.006997174468455492,NORMAL,uta,data\raw\uta\normal\normal_006_25c88d4e.mp4,group_006,13,2910,3140,24.962141116864142,2.496214111686414,10.0
0.3793574692082491,0.23384053454738862,0.43348662414839867,0.04641049233498757,0.31846992609336644,0.37326247525491607,0.40862093408758815,0.42161690992373074,0.19964608960101005,0.0027992562594078684,0.0,0,0.0,0.0,0,0.0,0.014270481584647318,0.0,0.03809696588797297,0.014563365923330619,0.02699501209260391,0.027485386740647436,0.03577505059437077,0.03809696588797297,0.0003648199337135798,0.0,0,0,0.0,0.0,26.581505708303368,0.0,0.0,NORMAL,uta,data\raw\uta\normal\normal_006_25c88d4e.mp4,group_006,14,3150,3380,24.962141116864142,2.496214111686414,10.0
0.35255054004856357,0.15329238620669328,0.4131859874727033,0.05300562879486701,0.30845521593644926,0.3480136348702718,0.379980401414486,0.39060898803852895,0.25989360126601,0.0031860970059613965,0.0,0,0.0,0.0,0,0.0,0.02152161524345079,0.0,0.058823529411764705,0.015354838405401035,0.027735009811261455,0.034871017945335356,0.03892216493022718,0.058823529411764705,-0.0005626271953878696,0.0,0,0,0.0,0.0,16.380469383517074,0.0,0.0,NORMAL,uta,data\raw\uta\normal\normal_006_25c88d4e.mp4,group_006,15,3390,3620,24.962141116864142,2.496214111686414,10.0
0.38370366888411894,0.1851762374742637,0.4205867291753643,0.043307409684211165,0.3784501285851061,0.3793567896046136,0.4000100753870597,0.4115215840407682,0.23541049170110062,0.0003776713118810394,0.0,0,0.0,0.0,0,0.0,0.014313846528508483,0.0,0.02701716134791496,0.013173340419042188,0.026410277085507233,0.026987629007500225,0.026987629007500225,0.02701716134791496,-0.00026501657213484403,0.0,0,0,0.0,0.0,26.8045953632797,0.0,0.0,NORMAL,uta,data\raw\uta\normal\normal_006_25c88d4e.mp4,group_006,16,3630,3860,24.962141116864142,2.496214111686414,10.0
0.3890765906756281,0.36361113158463076,0.4117300155015774,0.012341151444108321,0.37078362433776807,0.38481621791378173,0.3944869775462104,0.4052126852064056,0.04811888391694663,0.0006058747252519222,0.0,0,0.0,0.0,0,0.0,0.0064972237105632375,0.0,0.026279416561381837,0.011254821049843815,0.006376804093660591,0.026215272103522362,0.026234161806670223,0.026279416561381837,-0.00041560252070664284,0.0,0,0,0.0,0.0,59.87429919397229,0.0,0.0,NORMAL,uta,data\raw\uta\normal\normal_006_25c88d4e.mp4,group_006,17,3870,4100,24.962141116864142,2.496214111686414,10.0
0.3706379094723986,0.3266057540734855,0.41520490095012,0.021705996914400557,0.3436485380015225,0.35492730819245105,0.38589700627072016,0.39772563758759005,0.0885991468766345,-0.0013728563490084179,0.0,0,0.0,0.0,0,0.0,0.010431936980921252,0.0,0.03800057001282532,0.013648387875712122,0.02618693754880057,0.02691817426891967,0.026938622922018266,0.03800057001282532,0.0012670467524247824,0.0,0,0,0.0,0.0,35.525749858375015,0.0,0.0,NORMAL,uta,data\raw\uta\normal\normal_006_25c88d4e.mp4,group_006,18,4110,4340,24.962141116864142,2.496214111686414,10.0
0.36120794510996834,0.2634086885903759,0.41302440286625386,0.027975211705282575,0.34912857387656615,0.35715290828922286,0.37046184277921623,0.3832622055570713,0.14961571427587794,-0.0013124536636604028,0.0,0,0.0,0.0,0,0.0,0.016729134858281276,0.0,0.027777777777777776,0.01296461826300221,0.026950874443388756,0.027024067323293408,0.02766516516516516,0.027777777777777776,0.0003915844436216444,0.0,0,0,0.0,0.0,21.590259024790434,0.0,0.0,NORMAL,uta,data\raw\uta\normal\normal_006_25c88d4e.mp4,group_006,19,4350,4580,24.962141116864142,2.496214111686414,10.0
0.3648051295993047,0.32391537147881877,0.3901953107241915,0.013222761211717761,0.3564932171872245,0.35697581494003505,0.3685566420014883,0.3824790758860446,0.06627993924537273,-0.00039505934143387793,0.0,0,0.0,0.0,0,0.0,0.015613637050214789,0.0,0.027767067240353285,0.013200208841013857,0.02701716134791496,0.02701716134791496,0.02701716134791496,0.027767067240353285,0.0002945140381709271,0.0,0,0,0.0,0.0,23.363023323957865,0.0,0.0,NORMAL,uta,data\raw\uta\normal\normal_006_25c88d4e.mp4,group_006,20,4590,4820,24.962141116864142,2.496214111686414,10.0
0.14263894035555647,0.043706413814689905,0.16040291443567217,0.027701141476579903,0.1294460018561863,0.14579640242214167,0.15436749766083624,0.1587722057698155,0.11669650062098227,-0.00011971953354051644,0.3793103448275862,4,1.3337284389184922,0.7335506414051708,5,0.5170881509979857,0.012412290740691258,0.0,0.029803644731752194,0.007078777438976326,0.016825148837502295,0.017711343116558406,0.02371670115328283,0.029803644731752194,-0.00016062797059654142,0.0,0,0,0.0,0.0,11.490824096142402,1.5172413793103448,0.0,NORMAL,uta,data\raw\uta\normal\normal_007_d770bacc.mp4,group_007,1,10,290,29.991112757883172,2.999111275788317,10.0
0.1449092862727086,0.07539112873643398,0.16742780333228952,0.015997516438320335,0.13307786479223024,0.1415796181658687,0.1544945828820924,0.15803481051899498,0.09203667459585553,-0.00011149972477892992,0.6551724137931034,9,3.000888987566608,2.1117366949542795,3,0.3102528905987914,0.010793968291951072,0.0,0.017878534642384033,0.005872628989715823,0.012649110640673516,0.017277473859065716,0.017572353907732912,0.017878534642384033,-8.042546134489427e-05,0.0,0,0,0.0,0.0,13.423780631273893,5.896551724137931,0.0,NORMAL,uta,data\raw\uta\normal\normal_007_d770bacc.mp4,group_007,2,300,590,29.991112757883172,2.999111275788317,10.0
0.15576598498463606,0.14750832252427573,0.1681170233657452,0.005020001611023279,0.1496380553458759,0.15230199934805547,0.15966307222588588,0.16094874905991957,0.020608700841469457,0.00026872437848468616,0.10344827586206896,2,0.6668642194592461,0.5001481645944346,2,0.20683526039919428,0.013822746274124517,0.0,0.027942119170441704,0.0066612211185693515,0.017234976302247032,0.01748909402680461,0.02266271977709091,0.027942119170441704,0.00017505911047850358,0.0,0,0,0.0,0.0,11.268000865742236,0.20689655172413793,0.0,NORMAL,uta,data\raw\uta\normal\normal_007_d770bacc.mp4,group_007,3,600,890,29.991112757883172,2.999111275788317,10.0
0.14430688911450137,0.0719769899838679,0.16854778757775865,0.019368727483592817,0.1394165555634188,0.1427661673095864,0.15176458837322898,0.159452998111008,0.09657079759389076,-5.658054024556302e-05,0.6896551724137931,11,3.6677532070258536,1.1114403657654104,6,0.6205057811975828,0.012230973991669182,0.0,0.01745809630188319,0.004679764071286079,0.01642658527277326,0.01702883347502074,0.017281987702754263,0.01745809630188319,0.00015268197052844824,0.0,0,0,0.0,0.0,11.797514384251008,7.586206896551724,0.0,NORMAL,uta,data\raw\uta\normal\normal_007_d770bacc.mp4,group_007,4,900,1180,29.991112757883172,2.999111275788317,10.0
0.14606539035355018,0.11349882679222409,0.18196453895934123,0.013959428243339919,0.12970654966848993,0.1369883421346365,0.15624965919230582,0.1613664441626736,0.06846571216711714,-0.00011272777742659411,0.5862068965517241,5,1.6671605486481154,0.9447243109005987,6,0.6205057811975828,0.015775601722166587,0.0,0.05152175656407559,0.010434650106733922,0.0199363055707225,0.026150080315493218,0.029874039524176457,0.05152175656407559,0.0002112024329229904,0.0,0,0,0.0,0.0,9.25835569191837,2.9310344827586206,0.0,NORMAL,uta,data\raw\uta\normal\normal_007_d770bacc.mp4,group_007,5,1190,1500,29.991112757883172,2.999111275788317,10.0
0.14422938641924068,0.036556530677961344,0.16009904708545503,0.022559982414017108,0.1382405118665489,0.14649871928078215,0.15014701303858585,0.15864852523054948,0.12354251640749368,-0.0008276851126310532,0.6206896551724138,9,3.000888987566608,1.2003555950266431,5,0.5170881509979857,0.013256757885066184,0.0,0.02540822292337563,0.005374976938986159,0.016238174542072156,0.017527840270879013,0.02386275044474343,0.02540822292337563,-6.0540975187925345e-05,0.0,0,0,0.0,0.0,10.878867125919058,5.586206896551724,0.0,NORMAL,uta,data\raw\uta\normal\normal_007_d770bacc.mp4,group_007,6,1510,1790,29.991112757883172,2.999111275788317,10.0
0.15409862424794338,0.12901213358103403,0.1786215989124656,0.011222399822496456,0.1402259013255871,0.14480902751025626,0.16163976874288316,0.1637507109748472,0.04960946533143157,0.00026982696821915045,0.3103448275862069,4,1.3337284389184922,0.750222246891652,4,0.41367052079838856,0.020098971612003275,0.0,0.06611698402498065,0.019405209904840588,0.03474820595300464,0.05260914201373607,0.05576606761599431,0.06611698402498065,0.0008779712379113925,0.0,0,0,0.0,0.0,7.666609049135122,1.2413793103448276,0.0,NORMAL,uta,data\raw\uta\normal\normal_007_d770bacc.mp4,group_007,7,1800,2100,29.991112757883172,2.999111275788317,10.0
0.15165379621771227,0.07277307178767453,0.194571756627956,0.021796626610618815,0.13771775567499053,0.15327129715096377,0.16080639601751345,0.16443890275669257,0.12179868484028147,-0.0007959689044051169,0.2413793103448276,2,0.6668642194592461,0.5835061920268404,4,0.41367052079838856,0.011941022347904147,0.0,0.017027598561932183,0.00521203655044815,0.01643434752364759,0.016628603493096143,0.016748370465074273,0.017027598561932183,-0.0001574006543636264,0.0,0,0,0.0,0.0,12.69917203297881,0.4827586206896552,0.0,NORMAL,uta,data\raw\uta\normal\normal_007_d770bacc.mp4,group_007,8,2110,2390,29.991112757883172,2.999111275788317,10.0
0.15947388653418137,0.14422540790863486,0.167101437421521,0.0051560246584370405,0.1528574468602551,0.15648572979279696,0.16380752003231647,0.16523328183784133,0.022876029512886142,4.253522356849938e-05,0.034482758620689655,1,0.33343210972962306,0.33343210972962306,1,0.10341763019959714,0.010829965726174994,0.0,0.017018965440026172,0.005301918807673764,0.012180638428352398,0.016665326881791256,0.01681681984990781,0.017018965440026172,-7.461933166019555e-05,0.0,0,0,0.0,0.0,14.723884329980272,0.034482758620689655,0.0,NORMAL,uta,data\raw\uta\normal\normal_007_d770bacc.mp4,group_007,9,2400,2680,29.991112757883172,2.999111275788317,10.0
0.1585502734051326,0.06357634361269401,0.17761531450296672,0.02208432886929792,0.15085546419814055,0.1554487798967302,0.16832183866632416,0.17008061120556447,0.1140389708902727,-0.0004914867473435999,0.10344827586206896,1,0.33343210972962306,0.33343210972962306,3,0.3102528905987914,0.012470680216986121,0.0,0.017888543819998316,0.004801012404848747,0.016619414672860742,0.01686687369547683,0.01741266105832264,0.017888543819998316,0.00013744801457213053,0.0,0,0,0.0,0.0,12.712823825388904,0.10344827586206896,0.0,NORMAL,uta,data\raw\uta\normal\normal_007_d770bacc.mp4,group_007,10,2690,2970,29.991112757883172,2.999111275788317,10.0
0.17808577149709975,0.16628005962416015,0.18730064399363971,0.005453162469933615,0.16981240413037954,0.17548560501281302,0.1812022183854739,0.18539562098434378,0.021020584369479567,0.000306354672872208,0.0,0,0.0,0.0,0,0.0,0.01552609085122567,0.0,0.027896417632583534,0.004927497963907376,0.017655613788661217,0.017932264897699394,0.023584901004486764,0.027896417632583534,8.257180448755448e-06,0.0,0,0,0.0,0.0,11.469358504013785,0.0,0.0,NORMAL,uta,data\raw\uta\normal\normal_007_d770bacc.mp4,group_007,11,2980,3260,29.991112757883172,2.999111275788317,10.0
0.15935701200771005,0.05672448344875612,0.1881505327160306,0.02661250605297703,0.14327209534801436,0.15205987142804278,0.1804653378446583,0.18124285404061155,0.13142604926727447,-0.0010667485798808113,0.20689655172413793,4,1.3337284389184922,0.6668642194592461,3,0.3102528905987914,0.015713923552441594,0.0,0.06270555994175418,0.013195468094998712,0.01744746408634046,0.019615513202613007,0.041778250268289824,0.06270555994175418,-0.0001175240714469858,0.0,0,0,0.0,0.0,10.140489164705551,0.8275862068965517,0.0,NORMAL,uta,data\raw\uta\normal\normal_007_d770bacc.mp4,group_007,12,3270,3550,29.991112757883172,2.999111275788317,10.0
0.15141988034135057,0.06095840565854527,0.17870334953900957,0.020132101489140554,0.1408689036794596,0.14618885156966172,0.16068739028859136,0.17174609136756938,0.1177449438804643,-0.0013454725138180945,0.4827586206896552,7,2.3340247681073616,1.5560165120715743,3,0.3102528905987914,0.02714148109055319,0.0,0.15539870121416247,0.037898855276485614,0.02197669508322329,0.05990581940339495,0.12506472468168545,0.15539870121416247,-0.002528946528109217,0.06896551724137931,1,2,0.6668642194592461,0.6668642194592461,5.578704460958491,3.3793103448275863,0.010717151807873273,NORMAL,uta,data\raw\uta\normal\normal_007_d770bacc.mp4,group_007,13,3560,3870,29.991112757883172,2.999111275788317,10.0
0.14726642691533523,0.11401041600284158,0.16839969638455557,0.010595531438898211,0.13668839276372788,0.14445739932556023,0.1547640434139364,0.15931730971494876,0.05438928038171399,0.00014308381636254602,0.6896551724137931,13,4.3346174264851,1.3337284389184922,5,0.5170881509979857,0.013312975421982023,0.0,0.017018965440026172,0.0034570160296937043,0.016619414672860742,0.01662745363976212,0.01662745363976212,0.017018965440026172,4.272735567418215e-05,0.0,0,0,0.0,0.0,11.06104091736501,8.965517241379311,0.0,NORMAL,uta,data\raw\uta\normal\normal_007_d770bacc.mp4,group_007,14,3880,4160,29.991112757883172,2.999111275788317,10.0
0.15151458570819226,0.05305733961144973,0.17145003976538903,0.019850258470380994,0.14156510822275903,0.15196284210502836,0.16002143164683763,0.16264596321683011,0.1183927001539393,0.0003815153770025462,0.20689655172413793,2,0.6668642194592461,0.5001481645944346,4,0.41367052079838856,0.009999398088395882,0.0,0.01744746408634046,0.005971445392317439,0.011897176837470828,0.016658895708270154,0.017182482621095396,0.01744746408634046,-0.00010113046437750223,0.0,0,0,0.0,0.0,15.150855432845677,0.41379310344827586,0.0,NORMAL,uta,data\raw\uta\normal\normal_007_d770bacc.mp4,group_007,15,4170,4450,29.991112757883172,2.999111275788317,10.0
0.15335792880391302,0.057060382746006395,0.172927117647165,0.026533068043198486,0.1474494261111198,0.15364172439755935,0.16435498291978512,0.17115026161793095,0.11586673490115862,-0.0002719777561716763,0.13793103448275862,2,0.6668642194592461,0.44457614630616404,3,0.3102528905987914,0.009861615753353349,0.0,0.017226024063738864,0.006931384673467629,0.016619414672860742,0.016857248967931483,0.017018965440026172,0.017226024063738864,0.00010779869717445185,0.0,0,0,0.0,0.0,15.549417379640934,0.27586206896551724,0.0,NORMAL,uta,data\raw\uta\normal\normal_007_d770bacc.mp4,group_007,16,4460,4740,29.991112757883172,2.999111275788317,10.0
0.1532998444898859,0.05293101174626595,0.18271080274420792,0.028483365022714466,0.1453707805476656,0.15178581414944348,0.1675924910670403,0.16950185799575473,0.12977979099794196,0.0006058819823701835,0.2413793103448276,3,1.0002963291888691,0.7780082560357872,3,0.3102528905987914,0.00770720124864103,0.0,0.017426257801887123,0.006670132092664295,0.012026390804736711,0.016237361702958204,0.0170145332569988,0.017426257801887123,-5.712390633252342e-05,0.0,0,0,0.0,0.0,19.887888178440196,0.7241379310344828,0.0,NORMAL,uta,data\raw\uta\normal\normal_007_d770bacc.mp4,group_007,17,4750,5030,29.991112757883172,2.999111275788317,10.0
0.16395934159933573,0.14765332432306844,0.17317947224112784,0.006457347040825838,0.15551544476854698,0.160038621146162,0.1692476538153769,0.17042039537933537,0.025526147918059405,0.0004952522199718478,0.034482758620689655,1,0.33343210972962306,0.33343210972962306,1,0.10341763019959714,0.010626582813116984,0.0,0.03330046021554029,0.007273178437574003,0.012172514090111644,0.017058079254903633,0.017221428244008713,0.03330046021554029,0.00022160040486188004,0.0,0,0,0.0,0.0,15.427717147211558,0.034482758620689655,0.0,NORMAL,uta,data\raw\uta\normal\normal_007_d770bacc.mp4,group_007,18,5040,5330,29.991112757883172,2.999111275788317,10.0
0.15301467465733617,0.056244892803368404,0.1685479635479326,0.01930742719119954,0.14952610838565086,0.15121115206057134,0.15969697623879142,0.16490751492219513,0.1123030707445642,0.000552539875824328,0.13793103448275862,2,0.6668642194592461,0.44457614630616404,3,0.3102528905987914,0.015513618924906327,0.0,0.1104381936386911,0.02061560837007522,0.016619414672860742,0.026456757659929525,0.03913232291197792,0.1104381936386911,0.0011173046672465724,0.0,0,0,0.0,0.0,9.86261250746512,0.27586206896551724,0.0,NORMAL,uta,data\raw\uta\normal\normal_007_d770bacc.mp4,group_007,19,5340,5640,29.991112757883172,2.999111275788317,10.0
0.1626501460702422,0.09528526653782396,0.19156997747600235,0.01780160654320589,0.15095871829428678,0.155547384859743,0.1696638422639137,0.18478895822196673,0.09628471093817839,0.0014048073054174822,0.10344827586206896,2,0.6668642194592461,0.5001481645944346,2,0.20683526039919428,0.032788835857401596,0.0,0.17616187077503256,0.03569500617574282,0.04385290096535146,0.07640978257078047,0.08442936033430627,0.17616187077503256,0.0021481752030980245,0.034482758620689655,1,1,0.33343210972962306,0.33343210972962306,4.960383052162411,0.20689655172413793,0.006074547268104571,NORMAL,uta,data\raw\uta\normal\normal_007_d770bacc.mp4,group_007,20,5650,5950,29.991112757883172,2.999111275788317,10.0
0.15892083795462586,0.13211834278125012,0.17618690063568632,0.011470606451228268,0.14161393611573336,0.15501256741461747,0.16649703093500362,0.17300096989985692,0.0440685578544362,0.0008516412962690976,0.16666666666666666,2,0.6666659323714066,0.4166662077321291,4,0.40000044057764134,0.017302896860668302,0.0,0.03288868749704872,0.011733005090226194,0.023254242402307244,0.03148809655764095,0.032108064953396784,0.03288868749704872,0.00027674948577172457,0.0,0,0,0.0,0.0,9.184106865306877,0.3333333333333333,0.0,NORMAL,uta,data\raw\uta\normal\normal_008_b38a5924.mp4,group_008,1,10,300,30.0000330433231,3.00000330433231,10.0
0.15664470958297336,0.07946145264538142,0.19225479545321228,0.02004546174623646,0.13624993483959866,0.1483733386182807,0.16822641856108722,0.17506109837497927,0.11279334280783086,-0.0002499501714616319,0.26666666666666666,3,0.9999988985571099,0.5333327458971253,5,0.5000005507220516,0.023093411522434253,0.0,0.03366221139379705,0.010046387220672255,0.031930042460061384,0.03287979746107146,0.03288468698085895,0.03366221139379705,0.0004929869515490061,0.0,0,0,0.0,0.0,6.782797190168988,0.8,0.0,NORMAL,uta,data\raw\uta\normal\normal_008_b38a5924.mp4,group_008,2,310,600,30.0000330433231,3.00000330433231,10.0
0.15731434003599704,0.13762797082722883,0.17608873336777922,0.010369932188326594,0.14340491230504968,0.14896999044190481,0.16587647488686755,0.16671798665795687,0.03846076254055039,0.0004425780191219904,0.26666666666666666,4,1.3333318647428132,0.6666659323714066,4,0.40000044057764134,0.0172348507180877,0.0,0.03366221139379705,0.012633241504369331,0.023802777946288958,0.03287979746107146,0.03287979746107146,0.03366221139379705,0.00037133240586629927,0.0,0,0,0.0,0.0,9.12715842165584,1.0666666666666667,0.0,NORMAL,uta,data\raw\uta\normal\normal_008_b38a5924.mp4,group_008,3,610,900,30.0000330433231,3.00000330433231,10.0
0.133402162192535,0.10470762962337721,0.1670696353057048,0.014292313404862174,0.11925448097356957,0.12574828980599512,0.14101922516407417,0.14981739613997483,0.06236200568232758,-0.0007608351852218101,0.9,18,5.9999933913426595,4.499995043506995,2,0.20000022028882067,0.025653767846689164,0.0,0.048507125007266595,0.011435955227437318,0.03213291960680524,0.03287979746107146,0.033310125124070535,0.048507125007266595,-4.078209585612242e-05,0.0,0,0,0.0,0.0,5.199897461155588,16.2,0.0,NORMAL,uta,data\raw\uta\normal\normal_008_b38a5924.mp4,group_008,4,910,1200,30.0000330433231,3.00000330433231,10.0
0.13690212272944013,0.11532829316836544,0.16329528914898733,0.014552803980561888,0.12200605693343056,0.12666919433890975,0.1457001102333293,0.1602015704116962,0.04796699598062189,0.0003644070453865257,0.7666666666666667,14,4.666661526599846,1.916664555567794,4,0.40000044057764134,0.01812174926778685,0.0,0.033671751485073696,0.013406563265763045,0.03003342966742854,0.03295518168494588,0.0336493541315054,0.033671751485073696,-0.0002752473288013842,0.0,0,0,0.0,0.0,7.5541586271782375,10.733333333333334,0.0,NORMAL,uta,data\raw\uta\normal\normal_008_b38a5924.mp4,group_008,5,1210,1500,30.0000330433231,3.00000330433231,10.0
0.1363961566991446,0.11757760385072719,0.15688728632525972,0.011155407409160538,0.12450133823861541,0.12726629018606284,0.14677716715702543,0.15264491909908282,0.03930968247453254,-0.00010663527533598635,0.8,10,3.3333296618570327,1.5999982376913757,5,0.5000005507220516,0.02627512515647168,0.0,0.09805806756909201,0.017441192747241048,0.03266689414750908,0.033586181457325226,0.04359170217511368,0.09805806756909201,0.0005728158068478481,0.0,0,0,0.0,0.0,5.190877874379088,8.0,0.0,NORMAL,uta,data\raw\uta\normal\normal_008_b38a5924.mp4,group_008,6,1510,1800,30.0000330433231,3.00000330433231,10.0
0.14347242218592388,0.11813360057967776,0.18561909045327596,0.015863975651915423,0.12666381632965143,0.13168406348717576,0.1524562568962936,0.16500133579630277,0.0674854898735982,0.001512113689378015,0.6333333333333333,17,5.666660425156956,2.1111087858427875,3,0.300000330433231,0.024140532255443305,0.0,0.05194542364094178,0.012439305286735342,0.032842111845719724,0.033586181457325226,0.033586181457325226,0.05194542364094178,0.00031443634996356477,0.0,0,0,0.0,0.0,5.942970838297742,10.766666666666666,0.0,NORMAL,uta,data\raw\uta\normal\normal_008_b38a5924.mp4,group_008,7,1810,2100,30.0000330433231,3.00000330433231,10.0
0.13753032435332324,0.041850497561231825,0.17689085762248669,0.030846897421451875,0.11073764317137244,0.12213004658204654,0.15666347909566058,0.17618690063568632,0.13504036006125486,-0.0015111734814537794,0.6,11,3.666662628042736,1.4999983478356649,4,0.40000044057764134,0.02465194538584013,0.0,0.053104415656430516,0.011633573849264129,0.033586181457325226,0.03440614603966794,0.03445204812747773,0.053104415656430516,0.00017045580116654735,0.0,0,0,0.0,0.0,5.578656919116703,6.6,0.0,NORMAL,uta,data\raw\uta\normal\normal_008_b38a5924.mp4,group_008,8,2110,2400,30.0000330433231,3.00000330433231,10.0
0.14147375947985857,0.11919018161361067,0.2091423538687196,0.018326963978815933,0.12484956903027809,0.13321879990813712,0.14250084890900844,0.16905964542329582,0.08995217225510893,0.0003316940732613195,0.8666666666666667,18,5.9999933913426595,4.3333285604141425,2,0.20000022028882067,0.027979565857144298,0.0,0.03445204812747773,0.008882891673066717,0.03363363969981562,0.03445204812747773,0.03445204812747773,0.03445204812747773,8.965444062344164e-07,0.0,0,0,0.0,0.0,5.056143617758036,15.600000000000001,0.0,NORMAL,uta,data\raw\uta\normal\normal_008_b38a5924.mp4,group_008,9,2410,2700,30.0000330433231,3.00000330433231,10.0
0.14018462684448074,0.04677607213436058,0.17618690063568632,0.028317255162882592,0.12795160208613351,0.13315410265256933,0.15811647687589858,0.16718631023991556,0.12941082850132574,-6.369062793097368e-05,0.6,16,5.333327458971253,1.9999977971142198,3,0.300000330433231,0.025019189798052954,0.0,0.03525631971083365,0.009474811830964627,0.033621775139193025,0.034401045807689073,0.034429097083572835,0.03525631971083365,5.694173097999828e-05,0.0,0,0,0.0,0.0,5.602860249101298,9.6,0.0,NORMAL,uta,data\raw\uta\normal\normal_008_b38a5924.mp4,group_008,10,2710,3000,30.0000330433231,3.00000330433231,10.0
0.15714357437897805,0.08615904615503467,0.17689085762248669,0.016839785720228307,0.14298160902944543,0.15396061346350146,0.16711572843623895,0.17125068445368227,0.09073181146745202,-0.0005626863837128838,0.23333333333333334,3,0.9999988985571099,0.7777769210999744,3,0.300000330433231,0.030766502595785557,0.022703830459324992,0.035311227577322434,0.004676108899618257,0.03366221139379705,0.03445204812747773,0.03446893889874429,0.012607397117997441,-9.907555727840956e-06,0.0,0,0,0.0,0.0,5.107453030669546,0.7,0.0,NORMAL,uta,data\raw\uta\normal\normal_008_b38a5924.mp4,group_008,11,3010,3300,30.0000330433231,3.00000330433231,10.0
0.15296354792542297,0.12574174306332467,0.17085370073696549,0.0114819963461047,0.14132968785676742,0.1450805547461602,0.16427918146952478,0.1658537259617736,0.04511195767364082,-0.0006755736658107624,0.43333333333333335,4,1.3333318647428132,0.7222214267356903,6,0.600000660866462,0.02655970657341905,0.022703830459324992,0.03366221139379705,0.004540513611699983,0.03285317054554652,0.03287979746107146,0.033310125124070535,0.010958380934472055,0.00019292071854502948,0.0,0,0,0.0,0.0,5.759016519481567,1.7333333333333334,0.0,NORMAL,uta,data\raw\uta\normal\normal_008_b38a5924.mp4,group_008,12,3310,3600,30.0000330433231,3.00000330433231,10.0
0.1515410192409884,0.1148550546051473,0.17255431995237597,0.014173493288334685,0.13573352139895878,0.14178113416360683,0.1616796253115731,0.1638426085998336,0.05769926534722866,-0.0005971498808130029,0.4,4,1.3333318647428132,0.7999991188456879,5,0.5000005507220516,0.025647331025076592,0.0,0.03287979746107146,0.008148553840810637,0.03213291960680524,0.03287979746107146,0.03287979746107146,0.03287979746107146,0.00021002129056219528,0.0,0,0,0.0,0.0,5.9084163836167525,1.6,0.0,NORMAL,uta,data\raw\uta\normal\normal_008_b38a5924.mp4,group_008,13,3610,3900,30.0000330433231,3.00000330433231,10.0
0.14168044314457834,0.11526501843590908,0.16798035472749473,0.013901510455636618,0.12256170082945071,0.1285126638920536,0.15302929634679746,0.15739044252059983,0.052715336291585646,3.161036839447827e-05,0.6333333333333333,8,2.6666637294856264,1.5833315893820905,4,0.40000044057764134,0.023215252047764815,0.0,0.03366221139379705,0.010104791130605577,0.03213291960680524,0.03287979746107146,0.03287979746107146,0.03366221139379705,2.2731341869049437e-05,0.0,0,0,0.0,0.0,6.102640635236335,5.066666666666666,0.0,NORMAL,uta,data\raw\uta\normal\normal_008_b38a5924.mp4,group_008,14,3910,4200,30.0000330433231,3.00000330433231,10.0
0.1505046721918399,0.11813360057967776,0.17215920070931467,0.013236792888899326,0.1338621622297507,0.14256366244179786,0.15875777462136068,0.17033157886104774,0.05402560012963692,1.1622604935524213e-05,0.4666666666666667,6,1.9999977971142198,0.5833326908249807,8,0.8000008811552827,0.02761863549363145,0.0,0.03287979746107146,0.006863411830689647,0.032108064953396784,0.03285317054554652,0.03285317054554652,0.03287979746107146,7.161820052960776e-05,0.0,0,0,0.0,0.0,5.449191109945797,2.8,0.0,NORMAL,uta,data\raw\uta\normal\normal_008_b38a5924.mp4,group_008,15,4210,4500,30.0000330433231,3.00000330433231,10.0
0.13876643737562622,0.09667329995758109,0.17608873336777922,0.017984153411626777,0.11522196713724371,0.13083917207298282,0.14837368775596105,0.15979453229081989,0.07941543341019813,-0.00018882164689974768,0.7666666666666667,8,2.6666637294856264,1.2777763703785292,6,0.600000660866462,0.02743429138603436,0.0,0.03366221139379705,0.006870560684266328,0.032108064953396784,0.03285317054554652,0.03328242858039452,0.03366221139379705,-3.695917546247659e-05,0.0,0,0,0.0,0.0,5.057953838473309,6.133333333333334,0.0,NORMAL,uta,data\raw\uta\normal\normal_008_b38a5924.mp4,group_008,16,4510,4800,30.0000330433231,3.00000330433231,10.0
0.1517988172952938,0.11483450544925533,0.20434406761446536,0.02280439427223351,0.12646636611439713,0.1350005195538091,0.16901005729954943,0.18457411898667692,0.08950956216521003,0.00217021101776569,0.5333333333333333,9,2.9999966956713298,1.3333318647428132,4,0.40000044057764134,0.024029709547524886,0.0,0.0351798772365146,0.009208803647608808,0.0317651764831144,0.03363363969981562,0.034016649744696,0.0351798772365146,-8.007677775966561e-05,0.0,0,0,0.0,0.0,6.31686788087074,4.8,0.0,NORMAL,uta,data\raw\uta\normal\normal_008_b38a5924.mp4,group_008,17,4810,5100,30.0000330433231,3.00000330433231,10.0
0.15295445794786508,0.055026435102105406,0.18705849267815733,0.025534016865239526,0.1367838331028511,0.1407008535215212,0.17101788700105974,0.1768254690598436,0.1320320575760519,-0.00015147302027128655,0.4,7,2.333330763299923,0.9999988985571099,4,0.40000044057764134,0.031173827487001857,0.0,0.05574513610066167,0.01207921499644696,0.03525631971083365,0.04856723929978264,0.04872255371340959,0.05574513610066167,0.00034006831221447146,0.0,0,0,0.0,0.0,4.906344967318214,2.8000000000000003,0.0,NORMAL,uta,data\raw\uta\normal\normal_008_b38a5924.mp4,group_008,18,5110,5400,30.0000330433231,3.00000330433231,10.0
0.14563587670773567,0.05920380363037389,0.19248828646711647,0.02937044321101826,0.11540205501022927,0.1428421348505674,0.1623546133356451,0.16953702023934314,0.13328448283674257,-0.00017794049126402425,0.5,5,1.6666648309285164,0.8333324154642582,6,0.600000660866462,0.03075976212143242,0.02323069967623409,0.05447347107028433,0.008355860798285823,0.03445204812747773,0.037618736206137864,0.04996333790097488,0.03124277139405024,0.00031923879647812196,0.0,0,0,0.0,0.0,4.734469065909929,2.5,0.0,NORMAL,uta,data\raw\uta\normal\normal_008_b38a5924.mp4,group_008,19,5410,5700,30.0000330433231,3.00000330433231,10.0
0.15309079725357413,0.1372793050866495,0.16716780257361186,0.007175117931932047,0.14661418971275578,0.1471704536010851,0.15809705153416584,0.16292186551423538,0.029888497486962345,2.717587702795157e-05,0.36666666666666664,7,2.333330763299923,1.833331314021368,2,0.20000022028882067,0.03067645585766983,0.023802777946288958,0.035344295692180165,0.005204433390076307,0.03533602866346573,0.035344295692180165,0.035344295692180165,0.011541517745891208,-0.00014107104174356774,0.0,0,0,0.0,0.0,4.990335507737324,2.5666666666666664,0.0,NORMAL,uta,data\raw\uta\normal\normal_008_b38a5924.mp4,group_008,20,5710,6000,30.0000330433231,3.00000330433231,10.0
0.15693876297210968,0.04701676656824652,0.184051337285833,0.02487285775697853,0.14196541661561232,0.14813114670263502,0.17079052291536423,0.1785349333559714,0.13703457071758648,0.001657643061614764,0.3103448275862069,6,2.01418515664291,1.007092578321455,3,0.3081591844351251,0.01144877283918604,0.0,0.052744087795187605,0.011317088674967639,0.01492371097349751,0.021233619528157693,0.02175147034724802,0.052744087795187605,0.0005328005162679409,0.0,0,0,0.0,0.0,13.706714113575934,1.8620689655172415,0.0,NORMAL,uta,data\raw\uta\normal\normal_009_ec5ff143.mp4,group_009,1,10,550,29.78872116206209,2.978872116206209,10.0
0.15831906113010105,0.05004840365180009,0.18555352554941662,0.023959450644574495,0.14674616759565964,0.1510353362500957,0.1738296533857566,0.17891395373179672,0.13550512189761654,-0.0007838807823589472,0.20689655172413793,1,0.33569752610715164,0.33569752610715164,6,0.6163183688702502,0.013946437244398,0.0,0.02208630521496931,0.007539221357314048,0.019916525522623074,0.0212950624816374,0.02206533198430613,0.02208630521496931,-0.00023505292636335075,0.0,0,0,0.0,0.0,11.351121955661785,0.20689655172413793,0.0,NORMAL,uta,data\raw\uta\normal\normal_009_ec5ff143.mp4,group_009,2,560,1120,29.78872116206209,2.978872116206209,10.0
0.14296037284753463,0.01460515594592465,0.17333996984283173,0.02845945237775152,0.11790475906367008,0.14309555023600928,0.15586865762012203,0.16396378404865442,0.15873481389690708,-0.0010739278508412773,0.5862068965517241,5,1.6784876305357583,0.7133572429776973,8,0.8217578251603336,0.017165867263041448,0.0,0.03776409193990551,0.011952528021422893,0.022806929798068927,0.03305025159283453,0.03641236430107142,0.03776409193990551,-0.0006268400503779379,0.0,0,0,0.0,0.0,8.327691398611442,2.9310344827586206,0.0,NORMAL,uta,data\raw\uta\normal\normal_009_ec5ff143.mp4,group_009,3,1130,1600,29.78872116206209,2.978872116206209,10.0
0.13617293639682293,0.07094711969809522,0.17215377626472353,0.019483867340530675,0.11574607227774995,0.13008280431156466,0.1489006858464904,0.15325100105704959,0.1012066565666283,2.997875112223304e-05,0.7931034482758621,11,3.6926727871786684,1.2868405167440815,6,0.6163183688702502,0.021587648614806262,0.0,0.03722130204029611,0.010655337788594881,0.033259505261886965,0.03595727958397763,0.03631691141918921,0.03722130204029611,4.199062741354964e-05,0.0,0,0,0.0,0.0,6.3076174348139,8.724137931034484,0.0,NORMAL,uta,data\raw\uta\normal\normal_009_ec5ff143.mp4,group_009,4,1650,2090,29.78872116206209,2.978872116206209,10.0
0.13831511536047927,0.049668058108780826,0.16712856220011568,0.02062953466370975,0.12339799545795653,0.13534931364036962,0.14676610650003474,0.1532928403216395,0.11746050409133485,2.217901254657996e-05,0.8275862068965517,7,2.349882682750062,1.3427901044286066,6,0.6163183688702502,0.015774095619741565,0.0,0.03538188543202705,0.010527562832341885,0.022762572680299274,0.025844262280305202,0.035210530893591274,0.03538188543202705,-0.000585855360270065,0.0,0,0,0.0,0.0,8.76794148793535,5.793103448275862,0.0,NORMAL,uta,data\raw\uta\normal\normal_009_ec5ff143.mp4,group_009,5,2110,2540,29.78872116206209,2.978872116206209,10.0
0.15101461661857093,0.10557482695137106,0.20929342786737598,0.02180828895994691,0.12107297484887768,0.14136375903905596,0.16365454477299374,0.1751813494656652,0.10371860091600492,0.0009206283066139325,0.4827586206896552,3,1.007092578321455,0.5221961517222359,9,0.9244775533053753,0.017533469779796886,0.0,0.03726262461981637,0.009313774467150846,0.023180714250535188,0.024893102185524044,0.02820223851100507,0.03726262461981637,0.00022310246568680577,0.0,0,0,0.0,0.0,8.612442720826898,1.4482758620689655,0.0,NORMAL,uta,data\raw\uta\normal\normal_009_ec5ff143.mp4,group_009,6,2550,2970,29.78872116206209,2.978872116206209,10.0
0.153648767901706,0.014256705253588898,0.18784832813368257,0.037172403609373766,0.134759245120465,0.1519767020774255,0.17058950396401046,0.18140121848264049,0.17359162288009367,0.0017471629771026182,0.1724137931034483,2,0.6713950522143033,0.5594958768452528,3,0.3081591844351251,0.016150802822964317,0.0,0.03386427307392982,0.007610490640639297,0.021105314459656365,0.02267165807448539,0.024056576704383964,0.03386427307392982,0.00018050530262550053,0.0,0,0,0.0,0.0,9.512793685374316,0.3448275862068966,0.0,NORMAL,uta,data\raw\uta\normal\normal_009_ec5ff143.mp4,group_009,7,2990,3600,29.78872116206209,2.978872116206209,10.0
0.15562599797288998,0.06190653430953168,0.19192416177504057,0.026749406769270095,0.1312341975525395,0.1456309308379425,0.17212789706656262,0.18502384978214864,0.13001762746550888,-0.0005528551901794743,0.3103448275862069,4,1.3427901044286066,0.5035462891607275,6,0.6163183688702502,0.016527580342363832,0.0,0.03549314249999666,0.009740302666375471,0.022445006962161677,0.02280752307191674,0.029762143707253722,0.03549314249999666,-0.0004316631186911191,0.0,0,0,0.0,0.0,9.415569561894578,1.2413793103448276,0.0,NORMAL,uta,data\raw\uta\normal\normal_009_ec5ff143.mp4,group_009,8,3620,4310,29.78872116206209,2.978872116206209,10.0
0.15165798825413931,0.10330044872525979,0.18757282481862264,0.016449366862443658,0.1370912173462965,0.14188651919372344,0.16319299413773714,0.17022366302354838,0.08427237609336286,-3.8178643028424195e-05,0.5517241379310345,5,1.6784876305357583,0.8951934029524043,6,0.6163183688702502,0.020725804194969732,0.0,0.04855856720932267,0.00882674398121377,0.02209708691207961,0.033980138794005285,0.03539534353945893,0.04855856720932267,-0.0002749660365636828,0.0,0,0,0.0,0.0,7.316998164673441,2.7586206896551726,0.0,NORMAL,uta,data\raw\uta\normal\normal_009_ec5ff143.mp4,group_009,9,4320,4830,29.78872116206209,2.978872116206209,10.0
0.1509182339256667,0.11847593620008358,0.18421401161237372,0.013667261393000464,0.13209923282680913,0.14544417661029424,0.1586498851918159,0.16320667200397895,0.06573807541229014,0.0003708810063744791,0.41379310344827586,3,1.007092578321455,0.5035462891607275,8,0.8217578251603336,0.011169814294909364,0.0,0.022809896167307987,0.009117737354156608,0.01639344262295082,0.022164513398498602,0.022446703378894147,0.022809896167307987,-0.00012198029914466589,0.0,0,0,0.0,0.0,13.510047695846259,1.2413793103448276,0.0,NORMAL,uta,data\raw\uta\normal\normal_009_ec5ff143.mp4,group_009,10,4860,5370,29.78872116206209,2.978872116206209,10.0
0.1351874635696059,0.04534488075438006,0.1674659461948743,0.023947192241541976,0.11482861173993027,0.12499217082032787,0.14994408623478195,0.16219105096742337,0.12212106544049423,3.741310279389792e-05,0.7586206896551724,11,3.6926727871786684,2.461781858119112,3,0.3081591844351251,0.01658144188160407,0.0,0.0349002406379888,0.008822384858904365,0.022447834323382463,0.023559104513041242,0.0272875631887489,0.0349002406379888,-0.0005487398099477092,0.0,0,0,0.0,0.0,8.152446095383437,8.344827586206897,0.0,NORMAL,uta,data\raw\uta\normal\normal_009_ec5ff143.mp4,group_009,11,5390,5900,29.78872116206209,2.978872116206209,10.0
0.15428240337108862,0.12218933750722605,0.19170726218970854,0.013562829177842671,0.1410076579683749,0.14574766871688521,0.15954665952371308,0.16955828290807193,0.0695179246824825,0.0005174992133505715,0.41379310344827586,3,1.007092578321455,0.5754814733265456,7,0.7190380970152919,0.019010167925775433,0.0,0.06879395080110184,0.013571066859620954,0.021754557377304695,0.030519659883229824,0.04243020709741532,0.06879395080110184,-0.00026081441392760167,0.0,0,0,0.0,0.0,8.115356403848907,1.2413793103448276,0.0,NORMAL,uta,data\raw\uta\normal\normal_009_ec5ff143.mp4,group_009,12,5920,6530,29.78872116206209,2.978872116206209,10.0
0.14162701065190605,0.03002713962556923,0.19139166284852444,0.03397107338242332,0.11452074693476952,0.13480987163092537,0.15901293563571428,0.17116367440573152,0.1613645232229552,0.0015331717438042613,0.5517241379310345,10,3.3569752610715167,1.0742320835428854,5,0.5135986407252084,0.015615761190451957,0.0,0.034401045807689073,0.008213855768640201,0.02174683980216301,0.022425247430082028,0.02287743922641787,0.034401045807689073,-9.390406939388951e-05,0.0,0,0,0.0,0.0,9.068910571450399,5.517241379310345,0.0,NORMAL,uta,data\raw\uta\normal\normal_009_ec5ff143.mp4,group_009,13,6540,7110,29.78872116206209,2.978872116206209,10.0
0.15910316789519724,0.1299227430456592,0.19528366489462248,0.01638813736153601,0.1425603835024724,0.14777958016665177,0.16587938413902015,0.18698232496483608,0.06536092184896328,-0.0009946884793713311,0.3103448275862069,4,1.3427901044286066,0.604255546992873,5,0.5135986407252084,0.019955963303288197,0.0,0.03548867204938381,0.008253262522172946,0.02243653128423514,0.03449467786785891,0.035266922416835614,0.03548867204938381,-0.00011683345951030945,0.0,0,0,0.0,0.0,7.972313496662225,1.2413793103448276,0.0,NORMAL,uta,data\raw\uta\normal\normal_009_ec5ff143.mp4,group_009,14,7140,7720,29.78872116206209,2.978872116206209,10.0
0.15432914328328973,0.040954542485976825,0.21975330381864405,0.032881527088219197,0.12352775776628527,0.1384935683641994,0.17399431732340964,0.18468989298496824,0.17879876133266723,0.0002804806756758862,0.41379310344827586,4,1.3427901044286066,0.6713950522143033,6,0.6163183688702502,0.017739945398425296,0.0,0.0349002406379888,0.009480491546608683,0.021733995409215574,0.03258241518108441,0.03418279084205455,0.0349002406379888,0.0004242494166425964,0.0,0,0,0.0,0.0,8.699037160499245,1.6551724137931034,0.0,NORMAL,uta,data\raw\uta\normal\normal_009_ec5ff143.mp4,group_009,15,7740,8450,29.78872116206209,2.978872116206209,10.0
0.15603784559651965,0.11959578500489007,0.1830034672511876,0.012505653519583706,0.14137710941834034,0.15061903790072087,0.16265514302544848,0.1680115502055914,0.06340768224629753,-0.00024471202906041766,0.20689655172413793,2,0.6713950522143033,0.402837031328582,5,0.5135986407252084,0.017636693053543758,0.0,0.03657829458847607,0.008611604717474571,0.022445006962161677,0.02392511471552794,0.028938833342566896,0.03657829458847607,7.589893184143532e-05,0.0,0,0,0.0,0.0,8.846839840268599,0.41379310344827586,0.0,NORMAL,uta,data\raw\uta\normal\normal_009_ec5ff143.mp4,group_009,16,8470,9120,29.78872116206209,2.978872116206209,10.0
0.14902092050713964,0.061885845464809734,0.17157902605818837,0.021346901479453555,0.13304668506928846,0.14329113055309728,0.1622408457219706,0.1690408390323664,0.10969318059337863,-0.00010405871948713331,0.4482758620689655,6,2.01418515664291,0.6234382627704246,7,0.7190380970152919,0.01787191632098797,0.0,0.03549314249999666,0.008776716150759863,0.022806929798068927,0.02356760767102801,0.03038866919662861,0.03549314249999666,-0.0001179845245742308,0.0,0,0,0.0,0.0,8.33780664726472,2.689655172413793,0.0,NORMAL,uta,data\raw\uta\normal\normal_009_ec5ff143.mp4,group_009,17,9130,9590,29.78872116206209,2.978872116206209,10.0
0.14441830076365775,0.03295190739507957,0.19474386304358274,0.03557501910195909,0.10786264155088875,0.1403539017831763,0.16215491962176476,0.18188577446428644,0.16179195564850318,-0.0018053713412321704,0.5172413793103449,7,2.349882682750062,0.8392438152678792,6,0.6163183688702502,0.01895834098076587,0.0,0.03548867204938381,0.008254906840103557,0.023171377854539692,0.025198200753701185,0.032028816250694675,0.03548867204938381,-0.00032593690526442704,0.0,0,0,0.0,0.0,7.617263749313291,3.620689655172414,0.0,NORMAL,uta,data\raw\uta\normal\normal_009_ec5ff143.mp4,group_009,18,9660,10180,29.78872116206209,2.978872116206209,10.0
0.15609794585830158,0.04494459829613422,0.1844715856316396,0.024946849188155668,0.13932765542112072,0.15017231215551383,0.17008302677781195,0.17472660521739544,0.1395269873355054,-0.0012257457417447694,0.2413793103448276,3,1.007092578321455,0.5874706706875155,4,0.4108789125801668,0.014448262089144022,0.0,0.04487306256847028,0.011496600696785446,0.02208630521496931,0.02469799827048456,0.031196345433298876,0.04487306256847028,1.2909094835859317e-05,0.0,0,0,0.0,0.0,10.803177691377101,0.7241379310344828,0.0,NORMAL,uta,data\raw\uta\normal\normal_009_ec5ff143.mp4,group_009,19,10190,10860,29.78872116206209,2.978872116206209,10.0
0.15743191613772076,0.10085875728234048,0.17632165689740759,0.013946495011226303,0.15074487723552293,0.15341961248781916,0.1655916292321285,0.16990778447337915,0.07546289961506711,-0.0001851304733873199,0.10344827586206896,1,0.33569752610715164,0.33569752610715164,3,0.3081591844351251,0.017110372847139545,0.0,0.02175713172881685,0.005546406797989208,0.021107665110046196,0.021425510927634655,0.021619095168407473,0.02175713172881685,0.00011078385055786928,0.0,0,0,0.0,0.0,9.200425795411158,0.10344827586206896,0.0,NORMAL,uta,data\raw\uta\normal\normal_009_ec5ff143.mp4,group_009,20,10870,11250,29.78872116206209,2.978872116206209,10.0
0.14949044885153429,0.1284589495927417,0.17932796768302942,0.011002866675871215,0.13849278523030523,0.14389514407882154,0.15715106470144938,0.16316705781760518,0.05086901809028771,-0.00053427214492024,0.6666666666666666,14,4.662803768880168,2.2203827470857944,3,0.30024853487159037,0.014612333788734463,0.0,0.027605777499997406,0.0067985521774576235,0.01762177888315979,0.02443634822082019,0.02624602298333674,0.027605777499997406,0.00014158638434761165,0.0,0,0,0.0,0.0,10.229729301521717,9.333333333333332,0.0,NORMAL,uta,data\raw\uta\normal\normal_010_0a87269a.mov,group_010,1,10,300,30.02485348715903,3.0024853487159033,10.0
0.14043580944263256,0.10640015014883875,0.15784450041242515,0.011503607713989441,0.13495861071057766,0.13798454263014365,0.14690246521368555,0.153072508028248,0.0514443502635864,-6.512324164538388e-06,0.8,13,4.329746356817299,1.5986755779017718,5,0.500414224785984,0.011811773541548352,0.0,0.01790000349050102,0.005735193342466099,0.01719328867987672,0.017479915534050323,0.017676288623554512,0.01790000349050102,6.823978234745236e-05,0.0,0,0,0.0,0.0,11.888470472128008,10.4,0.0,NORMAL,uta,data\raw\uta\normal\normal_010_0a87269a.mov,group_010,2,310,600,30.02485348715903,3.0024853487159033,10.0
0.13659667719240703,0.116147617049547,0.15959341615610256,0.010396224027379582,0.12296008720515274,0.13022573769882972,0.14393319153554002,0.1504139257568429,0.04344579910655556,0.0002627875156468223,0.8666666666666667,14,4.662803768880168,2.8864975712115326,3,0.30024853487159037,0.011832562346003538,0.0,0.024691358024691357,0.004764366413740494,0.012194895267663097,0.0163093995752108,0.017178291965696528,0.024691358024691357,0.00011330338373742276,0.0,0,0,0.0,0.0,11.543157774339933,12.133333333333333,0.0,NORMAL,uta,data\raw\uta\normal\normal_010_0a87269a.mov,group_010,3,610,900,30.02485348715903,3.0024853487159033,10.0
0.15113133944740745,0.12454488880437883,0.16758147296537299,0.010031041472041488,0.14369966514393448,0.146750974577758,0.15798507703730566,0.16591336401456275,0.04303658416099415,0.0003070863003018569,0.43333333333333335,5,1.6652870603143457,0.8659492713634598,5,0.500414224785984,0.015348723159429032,0.0,0.02499219116020307,0.004405728227087734,0.017036554101143474,0.01792250172543695,0.02140540976425317,0.02499219116020307,4.8946525633852764e-05,0.0,0,0,0.0,0.0,9.845867438630021,2.166666666666667,0.0,NORMAL,uta,data\raw\uta\normal\normal_010_0a87269a.mov,group_010,4,910,1200,30.02485348715903,3.0024853487159033,10.0
0.16062393170638284,0.14727313429216252,0.17541116608953194,0.0075858000015392064,0.15292297435236843,0.1538892780260075,0.1669689780908365,0.17108907645853041,0.02813803179736943,-0.00028048228463454144,0.03333333333333333,1,0.33305741206286915,0.33305741206286915,1,0.10008284495719678,0.012905842314795317,0.0,0.027597366233044082,0.0060647766665077,0.017185602499785183,0.017502287020744974,0.01802374378264865,0.027597366233044082,0.00015642672430004798,0.0,0,0,0.0,0.0,12.444866667523868,0.03333333333333333,0.0,NORMAL,uta,data\raw\uta\normal\normal_010_0a87269a.mov,group_010,5,1210,1500,30.02485348715903,3.0024853487159033,10.0
0.1582082521488856,0.14365280984737214,0.17829222922316912,0.007749496051730434,0.15028373515508917,0.1520063568327631,0.16265836100886077,0.1676205176285982,0.03463941937579698,-0.0003881901938904988,0.06666666666666667,2,0.6661148241257383,0.6661148241257383,1,0.10008284495719678,0.015386383615541059,0.0,0.027586862953412266,0.00430624954217754,0.01761080578080093,0.01766594249566799,0.017672147846090083,0.027586862953412266,3.928393508082019e-05,0.0,0,0,0.0,0.0,10.281686354338843,0.13333333333333333,0.0,NORMAL,uta,data\raw\uta\normal\normal_010_0a87269a.mov,group_010,6,1510,1810,30.02485348715903,3.0024853487159033,10.0
0.15906946836573763,0.09471496623263359,0.1794850089828438,0.014925804142037443,0.14868314739689342,0.15495702136519526,0.16811190140074103,0.17120290339524674,0.08477004275021022,-5.530655702268888e-06,0.13333333333333333,2,0.6661148241257383,0.44407654941715885,3,0.30024853487159037,0.014758832441955146,0.0,0.02719641466102106,0.004361355728617829,0.017532563467698062,0.01809692419857214,0.018127442909826243,0.02719641466102106,1.543961091875744e-05,0.0,0,0,0.0,0.0,10.777186596887049,0.26666666666666666,0.0,NORMAL,uta,data\raw\uta\normal\normal_010_0a87269a.mov,group_010,7,1820,2120,30.02485348715903,3.0024853487159033,10.0
0.16164360542815215,0.1387050036291262,0.1763569479317899,0.010136544923575125,0.14724068402112972,0.1548996953713243,0.16877728655104818,0.17416632355756,0.03765194430266372,0.0001602271125190524,0.13333333333333333,2,0.6661148241257383,0.44407654941715885,3,0.30024853487159037,0.017081490013735687,0.0,0.027603673962256707,0.00570668718757683,0.018065875334894836,0.027238151008334308,0.02725980240678195,0.027603673962256707,-2.3928668302983332e-05,0.0,0,0,0.0,0.0,9.462531826342516,0.26666666666666666,0.0,NORMAL,uta,data\raw\uta\normal\normal_010_0a87269a.mov,group_010,8,2130,2420,30.02485348715903,3.0024853487159033,10.0
0.1804655946155753,0.16852240568233526,0.18934401080739166,0.004851557915255232,0.17396208079512201,0.17669063977137464,0.18327438310654331,0.18684325788809725,0.020821605125056403,-0.0002637032647051899,0.0,0,0.0,0.0,0,0.0,0.017454058512416225,0.0,0.028646357868614195,0.006294888799081004,0.023144377822028266,0.025242882648797794,0.02777625794357995,0.028646357868614195,0.00015407283700770812,0.0,0,0,0.0,0.0,10.338870791364322,0.0,0.0,NORMAL,uta,data\raw\uta\normal\normal_010_0a87269a.mov,group_010,9,2430,2720,30.02485348715903,3.0024853487159033,10.0
0.17139455057541148,0.1525093112915241,0.18709279383175165,0.008290719572745747,0.16056941206883152,0.16793600576872889,0.17609499679788526,0.17917969418431598,0.034583482540227556,0.00043631151832486604,0.0,0,0.0,0.0,0,0.0,0.015169987761523016,0.0,0.027250890267063607,0.0043845008687270984,0.017825214234859964,0.01819659865235505,0.018841113964807383,0.027250890267063607,8.447458447682777e-05,0.0,0,0,0.0,0.0,11.297520851615609,0.0,0.0,NORMAL,uta,data\raw\uta\normal\normal_010_0a87269a.mov,group_010,10,2730,3020,30.02485348715903,3.0024853487159033,10.0
0.16653957046696838,0.14774219696783622,0.18364151351236896,0.008241497059284114,0.15587107515152757,0.16226207494352007,0.17098936514581414,0.1751373274007196,0.03589931654453274,-0.000461054606978173,0.03333333333333333,1,0.33305741206286915,0.33305741206286915,1,0.10008284495719678,0.015199665529634584,0.012186968616908324,0.024674440339920178,0.0035024879499969868,0.017665253012287756,0.017889259791362584,0.02162400877709453,0.012487471723011853,0.00014013325749650843,0.0,0,0,0.0,0.0,10.956070978753514,0.03333333333333333,0.0,NORMAL,uta,data\raw\uta\normal\normal_010_0a87269a.mov,group_010,11,3030,3320,30.02485348715903,3.0024853487159033,10.0
0.1593399349163267,0.14358257083199108,0.17604087025252946,0.008759221952160438,0.14893939768087613,0.15383599134055642,0.16200037018440555,0.1725196572160189,0.03245829942053838,0.0004931939944270736,0.13333333333333333,2,0.6661148241257383,0.6661148241257383,2,0.20016568991439357,0.017611742285772336,0.01204033041046455,0.028646357868614195,0.004866038990237151,0.017888543819998316,0.025570633729033898,0.028131623328238493,0.016606027458149646,-0.00018438154727712055,0.0,0,0,0.0,0.0,9.046855528286603,0.26666666666666666,0.0,NORMAL,uta,data\raw\uta\normal\normal_010_0a87269a.mov,group_010,12,3330,3620,30.02485348715903,3.0024853487159033,10.0
0.15739839031001113,0.13642495265751636,0.17242246635805814,0.008131555190356705,0.14651747485940683,0.1534660113216106,0.16186251978363114,0.16763854630176267,0.03599751370054177,-0.0001389230808622867,0.16666666666666666,4,1.3322296482514766,0.8326435301571729,2,0.20016568991439357,0.013697626273653838,0.0,0.0256326007925508,0.005509275129851896,0.017454106943648098,0.017693787443480907,0.017892481662501798,0.0256326007925508,1.3767320311474902e-05,0.0,0,0,0.0,0.0,11.490085733102362,0.6666666666666666,0.0,NORMAL,uta,data\raw\uta\normal\normal_010_0a87269a.mov,group_010,13,3630,3920,30.02485348715903,3.0024853487159033,10.0
0.17067603415816215,0.15779966928429812,0.18491032256273604,0.007848063630735081,0.16064433171804685,0.1645886611306437,0.1767734275174671,0.18020237881029635,0.027110653278437924,0.0006725652074382028,0.0,0,0.0,0.0,0,0.0,0.013868768437409635,0.0,0.025308346645483232,0.0039889252395194355,0.01723273824261999,0.017889259791362584,0.01801771771878026,0.025308346645483232,7.443325997154503e-05,0.0,0,0,0.0,0.0,12.305615261593957,0.0,0.0,NORMAL,uta,data\raw\uta\normal\normal_010_0a87269a.mov,group_010,14,3930,4220,30.02485348715903,3.0024853487159033,10.0
0.16112885376143707,0.13364984500080127,0.17618865507078252,0.008551378873702128,0.1525913292369733,0.15940688115741924,0.1655855802093617,0.16806649952721986,0.04253881006998125,-0.00039444428341122795,0.1,2,0.6661148241257383,0.49958611809430375,2,0.20016568991439357,0.014593320547690252,0.0,0.02468383475881755,0.0052261648232689905,0.017888543819998316,0.018170722621492226,0.02159970760384481,0.02468383475881755,-9.12448289043821e-05,0.0,0,0,0.0,0.0,11.04051766129927,0.2,0.0,NORMAL,uta,data\raw\uta\normal\normal_010_0a87269a.mov,group_010,15,4230,4520,30.02485348715903,3.0024853487159033,10.0
0.1518052894916461,0.12987955895172149,0.16810660401779556,0.009960625389170084,0.13912779242296344,0.14450028598434184,0.1579758635842897,0.1646370863266657,0.03822704506607408,0.000708345686312992,0.4,8,2.664459296502953,0.9991722361886075,4,0.40033137982878714,0.014839433542327068,0.0,0.027942119170441704,0.006841726824712288,0.017613463834686614,0.02466325292618105,0.027448743799031512,0.027942119170441704,0.00018755258877559572,0.0,0,0,0.0,0.0,10.22916810743267,3.2,0.0,NORMAL,uta,data\raw\uta\normal\normal_010_0a87269a.mov,group_010,16,4530,4820,30.02485348715903,3.0024853487159033,10.0
0.15593897773552443,0.1298499867108959,0.17758243694685466,0.008689968519212549,0.14907472549498457,0.1522163877261805,0.1604991872860872,0.1659637035190852,0.04773245023595876,-1.9388172574936893e-05,0.13333333333333333,4,1.3322296482514766,1.3322296482514766,1,0.10008284495719678,0.01815454240997123,0.012496095580101535,0.02903739520695205,0.004869116962326958,0.018360217584555836,0.0261343888693221,0.027981390266662888,0.016541299626850515,0.00020368136748000158,0.0,0,0,0.0,0.0,8.589056400203221,0.5333333333333333,0.0,NORMAL,uta,data\raw\uta\normal\normal_010_0a87269a.mov,group_010,17,4830,5120,30.02485348715903,3.0024853487159033,10.0
0.1604039395143682,0.14300764094792695,0.17196703138864655,0.007498992290434575,0.14992897123550017,0.15674143652534495,0.16536198429749072,0.17104605518645438,0.0289593904407196,-0.0001023568268216251,0.13333333333333333,3,0.9991722361886075,0.6661148241257383,2,0.20016568991439357,0.014284856070931702,0.012191496227354269,0.028667538173074228,0.003800816140712737,0.012985097025365685,0.01789570353364101,0.021801992497257054,0.016476041945719958,-9.682333343681603e-05,0.0,0,0,0.0,0.0,11.228164326865356,0.4,0.0,NORMAL,uta,data\raw\uta\normal\normal_010_0a87269a.mov,group_010,18,5130,5420,30.02485348715903,3.0024853487159033,10.0
0.16309314241440903,0.15085336645377184,0.17416306244664553,0.006256151415484061,0.15520488194254156,0.15930313785993472,0.1673398588457341,0.17251426444190499,0.02330969599287369,0.0004452633165072949,0.0,0,0.0,0.0,0,0.0,0.015282329204542505,0.01204033041046455,0.02437393723381665,0.003062275034473277,0.017454106943648098,0.01789570353364101,0.01789570353364101,0.012333606823352099,2.369945821034183e-05,0.0,0,0,0.0,0.0,10.671309911058813,0.0,0.0,NORMAL,uta,data\raw\uta\normal\normal_010_0a87269a.mov,group_010,19,5430,5720,30.02485348715903,3.0024853487159033,10.0
0.16538934829569787,0.15226892580145163,0.1782877225557029,0.006589207921175875,0.15635941377477064,0.16186408283518122,0.1697657634527442,0.17531342597078606,0.026018796754251283,-0.0002587405850644708,0.0,0,0.0,0.0,0,0.0,0.01774324616332062,0.011897176837470828,0.02757217848861196,0.0048440990428095685,0.017234976302247032,0.026634906260964337,0.02710333841809549,0.01567500165114113,-0.0001335659508785416,0.0,0,0,0.0,0.0,9.320731169610152,0.0,0.0,NORMAL,uta,data\raw\uta\normal\normal_010_0a87269a.mov,group_010,20,5730,6020,30.02485348715903,3.0024853487159033,10.0
0.41596728908298425,0.22648524381738927,0.5300793319987818,0.06042035841368635,0.3737611271845803,0.4039283568806272,0.4481369426147893,0.46021134267557634,0.3035940881813925,0.00012173707777393424,0.0,0,0.0,0.0,0,0.0,0.013384827916176368,0.0,0.03333333333333333,0.015937077444325636,0.03224129401095805,0.03246941765943092,0.03332593209305539,0.03333333333333333,0.0004272585285293008,0.0,0,0,0.0,0.0,31.07520070389523,0.0,0.0,NORMAL,uta,data\raw\uta\normal\normal_011_57ee412e.mp4,group_011,1,10,290,29.93967992957965,2.9939679929579652,10.0
0.44032082185424304,0.23891487134169592,0.5018896208862965,0.04730129978710526,0.40928175023396124,0.43352967904367423,0.46098579445046467,0.47369839324980834,0.2629747495446006,0.0003774520977766619,0.0,0,0.0,0.0,0,0.0,0.017677669343458838,0.0,0.04561979233461597,0.017386233965611255,0.03225806451612903,0.03331853085277745,0.0406909784885865,0.04561979233461597,0.00017812972543125938,0.0,0,0,0.0,0.0,24.906898437871575,0.0,0.0,NORMAL,uta,data\raw\uta\normal\normal_011_57ee412e.mp4,group_011,2,300,580,29.93967992957965,2.9939679929579652,10.0
0.4333878060450299,0.14850836657004957,0.47898797921714414,0.05815448430314464,0.41776929570018884,0.43771253045412784,0.45161470974518936,0.4635881871876987,0.3304796126470946,0.0010057852765723155,0.034482758620689655,1,0.33400490664966165,0.33400490664966165,1,0.10324027561924018,0.008235256703117939,0.0,0.04552514536059855,0.014777763039084896,0.0,0.03224129401095805,0.03224129401095805,0.04552514536059855,0.0003411177032577285,0.0,0,0,0.0,0.0,52.61951171106232,0.034482758620689655,0.0,NORMAL,uta,data\raw\uta\normal\normal_011_57ee412e.mp4,group_011,3,590,870,29.93967992957965,2.9939679929579652,10.0
0.43057420602385243,0.23371412707362438,0.47360679774997894,0.045215433896618216,0.40334490936041767,0.41738207129643234,0.45808292006862045,0.46039996912012865,0.23989267067635456,0.0009108963878183786,0.0,0,0.0,0.0,0,0.0,0.017432230185420252,0.0,0.04417261042993862,0.01709989352519523,0.03225806451612903,0.03225806451612903,0.03940679206441476,0.04417261042993862,-0.0007355766920795491,0.0,0,0,0.0,0.0,24.698475351053986,0.0,0.0,NORMAL,uta,data\raw\uta\normal\normal_011_57ee412e.mp4,group_011,4,880,1160,29.93967992957965,2.9939679929579652,10.0
0.43857362652647386,0.23338302963150862,0.4803142670214762,0.04310058831924551,0.41845112780954774,0.43358078546572976,0.4588727850325118,0.47345065127489294,0.2469312373899676,0.001285705875343631,0.0,0,0.0,0.0,0,0.0,0.015416775211833504,0.0,0.04561979233461597,0.01740224990640953,0.03225806451612903,0.03247311827956989,0.04070520873410289,0.04561979233461597,-0.0003875207246773629,0.0,0,0,0.0,0.0,28.44597359221182,0.0,0.0,NORMAL,uta,data\raw\uta\normal\normal_011_57ee412e.mp4,group_011,5,1170,1450,29.93967992957965,2.9939679929579652,10.0
0.41017474674261983,0.13260586122458326,0.46793816141285954,0.06332176811647408,0.39696054987698975,0.4121903145267436,0.43612006872274495,0.44876937045331844,0.3353323001882763,-0.0003723151354289165,0.034482758620689655,1,0.33400490664966165,0.33400490664966165,1,0.10324027561924018,0.0448988255937871,0.0,0.16629752630943484,0.057185038138417334,0.052378280087892415,0.14227448558358755,0.1611061600308392,0.16629752630943484,-0.0017258704981443207,0.20689655172413793,3,4,1.3360196265986466,0.6680098132993233,9.135330512272118,0.034482758620689655,0.034406384753676175,NORMAL,uta,data\raw\uta\normal\normal_011_57ee412e.mp4,group_011,6,1460,1740,29.93967992957965,2.9939679929579652,10.0
0.4308327413737332,0.3974707450978665,0.46032107018221735,0.015331023039750813,0.4109576015019015,0.4226149415529502,0.4428263464347163,0.449271083258835,0.06285032508435084,-0.0005124722117602238,0.0,0,0.0,0.0,0,0.0,0.014269290917400028,0.0,0.03331483023263848,0.01583873368061387,0.031234752377721213,0.03219113899898252,0.032865353739176095,0.03331483023263848,-0.001222342767345314,0.0,0,0,0.0,0.0,30.190887058119532,0.0,0.0,NORMAL,uta,data\raw\uta\normal\normal_011_57ee412e.mp4,group_011,7,1750,2030,29.93967992957965,2.9939679929579652,10.0
0.41175921464619575,0.15132210050253725,0.43750265378096465,0.052354096178998416,0.4066731813284248,0.41967548992157994,0.4259207545792031,0.4355619092257917,0.2861805532784274,0.0018691881331894724,0.0,0,0.0,0.0,0,0.0,0.00672502825886133,0.0,0.033259505261886965,0.013168857049979811,0.0,0.03219113899898252,0.03277719940379279,0.033259505261886965,0.0005661227419928174,0.0,0,0,0.0,0.0,61.218775598172066,0.0,0.0,NORMAL,uta,data\raw\uta\normal\normal_011_57ee412e.mp4,group_011,8,2040,2320,29.93967992957965,2.9939679929579652,10.0
0.4059703190319996,0.07489099452744145,0.47830884563620474,0.09301946973046624,0.3612464081363377,0.4188240001107365,0.44596466483938235,0.45824859647395594,0.40341785110876327,-0.0026584896188414867,0.06896551724137931,1,0.33400490664966165,0.33400490664966165,2,0.20648055123848036,0.020637295429974282,0.0,0.04552514536059855,0.016307306131640078,0.03224129401095805,0.033259505261886965,0.03329270024433788,0.04552514536059855,-0.00031790220302297534,0.0,0,0,0.0,0.0,19.670729126320364,0.06896551724137931,0.0,NORMAL,uta,data\raw\uta\normal\normal_011_57ee412e.mp4,group_011,9,2330,2610,29.93967992957965,2.9939679929579652,10.0
0.44880893042240544,0.4200826017058081,0.47498527292762865,0.01162314175806799,0.4344375678341554,0.4434195770399406,0.45958155364753195,0.4614480632125786,0.054902671221820576,0.00035207131314727804,0.0,0,0.0,0.0,0,0.0,0.012563242314598827,0.0,0.04865042554105199,0.01764159597015452,0.033259505261886965,0.03446227583977888,0.04200653638741945,0.04865042554105199,-0.0002324580831170347,0.0,0,0,0.0,0.0,35.72112978917311,0.0,0.0,NORMAL,uta,data\raw\uta\normal\normal_011_57ee412e.mp4,group_011,10,2620,2900,29.93967992957965,2.9939679929579652,10.0
0.4290793632682987,0.3309604109793099,0.47731062406464486,0.028333695252562886,0.4006392645007068,0.4197624277793146,0.44366213307597674,0.4500694950685588,0.14635021308533497,-0.0002467152851519606,0.0,0,0.0,0.0,0,0.0,0.015305742403098791,0.0,0.04561979233461597,0.017127575647404344,0.033259505261886965,0.03333333333333333,0.033913163550434396,0.04561979233461597,0.0006018830323511515,0.0,0,0,0.0,0.0,28.03204966599773,0.0,0.0,NORMAL,uta,data\raw\uta\normal\normal_011_57ee412e.mp4,group_011,11,2910,3190,29.93967992957965,2.9939679929579652,10.0
0.44098004956456704,0.3659313378586232,0.47296473131674316,0.02536684163260305,0.41077823508441863,0.4298450459679892,0.4598673102271265,0.46414071377914573,0.10703339345811996,-0.0012836093222921702,0.0,0,0.0,0.0,0,0.0,0.011731426964026773,0.0,0.034482758620689655,0.01617406408267388,0.03333333333333333,0.034482758620689655,0.034482758620689655,0.034482758620689655,0.0005491325096689602,0.0,0,0,0.0,0.0,37.58643040495136,0.0,0.0,NORMAL,uta,data\raw\uta\normal\normal_011_57ee412e.mp4,group_011,12,3200,3480,29.93967992957965,2.9939679929579652,10.0
0.4486785662671673,0.41624178214740065,0.4779262256805973,0.01714556947970879,0.4287342281689026,0.43139826324653646,0.4598673102271265,0.4748601544783475,0.06168444353319663,-0.000269404499641507,0.0,0,0.0,0.0,0,0.0,0.006973771790075733,0.0,0.03446227583977888,0.01365604181363319,0.0,0.03333333333333333,0.034010698837200655,0.03446227583977888,0.000451564085806382,0.0,0,0,0.0,0.0,64.32878089367502,0.0,0.0,NORMAL,uta,data\raw\uta\normal\normal_011_57ee412e.mp4,group_011,13,3490,3770,29.93967992957965,2.9939679929579652,10.0
0.4330464158949788,0.3842274868670723,0.45761369963434995,0.015392783009068595,0.41837261830085715,0.4200826017058081,0.44551301603190696,0.4477889213103836,0.07338621276727764,-0.0005410841675169761,0.0,0,0.0,0.0,0,0.0,0.017323847467462457,0.0,0.034401045807689073,0.016739630954404918,0.033259505261886965,0.0335320733476486,0.034401045807689073,0.034401045807689073,-0.0004486158967532001,0.0,0,0,0.0,0.0,24.995684187596854,0.0,0.0,NORMAL,uta,data\raw\uta\normal\normal_011_57ee412e.mp4,group_011,14,3780,4060,29.93967992957965,2.9939679929579652,10.0
0.4271146379298409,0.38360011170760333,0.4504428136458879,0.014886651429175972,0.4068836822638182,0.4204509146611191,0.4358631636287833,0.43915095190398157,0.06684270193828457,1.594292199988666e-05,0.0,0,0.0,0.0,0,0.0,0.01354081078100182,0.0,0.033167906340332974,0.016120356935428654,0.03219113899898252,0.033167906340332974,0.033167906340332974,0.033167906340332974,-6.251169909197338e-05,0.0,0,0,0.0,0.0,31.54043760004768,0.0,0.0,NORMAL,uta,data\raw\uta\normal\normal_011_57ee412e.mp4,group_011,15,4070,4350,29.93967992957965,2.9939679929579652,10.0
0.4267674614939866,0.33834218679236483,0.4612888287290341,0.026661419879183575,0.41103383625042694,0.4189797768733937,0.44718235364100567,0.4512377720822539,0.12294664193666927,0.0009997699453642504,0.0,0,0.0,0.0,0,0.0,0.008118751728595129,0.0,0.03429971702850177,0.01439580290270375,0.0,0.03339426847796673,0.03429971702850177,0.03429971702850177,-7.196593336575409e-05,0.0,0,0,0.0,0.0,52.55917616188315,0.0,0.0,NORMAL,uta,data\raw\uta\normal\normal_011_57ee412e.mp4,group_011,16,4360,4640,29.93967992957965,2.9939679929579652,10.0
0.4358216374396741,0.3131326564620142,0.471704758785615,0.028660880992636948,0.4117009095832629,0.4340666129596029,0.44866519524875803,0.4613066493705682,0.1585721023236008,-0.0012929670820490326,0.0,0,0.0,0.0,0,0.0,0.018359276968180873,0.0,0.0485071250072666,0.018075348840216693,0.03429971702850177,0.03429971702850177,0.04186378860061236,0.0485071250072666,-0.0006483314270427752,0.0,0,0,0.0,0.0,23.73720386653051,0.0,0.0,NORMAL,uta,data\raw\uta\normal\normal_011_57ee412e.mp4,group_011,17,4650,4930,29.93967992957965,2.9939679929579652,10.0
0.42482652232219337,0.3221121148705806,0.4639247748343673,0.023544622462794755,0.41624178214740065,0.4186114639180827,0.43463377100713296,0.4488403139714487,0.14181265996378667,-0.0001999843233878514,0.0,0,0.0,0.0,0,0.0,0.01145806834149673,0.0,0.03331483023263848,0.015793886677781463,0.033167906340332974,0.033259505261886965,0.033259505261886965,0.03331483023263848,0.00018118268100075435,0.0,0,0,0.0,0.0,37.07339110490936,0.0,0.0,NORMAL,uta,data\raw\uta\normal\normal_011_57ee412e.mp4,group_011,18,4940,5220,29.93967992957965,2.9939679929579652,10.0
0.3951695932422764,0.3283084253189622,0.4477889213103836,0.03299353643981212,0.34190607859431704,0.370702308852488,0.41905902520441307,0.4314799789126627,0.11948049599142141,-0.0028785126461257295,0.0,0,0.0,0.0,0,0.0,0.021640750116523513,0.0,0.034401045807689073,0.015709247903765846,0.03331483023263848,0.03333333333333333,0.03333333333333333,0.034401045807689073,0.0003790741229989985,0.0,0,0,0.0,0.0,18.259595047286112,0.0,0.0,NORMAL,uta,data\raw\uta\normal\normal_011_57ee412e.mp4,group_011,19,5230,5510,29.93967992957965,2.9939679929579652,10.0
0.40412522355635144,0.19083511350952143,0.45836221770716573,0.051488189274000104,0.3572590911840944,0.37907870719277303,0.4330039141456547,0.44538742623378813,0.2675271041976443,0.001879633224045608,0.0,0,0.0,0.0,0,0.0,0.018351805144117432,0.0,0.03446227583977888,0.016548359379575495,0.03331483023263848,0.03333333333333333,0.034010698837200655,0.03446227583977888,-0.00025322638272018915,0.0,0,0,0.0,0.0,22.019806802443192,0.0,0.0,NORMAL,uta,data\raw\uta\normal\normal_011_57ee412e.mp4,group_011,20,5520,5800,29.93967992957965,2.9939679929579652,10.0
0.40073948121816755,0.34794363378380133,0.44898248357912585,0.022929854021720528,0.3746077391916483,0.3811885777371251,0.4163812928277821,0.429483086269493,0.10103884979532451,0.00010099014031490434,0.0,0,0.0,0.0,0,0.0,0.013315778209380407,0.0,0.03843312210120439,0.01750854587005369,0.03571428571428571,0.03701419816259594,0.037037037037037035,0.03843312210120439,0.0005542968128183733,0.0,0,0,0.0,0.0,30.09282537542636,0.0,0.0,NORMAL,uta,data\raw\uta\normal\normal_012_043088d1.mp4,group_012,1,10,300,30.174507062625256,3.0174507062625255,10.0
0.3826153919102478,0.1493202927093985,0.4445637567073508,0.06290762951821705,0.34023984236258614,0.37555911265925124,0.4139259679442347,0.43025667308094334,0.2952434639979523,-0.001179279565307455,0.03333333333333333,1,0.3314055795259767,0.3314055795259767,1,0.10058169020875085,0.016984204294043858,0.0,0.039968038348871575,0.018183942560449112,0.03571428571428571,0.037037037037037035,0.03780488382232908,0.039968038348871575,-0.0005886049153200002,0.0,0,0,0.0,0.0,22.5263932824416,0.03333333333333333,0.0,NORMAL,uta,data\raw\uta\normal\normal_012_043088d1.mp4,group_012,2,310,600,30.174507062625256,3.0174507062625255,10.0
0.3788920421090321,0.1239473912920254,0.44654779427948504,0.06916142998125269,0.34404493820577176,0.38110954826171317,0.4118848480598353,0.42982656636756195,0.3226004029874596,0.0007247820187087411,0.03333333333333333,1,0.3314055795259767,0.3314055795259767,1,0.10058169020875085,0.01261641326758927,0.0,0.05047544651250688,0.01801057695581075,0.03571428571428571,0.037037037037037035,0.037037037037037035,0.05047544651250688,0.0002550765876992633,0.0,0,0,0.0,0.0,30.02929634414873,0.03333333333333333,0.0,NORMAL,uta,data\raw\uta\normal\normal_012_043088d1.mp4,group_012,3,610,900,30.174507062625256,3.0174507062625255,10.0
0.3991310396361294,0.2677106244595616,0.433644488523353,0.029630372421070736,0.37973074937387286,0.3891833800014243,0.4179134133594712,0.4196265162590939,0.1659338640637914,0.0009328856665568604,0.0,0,0.0,0.0,0,0.0,0.017988491508392056,0.0,0.037037037037037035,0.01799529898941921,0.03571428571428571,0.037011660509880265,0.037025617599816485,0.037037037037037035,3.151142164419804e-05,0.0,0,0,0.0,0.0,22.18689947127942,0.0,0.0,NORMAL,uta,data\raw\uta\normal\normal_012_043088d1.mp4,group_012,4,910,1200,30.174507062625256,3.0174507062625255,10.0
0.3925360692125381,0.23669534061834885,0.4229028659050281,0.03235238653525019,0.3778590265582615,0.3830469538642007,0.40962997288880887,0.4167395682360402,0.18620752528667928,-0.00039854845427332716,0.0,0,0.0,0.0,0,0.0,0.008320814467875418,0.0,0.05223516976555702,0.016935999523875277,0.0,0.0384359637372378,0.04501629200998559,0.05223516976555702,-0.00034509200376144924,0.0,0,0,0.0,0.0,47.169529040552334,0.0,0.0,NORMAL,uta,data\raw\uta\normal\normal_012_043088d1.mp4,group_012,5,1210,1500,30.174507062625256,3.0174507062625255,10.0
0.3923870778216695,0.26786360440655144,0.4630044974202955,0.03320808999350841,0.36018986068279585,0.38272422691556196,0.40971781842722776,0.4240958329415186,0.19514089301374404,-0.00022374949482846052,0.0,0,0.0,0.0,0,0.0,0.005128198102038687,0.0,0.039968038348871575,0.01307996480478837,0.0,0.037153806669012676,0.03843312210120439,0.039968038348871575,0.00032546420899844694,0.0,0,0,0.0,0.0,76.5006673588428,0.0,0.0,NORMAL,uta,data\raw\uta\normal\normal_012_043088d1.mp4,group_012,6,1510,1800,30.174507062625256,3.0174507062625255,10.0
0.40160956514450646,0.17578931814469634,0.4471646731578068,0.046619979436900376,0.3854220042070945,0.39912485959469246,0.4205309496283999,0.44265566897607384,0.27137535501311044,0.001797992502250023,0.0,0,0.0,0.0,0,0.0,0.0078974358974359,0.0,0.04,0.015798201447246595,0.0,0.04,0.04,0.04,-0.0005681526482416366,0.0,0,0,0.0,0.0,50.84672083936044,0.0,0.0,NORMAL,uta,data\raw\uta\normal\normal_012_043088d1.mp4,group_012,7,1810,2100,30.174507062625256,3.0174507062625255,10.0
0.41712215159599075,0.3854528764958957,0.4456892534949094,0.01694917297731632,0.39951439423526913,0.4003202857289224,0.4305230053985529,0.4426558279052369,0.060236376999013685,0.0006328801556199179,0.0,0,0.0,0.0,0,0.0,0.00945982286866878,0.0,0.05439282932204212,0.017369433242668396,0.0,0.0384359637372378,0.03930769230769231,0.05439282932204212,0.0008913575349101675,0.0,0,0,0.0,0.0,44.08941562338789,0.0,0.0,NORMAL,uta,data\raw\uta\normal\normal_012_043088d1.mp4,group_012,8,2110,2400,30.174507062625256,3.0174507062625255,10.0
0.4041517411300741,0.21788002710946708,0.44654779427948504,0.039881115819273116,0.3887548731644025,0.39976802358769276,0.42325763895722146,0.4433671377288405,0.22866776717001797,-9.711189996350186e-05,0.0,0,0.0,0.0,0,0.0,0.008930674264007598,0.0,0.04,0.016194583151973058,0.0,0.038461538461538464,0.038461538461538464,0.04,-0.00012382229067434873,0.0,0,0,0.0,0.0,45.24927009023426,0.0,0.0,NORMAL,uta,data\raw\uta\normal\normal_012_043088d1.mp4,group_012,9,2410,2700,30.174507062625256,3.0174507062625255,10.0
0.39091101901331193,0.1404868518077438,0.45772089340190814,0.061419613525724864,0.33578127171285704,0.38776234825981815,0.4254071979415407,0.42915623129014024,0.31723404159416435,0.00012470051631816476,0.03333333333333333,1,0.3314055795259767,0.3314055795259767,1,0.10058169020875085,0.01164113679121901,0.0,0.04,0.017789768168751295,0.038077756703373364,0.03861538461538462,0.04,0.04,0.0003073320350568444,0.0,0,0,0.0,0.0,33.57725699530979,0.03333333333333333,0.0,NORMAL,uta,data\raw\uta\normal\normal_012_043088d1.mp4,group_012,10,2710,3000,30.174507062625256,3.0174507062625255,10.0
0.40054080599119984,0.33875823376659175,0.43201389307996657,0.017018957341847208,0.3844149200208648,0.3966654945970729,0.41308916396321227,0.4163431684772251,0.09325565931337482,-0.0002978699395218099,0.0,0,0.0,0.0,0,0.0,0.010261876820599036,0.0,0.039968038348871575,0.017025812453212153,0.027777777777777776,0.038461538461538464,0.03929011339957167,0.039968038348871575,-0.0002977339924840847,0.0,0,0,0.0,0.0,39.02812174333596,0.0,0.0,NORMAL,uta,data\raw\uta\normal\normal_012_043088d1.mp4,group_012,11,3010,3300,30.174507062625256,3.0174507062625255,10.0
0.38041215906105685,0.14175530248120208,0.43910416013847975,0.05617169577512268,0.33755741255752697,0.3854528764958957,0.4051857219864632,0.4193057301951027,0.2973488576572777,-0.0009435266040994266,0.03333333333333333,1,0.3314055795259767,0.3314055795259767,1,0.10058169020875085,0.013272182453875256,0.0,0.0565685424949238,0.019047893694506962,0.037037037037037035,0.0384359637372378,0.038461538461538464,0.0565685424949238,-0.0003375866447247956,0.0,0,0,0.0,0.0,28.66020717962716,0.03333333333333333,0.0,NORMAL,uta,data\raw\uta\normal\normal_012_043088d1.mp4,group_012,12,3310,3600,30.174507062625256,3.0174507062625255,10.0
0.38524553352839913,0.20981516064508648,0.43104014685224123,0.03830907808763704,0.3547144805064058,0.38119692739392363,0.400220452662469,0.41702322995646607,0.22122498620715475,0.0002002857779987069,0.0,0,0.0,0.0,0,0.0,0.006351889990421855,0.0,0.039968038348871575,0.01421047416392309,0.0,0.03713129805839659,0.038331833353431995,0.039968038348871575,-0.0003278612631463421,0.0,0,0,0.0,0.0,60.64098923627314,0.0,0.0,NORMAL,uta,data\raw\uta\normal\normal_012_043088d1.mp4,group_012,13,3610,3900,30.174507062625256,3.0174507062625255,10.0
0.38029991175425626,0.16168486992915182,0.4541630828692542,0.05029711951566555,0.34549243232530524,0.3786239422416534,0.4007738661488104,0.41389526994992654,0.2924782129401024,-0.00011720291750567835,0.0,0,0.0,0.0,0,0.0,0.01190439680716118,0.0,0.052342392259021375,0.018351608314528697,0.03703069290524784,0.038461538461538464,0.038461538461538464,0.052342392259021375,-7.7366854601384e-05,0.0,0,0,0.0,0.0,31.943488983542593,0.0,0.0,NORMAL,uta,data\raw\uta\normal\normal_012_043088d1.mp4,group_012,14,3910,4200,30.174507062625256,3.0174507062625255,10.0
0.38108312807139616,0.10878937732993121,0.4280328664860764,0.0554597448575761,0.3608248610158234,0.3787977468829697,0.4017901176604895,0.41677057287505354,0.3192434891561452,0.0028140928499895174,0.03333333333333333,1,0.3314055795259767,0.3314055795259767,1,0.10058169020875085,0.010215352153039314,0.0,0.039968038348871575,0.016958531966068967,0.026785714285714284,0.03861218845027178,0.039968038348871575,0.039968038348871575,0.0001198042459206976,0.0,0,0,0.0,0.0,37.30129133792885,0.03333333333333333,0.0,NORMAL,uta,data\raw\uta\normal\normal_012_043088d1.mp4,group_012,15,4210,4500,30.174507062625256,3.0174507062625255,10.0
0.39925382118306085,0.1797422439321778,0.4435821263523592,0.04815445849425783,0.3715952258586451,0.3888975636775955,0.4218270478683337,0.4320400030239491,0.2638398824201814,0.000961547348948596,0.0,0,0.0,0.0,0,0.0,0.014138257938510396,0.0,0.052378280087892415,0.018777105137740776,0.03699270607182417,0.03843312210120439,0.03844875109938813,0.052378280087892415,-0.0007722592485131914,0.0,0,0,0.0,0.0,28.23725424059441,0.0,0.0,NORMAL,uta,data\raw\uta\normal\normal_012_043088d1.mp4,group_012,16,4510,4800,30.174507062625256,3.0174507062625255,10.0
0.4065306119562512,0.2004990639725356,0.44887027597650664,0.046834455562376566,0.37684331686084405,0.3899405060904171,0.43268716772896465,0.4447601365395809,0.24837121200397103,0.00018183629934790676,0.0,0,0.0,0.0,0,0.0,0.010342725517131194,0.0,0.052342392259021375,0.01735951568307039,0.026768647884309365,0.03701419816259594,0.03782051282051282,0.052342392259021375,4.046435407566969e-05,0.0,0,0,0.0,0.0,39.30214614482553,0.0,0.0,NORMAL,uta,data\raw\uta\normal\normal_012_043088d1.mp4,group_012,17,4810,5100,30.174507062625256,3.0174507062625255,10.0
0.40753130175463254,0.29022176828598967,0.44401574220110984,0.03604421274950825,0.36400113768504505,0.4034829463987442,0.4316869457092291,0.4375047708906299,0.15379397391512017,0.00019160141771939603,0.0,0,0.0,0.0,0,0.0,0.012773860603057748,0.0,0.052378280087892415,0.018275777825709213,0.03571428571428571,0.03717664554345377,0.03844875109938813,0.052378280087892415,0.0005297448659388413,0.0,0,0,0.0,0.0,31.90103707723333,0.0,0.0,NORMAL,uta,data\raw\uta\normal\normal_012_043088d1.mp4,group_012,18,5110,5400,30.174507062625256,3.0174507062625255,10.0
0.362040597452861,0.1282681320407659,0.44654779427948504,0.08746059619419011,0.17037638321016224,0.37542067315332317,0.4025701591940378,0.4181773152579656,0.3182796622387192,-0.0021758498090341228,0.06666666666666667,1,0.3314055795259767,0.3314055795259767,2,0.2011633804175017,0.006170301853457163,0.0,0.037037037037037035,0.013797215319498703,0.0,0.037011660509880265,0.037025617599816485,0.037037037037037035,-0.00018956178878671027,0.0,0,0,0.0,0.0,58.665190271003496,0.06666666666666667,0.0,NORMAL,uta,data\raw\uta\normal\normal_012_043088d1.mp4,group_012,19,5410,5700,30.174507062625256,3.0174507062625255,10.0
0.3674242113293114,0.2109587978369122,0.42587457897192843,0.04611992955086116,0.3024158857846947,0.3597579617802731,0.387741810502792,0.40294749187321965,0.21491578113501622,-0.001185869070571174,0.0,0,0.0,0.0,0,0.0,0.006123184785354422,0.0,0.037037037037037035,0.013693751530175836,0.0,0.037011660509880265,0.037011660509880265,0.037037037037037035,-0.00017999907852998936,0.0,0,0,0.0,0.0,59.995611531510576,0.0,0.0,NORMAL,uta,data\raw\uta\normal\normal_012_043088d1.mp4,group_012,20,5710,6000,30.174507062625256,3.0174507062625255,10.0
0.22164918654207483,0.16520750537759385,0.26385729850554146,0.020007493978218747,0.1978912688175319,0.2105263017542337,0.2332525387892085,0.24485928043001465,0.09864979312794761,0.0009141278291902371,0.0,0,0.0,0.0,0,0.0,0.020690775867260907,0.0,0.04646139935246818,0.014404067797566386,0.030678599553894816,0.034215917186291724,0.044278613922652726,0.04646139935246818,0.00023535194400076185,0.0,0,0,0.0,0.0,10.711946039043184,0.0,0.0,NORMAL,uta,data\raw\uta\normal\normal_013_dbf7848c.mp4,group_013,1,10,300,29.78902165541211,2.978902165541211,10.0
0.2219589226660271,0.19624391420512977,0.24729610110792832,0.014531482232473508,0.2022939473031174,0.21124970206608107,0.23235798737928265,0.24093999911315916,0.05105218690279856,-0.0009720699009099408,0.0,0,0.0,0.0,0,0.0,0.03044872353381225,0.019984019174435787,0.04859869115767437,0.011350456160099458,0.04544281070658831,0.047567302415337354,0.04816894163667358,0.028614671983238586,-0.00039299573306558733,0.0,0,0,0.0,0.0,7.289357567386697,0.0,0.0,NORMAL,uta,data\raw\uta\normal\normal_013_dbf7848c.mp4,group_013,2,310,590,29.78902165541211,2.978902165541211,10.0
0.22117437509644255,0.16238804867052223,0.2529473615212473,0.020423058507950894,0.19967073108286773,0.20939040332287423,0.23503748626366483,0.2375784593979354,0.09055931285072508,2.2106861177408926e-05,0.0,0,0.0,0.0,0,0.0,0.027665034596316904,0.0,0.11697620250573498,0.021043683172893055,0.030743773095067286,0.04446263804461819,0.04923995694714248,0.11697620250573498,6.901998206339677e-05,0.0,0,0,0.0,0.0,7.9944371618000805,0.0,0.0,NORMAL,uta,data\raw\uta\normal\normal_013_dbf7848c.mp4,group_013,3,600,880,29.78902165541211,2.978902165541211,10.0
0.22594165255432075,0.2048168227246513,0.2434243357846797,0.009089810102178852,0.21348150782463426,0.21995877192424867,0.2315155777640669,0.23604193178816474,0.03860751306002841,-0.0002489130062721706,0.0,0,0.0,0.0,0,0.0,0.02175816407428189,0.0,0.048564293117863214,0.014352027120908162,0.030028540676910215,0.03385175243479403,0.047137484508523494,0.048564293117863214,-0.0005171798558241468,0.0,0,0,0.0,0.0,10.383746902362443,0.0,0.0,NORMAL,uta,data\raw\uta\normal\normal_013_dbf7848c.mp4,group_013,4,890,1170,29.78902165541211,2.978902165541211,10.0
0.2241035403628855,0.19961133853619023,0.24238969451364595,0.009414000692184099,0.21149211697062564,0.21659485153414082,0.2314468764283398,0.2324081912688132,0.04277835597745572,-0.0006689605631984174,0.0,0,0.0,0.0,0,0.0,0.01831009285564161,0.0,0.031357362279453245,0.009934914030699061,0.021693045781865615,0.030028540676910215,0.030028540676910215,0.031357362279453245,-0.00037162046236304485,0.0,0,0,0.0,0.0,12.2386764203339,0.0,0.0,NORMAL,uta,data\raw\uta\normal\normal_013_dbf7848c.mp4,group_013,5,1180,1460,29.78902165541211,2.978902165541211,10.0
0.22403328819736376,0.2000513666103725,0.24802746610889798,0.010926634357513962,0.21118350702174343,0.21564924417897346,0.23233488240779127,0.2361023482176714,0.047976099498525465,-8.833321148732797e-05,0.0,0,0.0,0.0,0,0.0,0.017661601735919175,0.0,0.03141921118033474,0.010501663119086622,0.02171861213815347,0.029566360752340422,0.030461990256942274,0.03141921118033474,0.0003783931546169905,0.0,0,0,0.0,0.0,12.684047998532584,0.0,0.0,NORMAL,uta,data\raw\uta\normal\normal_013_dbf7848c.mp4,group_013,6,1470,1750,29.78902165541211,2.978902165541211,10.0
0.22749497871163477,0.19709120617330406,0.2432641433510047,0.010510600248724978,0.2160944432526216,0.2230633279105846,0.23510187384603118,0.23714047318029302,0.04617293717770066,0.0006471011352216852,0.0,0,0.0,0.0,0,0.0,0.014661525266203639,0.0,0.031395974980055176,0.010873831413217393,0.021693045781865615,0.021814951072594815,0.026523366379793297,0.031395974980055176,0.00011269835269219297,0.0,0,0,0.0,0.0,15.515402332229831,0.0,0.0,NORMAL,uta,data\raw\uta\normal\normal_013_dbf7848c.mp4,group_013,7,1760,2040,29.78902165541211,2.978902165541211,10.0
0.22550139344818884,0.20516837477175165,0.24073440362127418,0.010161015655240573,0.21218711929737943,0.21801531315590475,0.2350960416297509,0.2357906353308399,0.035566028849522535,-0.00020136167276933173,0.0,0,0.0,0.0,0,0.0,0.018448995609942665,0.0,0.030714755841697562,0.009988206545498559,0.02171861213815347,0.02999072218324961,0.030418576003100974,0.030714755841697562,2.5935045551579024e-05,0.0,0,0,0.0,0.0,12.22230065608615,0.0,0.0,NORMAL,uta,data\raw\uta\normal\normal_013_dbf7848c.mp4,group_013,8,2050,2330,29.78902165541211,2.978902165541211,10.0
0.22250471542860545,0.2018796446286661,0.24020578061744272,0.010636009223147109,0.2082735631727216,0.213472881874505,0.2316769620266314,0.23555963610303585,0.03832613598877663,0.0007235303519179775,0.0,0,0.0,0.0,0,0.0,0.022474250424207927,0.0,0.048564293117863214,0.014843189933011666,0.03006244442563018,0.042705371463537145,0.04528361395995598,0.048564293117863214,-0.0006481668262781125,0.0,0,0,0.0,0.0,9.899988263932634,0.0,0.0,NORMAL,uta,data\raw\uta\normal\normal_013_dbf7848c.mp4,group_013,9,2340,2620,29.78902165541211,2.978902165541211,10.0
0.21459574398193101,0.167158358814009,0.23653391214728225,0.014724084458282181,0.2020084803400632,0.2083910504173585,0.2242435802596749,0.22912867597706804,0.06937555333327325,-0.0005955090658985896,0.0,0,0.0,0.0,0,0.0,0.0095001842892854,0.0,0.03006244442563018,0.01155068135824886,0.020792762051726844,0.022983216983334824,0.028919904997968583,0.03006244442563018,-0.0003314453913688574,0.0,0,0,0.0,0.0,22.586210039514047,0.0,0.0,NORMAL,uta,data\raw\uta\normal\normal_013_dbf7848c.mp4,group_013,10,2630,2910,29.78902165541211,2.978902165541211,10.0
0.2257350635934233,0.20668054825893747,0.24454111353493072,0.010941657132635563,0.21197457043445797,0.21594289626040622,0.2338836315393592,0.23762860083152554,0.03786056527599324,0.0006096096799484228,0.0,0,0.0,0.0,0,0.0,0.010548208110474614,0.0,0.031234752377721213,0.011992870905120872,0.021233384741779292,0.024103402720470592,0.030399666756270673,0.031234752377721213,0.00041756221589957904,0.0,0,0,0.0,0.0,21.398294661500177,0.0,0.0,NORMAL,uta,data\raw\uta\normal\normal_013_dbf7848c.mp4,group_013,11,2920,3200,29.78902165541211,2.978902165541211,10.0
0.21607123111296764,0.20283056096885635,0.23302101758195565,0.008227023142498773,0.20283056096885635,0.21151985005613202,0.2216173087899536,0.22470601132876916,0.030190456613099298,-0.00037865482219698803,0.0,0,0.0,0.0,0,0.0,0.022576500137334473,0.0,0.04426989514189718,0.011538557383676228,0.030628194591584446,0.03130354305725289,0.03130354305725289,0.04426989514189718,0.0004494275069791014,0.0,0,0,0.0,0.0,9.570201740611184,0.0,0.0,NORMAL,uta,data\raw\uta\normal\normal_013_dbf7848c.mp4,group_013,12,3210,3490,29.78902165541211,2.978902165541211,10.0
0.2246203991153675,0.2073121655903609,0.2398583693206382,0.008668092242078727,0.2118582635850905,0.2210045708469437,0.23077952544651814,0.2355410328876756,0.03254620373027731,0.0005255197413598736,0.0,0,0.0,0.0,0,0.0,0.022187143103636047,0.0,0.0455487518674277,0.012202736237238733,0.02943724047047319,0.0327282785762199,0.04237528237150787,0.0455487518674277,-0.00036643963923258286,0.0,0,0,0.0,0.0,10.123442870645546,0.0,0.0,NORMAL,uta,data\raw\uta\normal\normal_013_dbf7848c.mp4,group_013,13,3500,3780,29.78902165541211,2.978902165541211,10.0
0.22803922790408732,0.20829384199156825,0.2471915556191997,0.008910230871861421,0.21549633969313126,0.22525938057818218,0.23198618738215485,0.23713004717807298,0.03889771362763145,-8.118996981535062e-05,0.0,0,0.0,0.0,0,0.0,0.012518922396717163,0.0,0.02943724047047319,0.01063468842935296,0.020792762051726844,0.021257358312406823,0.021257358312406823,0.02943724047047319,-5.324589214842195e-05,0.0,0,0,0.0,0.0,18.214108736319428,0.0,0.0,NORMAL,uta,data\raw\uta\normal\normal_013_dbf7848c.mp4,group_013,14,3790,4070,29.78902165541211,2.978902165541211,10.0
0.22294672688624342,0.20880044707966505,0.24063228940829176,0.00931177322583514,0.21122634173262791,0.21424204036742808,0.22827503429540855,0.23613087420403533,0.03183184232862671,2.5213554319302743e-05,0.0,0,0.0,0.0,0,0.0,0.00712051162603974,0.0,0.0211999576001272,0.009817671826463112,0.020302737602678898,0.020761369963434993,0.021024522545450317,0.0211999576001272,-0.0004253403819838739,0.0,0,0,0.0,0.0,31.30609603599337,0.0,0.0,NORMAL,uta,data\raw\uta\normal\normal_013_dbf7848c.mp4,group_013,15,4080,4360,29.78902165541211,2.978902165541211,10.0
0.22665399701902167,0.2117581282408813,0.23949271425256413,0.008293047349009437,0.21584392415079234,0.21967152557207442,0.23597521790985437,0.2368284104837832,0.027734586011682827,-0.0004645120212427111,0.0,0,0.0,0.0,0,0.0,0.016726686727368455,0.0,0.03006244442563018,0.010821603431250866,0.021233384741779292,0.02998126755983446,0.03000963143007991,0.03006244442563018,4.8393509035370186e-05,0.0,0,0,0.0,0.0,13.549631859627619,0.0,0.0,NORMAL,uta,data\raw\uta\normal\normal_013_dbf7848c.mp4,group_013,16,4370,4650,29.78902165541211,2.978902165541211,10.0
0.2255412291794256,0.2054509157847954,0.2482103900567326,0.009215341470938918,0.21387259640954964,0.21954607566085305,0.2316959334267284,0.23576898965009502,0.04275947427193719,-8.393050591096848e-05,0.0,0,0.0,0.0,0,0.0,0.022152103981348106,0.0,0.042514716624813646,0.01197602908856105,0.029405406092748727,0.03290631367850453,0.0420228627438269,0.042514716624813646,-7.132531456018333e-05,0.0,0,0,0.0,0.0,10.181021556587327,0.0,0.0,NORMAL,uta,data\raw\uta\normal\normal_013_dbf7848c.mp4,group_013,17,4660,4940,29.78902165541211,2.978902165541211,10.0
0.21916208019466837,0.19675652718978515,0.23602242631025577,0.009948503231700575,0.20752335005368389,0.21204151078671402,0.22754954456965526,0.23162040437237852,0.039265899120470626,0.00022139042078072596,0.0,0,0.0,0.0,0,0.0,0.022234558273751967,0.0,0.14111656847732632,0.028391860329923906,0.021233384741779292,0.0468966485115647,0.062424934365831075,0.14111656847732632,-0.001939145530414299,0.034482758620689655,1,1,0.33569413979673907,0.33569413979673907,9.8563785759937,0.0,0.004866088568183666,NORMAL,uta,data\raw\uta\normal\normal_013_dbf7848c.mp4,group_013,18,4950,5230,29.78902165541211,2.978902165541211,10.0
0.22542778795232082,0.17796491704637674,0.2414137721429852,0.011371255180338146,0.21568195141877788,0.2196174573577409,0.23153226007428607,0.2334146471446205,0.06344885509660847,-0.00038279351772824323,0.0,0,0.0,0.0,0,0.0,0.007734996531535017,0.0,0.028194193721730047,0.010796804124258463,0.020761369963434993,0.021325316949796558,0.02559373454578426,0.028194193721730047,-0.00022013383860449047,0.0,0,0,0.0,0.0,29.14010974971188,0.0,0.0,NORMAL,uta,data\raw\uta\normal\normal_013_dbf7848c.mp4,group_013,19,5240,5520,29.78902165541211,2.978902165541211,10.0
0.22593239515560762,0.20823412493648658,0.239971835298852,0.008007428440584627,0.21469281737162604,0.22021428990534442,0.23152087421848067,0.23588521380729507,0.03173771036236542,0.00042092193530055,0.0,0,0.0,0.0,0,0.0,0.008112260841816824,0.0,0.021693045781865615,0.010378841175867851,0.0211999576001272,0.021693045781865615,0.021693045781865615,0.021693045781865615,-0.00018630559191206106,0.0,0,0,0.0,0.0,27.847298337941023,0.0,0.0,NORMAL,uta,data\raw\uta\normal\normal_013_dbf7848c.mp4,group_013,20,5530,5810,29.78902165541211,2.978902165541211,10.0
0.16704655105955754,0.11913003293890187,0.1762959700902741,0.010100676608904067,0.1583550907489795,0.16666259602401334,0.17051560871875493,0.17452377894658452,0.05716593715137222,0.0003033024184971738,0.03333333333333333,1,0.33333297073860546,0.33333297073860546,1,0.10000010877853668,0.026080472549466806,0.0,0.050737140496312706,0.010246669446259488,0.03193079792995658,0.03355128623134412,0.044570781759385815,0.050737140496312706,0.0002711006820633935,0.0,0,0,0.0,0.0,6.404797533679614,0.03333333333333333,0.0,NORMAL,uta,data\raw\uta\normal\normal_014_2115c8af.mp4,group_014,1,10,300,30.000032633561005,3.0000032633561005,10.0
0.16882643507161543,0.15433134477331434,0.1818015038585334,0.006743715778176148,0.16122604420430348,0.16450282142649691,0.17404648061534314,0.1762959700902741,0.027470159085219048,0.00015277970762518257,0.0,0,0.0,0.0,0,0.0,0.021330897488497046,0.014083110254721722,0.03193079792995658,0.005438755032717009,0.02049208351177495,0.03108821519845964,0.03172858123693869,0.01784768767523486,-0.00021545625262521897,0.0,0,0,0.0,0.0,7.914271815840711,0.0,0.0,NORMAL,uta,data\raw\uta\normal\normal_014_2115c8af.mp4,group_014,2,310,600,30.000032633561005,3.0000032633561005,10.0
0.16079705728903998,0.03983217688997967,0.1800963666737298,0.026927276016590257,0.15850812380864807,0.16465298135104975,0.1699892876163728,0.17405002872415554,0.14026418978375013,0.00022126616224878322,0.06666666666666667,1,0.33333297073860546,0.33333297073860546,2,0.20000021755707337,0.022369131955658487,0.013883533620176643,0.03237619541190881,0.005964299815553744,0.030130139639932264,0.03108821519845964,0.03172858123693869,0.018492661791732166,-0.00026469136038818506,0.0,0,0,0.0,0.0,7.1880245323437455,0.06666666666666667,0.0,NORMAL,uta,data\raw\uta\normal\normal_014_2115c8af.mp4,group_014,3,610,900,30.000032633561005,3.0000032633561005,10.0
0.1620828287956201,0.14381888646320687,0.17228330017866744,0.006388010524822699,0.1565967676433515,0.1589183685043762,0.16813009703474746,0.16813009703474746,0.028464413715460574,-0.0005292261625797082,0.06666666666666667,2,0.6666659414772109,0.6666659414772109,1,0.10000010877853668,0.024973064693330785,0.0,0.04390358821128123,0.007720860050388204,0.031051259762324812,0.0315347924707596,0.031936172114463916,0.04390358821128123,-0.00012438808023312596,0.0,0,0,0.0,0.0,6.490046005162452,0.13333333333333333,0.0,NORMAL,uta,data\raw\uta\normal\normal_014_2115c8af.mp4,group_014,4,910,1200,30.000032633561005,3.0000032633561005,10.0
0.16540645442443808,0.1561609712033088,0.1724561189462323,0.0046297418844588245,0.15823422912029397,0.1621379616067653,0.16964733428556555,0.17046941784061703,0.01629514774292351,0.00031997672547045777,0.0,0,0.0,0.0,0,0.0,0.025288372487214526,0.013887549490757716,0.031490791864182154,0.006206853119966252,0.031053504702226845,0.031481427501027934,0.031481427501027934,0.017603242373424435,0.00021303182808529776,0.0,0,0,0.0,0.0,6.540551945607276,0.0,0.0,NORMAL,uta,data\raw\uta\normal\normal_014_2115c8af.mp4,group_014,5,1210,1500,30.000032633561005,3.0000032633561005,10.0
0.16205557620605365,0.1487693054194071,0.1722961520659831,0.004684915332005907,0.15421579908980754,0.16065110427160995,0.1644647359736587,0.1664210000677797,0.023526846646575977,0.0002072097995157733,0.03333333333333333,1,0.33333297073860546,0.33333297073860546,1,0.10000010877853668,0.02590794810624882,0.013883533620176643,0.03194056917451537,0.006657950689226578,0.031481427501027934,0.03193079792995658,0.031936172114463916,0.018057035554338727,0.0002866493069236168,0.0,0,0,0.0,0.0,6.254811100068106,0.03333333333333333,0.0,NORMAL,uta,data\raw\uta\normal\normal_014_2115c8af.mp4,group_014,6,1510,1800,30.000032633561005,3.0000032633561005,10.0
0.16467069535901047,0.15296857244181883,0.1723433260034387,0.00556342030533299,0.1563555288069878,0.15987398907754274,0.16874287047045522,0.17048379188350365,0.019374753561619884,-0.0001672203690494028,0.0,0,0.0,0.0,0,0.0,0.025638121822500342,0.013693491865936448,0.03239317741958685,0.007373823227864076,0.031481427501027934,0.0315347924707596,0.031936172114463916,0.018699685553650397,-7.944754408627886e-06,0.0,0,0,0.0,0.0,6.422633992654888,0.0,0.0,NORMAL,uta,data\raw\uta\normal\normal_014_2115c8af.mp4,group_014,7,1810,2100,30.000032633561005,3.0000032633561005,10.0
0.15813226964002342,0.14632578192911963,0.16678340023656807,0.005643218316512004,0.150731487363164,0.15425744683748194,0.1609685859666868,0.16645999964383343,0.02045761830744844,-0.00011062543374007972,0.06666666666666667,1,0.33333297073860546,0.33333297073860546,2,0.20000021755707337,0.023583127661707545,0.013693491865936448,0.04452146173481904,0.0077877151527647875,0.031051259762324812,0.031490791864182154,0.031490791864182154,0.030827969868882588,1.2465682388016322e-05,0.0,0,0,0.0,0.0,6.705029412505065,0.06666666666666667,0.0,NORMAL,uta,data\raw\uta\normal\normal_014_2115c8af.mp4,group_014,8,2110,2400,30.000032633561005,3.0000032633561005,10.0
0.15680943082922963,0.06919594929428655,0.17022799213839362,0.017809727902386604,0.1459691046119517,0.15832250147592006,0.16417247747964786,0.1679572782671826,0.10103204284410708,-0.0007245944928147268,0.16666666666666666,2,0.6666659414772109,0.5555549512310092,3,0.3000003263356101,0.021449464072522833,0.0,0.03193079792995658,0.007062226771300838,0.02816412657418556,0.03108821519845964,0.031481427501027934,0.03193079792995658,-0.0001670160643099023,0.0,0,0,0.0,0.0,7.310304816672758,0.3333333333333333,0.0,NORMAL,uta,data\raw\uta\normal\normal_014_2115c8af.mp4,group_014,9,2410,2700,30.000032633561005,3.0000032633561005,10.0
0.15750398185887263,0.14891154519384653,0.174330027109054,0.005911132121054097,0.15116784636817343,0.1523171584865111,0.16095078839009422,0.16319563204119344,0.025418481915207458,0.0004749782668019284,0.03333333333333333,1,0.33333297073860546,0.33333297073860546,1,0.10000010877853668,0.022506252966970324,0.0,0.03194056917451537,0.007487128359993489,0.031481427501027934,0.031482363937343355,0.031490791864182154,0.03194056917451537,4.3131588834505234e-05,0.0,0,0,0.0,0.0,6.99792116301406,0.03333333333333333,0.0,NORMAL,uta,data\raw\uta\normal\normal_014_2115c8af.mp4,group_014,10,2710,3000,30.000032633561005,3.0000032633561005,10.0
0.15477790825993365,0.08144404578412714,0.16916179325569772,0.014927167195677334,0.14845117023513824,0.15230944835640237,0.1609681322722347,0.16410011395488866,0.08771774747157057,-0.0003818440453946418,0.16666666666666666,2,0.6666659414772109,0.4166662134232569,4,0.40000043511414674,0.023982914287542585,0.013883533620176643,0.0438824471746573,0.00795679513859199,0.031481427501027934,0.031975337678151805,0.03238553551613173,0.029998913554480658,-0.00019201166278924484,0.0,0,0,0.0,0.0,6.453404828098739,0.3333333333333333,0.0,NORMAL,uta,data\raw\uta\normal\normal_014_2115c8af.mp4,group_014,11,3010,3300,30.000032633561005,3.0000032633561005,10.0
0.1510139069550333,0.13632995479653226,0.16507505402803918,0.007753202061567826,0.14207785936687045,0.1450785438016139,0.1578430395240171,0.1626644161878609,0.02874509923150692,0.00021087303994116955,0.4666666666666667,7,2.3333307951702382,1.5555538634468258,3,0.3000003263356101,0.01607860084780505,0.014279886949438495,0.020493696595977915,0.0026202078559331324,0.018822180455256902,0.020493696595977915,0.020493696595977915,0.00621380964653942,5.492288297736739e-05,0.0,0,0,0.0,0.0,9.391645251918519,3.2666666666666666,0.0,NORMAL,uta,data\raw\uta\normal\normal_014_2115c8af.mp4,group_014,12,3310,3600,30.000032633561005,3.0000032633561005,10.0
0.1573364238461438,0.1451164785277484,0.18233410360249158,0.011202085769336451,0.1451164785277484,0.14812533697790295,0.16305520722467015,0.179994782796622,0.03721762507474319,-8.834799904407441e-05,0.3,4,1.3333318829544218,0.9999989122158165,3,0.3000003263356101,0.016084184096589224,0.014078922384205958,0.029408584883752312,0.003398013674683963,0.014703100781643708,0.02019542778081809,0.020527700739847745,0.015329662499546355,9.085167339167981e-05,0.0,0,0,0.0,0.0,9.7814499915799,1.2,0.0,NORMAL,uta,data\raw\uta\normal\normal_014_2115c8af.mp4,group_014,13,3610,3900,30.000032633561005,3.0000032633561005,10.0
0.1462758083240039,0.07554329374776417,0.16605999925562748,0.016245381544448125,0.13384059679636312,0.1423311794995438,0.15765275745495042,0.15820296083844784,0.09051670550786331,-0.0009463406051084357,0.5666666666666667,8,2.6666637659088437,1.4166651256390732,4,0.40000043511414674,0.017833442425431976,0.014279886949438495,0.03239317741958685,0.0049354517457958075,0.02048724425916605,0.02188668686287046,0.028982463669191296,0.01811329047014835,-0.0001154985117039073,0.0,0,0,0.0,0.0,8.201871683715442,4.533333333333333,0.0,NORMAL,uta,data\raw\uta\normal\normal_014_2115c8af.mp4,group_014,14,3910,4200,30.000032633561005,3.0000032633561005,10.0
0.1537025796504655,0.03926378227720185,0.1796212735126973,0.03156716002015099,0.140170542041453,0.1535410059857941,0.16834729068357107,0.17618692266176533,0.14035749123549546,-0.0006880048792876622,0.2,3,0.9999989122158165,0.6666659414772109,3,0.3000003263356101,0.016893769265252167,0.013887549490757716,0.031943828249996996,0.004425695765533874,0.020125238725443632,0.020517346708064606,0.02529005721449782,0.018056278759239278,3.991730926357642e-05,0.0,0,0,0.0,0.0,9.09764301822037,0.6000000000000001,0.0,NORMAL,uta,data\raw\uta\normal\normal_014_2115c8af.mp4,group_014,15,4210,4500,30.000032633561005,3.0000032633561005,10.0
0.16029033363484138,0.13964001106664212,0.18547248914201894,0.01275150855860008,0.14428474945458142,0.15452289416997353,0.1626816473267753,0.18363098256463187,0.045832478075376826,0.0008385573534918828,0.2,3,0.9999989122158165,0.6666659414772109,3,0.3000003263356101,0.015173646042713849,0.0,0.020797258270192576,0.004826886939396771,0.01888363145186525,0.02049584873004486,0.020660387316540987,0.020797258270192576,0.0001239629252209354,0.0,0,0,0.0,0.0,10.563036078973669,0.6000000000000001,0.0,NORMAL,uta,data\raw\uta\normal\normal_014_2115c8af.mp4,group_014,16,4510,4800,30.000032633561005,3.0000032633561005,10.0
0.14673181595438411,0.09942878863575147,0.16139220340999616,0.0133389999437094,0.14106534958026457,0.14530560125523415,0.15383171020825043,0.16106132374182694,0.06196341477424469,-0.0008144080162347933,0.5666666666666667,8,2.6666637659088437,1.4166651256390732,4,0.40000043511414674,0.015980211641968146,0.0,0.02049584873004486,0.004085743919073709,0.02049584873004486,0.02049584873004486,0.02049584873004486,0.02049584873004486,-6.608218220738531e-05,0.0,0,0,0.0,0.0,9.181520102584258,4.533333333333333,0.0,NORMAL,uta,data\raw\uta\normal\normal_014_2115c8af.mp4,group_014,17,4810,5100,30.000032633561005,3.0000032633561005,10.0
0.15128215521636668,0.10942050675214825,0.16697379271550022,0.01363739386745855,0.14087278294617714,0.14425679251850648,0.16180513020323659,0.16318144375379834,0.05755328596335198,-0.00020592477419329534,0.4,10,3.333329707386055,1.3333318829544218,3,0.3000003263356101,0.016609159821601837,0.0,0.020797258270192576,0.004247951939791261,0.02049584873004486,0.02049584873004486,0.02049584873004486,0.020797258270192576,-2.756417329266324e-05,0.0,0,0,0.0,0.0,9.107808524492418,4.0,0.0,NORMAL,uta,data\raw\uta\normal\normal_014_2115c8af.mp4,group_014,18,5110,5400,30.000032633561005,3.0000032633561005,10.0
0.14724764523222744,0.12965643869877821,0.171472458572012,0.00908584929819248,0.13683651877944994,0.14218897863946897,0.1536982164783925,0.15699092517344,0.04181601987323377,0.0003776511183446496,0.6,12,3.999995648863266,1.4999983683237248,4,0.40000043511414674,0.017751019841336056,0.014284256782850143,0.027767067240353285,0.0035155992303431225,0.02049584873004486,0.020797258270192576,0.020797258270192576,0.013482810457503143,1.3756449839963873e-05,0.0,0,0,0.0,0.0,8.294698099049965,7.199999999999999,0.0,NORMAL,uta,data\raw\uta\normal\normal_014_2115c8af.mp4,group_014,19,5410,5700,30.000032633561005,3.0000032633561005,10.0
0.15111455005734126,0.12930469489018528,0.1848629445644756,0.014762078387587436,0.1331355846097625,0.139779022159899,0.16088962531509157,0.1718203843238327,0.05555824967429032,-0.0007221314982095988,0.5,14,4.6666615903404765,2.499997280539541,2,0.20000021755707337,0.016827498636435897,0.0,0.03149391517605338,0.004961112345847952,0.020125732564411438,0.020203050891044218,0.020528628288990696,0.03149391517605338,-7.591890224442906e-05,0.0,0,0,0.0,0.0,8.979681035250437,7.0,0.0,NORMAL,uta,data\raw\uta\normal\normal_014_2115c8af.mp4,group_014,20,5710,6000,30.000032633561005,3.0000032633561005,10.0
0.32789293023530897,0.1979581789801571,0.37331597546649997,0.04894868931242902,0.2494952306451898,0.32305505705286475,0.3598328544570255,0.36732898521381563,0.17535779648634287,-0.0018697986796805835,0.0,0,0.0,0.0,0,0.0,0.00911068815027807,0.0,0.029399051601892736,0.01289255937768067,0.02701716134791496,0.027097825305450473,0.02775264139726196,0.029399051601892736,0.00031747433085530484,0.0,0,0,0.0,0.0,35.98596932065793,0.0,0.0,NORMAL,uta,data\raw\uta\normal\normal_015_a7c2c6cf.mp4,group_015,1,10,300,30.001013453228925,3.0001013453228924,10.0
0.1599420767219777,0.07051994332747344,0.30713884621814475,0.06541961148320018,0.08807219284632285,0.11314356230873901,0.1905965592805034,0.27831426534546966,0.2366189028906713,-0.00395447227049236,0.5333333333333333,8,2.666576584978326,0.888858861659442,6,0.6000202690645785,0.012329481318938653,0.0,0.052342392259021375,0.016832743047698398,0.029329831310699384,0.036577496439163866,0.038120853025842304,0.052342392259021375,-0.00044224069970950095,0.0,0,0,0.0,0.0,12.971276026047677,4.266666666666667,0.0,NORMAL,uta,data\raw\uta\normal\normal_015_a7c2c6cf.mp4,group_015,2,310,620,30.001013453228925,3.0001013453228924,10.0
0.2206255617559466,0.0720040856155931,0.4429117012884022,0.12747494292104242,0.09815210548434075,0.10258423184817224,0.34006122868799393,0.4125929039260063,0.37090761567280905,0.009382652718522082,0.5,14,4.66650902371207,2.4999155484171807,2,0.20000675635485948,0.010763911416780356,0.0,0.03624997167972069,0.013314329502388877,0.026066617447083554,0.026783579200279007,0.027330388417903327,0.03624997167972069,0.00021462754415886164,0.0,0,0,0.0,0.0,20.494879448058928,7.0,0.0,NORMAL,uta,data\raw\uta\normal\normal_015_a7c2c6cf.mp4,group_015,3,630,920,30.001013453228925,3.0001013453228924,10.0
0.2925288321148502,0.09229004818355094,0.3642050323234418,0.07970315226009345,0.15324830268851003,0.2858097704190949,0.3540396654187315,0.35635914202344615,0.2719149841398909,0.0031024539822237457,0.1,1,0.33332207312229073,0.33332207312229073,3,0.30001013453228925,0.013284755361604318,0.0,0.040406101782088436,0.014484142755843938,0.0256326007925508,0.03126951221058616,0.031992834407549194,0.040406101782088436,-0.0001628542646595958,0.0,0,0,0.0,0.0,22.018231116934096,0.1,0.0,NORMAL,uta,data\raw\uta\normal\normal_015_a7c2c6cf.mp4,group_015,4,930,1220,30.001013453228925,3.0001013453228924,10.0
0.29446647665017334,0.10164042797769342,0.3744036504831951,0.06793192947372297,0.19683076924735218,0.27203005574769756,0.33980670745429065,0.34838063227643873,0.2727632225055017,-0.0015227160681946612,0.1,1,0.33332207312229073,0.33332207312229073,3,0.30001013453228925,0.012641959286352334,0.0,0.026279416561381837,0.012653944513804655,0.02542217251123503,0.025692756893962745,0.02625905192176161,0.026279416561381837,-0.00022473426288681709,0.0,0,0,0.0,0.0,23.290945575379684,0.1,0.0,NORMAL,uta,data\raw\uta\normal\normal_015_a7c2c6cf.mp4,group_015,5,1230,1520,30.001013453228925,3.0001013453228924,10.0
0.31273951204143696,0.13055037662072527,0.38318475482087055,0.06902029244750363,0.18878472409907027,0.3066712875948008,0.3523351572158086,0.3609470937659952,0.2526343782001453,0.0005177117997873525,0.1,1,0.33332207312229073,0.33332207312229073,3,0.30001013453228925,0.015762425191758224,0.0,0.036214298417007414,0.013112545538490459,0.02537846007103254,0.0256700545685883,0.030725948007230566,0.036214298417007414,0.0004983204916105147,0.0,0,0,0.0,0.0,19.839565845432514,0.1,0.0,NORMAL,uta,data\raw\uta\normal\normal_015_a7c2c6cf.mp4,group_015,6,1530,1820,30.001013453228925,3.0001013453228924,10.0
0.275697221022029,0.06122631957077157,0.37946945786550546,0.07189094567133848,0.18952545098952742,0.2537371851748032,0.3225484212551033,0.34097316600666716,0.3182431382947339,-0.0005974571940783465,0.1,1,0.33332207312229073,0.33332207312229073,3,0.30001013453228925,0.015439116255220979,0.0,0.040406101782088436,0.015993566286445073,0.029408586429884948,0.0393349337003786,0.040367422962130126,0.040406101782088436,0.00012939440145417772,0.0,0,0,0.0,0.0,17.855903185236944,0.1,0.0,NORMAL,uta,data\raw\uta\normal\normal_015_a7c2c6cf.mp4,group_015,7,1830,2120,30.001013453228925,3.0001013453228924,10.0
0.2754266989092024,0.08946218675559074,0.3739795587863328,0.08726763228560099,0.10633812910185755,0.24503665423469384,0.33580585133377355,0.3519626048398856,0.28451737203074207,-0.002851244800946901,0.16666666666666666,1,0.33332207312229073,0.33332207312229073,5,0.5000168908871487,0.01187875905748965,0.0,0.03720326659021623,0.013844005435211287,0.0256326007925508,0.02645379165718732,0.032437484423846356,0.03720326659021623,-0.0002621982034618815,0.0,0,0,0.0,0.0,23.184535778573586,0.16666666666666666,0.0,NORMAL,uta,data\raw\uta\normal\normal_015_a7c2c6cf.mp4,group_015,8,2130,2420,30.001013453228925,3.0001013453228924,10.0
0.34968102345026925,0.126239151128281,0.40652305164269553,0.06302395435769825,0.2958426329300733,0.3562331738572637,0.37730339441915095,0.3917919126032542,0.28028390051441454,-0.0007428703521616392,0.03333333333333333,1,0.33332207312229073,0.33332207312229073,1,0.10000337817742974,0.017945878583057587,0.0,0.03624997167972069,0.013045524066662388,0.02563891942890693,0.02721154778534229,0.035355339059327376,0.03624997167972069,-0.00021149253359740332,0.0,0,0,0.0,0.0,19.48422517219117,0.03333333333333333,0.0,NORMAL,uta,data\raw\uta\normal\normal_015_a7c2c6cf.mp4,group_015,9,2430,2720,30.001013453228925,3.0001013453228924,10.0
0.3452449489210584,0.12573613722847007,0.4469442529112009,0.08303036983786681,0.16926120588258078,0.3510892509470422,0.39115809618323033,0.40266602146858405,0.3212081156827308,-0.002424966295655131,0.06666666666666667,1,0.33332207312229073,0.33332207312229073,2,0.20000675635485948,0.0169429922744418,0.0,0.03626188621469475,0.014349783805155319,0.02564102564102564,0.03625116313321809,0.03626188621469475,0.03626188621469475,-0.0003011436308704156,0.0,0,0,0.0,0.0,20.375655472991657,0.06666666666666667,0.0,NORMAL,uta,data\raw\uta\normal\normal_015_a7c2c6cf.mp4,group_015,10,2730,3020,30.001013453228925,3.0001013453228924,10.0
0.3302176301234164,0.2628956298222922,0.36671452968889445,0.026981974696745726,0.29126556418778465,0.3203819617777949,0.34896018562497744,0.35810567323823095,0.10381889986660225,1.4758074032443055e-05,0.0,0,0.0,0.0,0,0.0,0.01658519018243487,0.0,0.03224129401095805,0.01372851214915273,0.028364274868602185,0.031189143077590267,0.031214228192662286,0.03224129401095805,0.00042317841076387514,0.0,0,0,0.0,0.0,19.90919110966929,0.0,0.0,NORMAL,uta,data\raw\uta\normal\normal_015_a7c2c6cf.mp4,group_015,11,3030,3320,30.001013453228925,3.0001013453228924,10.0
0.3362744461551744,0.10761129411147499,0.4076510204103419,0.06291021263181462,0.2758753726283683,0.32339203548725526,0.3812271424093655,0.3903985166610391,0.3000397262988669,-0.00013841357142547773,0.03333333333333333,1,0.33332207312229073,0.33332207312229073,1,0.10000337817742974,0.011877179481955023,0.0,0.031189143077590267,0.013623675533328546,0.026987629007500225,0.027813998357060957,0.029472344481685255,0.031189143077590267,5.99206905996076e-05,0.0,0,0,0.0,0.0,28.310268140503563,0.03333333333333333,0.0,NORMAL,uta,data\raw\uta\normal\normal_015_a7c2c6cf.mp4,group_015,12,3330,3620,30.001013453228925,3.0001013453228924,10.0
0.3334763272597088,0.1263666198561345,0.39431265125749815,0.06669307288123894,0.22532438356549436,0.33953608210080743,0.3699695596243905,0.3834447570536153,0.26794603140136364,0.0007980832667945322,0.06666666666666667,1,0.33332207312229073,0.33332207312229073,2,0.20000675635485948,0.01459996949675999,0.0,0.02631578947368421,0.012777028014831538,0.026117712619174078,0.02630668208823282,0.026311691150231086,0.02631578947368421,0.00022667810206388177,0.0,0,0,0.0,0.0,22.839327712704865,0.06666666666666667,0.0,NORMAL,uta,data\raw\uta\normal\normal_015_a7c2c6cf.mp4,group_015,13,3630,3920,30.001013453228925,3.0001013453228924,10.0
0.3038484037015926,0.11139311058803852,0.3879376531865786,0.06201882345168031,0.2521423099024391,0.2872295635776254,0.33982772891113333,0.3565539255618319,0.27654454259854006,-0.001391094681527561,0.06666666666666667,1,0.33332207312229073,0.33332207312229073,2,0.20000675635485948,0.010891422040478117,0.0,0.06105625108726636,0.016560171039951506,0.026140267976431028,0.032230992039672945,0.03804360982246497,0.06105625108726636,-0.0006965950528596036,0.0,0,0,0.0,0.0,27.89539393281307,0.06666666666666667,0.0,NORMAL,uta,data\raw\uta\normal\normal_015_a7c2c6cf.mp4,group_015,14,3930,4220,30.001013453228925,3.0001013453228924,10.0
0.30017383649628354,0.08436451341845873,0.380216669944058,0.08446005857030939,0.1279680749691541,0.2915860382769334,0.35415942818272494,0.3671471373402905,0.29585215652559926,7.078999706789585e-05,0.13333333333333333,1,0.33332207312229073,0.33332207312229073,4,0.40001351270971897,0.005785370555081292,0.0,0.03569153051241249,0.012938026622833162,0.0,0.03446227583977888,0.034473541369279805,0.03569153051241249,-0.00021451953826063453,0.0,0,0,0.0,0.0,51.87601340752129,0.13333333333333333,0.0,NORMAL,uta,data\raw\uta\normal\normal_015_a7c2c6cf.mp4,group_015,15,4230,4520,30.001013453228925,3.0001013453228924,10.0
0.3023409920816821,0.10325054808026568,0.39153579571541464,0.07202838767672456,0.17457759318699564,0.31004343149635205,0.3411195673880296,0.35367050237647707,0.28828524763514896,0.000998812272572966,0.1,1,0.33332207312229073,0.33332207312229073,3,0.30001013453228925,0.006776903146218398,0.0,0.03446227583977888,0.013556101348140543,0.0,0.03344010458076891,0.034434722325338465,0.03446227583977888,0.00027992565657696645,0.0,0,0,0.0,0.0,44.60686226393888,0.1,0.0,NORMAL,uta,data\raw\uta\normal\normal_015_a7c2c6cf.mp4,group_015,16,4530,4820,30.001013453228925,3.0001013453228924,10.0
0.28609666850981363,0.11512390455656081,0.3469534984449574,0.06695512456337893,0.15121570610549834,0.282475358109182,0.32713018501325036,0.3392277157092197,0.23182959388839658,-0.0008464066906055204,0.1,1,0.33332207312229073,0.33332207312229073,3,0.30001013453228925,0.01124139861793489,0.0,0.03569153051241249,0.015965754466717223,0.033625099270922346,0.03457001666455343,0.03554024435852419,0.03569153051241249,-7.533486261234789e-05,0.0,0,0,0.0,0.0,25.448009649240365,0.1,0.0,NORMAL,uta,data\raw\uta\normal\normal_015_a7c2c6cf.mp4,group_015,17,4830,5120,30.001013453228925,3.0001013453228924,10.0
0.32190022548711766,0.15270743738486564,0.37674292008347193,0.05172015376084117,0.28344768631554695,0.3139649813831522,0.35136904493754995,0.365298499874642,0.2240354826986063,0.00020619745741273833,0.0,0,0.0,0.0,0,0.0,0.009730258509647252,0.0,0.036214298417007414,0.012922090774509358,0.0256326007925508,0.02564102564102564,0.02564102564102564,0.036214298417007414,-6.214837310322712e-05,0.0,0,0,0.0,0.0,33.078992318208,0.0,0.0,NORMAL,uta,data\raw\uta\normal\normal_015_a7c2c6cf.mp4,group_015,18,5130,5420,30.001013453228925,3.0001013453228924,10.0
0.33646430374318276,0.16209701622478667,0.3742878792819983,0.0416515517342156,0.3179848938796171,0.3361339380313716,0.3532816765937463,0.36378696884703327,0.21219086305721163,-0.000542933331360948,0.0,0,0.0,0.0,0,0.0,0.012855623217320445,0.0,0.03720326659021623,0.013868530853138567,0.02701716134791496,0.02701716134791496,0.027429609588756038,0.03720326659021623,-0.0001274226587145539,0.0,0,0,0.0,0.0,26.170503565033936,0.0,0.0,NORMAL,uta,data\raw\uta\normal\normal_015_a7c2c6cf.mp4,group_015,19,5430,5720,30.001013453228925,3.0001013453228924,10.0
0.30062376554634446,0.08255149602404545,0.3512755643429504,0.06656442469530477,0.1962701042542509,0.3037237225059206,0.339424489151675,0.34350499388467776,0.26872406831890494,-0.0009330250145121295,0.06666666666666667,1,0.33332207312229073,0.33332207312229073,2,0.20000675635485948,0.009472706365836836,0.0,0.03820803599504351,0.0136408651943495,0.025626294591057898,0.026946476764607936,0.032095207030408086,0.03820803599504351,-9.812420858812271e-05,0.0,0,0,0.0,0.0,31.732434375465218,0.06666666666666667,0.0,NORMAL,uta,data\raw\uta\normal\normal_015_a7c2c6cf.mp4,group_015,20,5730,6020,30.001013453228925,3.0001013453228924,10.0
0.18043249069895528,0.15008147105798786,0.19740260452374608,0.012296424043587516,0.16207411556504508,0.17593275599317737,0.18817518603267228,0.1935340769456896,0.047321133465758225,-0.00024208864367011764,0.0,0,0.0,0.0,0,0.0,0.018380441541382388,0.0,0.04865042554105199,0.01354884327301589,0.022089000639246886,0.03516238417687539,0.046044930074907134,0.04865042554105199,0.00023551241350716352,0.0,0,0,0.0,0.0,9.816014173466492,0.0,0.0,NORMAL,uta,data\raw\uta\normal\normal_016_4ba1d5a2.mov,group_016,1,10,240,24.006425948592412,2.4006425948592414,10.0
0.17941039377225573,0.1549133378706109,0.21155609863347896,0.011948929470171267,0.16685771142457562,0.17324444106951628,0.1845830012493961,0.19394715091948797,0.05664276076286806,-3.5125774260166086e-05,0.0,0,0.0,0.0,0,0.0,0.0245090521140072,0.0,0.047907799138234806,0.009620503474022024,0.0313585759919843,0.03602346612419951,0.03602346612419951,0.047907799138234806,-0.00017099985754556146,0.0,0,0,0.0,0.0,7.319869943064089,0.0,0.0,NORMAL,uta,data\raw\uta\normal\normal_016_4ba1d5a2.mov,group_016,2,250,480,24.006425948592412,2.4006425948592414,10.0
0.18855900267743986,0.16061558128346187,0.2033711278401954,0.010217106441209921,0.17776031894265443,0.18372264517426207,0.19638603368039972,0.1998835467160269,0.042755546556733526,0.0007964518832602215,0.0,0,0.0,0.0,0,0.0,0.015063638218488226,0.0,0.04862741209343457,0.01134023233488873,0.021183397555718766,0.023044061692645435,0.03182877244847611,0.04862741209343457,0.0004911023555265986,0.0,0,0,0.0,0.0,12.516663191156423,0.0,0.0,NORMAL,uta,data\raw\uta\normal\normal_016_4ba1d5a2.mov,group_016,3,490,720,24.006425948592412,2.4006425948592414,10.0
0.1894064466624652,0.17469207595242225,0.20701511146316978,0.008396441482327897,0.17761581358526204,0.1819436604204384,0.1951496957259182,0.19884978182809301,0.03232303551074753,-0.0006666937400054624,0.0,0,0.0,0.0,0,0.0,0.013354510718460286,0.0,0.02279803762937766,0.009021651531784065,0.02208832641312269,0.02243653128423514,0.022743811677606283,0.02279803762937766,-0.00012376703044510897,0.0,0,0,0.0,0.0,14.181894699141933,0.0,0.0,NORMAL,uta,data\raw\uta\normal\normal_016_4ba1d5a2.mov,group_016,4,730,960,24.006425948592412,2.4006425948592414,10.0
0.19150239064258537,0.1677581092183693,0.21255481692474648,0.012102880351842133,0.17445877129807547,0.18157871028362602,0.2004256572472283,0.20392183644288497,0.04479670770637717,0.0004039004350436148,0.0,0,0.0,0.0,0,0.0,0.03251399036921456,0.0,0.05814649004274709,0.014633355247606816,0.044188780015165664,0.04895553032631356,0.04940455797834731,0.05814649004274709,0.0010719354845134814,0.0,0,0,0.0,0.0,5.889664689056813,0.0,0.0,NORMAL,uta,data\raw\uta\normal\normal_016_4ba1d5a2.mov,group_016,5,970,1200,24.006425948592412,2.4006425948592414,10.0
0.18543717561125272,0.15611744852328674,0.20423264012192685,0.012447645202549743,0.17343120182820104,0.17939799627470154,0.19600921382575798,0.19955530229884338,0.04811519159864011,-0.00052936087495377,0.0,0,0.0,0.0,0,0.0,0.03195922164463808,0.0,0.05630925063714729,0.014318000905439153,0.03548867204938381,0.04488888682327653,0.04744196741891367,0.05630925063714729,-0.0007164755276190865,0.0,0,0,0.0,0.0,5.8021242053045405,0.0,0.0,NORMAL,uta,data\raw\uta\normal\normal_016_4ba1d5a2.mov,group_016,6,1210,1440,24.006425948592412,2.4006425948592414,10.0
0.18014529234715218,0.15411038255003023,0.20028869020330187,0.010839922945270216,0.16808868845914793,0.17362066553477992,0.18905064050524742,0.1916813205699139,0.04617830765327163,0.0004732519496610033,0.0,0,0.0,0.0,0,0.0,0.021349416745904664,0.015144563320384568,0.034364464074382255,0.00460746068466137,0.021737206507452433,0.022072850260802523,0.032056029353456646,0.01921990075399769,0.00030144610631366027,0.0,0,0,0.0,0.0,8.437553912464345,0.0,0.0,NORMAL,uta,data\raw\uta\normal\normal_016_4ba1d5a2.mov,group_016,7,1450,1680,24.006425948592412,2.4006425948592414,10.0
0.19067674488677802,0.15620908422047797,0.2132994280328964,0.014116488081818214,0.17466999615236242,0.17982165740329017,0.20075633208399649,0.2056632587849615,0.057090343812418426,-0.0006606835430538871,0.0,0,0.0,0.0,0,0.0,0.008901652948200712,0.0,0.022447834323382463,0.009159056144856074,0.015873015873015872,0.02174838878687796,0.022334235198195572,0.022447834323382463,-1.668738285233904e-05,0.0,0,0,0.0,0.0,21.41796900274711,0.0,0.0,NORMAL,uta,data\raw\uta\normal\normal_016_4ba1d5a2.mov,group_016,8,1690,1920,24.006425948592412,2.4006425948592414,10.0
0.1846629548629836,0.16819260807926906,0.20783459562185413,0.011065641466011477,0.1687567370204577,0.17802604540685682,0.1935352916991576,0.1962756232039799,0.03964198754258508,0.0005665029442482228,0.0,0,0.0,0.0,0,0.0,0.0231080615876549,0.0,0.05546345628822525,0.017216372598122365,0.03708120029997801,0.04419255568146115,0.04478563790929873,0.05546345628822525,-0.0021019307212478845,0.0,0,0,0.0,0.0,7.990932654817643,0.0,0.0,NORMAL,uta,data\raw\uta\normal\normal_016_4ba1d5a2.mov,group_016,9,1930,2160,24.006425948592412,2.4006425948592414,10.0
0.1945100199149774,0.17560824835224564,0.2086005686527298,0.008026592549956217,0.18250281783120578,0.191719867914317,0.199237345417777,0.20538918644102652,0.03299232030048416,-0.0003156805580941107,0.0,0,0.0,0.0,0,0.0,0.010690512919447845,0.0,0.022806929798068927,0.008517021751503736,0.016126934718260072,0.020066270579591303,0.021756745576090027,0.022806929798068927,0.0003939128059708559,0.0,0,0,0.0,0.0,18.192936900554457,0.0,0.0,NORMAL,uta,data\raw\uta\normal\normal_016_4ba1d5a2.mov,group_016,10,2170,2400,24.006425948592412,2.4006425948592414,10.0
0.19051102482513146,0.17710012940733227,0.20570665001746025,0.007325188427191054,0.1816906855195784,0.18571528378447394,0.1932540351765923,0.20115552700709785,0.028606520610127972,-0.00033543473896673303,0.0,0,0.0,0.0,0,0.0,0.012671441452717874,0.0,0.016129032258064516,0.006501711670692604,0.016126934718260072,0.016126934718260072,0.016126934718260072,0.016129032258064516,6.873738272825969e-05,0.0,0,0,0.0,0.0,15.03349023437566,0.0,0.0,NORMAL,uta,data\raw\uta\normal\normal_016_4ba1d5a2.mov,group_016,11,2410,2640,24.006425948592412,2.4006425948592414,10.0
0.18505374292107465,0.16500101701145486,0.20104534605204918,0.009650399364751537,0.1731185544230416,0.1796308767209279,0.19257818503520513,0.19703602231634448,0.03604432904059432,-7.30820839019448e-05,0.0,0,0.0,0.0,0,0.0,0.007574342162150097,0.0,0.02279803762937766,0.00834438513341386,0.015871016626723793,0.016125048404425756,0.01635159441114492,0.02279803762937766,0.00010347995181102049,0.0,0,0,0.0,0.0,24.428433588873187,0.0,0.0,NORMAL,uta,data\raw\uta\normal\normal_016_4ba1d5a2.mov,group_016,12,2650,2880,24.006425948592412,2.4006425948592414,10.0
0.19218394119481108,0.17938747118421572,0.2069674274229248,0.005865911551832139,0.18454197988613655,0.18898956257225935,0.19497213453491452,0.19901417102612495,0.02757995623870907,-4.462759605389441e-05,0.0,0,0.0,0.0,0,0.0,0.006668730260649414,0.0,0.016664352333993333,0.00789311577854808,0.015873015873015872,0.016126934718260072,0.01635159441114492,0.016664352333993333,-0.0002529313514131219,0.0,0,0,0.0,0.0,28.81434985889499,0.0,0.0,NORMAL,uta,data\raw\uta\normal\normal_016_4ba1d5a2.mov,group_016,13,2890,3120,24.006425948592412,2.4006425948592414,10.0
0.18376527059931236,0.1699554455035383,0.2008691397641999,0.0066795068705779405,0.17576061641866397,0.18015377125348198,0.18639691277696482,0.19062454633188816,0.030913694260661595,-0.0004247934717526151,0.0,0,0.0,0.0,0,0.0,0.0068969113603252405,0.0,0.02243653128423514,0.008258951678292463,0.015871016626723793,0.016125048404425756,0.016126934718260072,0.02243653128423514,-0.0001571239345484922,0.0,0,0,0.0,0.0,26.64071209384861,0.0,0.0,NORMAL,uta,data\raw\uta\normal\normal_016_4ba1d5a2.mov,group_016,14,3130,3360,24.006425948592412,2.4006425948592414,10.0
0.18434885119301703,0.16442311392081416,0.20236395442914362,0.009864876253579015,0.17016985503897827,0.1783518648397908,0.1922083237060076,0.19383648825673644,0.037940840508329465,0.0006150582069942374,0.0,0,0.0,0.0,0,0.0,0.011561156698377534,0.0,0.021754557377304695,0.007507304735644258,0.016122218933674288,0.016126934718260072,0.016345982856562698,0.021754557377304695,1.978846301969667e-05,0.0,0,0,0.0,0.0,15.944157824714994,0.0,0.0,NORMAL,uta,data\raw\uta\normal\normal_016_4ba1d5a2.mov,group_016,15,3370,3600,24.006425948592412,2.4006425948592414,10.0
0.19205634889705228,0.18283158619608036,0.2030270648268094,0.006736029923483366,0.18488940494309833,0.18612080314565238,0.19895628912187324,0.20245206525321832,0.02019547863072904,6.519558223433324e-05,0.0,0,0.0,0.0,0,0.0,0.007906249620221413,0.0,0.022806929798068927,0.008777028434777574,0.016126934718260072,0.01631194858298877,0.02183701802086616,0.022806929798068927,-0.00010571500393166034,0.0,0,0,0.0,0.0,24.288641199071503,0.0,0.0,NORMAL,uta,data\raw\uta\normal\normal_016_4ba1d5a2.mov,group_016,16,3610,3840,24.006425948592412,2.4006425948592414,10.0
0.1871324688355899,0.17711274229898138,0.19837124250099702,0.006251732107678197,0.17977840838180448,0.1833849843633112,0.1922203932217303,0.19638025839981135,0.02125850020201564,-0.00019677880678178406,0.0,0,0.0,0.0,0,0.0,0.009249477725308873,0.0,0.022445006962161677,0.009535801905540094,0.015871016626723793,0.022445006962161677,0.022445006962161677,0.022445006962161677,-0.0005398189604155981,0.0,0,0,0.0,0.0,20.229492399468654,0.0,0.0,NORMAL,uta,data\raw\uta\normal\normal_016_4ba1d5a2.mov,group_016,17,3850,4080,24.006425948592412,2.4006425948592414,10.0
0.18710434916705557,0.17726655161563393,0.20245206525321832,0.006770677807844702,0.17977594150162823,0.1826385748180076,0.19199870607971575,0.19501006319413655,0.025185513637584395,-0.00031021246412763214,0.0,0,0.0,0.0,0,0.0,0.010959346167477244,0.0,0.022445006962161677,0.00795589245066349,0.015623093000542114,0.015624427900162633,0.021123981506445393,0.022445006962161677,-1.3878293568684583e-05,0.0,0,0,0.0,0.0,17.071025523103675,0.0,0.0,NORMAL,uta,data\raw\uta\normal\normal_016_4ba1d5a2.mov,group_016,18,4090,4320,24.006425948592412,2.4006425948592414,10.0
0.18283107987099992,0.16047200762349878,0.20309428324319517,0.00833813900667087,0.17624502833364328,0.17748318692114554,0.1866370933748474,0.1910314405687634,0.04262227561969639,0.00023320008995679787,0.0,0,0.0,0.0,0,0.0,0.009686862045018285,0.0,0.022094390007582832,0.008344240773909526,0.015871016626723793,0.016050159290799188,0.020624040025059073,0.022094390007582832,-0.00012910458415523637,0.0,0,0,0.0,0.0,18.87218036563761,0.0,0.0,NORMAL,uta,data\raw\uta\normal\normal_016_4ba1d5a2.mov,group_016,19,4330,4560,24.006425948592412,2.4006425948592414,10.0
0.18290407844396203,0.11275037219367862,0.20151647048101382,0.016754150010644776,0.17647399879197287,0.1798305997082837,0.19276518767047163,0.19638094254483873,0.0887660982873352,-0.000630069350795743,0.041666666666666664,1,0.41655513492154533,0.41655513492154533,1,0.10002677478580173,0.01017014873169344,0.0,0.022806929798068927,0.008001319554752619,0.015871016626723793,0.016126934718260072,0.01612871762709385,0.022806929798068927,0.0002477171759260661,0.0,0,0,0.0,0.0,17.98263728796241,0.041666666666666664,0.0,NORMAL,uta,data\raw\uta\normal\normal_016_4ba1d5a2.mov,group_016,20,4570,4800,24.006425948592412,2.4006425948592414,10.0
0.19960228264850272,0.16192414691511123,0.23217783145192708,0.022244467266326055,0.16673460831777592,0.1765362070363604,0.21832466331038117,0.22304782605874868,0.07025368453681585,-0.0015779902343328782,0.0,0,0.0,0.0,0,0.0,0.012695523041885228,0.0,0.03288868749704872,0.013496539121891232,0.023255813953488372,0.03213291960680524,0.03213789823871885,0.03288868749704872,0.0003151334754771413,0.0,0,0,0.0,0.0,15.721019210536952,0.0,0.0,NORMAL,uta,data\raw\uta\normal\normal_017_54a6099b.mp4,group_017,1,10,290,29.97002997002997,2.9970029970029968,10.0
0.20970702685583642,0.1498321248179746,0.23119078981170205,0.01587575117728501,0.19516490380447496,0.2016619181254682,0.2208287930214205,0.22631236795856693,0.08135866499372746,8.863523332786447e-05,0.034482758620689655,1,0.33366666666666667,0.33366666666666667,1,0.10334493093113782,0.014380176325602628,0.0,0.03287979746107146,0.012405197969420913,0.023249527748763855,0.025026206120372128,0.03213789823871885,0.03287979746107146,-8.323878751989613e-05,0.0,0,0,0.0,0.0,14.582049625697005,0.034482758620689655,0.0,NORMAL,uta,data\raw\uta\normal\normal_017_54a6099b.mp4,group_017,2,300,580,29.97002997002997,2.9970029970029968,10.0
0.210307770464972,0.17125677007376122,0.23594067161477433,0.016474981879881997,0.17952308015253404,0.20745121203885314,0.2202447864874663,0.22660511400407507,0.06468390154101311,-0.0011422414018273659,0.0,0,0.0,0.0,0,0.0,0.01764194318394219,0.0,0.03448275862068966,0.014339291182017152,0.03366221139379705,0.03383395291219689,0.03448275862068966,0.03448275862068966,0.0005476423607063829,0.0,0,0,0.0,0.0,11.920220355092715,0.0,0.0,NORMAL,uta,data\raw\uta\normal\normal_017_54a6099b.mp4,group_017,3,590,870,29.97002997002997,2.9970029970029968,10.0
0.21734206225421657,0.13461688087374907,0.24052098850601378,0.022709152630622623,0.2064274578120534,0.21465510011267028,0.23434002315886993,0.23556699916571483,0.10590410763226471,0.0007620512026884364,0.034482758620689655,1,0.33366666666666667,0.33366666666666667,1,0.10334493093113782,0.01405261394662891,0.0,0.03366221139379705,0.013973445066547971,0.024382992454708537,0.03366221139379705,0.03366221139379705,0.03366221139379705,4.41397870473e-05,0.0,0,0,0.0,0.0,15.46520795858002,0.034482758620689655,0.0,NORMAL,uta,data\raw\uta\normal\normal_017_54a6099b.mp4,group_017,4,880,1160,29.97002997002997,2.9970029970029968,10.0
0.20871368274869487,0.1883143766443841,0.22524608039255825,0.007583685485956762,0.19808908729596533,0.20498061968883763,0.21455047691777263,0.21671088086796947,0.036931703748174144,-0.0005034345833936538,0.0,0,0.0,0.0,0,0.0,0.01854148305165646,0.0,0.03366221139379705,0.011873792212197042,0.023802777946288958,0.032858495928651504,0.033332102804317955,0.03366221139379705,0.000591056834322596,0.0,0,0,0.0,0.0,11.25597268538691,0.0,0.0,NORMAL,uta,data\raw\uta\normal\normal_017_54a6099b.mp4,group_017,5,1170,1450,29.97002997002997,2.9970029970029968,10.0
0.2067490283129387,0.17766921689623108,0.22500108876255695,0.01126322098000634,0.1932942914166578,0.20090906013742932,0.21465510011267028,0.2158885685658498,0.04733187186632587,9.383787632101492e-05,0.0,0,0.0,0.0,0,0.0,0.022032644677170147,0.0,0.03448275862068966,0.012049615812651722,0.03287979746107146,0.03366221139379705,0.03366793544856304,0.03448275862068966,-0.0004404262779286483,0.0,0,0,0.0,0.0,9.383333140847043,0.0,0.0,NORMAL,uta,data\raw\uta\normal\normal_017_54a6099b.mp4,group_017,6,1460,1740,29.97002997002997,2.9970029970029968,10.0
0.2074028237028958,0.1723225540511606,0.22454675700226973,0.011650325760713919,0.19156037771836565,0.20404734046076672,0.21581793798095827,0.2195071649572054,0.05222420295110913,0.00021572298627185353,0.0,0,0.0,0.0,0,0.0,0.028122055926733166,0.0,0.033671751485073696,0.007036576347557079,0.03288868749704872,0.03288868749704872,0.033352801835097715,0.033671751485073696,-6.494483869239881e-05,0.0,0,0,0.0,0.0,7.374832388173832,0.0,0.0,NORMAL,uta,data\raw\uta\normal\normal_017_54a6099b.mp4,group_017,7,1750,2030,29.97002997002997,2.9970029970029968,10.0
0.20525238352703531,0.10109570856502689,0.22290876004768367,0.021824591748680868,0.19628121085150022,0.2027758026888659,0.21704927228016752,0.21813464921578177,0.12181305148265678,-0.0008924962886081681,0.034482758620689655,1,0.33366666666666667,0.33366666666666667,1,0.10334493093113782,0.017383688147970974,0.0,0.03366221139379705,0.014125420428565445,0.03287979746107146,0.03366221139379705,0.03366221139379705,0.03366221139379705,-0.0005425423091235635,0.0,0,0,0.0,0.0,11.806503618587545,0.034482758620689655,0.0,NORMAL,uta,data\raw\uta\normal\normal_017_54a6099b.mp4,group_017,8,2040,2320,29.97002997002997,2.9970029970029968,10.0
0.20754198350042158,0.180336562401607,0.22524608039255825,0.010256388801070293,0.1975152122952542,0.19950096213640853,0.21462194423304412,0.22072154732193328,0.04490951799095125,0.0003835990868743631,0.0,0,0.0,0.0,0,0.0,0.014123425367931626,0.0,0.03448275862068966,0.012953386211441055,0.024382992454708537,0.02499219116020307,0.030194203300359438,0.03448275862068966,-0.0006299303197625675,0.0,0,0,0.0,0.0,14.693835543329714,0.0,0.0,NORMAL,uta,data\raw\uta\normal\normal_017_54a6099b.mp4,group_017,9,2330,2610,29.97002997002997,2.9970029970029968,10.0
0.19768272225021194,0.1721118971533619,0.210659507154411,0.008666526213102774,0.1885541704874016,0.19374947489768565,0.20234702638681107,0.2096316167767614,0.038547610001049115,-5.0394770826524205e-05,0.0,0,0.0,0.0,0,0.0,0.022533562233844485,0.0,0.035344295692180165,0.01234884909232545,0.03448275862068966,0.03448275862068966,0.03499968086358396,0.035344295692180165,0.0009020932411483881,0.0,0,0,0.0,0.0,8.77242345330826,0.0,0.0,NORMAL,uta,data\raw\uta\normal\normal_017_54a6099b.mp4,group_017,10,2620,2900,29.97002997002997,2.9970029970029968,10.0
0.2043750393502375,0.18775648523597416,0.2247367191081553,0.008170526559193128,0.19636616717925467,0.198846415781146,0.2096316167767614,0.21646261494921828,0.036980233872181134,-0.0002631093142140433,0.0,0,0.0,0.0,0,0.0,0.024183591353594852,0.0,0.03448275862068966,0.013007042307299717,0.03366221139379705,0.03383395291219689,0.03448275862068966,0.03448275862068966,0.00092673538783214,0.0,0,0,0.0,0.0,8.450630253045757,0.0,0.0,NORMAL,uta,data\raw\uta\normal\normal_017_54a6099b.mp4,group_017,11,2910,3190,29.97002997002997,2.9970029970029968,10.0
0.2098811498848528,0.18456389121634592,0.22631833320195527,0.011813548849396347,0.1889677615526349,0.20507523083841633,0.21879326542012115,0.22072154732193328,0.04175444198560935,0.00028301017744639145,0.0,0,0.0,0.0,0,0.0,0.02408641837023848,0.0,0.033671751485073696,0.010571078767031304,0.033671751485073696,0.033671751485073696,0.033671751485073696,0.033671751485073696,0.0006530708454511326,0.0,0,0,0.0,0.0,8.713310270899521,0.0,0.0,NORMAL,uta,data\raw\uta\normal\normal_017_54a6099b.mp4,group_017,12,3200,3480,29.97002997002997,2.9970029970029968,10.0
0.21120376852222766,0.19429002984280092,0.22294530800725776,0.006853441312232191,0.2040218002176611,0.20514674903739544,0.21568299049031986,0.2196936569442837,0.028655278164456843,-3.5365234054103556e-05,0.0,0,0.0,0.0,0,0.0,0.02571845075591449,0.023809523809523808,0.034493013716416956,0.003716459927608246,0.024390243902439025,0.033671751485073696,0.033671751485073696,0.010683489906893148,-3.7188723573866605e-05,0.0,0,0,0.0,0.0,8.211830436295722,0.0,0.0,NORMAL,uta,data\raw\uta\normal\normal_017_54a6099b.mp4,group_017,13,3490,3770,29.97002997002997,2.9970029970029968,10.0
0.1973893681967392,0.11852191288194436,0.2096316167767614,0.01736637900555073,0.17777476246571633,0.19822304141739433,0.20860372639911184,0.2089928808477253,0.09110970389481704,0.0005626329783686328,0.034482758620689655,1,0.33366666666666667,0.33366666666666667,1,0.10334493093113782,0.020159578735303333,0.0,0.03448275862068966,0.013144234373596901,0.03366221139379705,0.03448275862068966,0.03448275862068966,0.03448275862068966,-8.875069749594599e-05,0.0,0,0,0.0,0.0,9.790858228245662,0.034482758620689655,0.0,NORMAL,uta,data\raw\uta\normal\normal_017_54a6099b.mp4,group_017,14,3780,4060,29.97002997002997,2.9970029970029968,10.0
0.20773315697841266,0.17084093449595322,0.22958531383388314,0.012933949102598872,0.1941461421535529,0.2005288525140581,0.21856843519891114,0.22247039410798158,0.05874437933792992,0.0002124552133812396,0.0,0,0.0,0.0,0,0.0,0.010465805508373139,0.0,0.03448275862068966,0.013724861819667266,0.023809523809523808,0.03366221139379705,0.03415453972993261,0.03448275862068966,-5.8363050718045307e-05,0.0,0,0,0.0,0.0,19.846853637648298,0.0,0.0,NORMAL,uta,data\raw\uta\normal\normal_017_54a6099b.mp4,group_017,15,4070,4350,29.97002997002997,2.9970029970029968,10.0
0.20524273570679114,0.1385252845660267,0.2294657812521748,0.017370054274334527,0.19419824874513253,0.19494457619806344,0.21568299049031986,0.22504975622603254,0.09094049668614809,-0.0007661944512508393,0.034482758620689655,1,0.33366666666666667,0.33366666666666667,1,0.10334493093113782,0.009778108311485931,0.0,0.03448275862068966,0.012739040827343753,0.023802777946288958,0.024390243902439025,0.02995342439725382,0.03448275862068966,-0.0006775912603579372,0.0,0,0,0.0,0.0,20.98787835959704,0.034482758620689655,0.0,NORMAL,uta,data\raw\uta\normal\normal_017_54a6099b.mp4,group_017,16,4360,4640,29.97002997002997,2.9970029970029968,10.0
0.20163086266597594,0.1585039677950799,0.22314693986533674,0.012322401035484447,0.18971797015049488,0.19538919952613268,0.20952352301248095,0.2135081226833121,0.06464297207025685,0.00023065048118278144,0.0,0,0.0,0.0,0,0.0,0.01055595776995526,0.0,0.05428053018875356,0.014563069032801985,0.023802777946288958,0.024894505498589008,0.030531132110715453,0.05428053018875356,0.0008620993536106302,0.0,0,0,0.0,0.0,19.09933401834859,0.0,0.0,NORMAL,uta,data\raw\uta\normal\normal_017_54a6099b.mp4,group_017,17,4650,4930,29.97002997002997,2.9970029970029968,10.0
0.1971708797588331,0.12280348329712312,0.22565357959980964,0.020696637381954465,0.17746971923966798,0.19063062844991527,0.21198642922156907,0.22207473384646412,0.10285009630268652,-0.000595417504944278,0.034482758620689655,1,0.33366666666666667,0.33366666666666667,1,0.10334493093113782,0.008558081763434476,0.0,0.033586181457325226,0.011923899933158124,0.023782574707724703,0.02389110232028496,0.02468807475653724,0.033586181457325226,0.0001361502936798327,0.0,0,0,0.0,0.0,23.036452414927624,0.034482758620689655,0.0,NORMAL,uta,data\raw\uta\normal\normal_017_54a6099b.mp4,group_017,18,4940,5220,29.97002997002997,2.9970029970029968,10.0
0.1966394159097882,0.11052496757769724,0.22282242147822778,0.021706152578982268,0.17460678568590268,0.1876598302891216,0.20891285806901508,0.21924908595144912,0.11229745390053054,0.0009762506151504229,0.034482758620689655,1,0.33366666666666667,0.33366666666666667,1,0.10334493093113782,0.009041628523190211,0.0,0.024361276856704795,0.011566541284680426,0.023782574707724703,0.023782574707724703,0.023794696650863256,0.024361276856704795,-3.961192300506618e-06,0.0,0,0,0.0,0.0,21.745824834615064,0.034482758620689655,0.0,NORMAL,uta,data\raw\uta\normal\normal_017_54a6099b.mp4,group_017,19,5230,5510,29.97002997002997,2.9970029970029968,10.0
0.21120483212759836,0.1839523483697806,0.22521207633128887,0.009773043438675128,0.1972977257218106,0.20495960848239378,0.2196936569442837,0.21989923501981362,0.04125972796150826,-3.792265263459417e-05,0.0,0,0.0,0.0,0,0.0,0.011082861352517384,0.0,0.03363363969981562,0.01241663175601942,0.023782574707724703,0.024365619976305545,0.024382992454708537,0.03363363969981562,0.00013002439223985953,0.0,0,0,0.0,0.0,19.055167275223017,0.0,0.0,NORMAL,uta,data\raw\uta\normal\normal_017_54a6099b.mp4,group_017,20,5520,5800,29.97002997002997,2.9970029970029968,10.0
0.23765645478800101,0.0,0.3149964712841461,0.11353269658558808,0.01631522317210037,0.266423535139467,0.30646267422375884,0.30867559123361793,0.3149964712841461,0.003324015174413899,0.21052631578947367,1,0.5163596641535299,0.5163596641535299,4,0.4077125507752241,0.03483234870791587,0.02161183615368384,0.09106416928094863,0.018399789937689447,0.04374370930617981,0.04874595848460586,0.0690916075979914,0.06945233312726479,-0.0014805150956760937,0.0,0,0,0.0,0.0,6.822670331836159,0.21052631578947367,0.0,NORMAL,uta,data\raw\uta\normal\normal_018_15d5e946.mov,group_018,1,10,190,19.366346161823145,1.9366346161823145,10.0
0.266840154521186,0.04157438157735871,0.3168586677567219,0.07281055151837836,0.1920960025729961,0.2776926111589508,0.3027970612372907,0.30440598005293473,0.2752842861793632,-0.0008584940195130764,0.10526315789473684,1,0.5163596641535299,0.5163596641535299,2,0.20385627538761206,0.039854139506824815,0.02127178149057585,0.16404467873119666,0.031153151768134914,0.043955867719929494,0.04443566854512391,0.05640446787311941,0.1427728972406208,0.002582958563355913,0.05263157894736842,1,1,0.5163596641535299,0.5163596641535299,6.695250796336872,0.10526315789473684,0.008633930459536665,NORMAL,uta,data\raw\uta\normal\normal_018_15d5e946.mov,group_018,2,200,380,19.366346161823145,1.9366346161823145,10.0
0.2518612982183452,0.04468524856299583,0.30490905248350003,0.07535777259490564,0.13079719974134532,0.2696852276619501,0.2937460579726513,0.30363869466551097,0.2602238039205042,0.005746677225548267,0.15789473684210525,1,0.5163596641535299,0.5163596641535299,3,0.30578441308141807,0.0345550096899909,0.0,0.11990411504661473,0.02999559174230593,0.022216737285146886,0.07256550364463665,0.10380802748599834,0.11990411504661473,-0.0036332575540920695,0.0,0,0,0.0,0.0,7.288494837159871,0.15789473684210525,0.0,NORMAL,uta,data\raw\uta\normal\normal_018_15d5e946.mov,group_018,3,390,570,19.366346161823145,1.9366346161823145,10.0
0.27011835182037275,0.0332780992595621,0.3203448278697353,0.08108230314300933,0.2268287502138055,0.2858207715923985,0.3047412207609609,0.31772316682008395,0.2870667286101732,-0.0032623802143483794,0.10526315789473684,1,0.5163596641535299,0.5163596641535299,2,0.20385627538761206,0.036901084963764985,0.02173399540921557,0.049641395149316925,0.010574975517226793,0.04443347457029377,0.044444444444444446,0.04496413951493168,0.027907399740101355,0.0006263244040329337,0.0,0,0,0.0,0.0,7.319866942087642,0.10526315789473684,0.0,NORMAL,uta,data\raw\uta\normal\normal_018_15d5e946.mov,group_018,4,580,760,19.366346161823145,1.9366346161823145,10.0
0.26266278875406135,0.1987269656283331,0.28288160314734767,0.01831260493078309,0.2509583848810667,0.2561794511322788,0.2736429056169465,0.27916466007928437,0.08415463751901456,0.0014272302373914342,0.0,0,0.0,0.0,0,0.0,0.02743622722352466,0.0,0.049690399499995326,0.011397571765142386,0.03142696805273545,0.044444444444444446,0.044969039949999526,0.049690399499995326,-0.000211873372174908,0.0,0,0,0.0,0.0,9.573226427517953,0.0,0.0,NORMAL,uta,data\raw\uta\normal\normal_018_15d5e946.mov,group_018,5,770,950,19.366346161823145,1.9366346161823145,10.0
0.25892084633641854,0.05333343256322659,0.3079278249204539,0.0504912631444337,0.2499328202352691,0.2622563375170912,0.2777996677284299,0.2831449094033811,0.2545943923572273,-0.0030170629774926177,0.05263157894736842,1,0.5163596641535299,0.5163596641535299,1,0.10192813769380603,0.02675159431583333,0.022216737285146886,0.044444444444444446,0.008148766814210546,0.0270741867030148,0.044444444444444446,0.044444444444444446,0.02222770715929756,-0.00020858646951073796,0.0,0,0,0.0,0.0,9.678345332780609,0.05263157894736842,0.0,NORMAL,uta,data\raw\uta\normal\normal_018_15d5e946.mov,group_018,6,960,1140,19.366346161823145,1.9366346161823145,10.0
0.27067976748990913,0.251709750310831,0.29118309072856485,0.01031007017921308,0.2557437181818099,0.2639099779084759,0.2758332220003351,0.2833189734518482,0.03947334041773387,-0.00013424969534834812,0.0,0,0.0,0.0,0,0.0,0.0272283866578104,0.02173399540921557,0.049690399499995326,0.009625390708193427,0.02272433904028344,0.044444444444444446,0.044969039949999526,0.027956404090779756,0.0002976836464590177,0.0,0,0,0.0,0.0,9.9407221650462,0.0,0.0,NORMAL,uta,data\raw\uta\normal\normal_018_15d5e946.mov,group_018,7,1150,1330,19.366346161823145,1.9366346161823145,10.0
0.27910283466145247,0.24091783095878427,0.32570877396191344,0.0180360708934328,0.25853279689560876,0.27168884555823947,0.28795932135688873,0.29236959751340863,0.08479094300312917,-0.0017805845857839983,0.0,0,0.0,0.0,0,0.0,0.024945973194013128,0.0,0.044444444444444446,0.009241280934625168,0.027073241953803735,0.034601862750217885,0.044444444444444446,0.044444444444444446,0.00041607910642628925,0.0,0,0,0.0,0.0,11.187843610960893,0.0,0.0,NORMAL,uta,data\raw\uta\normal\normal_018_15d5e946.mov,group_018,8,1340,1520,19.366346161823145,1.9366346161823145,10.0
0.23419804058345575,0.03698926833367794,0.2960603589758603,0.06894524101989571,0.19103785779652346,0.23397925944362172,0.26674803493751886,0.2813962957708562,0.25907109064218237,-0.0023535882603177177,0.10526315789473684,2,1.0327193283070597,1.0327193283070597,1,0.10192813769380603,0.03550799446088524,0.02127178149057585,0.10635890745287925,0.026562618238219624,0.03142696805273545,0.07460511482390915,0.10635890745287925,0.0850871259623034,-0.0014818113194525555,0.0,0,0,0.0,0.0,6.595456845206796,0.21052631578947367,0.0,NORMAL,uta,data\raw\uta\normal\normal_018_15d5e946.mov,group_018,9,1530,1710,19.366346161823145,1.9366346161823145,10.0
0.2624923490418898,0.05202200572599404,0.2992455815013283,0.051792710914805085,0.2482993304568217,0.26656758948836257,0.2823846519331733,0.29571108454986983,0.24722357577533427,-0.0019212001127260124,0.05263157894736842,1,0.5163596641535299,0.5163596641535299,1,0.10192813769380603,0.021991212353638833,0.0,0.030714755841697562,0.006128227775597859,0.02172630377368452,0.030714755841697562,0.030714755841697562,0.030714755841697562,-0.0002993475284879317,0.0,0,0,0.0,0.0,11.935695455325929,0.05263157894736842,0.0,NORMAL,uta,data\raw\uta\normal\normal_018_15d5e946.mov,group_018,10,1720,1900,19.366346161823145,1.9366346161823145,10.0
0.25853401402614873,0.033806701787728204,0.2873383895051206,0.055268918320723046,0.2399750237152684,0.27205380921757916,0.27881389690328195,0.2804576691976167,0.2535316877173924,0.004359219279427482,0.05263157894736842,1,0.5163596641535299,0.5163596641535299,1,0.10192813769380603,0.021375744850913363,0.0,0.031357362279453245,0.005453160989928599,0.02220030681036019,0.02220030681036019,0.023116012357269476,0.031357362279453245,5.453907350590865e-05,0.0,0,0,0.0,0.0,12.094171298260237,0.05263157894736842,0.0,NORMAL,uta,data\raw\uta\normal\normal_018_15d5e946.mov,group_018,11,1910,2090,19.366346161823145,1.9366346161823145,10.0
0.27378324456137193,0.10326656181713262,0.3800066144377181,0.06118864416362113,0.21443706001242782,0.25929971741310986,0.30674302364344086,0.3147121181480886,0.2767400526205855,0.002138770440421902,0.10526315789473684,1,0.5163596641535299,0.5163596641535299,2,0.20385627538761206,0.02026338293278442,0.0,0.031395974980055176,0.007258967292041929,0.02220030681036019,0.022680469595165727,0.023573044911397993,0.031395974980055176,-0.0003531433204124732,0.0,0,0,0.0,0.0,13.510564100051422,0.10526315789473684,0.0,NORMAL,uta,data\raw\uta\normal\normal_018_15d5e946.mov,group_018,12,2100,2280,19.366346161823145,1.9366346161823145,10.0
0.23724141985108774,0.037441904905716056,0.2908331840835087,0.0783294770589037,0.0897326846930434,0.2525727379667094,0.28118690489786713,0.28767076478690085,0.2533912791777927,-0.0019311724539243414,0.15789473684210525,1,0.5163596641535299,0.5163596641535299,3,0.30578441308141807,0.01831686497889391,0.0,0.04434600701584929,0.012739813141610651,0.02173399540921557,0.02626318877325087,0.042697845663917204,0.04434600701584929,-0.000433842882232697,0.0,0,0,0.0,0.0,12.951368520536672,0.15789473684210525,0.0,NORMAL,uta,data\raw\uta\normal\normal_018_15d5e946.mov,group_018,13,2290,2470,19.366346161823145,1.9366346161823145,10.0
0.2523292488497664,0.06049716388590061,0.2876865586958086,0.04839203866763465,0.2309101209571662,0.25072826781499774,0.27793859287916367,0.2798012448041163,0.22718939480990802,-0.0023858000814102167,0.05263157894736842,1,0.5163596641535299,0.5163596641535299,1,0.10192813769380603,0.020712491446886187,0.0,0.022216737285146886,0.004888955334084109,0.02220030681036019,0.022216737285146886,0.022216737285146886,0.022216737285146886,0.00035531106692517967,0.0,0,0,0.0,0.0,12.181879114720587,0.05263157894736842,0.0,NORMAL,uta,data\raw\uta\normal\normal_018_15d5e946.mov,group_018,14,2480,2660,19.366346161823145,1.9366346161823145,10.0
0.2692505094060304,0.246853454812894,0.28252147698039043,0.011702198497179768,0.2506395111266141,0.262901576367112,0.2787333282239937,0.2820167753546976,0.03566802216749643,-0.0010189533823645781,0.0,0,0.0,0.0,0,0.0,0.01879014266425024,0.0,0.048564293117863214,0.01134885953253156,0.02220030681036019,0.02230101154015315,0.02528987672517876,0.048564293117863214,0.0004709722502610384,0.0,0,0,0.0,0.0,14.3285863034968,0.0,0.0,NORMAL,uta,data\raw\uta\normal\normal_018_15d5e946.mov,group_018,15,2670,2850,19.366346161823145,1.9366346161823145,10.0
0.2711285195085622,0.23770874992252178,0.3097880780348417,0.01799599133920243,0.24361756226353168,0.26475632212376027,0.27877937534471964,0.2896961796109793,0.07207932811231993,0.0005278727704767978,0.0,0,0.0,0.0,0,0.0,0.024756781033141186,0.0,0.0649722122736315,0.013912866745642323,0.022216737285146886,0.043404525424898026,0.0456276560099718,0.0649722122736315,0.0010494907739788308,0.0,0,0,0.0,0.0,10.95124474788855,0.0,0.0,NORMAL,uta,data\raw\uta\normal\normal_018_15d5e946.mov,group_018,16,2860,3040,19.366346161823145,1.9366346161823145,10.0
0.2693357916420343,0.2473448472061446,0.29687421383700496,0.013135793383490664,0.25902074847610734,0.2607757954491894,0.2712620327882539,0.2960726236746236,0.049529366630860355,-0.0013305141359115581,0.0,0,0.0,0.0,0,0.0,0.029451998451195224,0.021257358312406823,0.04747929167502532,0.009899829609921312,0.03741659962818106,0.04462831183996501,0.04561482399428751,0.026221933362618497,5.3037674361965155e-05,0.0,0,0,0.0,0.0,9.144596672842471,0.0,0.0,NORMAL,uta,data\raw\uta\normal\normal_018_15d5e946.mov,group_018,17,3050,3230,19.366346161823145,1.9366346161823145,10.0
0.25551580292078097,0.06487111411632383,0.2969185359512071,0.047329566426101435,0.2422428371836315,0.2560997042334606,0.27155750595058903,0.28983990385591374,0.23204742183488325,0.002862381846600264,0.05263157894736842,1,0.5163596641535299,0.5163596641535299,1,0.10192813769380603,0.03039129784652103,0.0,0.04443347457029377,0.01281969287716817,0.04440061362072038,0.04440718581063506,0.04443347457029377,0.04443347457029377,4.804760205228508e-05,0.0,0,0,0.0,0.0,8.40725516086733,0.05263157894736842,0.0,NORMAL,uta,data\raw\uta\normal\normal_018_15d5e946.mov,group_018,18,3240,3420,19.366346161823145,1.9366346161823145,10.0
0.2697395452084736,0.2391561895264999,0.2901283219433085,0.013854867022283515,0.25406141266620225,0.2599990577964718,0.279615536348262,0.2871878132155705,0.05097213241680862,-0.001394744313131171,0.0,0,0.0,0.0,0,0.0,0.02615481730241825,0.0,0.06666666666666667,0.014705458863315986,0.02246028387223594,0.03816025824491368,0.0653623188405797,0.06666666666666667,-0.0003883653092052337,0.0,0,0,0.0,0.0,10.312793597297938,0.0,0.0,NORMAL,uta,data\raw\uta\normal\normal_018_15d5e946.mov,group_018,19,3430,3610,19.366346161823145,1.9366346161823145,10.0
0.2596694726091194,0.052526861634105027,0.29988384493253417,0.05382433424332881,0.23007730790236924,0.2603664584637706,0.28715945944233884,0.29135539193096205,0.24735698329842915,-0.0012238193717315326,0.05263157894736842,1,0.5163596641535299,0.5163596641535299,1,0.10192813769380603,0.022526007816821052,0.0,0.04443347457029377,0.00955150547176635,0.022474747474747474,0.031420762554814886,0.03272761870449125,0.04443347457029377,0.0005577280328231609,0.0,0,0,0.0,0.0,11.527029009828043,0.05263157894736842,0.0,NORMAL,uta,data\raw\uta\normal\normal_018_15d5e946.mov,group_018,20,3620,3800,19.366346161823145,1.9366346161823145,10.0
0.16121253436380029,0.13463263889990074,0.20138638474348514,0.01494130160162282,0.14600857717723242,0.1552513640942585,0.16352285679100037,0.1790170491768265,0.0667537458435844,-0.0010692719950916932,0.1724137931034483,3,1.0010372178157414,0.5561317876754118,3,0.31002326593148843,0.11217405481423173,0.01790000349050102,0.19278691242518817,0.03999322884108316,0.13737053314447445,0.15868409499434968,0.1696714950379511,0.17488690893468714,0.001956982844364521,0.41379310344827586,5,4,1.3347162904209884,0.800829774252593,1.4371513758631758,0.5172413793103449,0.07977389479662958,NORMAL,uta,data\raw\uta\normal\normal_019_69feaf43.mov,group_019,1,10,290,29.96891570671055,2.996891570671055,10.0
0.13551098689162788,0.12005870506278689,0.15410047701170262,0.008702150792898489,0.1257767604555992,0.12830057564328146,0.13788104833935347,0.1489717638549279,0.034041771948915736,0.00016210862269440868,0.9310344827586207,13,4.337827943868212,3.003111653447224,3,0.31002326593148843,0.11134674124651033,0.0672935341445518,0.1561273299678865,0.021110462166747633,0.12344738281669392,0.13374036727481645,0.14305345420478507,0.0888337958233347,6.915598613444773e-05,0.3448275862068966,6,3,1.0010372178157414,0.5561317876754118,1.217007057122273,12.10344827586207,0.05383701033375397,NORMAL,uta,data\raw\uta\normal\normal_019_69feaf43.mov,group_019,2,300,580,29.96891570671055,2.996891570671055,10.0
0.1350174689221826,0.11446364177576776,0.19784216722931114,0.017571218539868042,0.11987633109288724,0.12342084510253049,0.13831606594942747,0.15331896663742897,0.08337852545354338,0.00019844651487494432,0.8620689655172413,10,3.336790726052471,2.7806589383770595,3,0.31002326593148843,0.11901195835706406,0.05379023812308402,0.1680521804111057,0.029701614477480327,0.14137718276872066,0.15349148373294755,0.1613737413456424,0.11426194228802168,0.0002741091328323723,0.4827586206896552,7,5,1.6683953630262356,0.6673581452104942,1.1344770417108836,8.620689655172413,0.08112863881915448,NORMAL,uta,data\raw\uta\normal\normal_019_69feaf43.mov,group_019,3,590,870,29.96891570671055,2.996891570671055,10.0
0.1296878233677759,0.10424386291078133,0.15266101664830473,0.012241269074213816,0.11228061573959935,0.12315827069457727,0.13750374207036947,0.14204073025376376,0.048417153737523394,0.001035949649182576,0.9310344827586207,18,6.006223306894448,4.504667480170836,2,0.20668217728765895,0.10652847096876814,0.05729271573722839,0.16058778368253399,0.02498264562476493,0.13031399242935227,0.1345157075603603,0.13661066078015666,0.1032950679453056,-0.0004888920669441052,0.3103448275862069,5,3,1.0010372178157414,0.6006223306894448,1.2173891617822568,16.75862068965517,0.0498375880394071,NORMAL,uta,data\raw\uta\normal\normal_019_69feaf43.mov,group_019,4,880,1160,29.96891570671055,2.996891570671055,10.0
0.1301852012189652,0.11814691752835617,0.1488604199857354,0.007252953247961033,0.12115280043134041,0.12434260345803902,0.1359884178168833,0.14032247884696503,0.030713502457379235,0.00034999204470165354,1.0,29,9.676693105552166,9.676693105552166,1,0.10334108864382947,0.12330572489972633,0.0810457127902454,0.18981259984112425,0.025359380284970385,0.13982193322358488,0.15631913101005332,0.16412872740322249,0.10876688705087885,0.0011491060971279478,0.41379310344827586,3,7,2.3357535082367296,1.3347162904209884,1.0557834645663688,29.0,0.07854314476184451,NORMAL,uta,data\raw\uta\normal\normal_019_69feaf43.mov,group_019,5,1170,1450,29.96891570671055,2.996891570671055,10.0
0.13088568990867092,0.10063465568285525,0.15429938446398783,0.009538150347430205,0.12224847920693344,0.1270042568112844,0.13560741096802553,0.1395986193686281,0.053664728781132584,2.3487504410943306e-05,0.9655172413793104,23,7.674618669920683,4.671507016473459,2,0.20668217728765895,0.12622519025902287,0.07669649888473705,0.20944928332377713,0.033773145325373316,0.13804220094285194,0.1677750951719618,0.19740145837961107,0.1327527844390401,0.0009623804610443794,0.4482758620689655,7,4,1.3347162904209884,0.6196897062668875,1.036913889582554,22.20689655172414,0.0938910580416932,NORMAL,uta,data\raw\uta\normal\normal_019_69feaf43.mov,group_019,6,1460,1740,29.96891570671055,2.996891570671055,10.0
0.14138854785910224,0.09468764690742826,0.16094031713191015,0.013253194821800445,0.12997376330070184,0.1344028080089975,0.1493128400015098,0.15683518799197155,0.06625267022448189,-3.325528472892217e-05,0.7586206896551724,18,6.006223306894448,2.446979865771812,3,0.31002326593148843,0.11351698648321187,0.07180219742846004,0.21695009219963665,0.034836796681737184,0.12373402036488158,0.15643672732333924,0.18790855236478,0.14514789477117662,-0.0019590686942398197,0.3103448275862069,5,3,1.0010372178157414,0.6006223306894448,1.2455166995056957,13.655172413793103,0.06732933895850793,NORMAL,uta,data\raw\uta\normal\normal_019_69feaf43.mov,group_019,7,1750,2030,29.96891570671055,2.996891570671055,10.0
0.1418783531600497,0.11492141557722882,0.15595293775367047,0.007833597638528002,0.13110492053038597,0.14061336482364722,0.14633488441646658,0.1491196068033577,0.041031522176441654,0.00012774083884443848,0.896551724137931,19,6.339902379499695,2.168913971934106,4,0.4133643545753179,0.11140073462678565,0.06373276499212657,0.16502987796637203,0.02767549198959321,0.1407516721804,0.15233497723293982,0.15639481344712103,0.10129711297424546,-0.0015736413502552354,0.3103448275862069,5,3,1.0010372178157414,0.6006223306894448,1.273574003451255,17.03448275862069,0.05121616902404649,NORMAL,uta,data\raw\uta\normal\normal_019_69feaf43.mov,group_019,8,2040,2320,29.96891570671055,2.996891570671055,10.0
0.14950489337859593,0.12915843111068986,0.17034088183177093,0.00947114032604518,0.13702121658315017,0.1462753448233217,0.1532992143562483,0.15902325793656463,0.041182450721081065,-0.00014628593527612913,0.4827586206896552,4,1.3347162904209884,0.6673581452104942,7,0.7233876205068064,0.09656616333183486,0.07415797644002264,0.13687581229126028,0.013079182842782236,0.10335378527251007,0.10953130870011714,0.11261184178767902,0.06271783585123764,-0.0004542829451870767,0.034482758620689655,1,1,0.3336790726052471,0.3336790726052471,1.5481959728365484,1.9310344827586208,0.004719855596250354,NORMAL,uta,data\raw\uta\normal\normal_019_69feaf43.mov,group_019,9,2330,2610,29.96891570671055,2.996891570671055,10.0
0.15249694930670227,0.12939037225932665,0.16619323703592104,0.007591267860461071,0.14419179527740528,0.1483184060447665,0.1556453694436032,0.16033513990897644,0.03680286477659439,7.676646146832508e-05,0.3103448275862069,3,1.0010372178157414,0.6006223306894448,5,0.5167054432191474,0.11019486941819809,0.078074980177497,0.14683779584957965,0.013749178189665243,0.12007687380673138,0.12483110671587526,0.12594320649764285,0.06876281567208264,-0.00012724080480851417,0.27586206896551724,8,1,0.3336790726052471,0.3336790726052471,1.3838717377687701,0.9310344827586208,0.04050697816540128,NORMAL,uta,data\raw\uta\normal\normal_019_69feaf43.mov,group_019,10,2620,2900,29.96891570671055,2.996891570671055,10.0
0.14472898303199877,0.10708778273008124,0.17675602219245545,0.016387614018759596,0.1209977318669335,0.13750374207036947,0.15466018960341688,0.16366492457737686,0.06966823946237422,0.0001163244942742139,0.5517241379310345,7,2.3357535082367296,1.3347162904209884,4,0.4133643545753179,0.10231075200892135,0.038564361709370484,0.15616215002481154,0.025447588259093074,0.12007687380673138,0.1316948465608073,0.14598007607333838,0.11759778831544106,-0.0006384284523100546,0.27586206896551724,6,3,1.0010372178157414,0.44490543014032946,1.4145880623701834,3.862068965517241,0.04307921379994801,NORMAL,uta,data\raw\uta\normal\normal_019_69feaf43.mov,group_019,11,2910,3190,29.96891570671055,2.996891570671055,10.0
0.151351354530308,0.13438686290008361,0.1675104357827017,0.007096126037899868,0.1405322326696526,0.14834895347857363,0.15583439949185007,0.15764023553587037,0.03312357288261808,-0.00018523473870216592,0.3448275862068966,3,1.0010372178157414,0.5561317876754118,6,0.6200465318629769,0.09350526473856331,0.05660931588607063,0.1671616203905105,0.021538001436898203,0.09642283550502041,0.1141060903510632,0.13054872559470437,0.11055230450443987,0.0006426802452618031,0.06896551724137931,2,1,0.3336790726052471,0.3336790726052471,1.6186226126503431,1.0344827586206897,0.011528387613138655,NORMAL,uta,data\raw\uta\normal\normal_019_69feaf43.mov,group_019,12,3200,3480,29.96891570671055,2.996891570671055,10.0
0.14381202131236975,0.11613516480461736,0.18539779194927067,0.014133764260574581,0.1318839428561357,0.13550897935954964,0.14988660085496686,0.15473467788798945,0.06926262714465331,0.0008059360648367556,0.7586206896551724,16,5.3388651616839535,2.446979865771812,3,0.31002326593148843,0.09832388642982134,0.038957753743362813,0.2225387875208671,0.03224223737359321,0.11107884888304684,0.12725289920247643,0.13221441294764785,0.1835810337775043,-0.0008959837334197259,0.1724137931034483,5,1,0.3336790726052471,0.3336790726052471,1.4626207721583744,12.137931034482758,0.038368756469115015,NORMAL,uta,data\raw\uta\normal\normal_019_69feaf43.mov,group_019,13,3490,3770,29.96891570671055,2.996891570671055,10.0
0.15254911085888168,0.11724247839471832,0.17298315925008864,0.011333912873350125,0.13884176350814353,0.14791960526914893,0.16071442903850702,0.1640519661975712,0.05574068085537032,0.00046577411884572185,0.3103448275862069,9,3.003111653447224,3.003111653447224,1,0.10334108864382947,0.07962571803596719,0.0384489011888262,0.14396315014973893,0.021542924696941274,0.08488677524614392,0.1058120856320301,0.11469909883885324,0.10551424896091273,-0.0005748766693313664,0.034482758620689655,1,1,0.3336790726052471,0.3336790726052471,1.915803069893897,2.793103448275862,0.004964246556887549,NORMAL,uta,data\raw\uta\normal\normal_019_69feaf43.mov,group_019,14,3780,4060,29.96891570671055,2.996891570671055,10.0
0.14876209534195892,0.11535241686553094,0.16755879797230008,0.012335219016001276,0.13523431393142235,0.14086550952464288,0.15837847791707782,0.16034171586879672,0.052206381106769145,0.0008158799122093688,0.4482758620689655,4,1.3347162904209884,0.8675655887736425,5,0.5167054432191474,0.07873324686226285,0.052842960263488954,0.1007703494776816,0.01113753603809826,0.08709015885520734,0.09220521335232985,0.09554059586097614,0.047927389214192644,0.00039366832547683555,0.0,0,0,0.0,0.0,1.8894204399033918,1.793103448275862,0.0,NORMAL,uta,data\raw\uta\normal\normal_019_69feaf43.mov,group_019,15,4070,4350,29.96891570671055,2.996891570671055,10.0
0.14616631850928258,0.11526303400323581,0.1624029021597731,0.010886157474028735,0.13426301033406243,0.1387106724813621,0.15439866072818792,0.1567793155761075,0.047139868156537285,0.0001703813823347116,0.5517241379310345,4,1.3347162904209884,0.8898108602806589,6,0.6200465318629769,0.08420419592022063,0.052855984860555705,0.10811730426340155,0.01247273112011731,0.09633275663033836,0.09887279758768215,0.09888780167978717,0.05526131940284584,-0.00036433569009147894,0.0,0,0,0.0,0.0,1.7358349079523119,2.206896551724138,0.0,NORMAL,uta,data\raw\uta\normal\normal_019_69feaf43.mov,group_019,16,4360,4640,29.96891570671055,2.996891570671055,10.0
0.14799043544524287,0.12290460943370889,0.16132366846711976,0.008172191935558197,0.14069835416975976,0.14324122586740898,0.1526808996684168,0.15919622511687886,0.03841905903341088,0.00010107065281846052,0.5517241379310345,4,1.3347162904209884,0.7626950230977076,7,0.7233876205068064,0.09409203667379105,0.0493676695176351,0.14137718276872066,0.017496960317678126,0.09887279758768215,0.11107510997804679,0.12061562053696029,0.09200951325108556,-0.0002695629544160798,0.06896551724137931,2,1,0.3336790726052471,0.3336790726052471,1.5728096432715573,2.206896551724138,0.00975015053577384,NORMAL,uta,data\raw\uta\normal\normal_019_69feaf43.mov,group_019,17,4650,4930,29.96891570671055,2.996891570671055,10.0
0.1471712254239364,0.11942956449899107,0.17028260470295417,0.011020696901821054,0.13233882892191834,0.14115291553584636,0.15844109402552642,0.16031047687786198,0.0508530402039631,-0.000378425966550929,0.6551724137931034,7,2.3357535082367296,1.5849755948749238,4,0.4133643545753179,0.10278153728324463,0.07805713922509647,0.18291322825490772,0.02000675944497813,0.10950251858689157,0.11683496437301055,0.12042283152765115,0.10485608902981125,0.000398287796838663,0.06896551724137931,2,1,0.3336790726052471,0.3336790726052471,1.4318699393299363,4.586206896551724,0.012614705396890188,NORMAL,uta,data\raw\uta\normal\normal_019_69feaf43.mov,group_019,18,4940,5220,29.96891570671055,2.996891570671055,10.0
0.15318260808133452,0.12995128207056456,0.16718995258532104,0.00887839143932013,0.14113311897176434,0.14909024188809583,0.16101970793425946,0.16390705683415785,0.03723867051475649,2.0510789889231187e-05,0.3448275862068966,5,1.6683953630262356,0.8341976815131178,4,0.4133643545753179,0.1122552671823264,0.06536667325221965,0.2499804710385204,0.033220114183168316,0.12403473458920845,0.13989166378784332,0.1472253975675594,0.18461379778630074,0.0011639668699262118,0.27586206896551724,7,2,0.6673581452104942,0.3813475115488538,1.3645795635849503,1.7241379310344829,0.0689601299416608,NORMAL,uta,data\raw\uta\normal\normal_019_69feaf43.mov,group_019,19,5230,5510,29.96891570671055,2.996891570671055,10.0
0.15626553370763024,0.12654812590386277,0.1751699585870351,0.012878073777274146,0.13933156813313266,0.14900531617492785,0.16862756635854126,0.1707747414948153,0.04862183268317233,-0.00014107093880538632,0.3103448275862069,3,1.0010372178157414,0.6006223306894448,5,0.5167054432191474,0.11362571440810128,0.0656678586371793,0.17989280869716504,0.02463493573073869,0.1281945932506583,0.13950078503181385,0.15940203733680977,0.11422495005998573,-0.000488456005769864,0.3448275862068966,7,2,0.6673581452104942,0.4766843894360673,1.3752534738123954,0.9310344827586208,0.06203200299902243,NORMAL,uta,data\raw\uta\normal\normal_019_69feaf43.mov,group_019,20,5520,5800,29.96891570671055,2.996891570671055,10.0
0.31604832659258864,0.12856366819393267,0.43694423995318116,0.06531354319848995,0.2379321711498907,0.2746228806521035,0.3611591983663867,0.3850357821716683,0.3083805717592485,0.0005142032950926693,0.034482758620689655,1,0.33366666666666667,0.33366666666666667,1,0.10334493093113782,0.025762864808684276,0.0,0.09580967812122036,0.02100921011235406,0.033586181457325226,0.0515230570491017,0.05739425621333224,0.09580967812122036,-0.0006001372951908979,0.0,0,0,0.0,0.0,12.267116325111969,0.034482758620689655,0.0,NORMAL,uta,data\raw\uta\normal\normal_020_3f85ecfa.mp4,group_020,1,60,400,29.97002997002997,2.9970029970029968,10.0
0.31378941671442157,0.23037873916769744,0.3672268646955097,0.03180769243810101,0.28629414001818543,0.29281809083583654,0.33907606283316516,0.3550845688811576,0.13684812552781225,-0.0021034212474513284,0.0,0,0.0,0.0,0,0.0,0.025150257800564672,0.0,0.05731623781225858,0.012161576119813179,0.027513674254937545,0.036898108190245485,0.0381853075593891,0.05731623781225858,-0.000218210579479056,0.0,0,0,0.0,0.0,12.476092416633598,0.0,0.0,NORMAL,uta,data\raw\uta\normal\normal_020_3f85ecfa.mp4,group_020,2,410,690,29.97002997002997,2.9970029970029968,10.0
0.3366632804307339,0.31322332809860187,0.3723390547791628,0.014188927814460402,0.32344787114230195,0.32725711702934723,0.34233287932960543,0.3572796869349716,0.05911572668056092,0.00013847107417172964,0.0,0,0.0,0.0,0,0.0,0.02476381166568209,0.0,0.05590169943749475,0.01183745147844434,0.02564102564102564,0.035346504365609606,0.035355339059327376,0.05590169943749475,-0.00010249515279163002,0.0,0,0,0.0,0.0,13.59442118824049,0.0,0.0,NORMAL,uta,data\raw\uta\normal\normal_020_3f85ecfa.mp4,group_020,3,700,980,29.97002997002997,2.9970029970029968,10.0
0.3480119629012416,0.050322481127148974,0.4233539950372466,0.07230162369845129,0.27751950443460766,0.33147925984347104,0.3954028654840481,0.40822911240259097,0.3730315139100976,0.004816570241035829,0.034482758620689655,1,0.33366666666666667,0.33366666666666667,1,0.10334493093113782,0.025654689641016994,0.0,0.03891021128204814,0.012754220827932474,0.03772913389522725,0.03805200334606409,0.03884581193507146,0.03891021128204814,0.00016310110460667643,0.0,0,0,0.0,0.0,13.56470895036312,0.034482758620689655,0.0,NORMAL,uta,data\raw\uta\normal\normal_020_3f85ecfa.mp4,group_020,4,990,1270,29.97002997002997,2.9970029970029968,10.0
0.2990510177309273,0.06095785229521996,0.40643998030066497,0.08600732031594056,0.20981223873856364,0.263799136747467,0.38194492561264726,0.3953088907121686,0.34548212800544503,-0.003758525833245674,0.10344827586206896,1,0.33366666666666667,0.33366666666666667,3,0.31003479279341345,0.02516389157488493,0.0,0.047605555892577915,0.013227912098282222,0.03874921291460643,0.03905245754314179,0.04014186694037403,0.047605555892577915,-0.00033603916283722526,0.0,0,0,0.0,0.0,11.883660092117633,0.10344827586206896,0.0,NORMAL,uta,data\raw\uta\normal\normal_020_3f85ecfa.mp4,group_020,5,1280,1560,29.97002997002997,2.9970029970029968,10.0
0.29280803636797736,0.02944343662343241,0.33010709351388995,0.05139321485344065,0.2876118880539513,0.2997618855476793,0.30786068364635444,0.3110850388474605,0.30066365689045754,-0.0015204858849311212,0.034482758620689655,1,0.33366666666666667,0.33366666666666667,1,0.10334493093113782,0.02275427449633617,0.0,0.035840222038031354,0.011129706774754269,0.025342864042323516,0.034964180063753285,0.034964180063753285,0.035840222038031354,-0.0007996816771092981,0.0,0,0,0.0,0.0,12.867699592686627,0.034482758620689655,0.0,NORMAL,uta,data\raw\uta\normal\normal_020_3f85ecfa.mp4,group_020,6,1570,1850,29.97002997002997,2.9970029970029968,10.0
0.32282367100288345,0.14522529849950222,0.3803783601179169,0.0429314067319454,0.29697889786010173,0.3179321095136917,0.3450222941083607,0.3529937770069094,0.2351530616184147,-0.0010181864024810974,0.034482758620689655,1,0.33366666666666667,0.33366666666666667,1,0.10334493093113782,0.020171214958275865,0.0,0.036898108190245485,0.011713960255850864,0.025607375986579195,0.02678560125189216,0.03247676334821361,0.036898108190245485,-1.536727497278845e-05,0.0,0,0,0.0,0.0,16.003382458030053,0.034482758620689655,0.0,NORMAL,uta,data\raw\uta\normal\normal_020_3f85ecfa.mp4,group_020,7,1860,2140,29.97002997002997,2.9970029970029968,10.0
0.29031309006067235,0.08743293707962886,0.35151385528816614,0.05354621972186736,0.23196346860606262,0.26966582689113927,0.32965560178099196,0.3371617013993066,0.2640809182085373,-0.000993796789687575,0.034482758620689655,1,0.33366666666666667,0.33366666666666667,1,0.10334493093113782,0.017345574902163933,0.0,0.033520076157699544,0.011866150382728907,0.024382992454708537,0.024886740353642064,0.030033385736655163,0.033520076157699544,-0.00036627573072937696,0.0,0,0,0.0,0.0,16.73604683910578,0.034482758620689655,0.0,NORMAL,uta,data\raw\uta\normal\normal_020_3f85ecfa.mp4,group_020,8,2150,2430,29.97002997002997,2.9970029970029968,10.0
0.2781436468002082,0.08071895648559278,0.3435495078829765,0.050253456350141855,0.2243977454603183,0.26435441057630904,0.3103043343297627,0.3203375929158652,0.2628305513973837,0.0022614344559476573,0.034482758620689655,1,0.33366666666666667,0.33366666666666667,1,0.10334493093113782,0.02065785085443799,0.0,0.034658349660669094,0.009802322407595293,0.024210875062207954,0.024831554083715634,0.030767002895286,0.034658349660669094,-0.00025107256961462334,0.0,0,0,0.0,0.0,13.463655300094128,0.034482758620689655,0.0,NORMAL,uta,data\raw\uta\normal\normal_020_3f85ecfa.mp4,group_020,9,2440,2720,29.97002997002997,2.9970029970029968,10.0
0.302151219358476,0.053529536605042845,0.35334143401351237,0.06952361527011848,0.20476393829397405,0.28495937625782286,0.34397227058198365,0.35179173206701436,0.29981189740846953,0.0054076375521278554,0.034482758620689655,1,0.33366666666666667,0.33366666666666667,1,0.10334493093113782,0.01890634420075868,0.0,0.034964180063753285,0.01216622797931105,0.024382992454708537,0.034151464819609505,0.03423934786989504,0.034964180063753285,0.00011139209859475738,0.0,0,0,0.0,0.0,15.980627218197668,0.034482758620689655,0.0,NORMAL,uta,data\raw\uta\normal\normal_020_3f85ecfa.mp4,group_020,10,2730,3010,29.97002997002997,2.9970029970029968,10.0
0.2760874864809401,0.15959113432339037,0.3442692595116471,0.04338293733621309,0.22202861385134554,0.24775733596770033,0.30173230839896703,0.32207486824026443,0.18467812518825674,-0.00027832127479037865,0.0,0,0.0,0.0,0,0.0,0.015088462941079706,0.0,0.0355222416662694,0.014009821611464354,0.024514516892273006,0.03440794245037227,0.035346273308674105,0.0355222416662694,-0.0003839482604814638,0.0,0,0,0.0,0.0,18.296707282359055,0.0,0.0,NORMAL,uta,data\raw\uta\normal\normal_020_3f85ecfa.mp4,group_020,11,3020,3300,29.97002997002997,2.9970029970029968,10.0
0.3164153280146247,0.17459078143493018,0.38948809904203296,0.04321208260917752,0.2730073757792446,0.29076936697775196,0.33913974348050846,0.3696560390713758,0.2148973176071028,0.0037258309318494065,0.0,0,0.0,0.0,0,0.0,0.017478368406963492,0.0,0.03800057001282532,0.0140221459619158,0.026948402781814772,0.02944038509194811,0.0364649571794842,0.03800057001282532,-0.0003474129213251607,0.0,0,0,0.0,0.0,18.102217462764273,0.0,0.0,NORMAL,uta,data\raw\uta\normal\normal_020_3f85ecfa.mp4,group_020,12,3310,3590,29.97002997002997,2.9970029970029968,10.0
0.34430284384429705,0.3076863217848679,0.3798830026688844,0.016960908457269327,0.3201967305653725,0.3346557316142079,0.3524106157137432,0.36446231886170105,0.07219668088401654,-0.001016651611935158,0.0,0,0.0,0.0,0,0.0,0.025087508168463245,0.0,0.03800057001282532,0.012233955975307813,0.028467047115478598,0.037877700953928506,0.0379514223892666,0.03800057001282532,0.00036488112656418747,0.0,0,0,0.0,0.0,13.723527980714795,0.0,0.0,NORMAL,uta,data\raw\uta\normal\normal_020_3f85ecfa.mp4,group_020,13,3600,3880,29.97002997002997,2.9970029970029968,10.0
0.304035516521939,0.07257237465349287,0.3706325260287659,0.04859390156493863,0.2887303489577725,0.3006369104617271,0.3266336467343748,0.3323568705878423,0.29806015137527303,-0.0017255361768204029,0.034482758620689655,1,0.33366666666666667,0.33366666666666667,1,0.10334493093113782,0.02061937452961638,0.0,0.03891021128204814,0.013185935164299762,0.027513674254937545,0.029686419217534364,0.03800057001282532,0.03891021128204814,0.0003914923851495823,0.0,0,0,0.0,0.0,14.744422613918216,0.034482758620689655,0.0,NORMAL,uta,data\raw\uta\normal\normal_020_3f85ecfa.mp4,group_020,14,3890,4170,29.97002997002997,2.9970029970029968,10.0
0.3051915471734374,0.24285278722463766,0.35677976570019443,0.035651603173247545,0.25037213304306316,0.2646282410401478,0.3280466887504144,0.3458034301273256,0.11392697847555677,0.0015059226792412462,0.0,0,0.0,0.0,0,0.0,0.01911791197536779,0.0,0.03820803599504351,0.01215570197934069,0.025565499628245683,0.026870460745022952,0.03190197612450935,0.03820803599504351,-0.00028481411006432136,0.0,0,0,0.0,0.0,15.962809367323654,0.0,0.0,NORMAL,uta,data\raw\uta\normal\normal_020_3f85ecfa.mp4,group_020,15,4180,4460,29.97002997002997,2.9970029970029968,10.0
0.3039729073597197,0.021926450482675733,0.4069018481990425,0.06025553091371878,0.27118475245168816,0.2879395252613708,0.32889539626807685,0.33960013628561186,0.3849753977163668,-0.002080030298990123,0.034482758620689655,1,0.33366666666666667,0.33366666666666667,1,0.10334493093113782,0.02023218404921467,0.0,0.035311227577322434,0.013099719804782192,0.025565499628245683,0.03526730128413141,0.035311227577322434,0.035311227577322434,0.00025008037983278937,0.0,0,0,0.0,0.0,15.023483531822965,0.034482758620689655,0.0,NORMAL,uta,data\raw\uta\normal\normal_020_3f85ecfa.mp4,group_020,16,4470,4750,29.97002997002997,2.9970029970029968,10.0
0.3012935880972507,0.15072681935085436,0.338933312339057,0.03730026815881365,0.26824932683101627,0.3076469539962383,0.3162822276739288,0.3281180818736373,0.18820649298820263,0.0025773697546413324,0.0,0,0.0,0.0,0,0.0,0.0194770008144847,0.0,0.03676073110469039,0.0136207847333589,0.02599376224550182,0.03569153051241249,0.035780745427783804,0.03676073110469039,7.101083016896421e-05,0.0,0,0,0.0,0.0,15.46840412252142,0.0,0.0,NORMAL,uta,data\raw\uta\normal\normal_020_3f85ecfa.mp4,group_020,17,4760,5040,29.97002997002997,2.9970029970029968,10.0
0.2756043222846128,0.04478967108645657,0.33935722360828463,0.0745715576691787,0.19221676275144578,0.2613017897478507,0.31888056456537706,0.3290083639724708,0.2945675525218281,-0.0008861144500160202,0.10344827586206896,3,1.0010000000000001,1.0010000000000001,1,0.10334493093113782,0.023250484298588753,0.0,0.09993755853278152,0.023119863743504134,0.03285317054554652,0.03531194619681795,0.06291382102871285,0.09993755853278152,-0.0004791617244764594,0.0,0,0,0.0,0.0,11.853192628280533,0.3103448275862069,0.0,NORMAL,uta,data\raw\uta\normal\normal_020_3f85ecfa.mp4,group_020,18,5050,5360,29.97002997002997,2.9970029970029968,10.0
0.2901465504998142,0.05211048944029474,0.42298827560916763,0.08029907555527245,0.21020903187763176,0.25953041075695926,0.30667720827416217,0.3962792975555195,0.3708777861688729,0.0081379127382121,0.034482758620689655,1,0.33366666666666667,0.33366666666666667,1,0.10334493093113782,0.011701708090755108,0.0,0.03904344047215152,0.013259685597153978,0.024361276856704795,0.026973865322475497,0.02806456667298172,0.03904344047215152,0.00047524139159131693,0.0,0,0,0.0,0.0,24.79311183785092,0.034482758620689655,0.0,NORMAL,uta,data\raw\uta\normal\normal_020_3f85ecfa.mp4,group_020,19,5370,5650,29.97002997002997,2.9970029970029968,10.0
0.3091927588242135,0.18758899859000355,0.37599030793962607,0.03118674460808215,0.28179502429065034,0.3007822815755144,0.32550710717970327,0.32931367252739485,0.18840130934962251,-0.001062600827216173,0.0,0,0.0,0.0,0,0.0,0.018675272006185697,0.0,0.03448275862068966,0.011967091850910314,0.024361276856704795,0.032768479015665826,0.033321452038107977,0.03448275862068966,0.00017934519454639738,0.0,0,0,0.0,0.0,16.555378863715784,0.0,0.0,NORMAL,uta,data\raw\uta\normal\normal_020_3f85ecfa.mp4,group_020,20,5660,5940,29.97002997002997,2.9970029970029968,10.0
0.14479769755739172,0.11669354948139515,0.16730476549881507,0.0115429795089917,0.13338248616166035,0.13766712948893833,0.15497051698657788,0.15708256850737917,0.05061121601741991,0.00011789561056135326,0.6551724137931034,8,2.669436027399776,1.584977641268617,4,0.41336382087302065,0.012037601815565074,0.0,0.030638974739014484,0.008760465232360294,0.01577593229640665,0.021100900373541582,0.022366679201261116,0.030638974739014484,-0.0002449314247608589,0.0,0,0,0.0,0.0,12.027783606081098,5.241379310344827,0.0,NORMAL,uta,data\raw\uta\normal\normal_021_4ef15e0c.mov,group_021,1,10,290,29.968877013294,2.9968877013294,10.0
0.14981032742160105,0.10886575209548506,0.1639305243758285,0.010005487229050447,0.14145460500488513,0.14558867502145617,0.15675026470082526,0.1591496732319842,0.05506477228034344,-0.0007080432241566929,0.41379310344827586,8,2.669436027399776,1.334718013699888,3,0.3100228656547655,0.011473597778917466,0.0,0.023032671985243936,0.008610773615928506,0.016286558549611408,0.02200061602587321,0.02218656885794409,0.023032671985243936,0.0002503053710705453,0.0,0,0,0.0,0.0,13.055823856139945,3.310344827586207,0.0,NORMAL,uta,data\raw\uta\normal\normal_021_4ef15e0c.mov,group_021,2,300,580,29.968877013294,2.9968877013294,10.0
0.14930080681589056,0.13688772737921584,0.16190345543420356,0.007294396594553519,0.14083017340305548,0.1437762064030808,0.15612290111115837,0.15956817385795943,0.025015728054987724,8.946170479362117e-05,0.6206896551724138,9,3.003115530824748,2.002077020549832,3,0.3100228656547655,0.013858011988925296,0.0,0.02266589100278015,0.007531046985447556,0.016027205229701,0.02231053741265801,0.022332245428143025,0.02266589100278015,0.0001369844556650444,0.0,0,0,0.0,0.0,10.772831925911927,5.586206896551724,0.0,NORMAL,uta,data\raw\uta\normal\normal_021_4ef15e0c.mov,group_021,3,590,870,29.968877013294,2.9968877013294,10.0
0.1546944153641204,0.13688772737921584,0.1687248913289157,0.007487193090960845,0.14659189700815517,0.14912563339576568,0.15878601196088074,0.16459196192334666,0.03183716394969985,0.00041281458856866473,0.3103448275862069,4,1.334718013699888,0.750778882706187,4,0.41336382087302065,0.007373186634713632,0.0,0.02266589100278015,0.008272827826099899,0.015823260199624396,0.01655438565145405,0.01655438565145405,0.02266589100278015,4.8434643966115097e-05,0.0,0,0,0.0,0.0,20.97782752553398,1.2413793103448276,0.0,NORMAL,uta,data\raw\uta\normal\normal_021_4ef15e0c.mov,group_021,4,880,1160,29.968877013294,2.9968877013294,10.0
0.16189775559271874,0.12183055406796146,0.18873739031832298,0.013257471146203237,0.15116305092064283,0.15591130024650798,0.16590950966251264,0.18338781862605408,0.06690683625036152,0.0005435586198303098,0.06896551724137931,2,0.667359006849944,0.667359006849944,1,0.10334095521825516,0.012108494026780475,0.0,0.02345325149100973,0.008417919018183588,0.016609095970747993,0.02216473336022278,0.022925024075837106,0.02345325149100973,2.9224355707858737e-05,0.0,0,0,0.0,0.0,13.369489694175288,0.13793103448275862,0.0,NORMAL,uta,data\raw\uta\normal\normal_021_4ef15e0c.mov,group_021,5,1170,1450,29.968877013294,2.9968877013294,10.0
0.16063852606245857,0.14506377580272353,0.17455840795427405,0.00688617514819387,0.1551197237375536,0.155515208744116,0.16739719253147423,0.16959635968099945,0.029494632151550515,0.0006241721329767374,0.06896551724137931,1,0.333679503424972,0.333679503424972,2,0.20668191043651032,0.012347735673038691,0.0,0.022377469175267232,0.007244852953474924,0.01580151543799924,0.017344168956789776,0.0217468709066166,0.022377469175267232,1.4293679021016032e-05,0.0,0,0,0.0,0.0,13.008499842877418,0.06896551724137931,0.0,NORMAL,uta,data\raw\uta\normal\normal_021_4ef15e0c.mov,group_021,6,1460,1740,29.968877013294,2.9968877013294,10.0
0.17262150002159418,0.15891651212920196,0.18604621468796795,0.006109604091498852,0.16633833101442175,0.16672367233056617,0.17808528027650164,0.179419704149468,0.027129702558765983,-3.789780794752999e-05,0.0,0,0.0,0.0,0,0.0,0.010634548953565862,0.0,0.023106337435539137,0.008541398478860929,0.016314711653683207,0.017742656371186633,0.022377469175267232,0.023106337435539137,-4.087913258787212e-05,0.0,0,0,0.0,0.0,16.230614966397013,0.0,0.0,NORMAL,uta,data\raw\uta\normal\normal_021_4ef15e0c.mov,group_021,7,1750,2030,29.968877013294,2.9968877013294,10.0
0.16512697028572057,0.15359202866284588,0.17610970647915483,0.005116166319075787,0.15886444457694465,0.16218870202298138,0.1675908994834846,0.17340228304707755,0.02251767781630895,-6.753568498612308e-05,0.0,0,0.0,0.0,0,0.0,0.01414247681930416,0.0,0.023106337435539137,0.007737226358269169,0.016338647889054304,0.02277756166482903,0.023092797056061556,0.023106337435539137,6.014249607919264e-05,0.0,0,0,0.0,0.0,11.675132811780902,0.0,0.0,NORMAL,uta,data\raw\uta\normal\normal_021_4ef15e0c.mov,group_021,8,2040,2320,29.968877013294,2.9968877013294,10.0
0.16600942934097804,0.12943447664075064,0.18300507027131308,0.010567860458138584,0.15367362695225956,0.16128091188228644,0.1714062992191852,0.1779249536091987,0.053570593630562435,-0.0004554849398790501,0.034482758620689655,1,0.333679503424972,0.333679503424972,1,0.10334095521825516,0.012414109669708689,0.0,0.02345325149100973,0.008768930308707401,0.016583953170166487,0.023072486486845182,0.023092797056061556,0.02345325149100973,-0.00017890785021637084,0.0,0,0,0.0,0.0,13.371563663752422,0.034482758620689655,0.0,NORMAL,uta,data\raw\uta\normal\normal_021_4ef15e0c.mov,group_021,9,2330,2610,29.968877013294,2.9968877013294,10.0
0.16289403836132552,0.13401965206528074,0.19912153220394455,0.016526800797224617,0.1453066669559289,0.15032663433104332,0.17393106705273081,0.186730201545488,0.0651018801386638,0.0004757644579355329,0.20689655172413793,5,1.66839751712486,1.001038510274916,2,0.20668191043651032,0.010217717298508231,0.0,0.028876538788280667,0.008467144524877429,0.01526940016790202,0.016832292695718953,0.02108128666692924,0.028876538788280667,-1.735313906546263e-05,0.0,0,0,0.0,0.0,15.940752014453462,1.0344827586206897,0.0,NORMAL,uta,data\raw\uta\normal\normal_021_4ef15e0c.mov,group_021,10,2620,2900,29.968877013294,2.9968877013294,10.0
0.16101584126696955,0.14697176441508547,0.18059657895226727,0.008587494487820957,0.15322336486453741,0.1536947738098325,0.1687429635292957,0.17121978112926434,0.0336248145371818,-0.0007225908292380006,0.06896551724137931,2,0.667359006849944,0.667359006849944,1,0.10334095521825516,0.012584081322821584,0.0,0.02202995908544723,0.008194669860360222,0.021023533249105466,0.021366253227731682,0.021366253227731682,0.02202995908544723,0.000497038097463625,0.0,0,0,0.0,0.0,12.794183616039573,0.13793103448275862,0.0,NORMAL,uta,data\raw\uta\normal\normal_021_4ef15e0c.mov,group_021,11,2910,3190,29.968877013294,2.9968877013294,10.0
0.15905244964734924,0.13079622793289758,0.1811947354319548,0.014585832849999756,0.14128949902320798,0.14522026233655239,0.17039241695800555,0.17878323568489868,0.05039850749905722,0.0010697209521259097,0.3103448275862069,7,2.335756523974804,1.501557765412374,2,0.20668191043651032,0.01214831572477128,0.0,0.02200061602587321,0.008511833988076591,0.020461495722482567,0.021344834636599135,0.021545517375028956,0.02200061602587321,-0.00024611738774852623,0.0,0,0,0.0,0.0,13.091473894538495,2.1724137931034484,0.0,NORMAL,uta,data\raw\uta\normal\normal_021_4ef15e0c.mov,group_021,12,3200,3480,29.968877013294,2.9968877013294,10.0
0.1673602661466206,0.15663288943775786,0.18122317635361168,0.006847759221893118,0.15989290530281494,0.16218870202298138,0.17051547112269433,0.17872197911262427,0.024590286915853826,0.0003301580845528611,0.0,0,0.0,0.0,0,0.0,0.01115900441687667,0.0,0.02202995908544723,0.0077421425948313366,0.01533929977694741,0.01692650415746271,0.021736161611050322,0.02202995908544723,-0.00016981400940057904,0.0,0,0,0.0,0.0,14.996433683622092,0.0,0.0,NORMAL,uta,data\raw\uta\normal\normal_021_4ef15e0c.mov,group_021,13,3490,3770,29.968877013294,2.9968877013294,10.0
0.1696626037311983,0.13005019707859397,0.18821753792784862,0.01256499023482562,0.15913619406892665,0.16431870958970518,0.1759214351380283,0.1815447403587508,0.05816734084925465,0.00010049686220239547,0.06896551724137931,1,0.333679503424972,0.333679503424972,2,0.20668191043651032,0.009867406751271575,0.0,0.022346717438466366,0.0092001329098724,0.01580151543799924,0.02200061602587321,0.022208276873429102,0.022346717438466366,1.595050477920641e-05,0.0,0,0,0.0,0.0,17.192502093545826,0.06896551724137931,0.0,NORMAL,uta,data\raw\uta\normal\normal_021_4ef15e0c.mov,group_021,14,3780,4060,29.968877013294,2.9968877013294,10.0
0.16751899294701758,0.13904485074055206,0.1810858238210895,0.00945467133375574,0.15515594747841777,0.1628376533452387,0.17489452716513715,0.17604123881870556,0.04204097308053745,0.000368604675635524,0.034482758620689655,1,0.333679503424972,0.333679503424972,1,0.10334095521825516,0.011940736301666973,0.0,0.021966088569534453,0.008390694961411172,0.01605403247669839,0.021397994597071035,0.02165183729597276,0.021966088569534453,0.00018624432056524792,0.0,0,0,0.0,0.0,14.0280264707933,0.034482758620689655,0.0,NORMAL,uta,data\raw\uta\normal\normal_021_4ef15e0c.mov,group_021,15,4070,4350,29.968877013294,2.9968877013294,10.0
0.15740696952649258,0.13766493945220085,0.1788649524563497,0.009523995896366487,0.14708454370318727,0.1515324092340431,0.16191586396957083,0.1729985692491464,0.041200013004148855,-0.0001449527876926411,0.13793103448275862,1,0.333679503424972,0.333679503424972,4,0.41336382087302065,0.016078695920952644,0.0,0.02202995908544723,0.005281606817462417,0.021049133398705722,0.021366253227731682,0.02172615443281334,0.02202995908544723,2.8769624167770483e-05,0.0,0,0,0.0,0.0,9.789175759311682,0.13793103448275862,0.0,NORMAL,uta,data\raw\uta\normal\normal_021_4ef15e0c.mov,group_021,16,4360,4640,29.968877013294,2.9968877013294,10.0
0.15860541705062092,0.12567508167350327,0.17319264512282131,0.00977246754417478,0.1506813537476906,0.1542013856920272,0.16579836320648572,0.16908634876092327,0.04751756344931804,-4.149175979302233e-06,0.10344827586206896,2,0.667359006849944,0.500519255137458,2,0.20668191043651032,0.009633382446429393,0.0,0.022054054569561544,0.007639301275212176,0.015355567229582588,0.015413518736665925,0.015594571538795133,0.022054054569561544,3.487416052541484e-05,0.0,0,0,0.0,0.0,16.462437310592943,0.20689655172413793,0.0,NORMAL,uta,data\raw\uta\normal\normal_021_4ef15e0c.mov,group_021,17,4650,4930,29.968877013294,2.9968877013294,10.0
0.1552440934965749,0.1270488059185976,0.168596999453422,0.008173143130815356,0.14835833691337363,0.15204626771038826,0.16021982972426682,0.16224613718064318,0.04154819353482439,0.0002411959451948213,0.13793103448275862,2,0.667359006849944,0.4449060045666293,3,0.3100228656547655,0.01297762042318635,0.0,0.02171605143400755,0.0061444578436730965,0.015355567229582588,0.01558094107462457,0.01905758055215705,0.02171605143400755,-9.424529082422976e-05,0.0,0,0,0.0,0.0,11.961525064654083,0.27586206896551724,0.0,NORMAL,uta,data\raw\uta\normal\normal_021_4ef15e0c.mov,group_021,18,4940,5220,29.968877013294,2.9968877013294,10.0
0.16163275307117375,0.15081854736124334,0.18580251079833984,0.0076698715622198765,0.15304166176820086,0.15654070649789678,0.16601078955520399,0.1692000587772826,0.034983963437096505,0.00026378579575880303,0.0,0,0.0,0.0,0,0.0,0.010263696011000516,0.0,0.022054054569561544,0.007558839119441845,0.015355567229582588,0.015877722059597768,0.016584428160315245,0.022054054569561544,0.00011864084902179975,0.0,0,0,0.0,0.0,15.746472462307159,0.0,0.0,NORMAL,uta,data\raw\uta\normal\normal_021_4ef15e0c.mov,group_021,19,5230,5510,29.968877013294,2.9968877013294,10.0
0.17185342355037894,0.1402303787107722,0.18173625005131272,0.00790539906060081,0.16521562035098014,0.16861952520966622,0.17808528027650164,0.1789538083702584,0.04150587134054051,0.00016013260932455135,0.034482758620689655,1,0.333679503424972,0.333679503424972,1,0.10334095521825516,0.011076357756850301,0.0,0.022703830459324992,0.009015198381214898,0.01580151543799924,0.022006484637788013,0.02222001409725871,0.022703830459324992,0.00018943337438254995,0.0,0,0,0.0,0.0,15.513936384703637,0.034482758620689655,0.0,NORMAL,uta,data\raw\uta\normal\normal_021_4ef15e0c.mov,group_021,20,5520,5800,29.968877013294,2.9968877013294,10.0
0.17069777071008657,0.13863350613155703,0.18587211764293757,0.01160973876854172,0.15818710304729927,0.1658191662784088,0.1800838249788472,0.1824107209090552,0.047238611511380535,0.0004279814872227365,0.06896551724137931,1,0.33367908823152775,0.33367908823152775,2,0.20668216760867755,0.013612727193574016,0.0,0.02525381361380527,0.010298654680820026,0.02437936915541597,0.025249788139385214,0.025249788139385214,0.02525381361380527,0.00014381975185429752,0.0,0,0,0.0,0.0,12.538650751769122,0.06896551724137931,0.0,NORMAL,uta,data\raw\uta\normal\normal_022_80c3c23e.mov,group_022,1,10,290,29.96891430325824,2.996891430325824,10.0
0.1690277790554116,0.11965918210350374,0.18237575244862936,0.012137297860946743,0.1566083540983669,0.1646085362967798,0.1753071537916964,0.17935817461341386,0.06271657034512562,-0.00025990911573525185,0.034482758620689655,1,0.33367908823152775,0.33367908823152775,1,0.10334108380433878,0.01312280492491689,0.0,0.024810764252159563,0.009125863490201728,0.017543859649122806,0.024806946917841695,0.024809237318432417,0.024810764252159563,-3.8215652870403924e-05,0.0,0,0,0.0,0.0,12.87947969528982,0.034482758620689655,0.0,NORMAL,uta,data\raw\uta\normal\normal_022_80c3c23e.mov,group_022,2,300,580,29.96891430325824,2.996891430325824,10.0
0.16458482555379295,0.1202887059090553,0.18057766875658304,0.011414702788323192,0.15584500926741723,0.15834450541442785,0.1721111187106303,0.17575832896995916,0.060288962847527744,0.0003544831963963482,0.034482758620689655,1,0.33367908823152775,0.33367908823152775,1,0.10334108380433878,0.010453996662664004,0.0,0.025712973861329,0.009656669091952435,0.017543859649122806,0.019418924765095158,0.02437936915541597,0.025712973861329,0.00037600253368471915,0.0,0,0,0.0,0.0,15.742216938389307,0.034482758620689655,0.0,NORMAL,uta,data\raw\uta\normal\normal_022_80c3c23e.mov,group_022,3,590,870,29.96891430325824,2.996891430325824,10.0
0.16266935428697704,0.12843315737416472,0.17677526057392423,0.01055909836378494,0.15134691008070256,0.1605617238353605,0.16890893737584584,0.17281328232041515,0.04834210319975951,-3.193013819674674e-05,0.10344827586206896,2,0.6673581764630555,0.5005186323472915,2,0.20668216760867755,0.016547663712479413,0.0,0.025712973861329,0.00813215972993966,0.018518518518518517,0.024899374124488706,0.025526760347393932,0.025712973861329,-5.0341920554854836e-05,0.0,0,0,0.0,0.0,9.829757683957734,0.20689655172413793,0.0,NORMAL,uta,data\raw\uta\normal\normal_022_80c3c23e.mov,group_022,4,880,1160,29.96891430325824,2.996891430325824,10.0
0.1694338849412243,0.14997431952674292,0.1867572688152413,0.009151066744558865,0.15855309954194188,0.16251994396565356,0.175253467479079,0.18128569384244994,0.03678294928849837,-0.00013760528118981973,0.034482758620689655,1,0.33367908823152775,0.33367908823152775,1,0.10334108380433878,0.013163237505354268,0.0,0.11984860698077077,0.02223126777486079,0.017854296416882943,0.01950684392902288,0.025072651650767806,0.11984860698077077,0.000578628917637722,0.0,0,0,0.0,0.0,12.870770895185593,0.034482758620689655,0.0,NORMAL,uta,data\raw\uta\normal\normal_022_80c3c23e.mov,group_022,5,1170,1460,29.96891430325824,2.996891430325824,10.0
0.1587429249380116,0.1056837333060485,0.17359969632045713,0.014618097152838436,0.14583477208463042,0.15532567420148885,0.16873143776200472,0.16985054679387018,0.06791596301440864,0.00010896159126589097,0.2413793103448276,3,1.001037264694583,0.5839384044051735,4,0.4133643352173551,0.016358056219345846,0.0,0.026664296612298865,0.008942981856698657,0.024806946917841695,0.025344795858334823,0.02570872483645304,0.026664296612298865,-6.658266841037206e-05,0.0,0,0,0.0,0.0,9.703672559685064,0.7241379310344828,0.0,NORMAL,uta,data\raw\uta\normal\normal_022_80c3c23e.mov,group_022,6,1470,1780,29.96891430325824,2.996891430325824,10.0
0.15617564722337438,0.10360635547718022,0.1940065139356809,0.016587672333396773,0.14336749638608612,0.1536174087071161,0.16473494292184407,0.17111617277481245,0.09040015845850069,0.0001541273530232169,0.20689655172413793,2,0.6673581764630555,0.6673581764630555,3,0.3100232514130163,0.016125231672112,0.0,0.026189140043946207,0.009662329592309926,0.025249788139385214,0.025803909990226078,0.02618465060531822,0.026189140043946207,-0.00040754192980035523,0.0,0,0,0.0,0.0,9.684571721331384,0.41379310344827586,0.0,NORMAL,uta,data\raw\uta\normal\normal_022_80c3c23e.mov,group_022,7,1800,2100,29.96891430325824,2.996891430325824,10.0
0.16227334991870046,0.13570221615066355,0.18494666356500417,0.012124262757317893,0.1504545352562351,0.15380321983546247,0.1699029851831343,0.1791590299019028,0.049244447414340614,0.00046348922913898603,0.10344827586206896,1,0.33367908823152775,0.33367908823152775,3,0.3100232514130163,0.010855648714429846,0.0,0.026189140043946207,0.009241864617708947,0.01817881366751496,0.018515344006020947,0.01851724871351949,0.026189140043946207,-0.00016428050883624565,0.0,0,0,0.0,0.0,14.946909878645965,0.10344827586206896,0.0,NORMAL,uta,data\raw\uta\normal\normal_022_80c3c23e.mov,group_022,8,2110,2400,29.96891430325824,2.996891430325824,10.0
0.1605556833399439,0.07265207107007218,0.1816848407473375,0.01972215999144512,0.1489899585464031,0.15731970503390386,0.16792575287673062,0.17686837012891557,0.10903276967726533,-0.00041737090831438776,0.13793103448275862,2,0.6673581764630555,0.44490545097537026,3,0.3100232514130163,0.013694005919891906,0.0,0.03922322702763681,0.011777989934942019,0.018505830254940132,0.025436760632571814,0.03152325270549597,0.03922322702763681,-0.0002558555508849467,0.0,0,0,0.0,0.0,11.723666589054762,0.27586206896551724,0.0,NORMAL,uta,data\raw\uta\normal\normal_022_80c3c23e.mov,group_022,9,2410,2750,29.96891430325824,2.996891430325824,10.0
0.15564375443477105,0.07363929011584605,0.17951833059350106,0.021410137713262074,0.1431286849421693,0.1506399665584104,0.16939981247697797,0.1745952518374886,0.105879040477655,0.0005231066170849071,0.2413793103448276,2,0.6673581764630555,0.4671507235241388,5,0.5167054190216939,0.015953616674229013,0.0,0.03922322702763681,0.011536880792009676,0.018505830254940132,0.027216294665964397,0.03756686452549454,0.03922322702763681,-0.00018020853727655626,0.0,0,0,0.0,0.0,9.755405448642177,0.4827586206896552,0.0,NORMAL,uta,data\raw\uta\normal\normal_022_80c3c23e.mov,group_022,10,2760,3100,29.96891430325824,2.996891430325824,10.0
0.16096954318173573,0.1205362053403303,0.1870391377279194,0.014795294112684747,0.14052106627440183,0.15512050796680393,0.1703078034974373,0.17832201457028632,0.06650293238758911,-7.977947516899279e-05,0.1724137931034483,2,0.6673581764630555,0.4170988602894097,4,0.4133643352173551,0.016904435220708558,0.0,0.03992342047858118,0.012666793920405177,0.023557142371577276,0.03591482084412385,0.03922684846894725,0.03992342047858118,-0.0002929187067132434,0.0,0,0,0.0,0.0,9.521762739627889,0.3448275862068966,0.0,NORMAL,uta,data\raw\uta\normal\normal_022_80c3c23e.mov,group_022,11,3110,3460,29.96891430325824,2.996891430325824,10.0
0.15648385624089745,0.05581128546057809,0.1782998456632414,0.021395641888957647,0.14505881662891423,0.15141366510692567,0.16787527664376004,0.1709982706069389,0.1224885602026633,0.0007903812106180276,0.13793103448275862,2,0.6673581764630555,0.44490545097537026,3,0.3100232514130163,0.016547996009265608,0.0,0.03992342047858118,0.012875426563544833,0.025249788139385214,0.03577960888351348,0.03895642454772651,0.03992342047858118,0.0005747867348616749,0.0,0,0,0.0,0.0,9.45579152676596,0.27586206896551724,0.0,NORMAL,uta,data\raw\uta\normal\normal_022_80c3c23e.mov,group_022,12,3470,3790,29.96891430325824,2.996891430325824,10.0
0.16296984867387046,0.12858049374485495,0.17951833059350106,0.008789135900997396,0.15784702997652805,0.1608098099235002,0.1662270982796185,0.16992179572854377,0.05093783684864611,0.00016561486428380229,0.06896551724137931,2,0.6673581764630555,0.6673581764630555,1,0.10334108380433878,0.017235369804284948,0.0,0.05171645175253436,0.012657556947259,0.024810764252159563,0.025250593234269224,0.0336390831034146,0.05171645175253436,-0.00012330849887265736,0.0,0,0,0.0,0.0,9.45499838564361,0.13793103448275862,0.0,NORMAL,uta,data\raw\uta\normal\normal_022_80c3c23e.mov,group_022,13,3800,4110,29.96891430325824,2.996891430325824,10.0
0.16715433610159774,0.12750680786213542,0.18288967341407827,0.010038577475402198,0.16152604098987983,0.163268692362745,0.17191028854221424,0.17938812085021164,0.055382865551942856,-0.00025603849566964464,0.034482758620689655,1,0.33367908823152775,0.33367908823152775,1,0.10334108380433878,0.014819218294556737,0.0,0.03922926276315421,0.012957637438476378,0.024806946917841695,0.028150270538215023,0.038288083233054646,0.03922926276315421,0.0001833942765146903,0.0,0,0,0.0,0.0,11.278803913636768,0.034482758620689655,0.0,NORMAL,uta,data\raw\uta\normal\normal_022_80c3c23e.mov,group_022,14,4120,4450,29.96891430325824,2.996891430325824,10.0
0.1655474944266706,0.147676885299051,0.1883365829722821,0.009752719946471148,0.1518716091478928,0.15897915104027394,0.17104470226066432,0.17729139619675438,0.040659697673231104,-0.00012501209980261659,0.06896551724137931,1,0.33367908823152775,0.33367908823152775,2,0.20668216760867755,0.02161187732736294,0.0,0.07710579232757896,0.017094831785213326,0.024810764252159563,0.03897296077461083,0.054518787846184344,0.07710579232757896,-0.00036638552817327676,0.0,0,0,0.0,0.0,7.659669368366771,0.06896551724137931,0.0,NORMAL,uta,data\raw\uta\normal\normal_022_80c3c23e.mov,group_022,15,4460,4790,29.96891430325824,2.996891430325824,10.0
0.16622568867447574,0.15012817594036565,0.18265865789217345,0.009210353293749711,0.15450349643093295,0.1590679749271821,0.1741485128930626,0.1795146388438082,0.0325304819518078,9.445542129096253e-05,0.0,0,0.0,0.0,0,0.0,0.017064068488723255,0.0,0.03922926276315421,0.01036814518388387,0.024382992454708537,0.024898569029604693,0.033231652954027746,0.03922926276315421,1.971387729673456e-05,0.0,0,0,0.0,0.0,9.740698596335497,0.0,0.0,NORMAL,uta,data\raw\uta\normal\normal_022_80c3c23e.mov,group_022,16,4800,5120,29.96891430325824,2.996891430325824,10.0
0.16323709346173199,0.14726040192421153,0.17328384547524572,0.00666785287766704,0.15395593060095306,0.15985777569845777,0.16694608023928892,0.1728963901435045,0.026023443551034198,-0.00026482971075328425,0.06896551724137931,1,0.33367908823152775,0.33367908823152775,2,0.20668216760867755,0.021860669736082982,0.0,0.05263157894736842,0.011678523397968803,0.024806946917841695,0.03854716722458498,0.03895280310641608,0.05263157894736842,0.00027750230450587624,0.0,0,0,0.0,0.0,7.466817284880438,0.06896551724137931,0.0,NORMAL,uta,data\raw\uta\normal\normal_022_80c3c23e.mov,group_022,17,5130,5430,29.96891430325824,2.996891430325824,10.0
0.16472735191637694,0.15238721811625439,0.19654015559636434,0.008598952889401193,0.15633781246943274,0.15985777569845777,0.16680902962591915,0.17482841549303674,0.044152937480109955,5.73249718802507e-06,0.0,0,0.0,0.0,0,0.0,0.016289971674662646,0.0,0.025249788139385214,0.008920326091676997,0.024382992454708537,0.024806946917841695,0.024809237318432417,0.025249788139385214,0.00016618511265699748,0.0,0,0,0.0,0.0,10.111573158805342,0.0,0.0,NORMAL,uta,data\raw\uta\normal\normal_022_80c3c23e.mov,group_022,18,5440,5760,29.96891430325824,2.996891430325824,10.0
0.16315911702654365,0.14669522618246983,0.17632744648441406,0.007854577771343147,0.15368419358485066,0.15839621304414747,0.16947445966877556,0.1733828986011304,0.029632220301944234,0.00016917821390829301,0.06896551724137931,1,0.33367908823152775,0.33367908823152775,2,0.20668216760867755,0.015628890091792816,0.0,0.054513926680071746,0.013285201384800552,0.024806946917841695,0.02525381361380527,0.031154157024469456,0.054513926680071746,0.00011036965240962632,0.0,0,0,0.0,0.0,10.43891646507596,0.06896551724137931,0.0,NORMAL,uta,data\raw\uta\normal\normal_022_80c3c23e.mov,group_022,19,5770,6110,29.96891430325824,2.996891430325824,10.0
0.16799628580772993,0.1515617199291321,0.1880170425480532,0.00859993647264201,0.15898359994320763,0.16254721319761875,0.17148519550777003,0.17950263406215805,0.03645532261892112,0.00023363299399515843,0.0,0,0.0,0.0,0,0.0,0.01489137656833824,0.0,0.03789945724575915,0.010127368798248554,0.018864566947613626,0.024810764252159563,0.024810764252159563,0.03789945724575915,0.00010542433590312045,0.0,0,0,0.0,0.0,11.280690159614714,0.0,0.0,NORMAL,uta,data\raw\uta\normal\normal_022_80c3c23e.mov,group_022,20,6120,6440,29.96891430325824,2.996891430325824,10.0
0.17850217312558148,0.16729613876516408,0.19216640775211258,0.006841400309801707,0.17003995505860628,0.17262409459501443,0.1827812000623849,0.1876060697069315,0.024870268986948496,-0.0003587945638261569,0.0,0,0.0,0.0,0,0.0,0.034582721962197346,0.01204033041046455,0.0758946638440411,0.015028267487862965,0.04215995475058805,0.046679948582188484,0.06553165822355339,0.06385433343357655,-0.000929205636793658,0.0,0,0,0.0,0.0,5.161450618898047,0.0,0.0,NORMAL,uta,data\raw\uta\normal\normal_023_da30e933.mp4,group_023,1,10,290,29.91132944432605,2.991132944432605,10.0
0.1804547105419142,0.16261985313896843,0.1916777315044431,0.0071111151814618485,0.16981430397511396,0.17708091100220663,0.18544405060980926,0.18753434644229977,0.02905787836547466,-0.00011352404053241914,0.0,0,0.0,0.0,0,0.0,0.031206640015021422,0.016619414672860742,0.04805693313322127,0.006950907916956608,0.03489492817268092,0.03887046153226638,0.04178185668049229,0.031437518460360525,0.00015679121337213673,0.0,0,0,0.0,0.0,5.782388878334103,0.0,0.0,NORMAL,uta,data\raw\uta\normal\normal_023_da30e933.mp4,group_023,2,300,580,29.91132944432605,2.991132944432605,10.0
0.17444825492057572,0.15979538724076395,0.19438352055849942,0.007303035589528828,0.1645320820253956,0.17023342256415802,0.17927181316920154,0.18194563202071948,0.03458813331773547,0.0003252939792526852,0.0,0,0.0,0.0,0,0.0,0.0262965388084297,0.0,0.04703344208392255,0.009417502096038134,0.03224129401095805,0.036728494356227416,0.03702470778402922,0.04703344208392255,-9.909239911038482e-05,0.0,0,0,0.0,0.0,6.633634280051187,0.0,0.0,NORMAL,uta,data\raw\uta\normal\normal_023_da30e933.mp4,group_023,3,590,870,29.91132944432605,2.991132944432605,10.0
0.17753770898992033,0.15830695719915383,0.19367482202444708,0.009279570562824685,0.16565143920068454,0.17147116738969453,0.1821623380606638,0.19081571330417832,0.03536786482529325,-0.0007190234212009698,0.0,0,0.0,0.0,0,0.0,0.023450251606117845,0.010866997704607785,0.04563623354572183,0.00806086248532698,0.02829559174871464,0.03241778205574454,0.03448275862068966,0.03476923584111404,-0.0001312614786649558,0.0,0,0,0.0,0.0,7.5705003712298735,0.0,0.0,NORMAL,uta,data\raw\uta\normal\normal_023_da30e933.mp4,group_023,4,880,1160,29.91132944432605,2.991132944432605,10.0
0.18429445429417313,0.15670158094022021,0.20302670080466712,0.01283169124385615,0.16886333944060422,0.17381254339527868,0.1957408327300056,0.20050364562656842,0.0463251198644469,0.0013898599220589876,0.0,0,0.0,0.0,0,0.0,0.022870661719793847,0.011624763874381928,0.042895881120763577,0.007952610305253589,0.026304861745561146,0.03295850010100163,0.033273310660722324,0.03127111724638165,0.0003238584203585978,0.0,0,0,0.0,0.0,8.057764081683622,0.0,0.0,NORMAL,uta,data\raw\uta\normal\normal_023_da30e933.mp4,group_023,5,1170,1450,29.91132944432605,2.991132944432605,10.0
0.1974384780230623,0.1867760646206832,0.20807340639634248,0.005435732005594911,0.19115833711212857,0.19242406532008438,0.20218357832166328,0.20430628697851722,0.021297341775659284,0.0004416287359485519,0.0,0,0.0,0.0,0,0.0,0.025014288296455137,0.011362902728827269,0.04932969646804903,0.00764816861153318,0.02692299726935668,0.033669365701850015,0.034162015731582895,0.03796679373922176,0.00011204591695327323,0.0,0,0,0.0,0.0,7.892712475795887,0.0,0.0,NORMAL,uta,data\raw\uta\normal\normal_023_da30e933.mp4,group_023,6,1460,1740,29.91132944432605,2.991132944432605,10.0
0.19055580361575977,0.1765293246254661,0.2014684127086095,0.007265132304863251,0.17973633148984547,0.18465533540297607,0.19631577529581978,0.19961432407111704,0.02493908808314338,2.515420532902421e-05,0.0,0,0.0,0.0,0,0.0,0.021585643808206052,0.011491216884901288,0.031074112743572288,0.0055724765031233735,0.025118017965166415,0.027568487884420748,0.0302736091971144,0.019582895858671,0.00036125481533229764,0.0,0,0,0.0,0.0,8.827486352617768,0.0,0.0,NORMAL,uta,data\raw\uta\normal\normal_023_da30e933.mp4,group_023,7,1750,2030,29.91132944432605,2.991132944432605,10.0
0.19598303992011099,0.17493218131809035,0.20702502645866128,0.008742980522991828,0.1844326710528659,0.19083911806203982,0.20300425387940624,0.20614584048081702,0.032092845140570925,-0.0007030753678292237,0.0,0,0.0,0.0,0,0.0,0.023774330848009978,0.010750202576038455,0.03552896702841977,0.005417010176261566,0.02540822292337563,0.03014750641636418,0.03101864665667468,0.024778764452381315,8.850561416538028e-05,0.0,0,0,0.0,0.0,8.243125665547362,0.0,0.0,NORMAL,uta,data\raw\uta\normal\normal_023_da30e933.mp4,group_023,8,2040,2320,29.91132944432605,2.991132944432605,10.0
0.18198813221777074,0.169399200826734,0.1963161545562742,0.008081906105657496,0.17305140961732263,0.17510319096364313,0.1893643259071086,0.19369170262899235,0.026916953729540227,0.0007571116427170873,0.0,0,0.0,0.0,0,0.0,0.025298898412986805,0.015370978553407357,0.03437258326269978,0.004981572958714896,0.030087947734030687,0.03047754090199352,0.03136483087472267,0.019001604709292422,-1.7557838363201023e-05,0.0,0,0,0.0,0.0,7.193235690003941,0.0,0.0,NORMAL,uta,data\raw\uta\normal\normal_023_da30e933.mp4,group_023,9,2330,2610,29.91132944432605,2.991132944432605,10.0
0.18998288848182163,0.15909013765140892,0.2047556126637324,0.012871152309121978,0.1682698019217483,0.17999552123947285,0.1981811988979556,0.2026356108045241,0.045665475012323486,-0.001098562552041607,0.0,0,0.0,0.0,0,0.0,0.02223327539676026,0.01520659744487199,0.031079740242832495,0.00614207394135683,0.02484366623768253,0.030543972029345032,0.031074112743572288,0.015873142797960503,-0.00010349042586285216,0.0,0,0,0.0,0.0,8.544595454165503,0.0,0.0,NORMAL,uta,data\raw\uta\normal\normal_023_da30e933.mp4,group_023,10,2620,2900,29.91132944432605,2.991132944432605,10.0
0.1889571005839365,0.17447677198968792,0.20353762248455565,0.006435745522493118,0.17919244473022736,0.18673974417559353,0.19260905915584653,0.1943340729780507,0.02906085049486773,0.0003525709605244416,0.0,0,0.0,0.0,0,0.0,0.024042245038016056,0.015043973867015344,0.03835692846238286,0.0063256308760220505,0.030087947734030687,0.030880412086600917,0.03163883525309097,0.023312954595367516,-0.00012393032755508702,0.0,0,0,0.0,0.0,7.859051483490117,0.0,0.0,NORMAL,uta,data\raw\uta\normal\normal_023_da30e933.mp4,group_023,11,2910,3190,29.91132944432605,2.991132944432605,10.0
0.18065441696386592,0.15469288776123868,0.2105989590744497,0.012857819078584921,0.16140717816623962,0.17313974231906887,0.18777221556563378,0.1915366566797969,0.055906071313211014,-0.0006899265003282136,0.0,0,0.0,0.0,0,0.0,0.020996531993660136,0.012047318414773371,0.03108161675545264,0.006109641053079505,0.025700233102171358,0.03014856087400512,0.030412491674161678,0.019034298340679268,-6.469597965587676e-05,0.0,0,0,0.0,0.0,8.603602414722435,0.0,0.0,NORMAL,uta,data\raw\uta\normal\normal_023_da30e933.mp4,group_023,12,3200,3480,29.91132944432605,2.991132944432605,10.0
0.1943384437996113,0.1783934231308732,0.20610776880477066,0.007604191553294273,0.18420732755330932,0.1879308240582859,0.19963583095219506,0.20411029856716947,0.027714345673897467,8.338725098668037e-05,0.0,0,0.0,0.0,0,0.0,0.028490221877631495,0.015041420939904671,0.049546681485336495,0.012249717171043404,0.0363456182092407,0.04924779034354119,0.049272456287222946,0.03450526054543182,0.0003786968686658468,0.0,0,0,0.0,0.0,6.820993660232828,0.0,0.0,NORMAL,uta,data\raw\uta\normal\normal_023_da30e933.mp4,group_023,13,3490,3770,29.91132944432605,2.991132944432605,10.0
0.18719867526443154,0.16852270608611217,0.19568580448060083,0.005183685300094846,0.18249778442595035,0.1857168036296778,0.1901223104203757,0.1941635585819608,0.02716309839448866,-6.739386672134632e-06,0.0,0,0.0,0.0,0,0.0,0.03050249155325888,0.017226024063738864,0.061611125312096816,0.009410409935680947,0.036102677614266006,0.040815471654002754,0.04847575751562449,0.044385101248357955,-0.0005889365775861486,0.0,0,0,0.0,0.0,6.136958942473322,0.0,0.0,NORMAL,uta,data\raw\uta\normal\normal_023_da30e933.mp4,group_023,14,3780,4060,29.91132944432605,2.991132944432605,10.0
0.1839031459924583,0.16547217141078024,0.19890307858412365,0.008818321814012159,0.17278671885124897,0.17898673723369501,0.19087425928379617,0.19640505092274152,0.033430907173343405,-0.0003619315828279335,0.0,0,0.0,0.0,0,0.0,0.024767095479659176,0.015368255536133624,0.0371801166312344,0.004985566151191222,0.02597271182047089,0.0283245392697872,0.03514954093834212,0.021811861095100773,-0.0001846983062487953,0.0,0,0,0.0,0.0,7.425001496117816,0.0,0.0,NORMAL,uta,data\raw\uta\normal\normal_023_da30e933.mp4,group_023,15,4070,4350,29.91132944432605,2.991132944432605,10.0
0.1805715445047971,0.1642743434230452,0.19641348674817288,0.009995927171542962,0.16712186505623022,0.17339279203226926,0.18986610746117655,0.19384771314893026,0.032139143325127684,-0.0007380061018838712,0.0,0,0.0,0.0,0,0.0,0.023127378099526832,0.011094003924504582,0.06330717937279032,0.011147353805843583,0.024558833620630077,0.03605175091604406,0.04349271241931803,0.052213175448285735,0.00022417827916714232,0.0,0,0,0.0,0.0,7.807358723026552,0.0,0.0,NORMAL,uta,data\raw\uta\normal\normal_023_da30e933.mp4,group_023,16,4360,4640,29.91132944432605,2.991132944432605,10.0
0.17902226484274664,0.13997022131736492,0.20205112886134424,0.013539126589620155,0.16371538122137116,0.17318901377246224,0.1871623827232119,0.19337948125299922,0.062080907543979325,-0.0004243218358884371,0.034482758620689655,1,0.33432148238723386,0.33432148238723386,1,0.10314251532526224,0.023069001433974858,0.010638297872340425,0.06518774624653995,0.011976855460190375,0.024839067403921285,0.03936260945957208,0.04399713832957928,0.05454944837419952,0.00017670778883210642,0.0,0,0,0.0,0.0,7.7599589820182295,0.034482758620689655,0.0,NORMAL,uta,data\raw\uta\normal\normal_023_da30e933.mp4,group_023,17,4650,4930,29.91132944432605,2.991132944432605,10.0
0.1811185320420798,0.16600611638794854,0.2062492566534379,0.00957885750311324,0.170280340322336,0.17484553258641816,0.18773316712961852,0.19342843360330986,0.04024314026548936,0.000426128930417267,0.0,0,0.0,0.0,0,0.0,0.03000167698962987,0.014885633885281128,0.048087483387092254,0.008304174146217293,0.03328713326493031,0.04042872505086977,0.04737397961420573,0.033201849501811126,-0.0007311317734281043,0.0,0,0,0.0,0.0,6.036745724545901,0.0,0.0,NORMAL,uta,data\raw\uta\normal\normal_023_da30e933.mp4,group_023,18,4940,5220,29.91132944432605,2.991132944432605,10.0
0.17870326580594617,0.16033056837568438,0.18885310569675579,0.006958302024416703,0.16787918827244552,0.1764033255021096,0.18320900647757307,0.18592779517834143,0.028522537321071406,0.000424218170543295,0.0,0,0.0,0.0,0,0.0,0.0212801203228387,0.014718620235236596,0.038760406609531714,0.006194715281876381,0.02404235184171725,0.0299585452901643,0.030732882953904275,0.024041786374295118,-0.000257192492568344,0.0,0,0,0.0,0.0,8.3972677704455,0.0,0.0,NORMAL,uta,data\raw\uta\normal\normal_023_da30e933.mp4,group_023,19,5230,5510,29.91132944432605,2.991132944432605,10.0
0.1818267171621793,0.1359789119941787,0.22494764586509264,0.020563088467000768,0.14710101615555018,0.17561313239657964,0.19382891418513312,0.1982029003008692,0.08896873387091395,-0.0008759766495485956,0.13793103448275862,4,1.3372859295489354,1.3372859295489354,1,0.10314251532526224,0.020039406821220317,0.010300524052492094,0.03916995503035633,0.008006729281674525,0.02456624313463805,0.03112050161711789,0.03294957474917671,0.028869430977864236,-0.00011334660971058812,0.0,0,0,0.0,0.0,9.073005292968766,0.5517241379310345,0.0,NORMAL,uta,data\raw\uta\normal\normal_023_da30e933.mp4,group_023,20,5520,5800,29.91132944432605,2.991132944432605,10.0
0.423384075122427,0.3400372196831741,0.5047124156944158,0.029228386151467015,0.39048621061405864,0.4042318772897211,0.44256288470904837,0.4460892090048472,0.16467519601124175,4.98679516154914e-05,0.0,0,0.0,0.0,0,0.0,0.013216239664731916,0.0,0.04993761694389223,0.021416542690541187,0.047619047619047616,0.047619047619047616,0.047619047619047616,0.04993761694389223,0.00013960380117706512,0.0,0,0,0.0,0.0,32.032715291692824,0.0,0.0,NORMAL,uta,data\raw\uta\normal\normal_024_22b8704d.mp4,group_024,1,10,290,29.97,2.997,10.0
0.4167159972017565,0.25362516128481943,0.4616627860637154,0.038969368375304354,0.3904299943185232,0.4041238452159497,0.4429814500049336,0.45049618633141414,0.20803762477889598,-0.0006060769258641667,0.0,0,0.0,0.0,0,0.0,0.021741177278437045,0.0,0.06734350297014739,0.026454684764442193,0.047619047619047616,0.051563938689267556,0.06734350297014739,0.06734350297014739,-0.00029226480276567195,0.0,0,0,0.0,0.0,19.16624962924194,0.0,0.0,NORMAL,uta,data\raw\uta\normal\normal_024_22b8704d.mp4,group_024,2,300,580,29.97,2.997,10.0
0.397347437431359,0.07387392572462285,0.4429327752002179,0.06339739082360915,0.38454131872087305,0.40350511781285386,0.42411903870902956,0.42606132971080385,0.36905884947559503,-0.0007795916229257866,0.034482758620689655,1,0.33366700033366703,0.33366700033366703,1,0.1033448275862069,0.012168060989886915,0.0,0.06726727939963124,0.02183502327476945,0.0,0.047619047619047616,0.047619047619047616,0.06726727939963124,6.0136477241870434e-05,0.0,0,0,0.0,0.0,32.65226772727774,0.034482758620689655,0.0,NORMAL,uta,data\raw\uta\normal\normal_024_22b8704d.mp4,group_024,3,590,870,29.97,2.997,10.0
0.3961036245706979,0.25878464197112283,0.428964168442929,0.029030935495201558,0.3864461756862859,0.3871729351631532,0.40629986606010926,0.4218531453443658,0.17017952647180618,2.8967005821037807e-05,0.0,0,0.0,0.0,0,0.0,0.01674850545737357,0.0,0.05,0.023103906733969563,0.047565149415449405,0.05,0.05,0.05,-0.0010085970179371164,0.0,0,0,0.0,0.0,23.648675811877343,0.0,0.0,NORMAL,uta,data\raw\uta\normal\normal_024_22b8704d.mp4,group_024,4,880,1160,29.97,2.997,10.0
0.38862312082939465,0.12625003175680424,0.42407036390431385,0.052625746460264806,0.38191854066833847,0.3877871053594232,0.40593471208527704,0.4132999045317432,0.2978203321475096,0.00019395019450936803,0.034482758620689655,1,0.33366700033366703,0.33366700033366703,1,0.1033448275862069,0.01165473936855316,0.0,0.05,0.020668527151323782,0.0,0.047619047619047616,0.04904761904761904,0.05,0.0005694588982486029,0.0,0,0,0.0,0.0,33.341781978918334,0.034482758620689655,0.0,NORMAL,uta,data\raw\uta\normal\normal_024_22b8704d.mp4,group_024,5,1170,1450,29.97,2.997,10.0
0.4004644769430805,0.3413773545578338,0.44232171645399776,0.026744879501573088,0.36376728811445963,0.38851386483629047,0.4222032669565672,0.42837216480015855,0.10094436189616396,-0.0007817267916163482,0.0,0,0.0,0.0,0,0.0,0.01141961486789073,0.0,0.047619047619047616,0.020248233103973425,0.0,0.047619047619047616,0.047619047619047616,0.047619047619047616,-0.0006429531060072925,0.0,0,0,0.0,0.0,35.06505399013094,0.0,0.0,NORMAL,uta,data\raw\uta\normal\normal_024_22b8704d.mp4,group_024,6,1460,1740,29.97,2.997,10.0
0.39475061011982765,0.35176981433703913,0.4438344830721452,0.017332291826982496,0.3870770655847327,0.38851386483629047,0.4052079526084098,0.40690221428348855,0.09206466873510605,0.00017999506530645362,0.0,0,0.0,0.0,0,0.0,0.005090311986863711,0.0,0.05,0.014989820325762324,0.0,0.00952380952380949,0.04904761904761904,0.05,0.0006814449917898192,0.0,0,0,0.0,0.0,77.53416234132554,0.0,0.0,NORMAL,uta,data\raw\uta\normal\normal_024_22b8704d.mp4,group_024,7,1750,2030,29.97,2.997,10.0
0.4068440489119763,0.38573132460412407,0.45024081430711516,0.015418181156164276,0.3875189194247957,0.403871805552094,0.4080062684964866,0.42642935826664025,0.06450948970299109,0.0007602960101704084,0.0,0,0.0,0.0,0,0.0,0.005684354114809967,0.0,0.06734350297014739,0.01697291132634286,0.0,0.009513029883089847,0.0489886299325151,0.06734350297014739,0.0007828214939067958,0.0,0,0,0.0,0.0,71.56001907641509,0.0,0.0,NORMAL,uta,data\raw\uta\normal\normal_024_22b8704d.mp4,group_024,8,2040,2320,29.97,2.997,10.0
0.4092438819138541,0.3808616692965297,0.444025933369099,0.0168778609177364,0.38823615218589874,0.3933703102320842,0.4239775355897729,0.42712999696337856,0.06316426407256931,-6.150125499638214e-05,0.0,0,0.0,0.0,0,0.0,0.009041494342918198,0.0,0.06726727939963124,0.020051177245516166,0.0,0.048045609997337986,0.04990074380419979,0.06726727939963124,-0.00018140505265352896,0.0,0,0,0.0,0.0,45.25785324204944,0.0,0.0,NORMAL,uta,data\raw\uta\normal\normal_024_22b8704d.mp4,group_024,9,2330,2610,29.97,2.997,10.0
0.4042452943092194,0.34581814092264784,0.4436910821103307,0.02505016670344383,0.38269304684962013,0.3881966099245673,0.42385729550091256,0.4416281755771477,0.09787294118768286,0.0005365793532433076,0.0,0,0.0,0.0,0,0.0,0.031216796368890874,0.0,0.06726727939963124,0.02899388615856768,0.04993761694389223,0.06726727939963124,0.06726727939963124,0.06726727939963124,0.0008674929734786138,0.0,0,0,0.0,0.0,12.94919377179542,0.0,0.0,NORMAL,uta,data\raw\uta\normal\normal_024_22b8704d.mp4,group_024,10,2620,2900,29.97,2.997,10.0
0.38386101780182175,0.3320570065090023,0.40892580916035226,0.02422306156395179,0.3453460523987533,0.3739293373167949,0.40350511781285386,0.40821095807819036,0.07686880265134999,0.0013009893375982634,0.0,0,0.0,0.0,0,0.0,0.019553652979342976,0.0,0.07062245515464487,0.027508533893831535,0.04993761694389223,0.06708557773224552,0.06731301354194093,0.07062245515464487,0.0004788374216068729,0.0,0,0,0.0,0.0,19.63016261179999,0.0,0.0,NORMAL,uta,data\raw\uta\normal\normal_024_22b8704d.mp4,group_024,11,2910,3190,29.97,2.997,10.0
0.40770876279516827,0.3871729351631532,0.4392322745042977,0.01315388414633607,0.39027253965195036,0.4042318772897211,0.4203218137021114,0.4239391339559878,0.052059339341144484,0.0007918090534466169,0.0,0,0.0,0.0,0,0.0,0.033656690333741975,0.0,0.06726727939963124,0.025064686267497947,0.04975185951049946,0.05340354943504002,0.06726727939963124,0.06726727939963124,0.000294134223424347,0.0,0,0,0.0,0.0,12.11339098887717,0.0,0.0,NORMAL,uta,data\raw\uta\normal\normal_024_22b8704d.mp4,group_024,12,3200,3480,29.97,2.997,10.0
0.4126715567209201,0.3871729351631532,0.44654887559707757,0.015191622759588781,0.39202224070562325,0.40720754564972095,0.42180151474561334,0.43329565038507367,0.05937594043392436,-0.0002912294281351012,0.0,0,0.0,0.0,0,0.0,0.020766783680996975,0.0,0.06734350297014739,0.024950708693908526,0.047565149415449405,0.04993761694389223,0.04993761694389223,0.06734350297014739,-0.0004165300369075338,0.0,0,0,0.0,0.0,19.870755736854317,0.0,0.0,NORMAL,uta,data\raw\uta\normal\normal_024_22b8704d.mp4,group_024,13,3490,3770,29.97,2.997,10.0
0.40516356152327465,0.36949526563348956,0.4259847512869202,0.01433416229376401,0.3871729351631532,0.3906738036397158,0.41148092211598075,0.4237273746404033,0.05648948565343065,2.309329565235368e-07,0.0,0,0.0,0.0,0,0.0,0.025414350313199188,0.0,0.04993761694389223,0.024565582975050466,0.04993761694389223,0.04993761694389223,0.04993761694389223,0.04993761694389223,0.0012995156730211265,0.0,0,0,0.0,0.0,15.941687072196574,0.0,0.0,NORMAL,uta,data\raw\uta\normal\normal_024_22b8704d.mp4,group_024,14,3780,4060,29.97,2.997,10.0
0.397893410959044,0.365684805722851,0.4395094787022531,0.01770925685306375,0.38291064178035317,0.3864461756862859,0.40720754564972095,0.423538856091715,0.0738246729794021,-0.0015548724498289804,0.0,0,0.0,0.0,0,0.0,0.013268424864693994,0.0,0.04993761694389223,0.021504572624579738,0.04740454631399772,0.047565149415449405,0.0489886299325151,0.04993761694389223,0.00037414560565809517,0.0,0,0,0.0,0.0,29.98573148544821,0.0,0.0,NORMAL,uta,data\raw\uta\normal\normal_024_22b8704d.mp4,group_024,15,4070,4350,29.97,2.997,10.0
0.37511643585535676,0.08318289801153425,0.4284922647998233,0.059529999989961564,0.3416200907871241,0.3794535588703156,0.4025306267171257,0.40720754564972095,0.34530936678828905,0.0013746893337866306,0.034482758620689655,1,0.33366700033366703,0.33366700033366703,1,0.1033448275862069,0.02316827994343163,0.0,0.04993761694389223,0.02399125939129304,0.047565149415449405,0.048002491434459414,0.049863313970535124,0.04993761694389223,0.00032875496606312674,0.0,0,0,0.0,0.0,16.190250054003094,0.034482758620689655,0.0,NORMAL,uta,data\raw\uta\normal\normal_024_22b8704d.mp4,group_024,16,4360,4640,29.97,2.997,10.0
0.3872130893638481,0.35289033984233564,0.40892580916035226,0.01485433564966527,0.3682347378639018,0.3811398597153016,0.39974096070707543,0.4064098327393339,0.05603546931801662,-0.00030733625425337553,0.0,0,0.0,0.0,0,0.0,0.01706454533911451,0.0,0.06726727939963124,0.023777965766454606,0.04740454631399772,0.047565149415449405,0.047565149415449405,0.06726727939963124,-0.0014054746972311466,0.0,0,0,0.0,0.0,22.689757735215718,0.0,0.0,NORMAL,uta,data\raw\uta\normal\normal_024_22b8704d.mp4,group_024,17,4650,4930,29.97,2.997,10.0
0.37566486436237434,0.15602714198369938,0.4247265234710843,0.04492092197050514,0.3621432375806224,0.37070210233931306,0.3895508174181041,0.4040752551233986,0.2686993814873849,0.001400338133027215,0.0,0,0.0,0.0,0,0.0,0.020841297621900467,0.0,0.06726727939963124,0.027273545866896117,0.047565149415449405,0.06726727939963124,0.06726727939963124,0.06726727939963124,0.0011664370415769018,0.0,0,0,0.0,0.0,18.02415794924821,0.0,0.0,NORMAL,uta,data\raw\uta\normal\normal_024_22b8704d.mp4,group_024,18,4940,5220,29.97,2.997,10.0
0.3774753474217607,0.15931673950414327,0.4846803744730571,0.05264685868022859,0.3513120764854645,0.365684805722851,0.4042003936115419,0.4085148640380922,0.32536363496891385,0.00028793726286640745,0.0,0,0.0,0.0,0,0.0,0.028355525078105504,0.0,0.04993761694389223,0.023838641857593598,0.047565149415449405,0.04993761694389223,0.04993761694389223,0.04993761694389223,0.00026565487701403837,0.0,0,0,0.0,0.0,13.311763214358555,0.0,0.0,NORMAL,uta,data\raw\uta\normal\normal_024_22b8704d.mp4,group_024,19,5230,5510,29.97,2.997,10.0
0.3862776306664658,0.17848232051365148,0.4421902801019079,0.047448053353932866,0.3783205687335583,0.3871729351631532,0.40821095807819036,0.41226700839371716,0.26370795958825644,-0.0004029145670718746,0.0,0,0.0,0.0,0,0.0,0.028373636717300296,0.0,0.07062245515464487,0.02606060514322258,0.04993761694389223,0.04993761694389223,0.0603354144173356,0.07062245515464487,0.0003517383424491045,0.0,0,0,0.0,0.0,13.613482862000785,0.0,0.0,NORMAL,uta,data\raw\uta\normal\normal_024_22b8704d.mp4,group_024,20,5520,5800,29.97,2.997,10.0
0.16760292356180453,0.12156188673196534,0.20486537996529575,0.018142781893636804,0.14505110676659838,0.16112131537536245,0.17705539954278796,0.19082697893742812,0.0833034932333304,0.0008253571859660078,0.23333333333333334,7,2.3314230919379475,2.3314230919379475,1,0.10008193456614509,0.023941295563915502,0.0,0.09970402195273696,0.022460428073747866,0.028985507246376812,0.05419604822371485,0.06558324444420252,0.09970402195273696,-0.0005791329567416145,0.0,0,0,0.0,0.0,7.000286297292493,1.6333333333333333,0.0,NORMAL,uta,data\raw\uta\normal\normal_025_ebb9e4ef.mov,group_025,1,10,310,30.024580369843527,3.0024580369843528,10.0
0.17026062029748165,0.15360793445570906,0.18636280667260913,0.007916738922535159,0.16134368696815132,0.16529922824378568,0.17646363015623984,0.17938101367584633,0.03275487221690007,-0.0006267861261644532,0.0,0,0.0,0.0,0,0.0,0.017791524921867138,0.0,0.03063106818492863,0.006727783561123918,0.021095334784737577,0.027102102102102104,0.029117906886431434,0.03063106818492863,-0.00014172201714537734,0.0,0,0,0.0,0.0,9.569221965131556,0.0,0.0,NORMAL,uta,data\raw\uta\normal\normal_025_ebb9e4ef.mov,group_025,2,320,610,30.024580369843527,3.0024580369843528,10.0
0.15735709437310114,0.13086261161901913,0.17543916212148603,0.011269424422961194,0.14686951789059796,0.15020433399430985,0.16765616366804303,0.1727775155763145,0.044576550502466894,0.00044493393772429205,0.2,4,1.3322417668216844,0.9991813251162632,2,0.20016386913229017,0.01160693137930992,0.0,0.02174683980216301,0.007929368248853366,0.015312332482196359,0.021406603656428668,0.021417646843905968,0.02174683980216301,-8.125776089876825e-05,0.0,0,0,0.0,0.0,13.555997983721358,0.8,0.0,NORMAL,uta,data\raw\uta\normal\normal_025_ebb9e4ef.mov,group_025,3,620,910,30.024580369843527,3.0024580369843528,10.0
0.15660648749308018,0.14458903978048993,0.18325024323259773,0.010443944524501111,0.14709122695638885,0.1496028912630198,0.15843172644098297,0.17557514940958185,0.0386612034521078,0.0003150557611489569,0.3333333333333333,4,1.3322417668216844,0.4758006310077444,7,0.7005735419630156,0.012068034367625668,0.0,0.04940455797834731,0.012282936435387862,0.015368255536133623,0.01645911382663585,0.03608434741731919,0.04940455797834731,0.0001187485152790469,0.0,0,0,0.0,0.0,12.975892082399403,1.3333333333333333,0.0,NORMAL,uta,data\raw\uta\normal\normal_025_ebb9e4ef.mov,group_025,4,920,1210,30.024580369843527,3.0024580369843528,10.0
0.15568148037536522,0.13503226902297744,0.18910014378213047,0.01448630398813947,0.14055996573399124,0.14708174766493703,0.15776636975565012,0.18152647901177107,0.054067874759153034,-0.0010528886581131684,0.4666666666666667,6,1.9983626502325265,0.7771410306459825,6,0.6004916073968706,0.10558581979216178,0.0,0.21202388648538395,0.05824730093569842,0.1498707141300414,0.18128067497388975,0.19819392575598876,0.21202388648538395,0.0021675156216362803,0.43333333333333335,10,3,0.9991813251162632,0.4329785742170474,1.4744404716593444,2.8,0.09187701747699971,NORMAL,uta,data\raw\uta\normal\normal_025_ebb9e4ef.mov,group_025,5,1220,1510,30.024580369843527,3.0024580369843528,10.0
0.15712047026345932,0.07367708803442094,0.17575381408970503,0.017249022557044677,0.15137138176594322,0.1529422886301976,0.16701468384759882,0.17154907739745168,0.10207672605528409,0.00024646285861326656,0.06666666666666667,1,0.3330604417054211,0.3330604417054211,2,0.20016386913229017,0.22355382045815061,0.1375534229812108,0.3101873888735908,0.04911069239164467,0.259697291490694,0.29987273406425496,0.3055648773052444,0.17263396589238003,0.004543427205695135,1.0,1,30,9.991813251162633,9.991813251162633,0.7028274762380811,0.06666666666666667,0.3101873888735908,NORMAL,uta,data\raw\uta\normal\normal_025_ebb9e4ef.mov,group_025,6,1520,1810,30.024580369843527,3.0024580369843528,10.0
0.15632087403626402,0.13161676454940724,0.1746206733529891,0.011073223262951877,0.14057034345224487,0.14974719185171997,0.16336257182312236,0.17085913920066476,0.04300390880358185,0.0003934434566889968,0.26666666666666666,3,0.9991813251162632,0.5328967067286737,5,0.5004096728307255,0.04063447285845848,0.0,0.3090398323477543,0.06922223031745231,0.02931246223030969,0.046709475065770736,0.17834340514088187,0.3090398323477543,-0.003569258849747194,0.06666666666666667,1,2,0.6661208834108422,0.6661208834108422,3.8469067305002462,0.8,0.020602655489850286,NORMAL,uta,data\raw\uta\normal\normal_025_ebb9e4ef.mov,group_025,7,1820,2120,30.024580369843527,3.0024580369843528,10.0
0.1552050948738883,0.09667437098435905,0.1745203993916108,0.014357572006091397,0.14555627046905797,0.1519817780398458,0.16266418258042714,0.16817135247290207,0.07784602840725174,-0.0006744761384336683,0.2,2,0.6661208834108422,0.39967253004650527,5,0.5004096728307255,0.01399192679297998,0.0,0.02886150127292031,0.010334597789274723,0.02040816326530612,0.02157786160897033,0.028595898303047373,0.02886150127292031,-0.0002351438250469397,0.0,0,0,0.0,0.0,11.091682045514034,0.4,0.0,NORMAL,uta,data\raw\uta\normal\normal_025_ebb9e4ef.mov,group_025,8,2130,2430,30.024580369843527,3.0024580369843528,10.0
0.1503807942310243,0.1293729489817062,0.17997719682955016,0.012560245418775927,0.13353459837496068,0.1407686316375375,0.15755580028305582,0.16610906185213226,0.05060424784784395,-3.444659051089417e-05,0.4666666666666667,7,2.3314230919379475,0.6661208834108422,7,0.7005735419630156,0.029588662066108395,0.0,0.26732641963365,0.046943333631502444,0.026210631548668234,0.04189061643544667,0.06805999061649183,0.26732641963365,-0.0003953771958120843,0.03333333333333333,1,1,0.3330604417054211,0.3330604417054211,5.082207221395355,3.2666666666666666,0.008910880654455,NORMAL,uta,data\raw\uta\normal\normal_025_ebb9e4ef.mov,group_025,9,2440,2740,30.024580369843527,3.0024580369843528,10.0
0.15509380340564732,0.14416320014947437,0.1741133170372065,0.00808745270475211,0.14440963839044801,0.1493772921345963,0.16145922604826018,0.1668245199159541,0.029950116887732137,0.0005890402633183548,0.3,3,0.9991813251162632,0.599508795069758,5,0.5004096728307255,0.021509046462218177,0.0,0.04140866624999611,0.010500001234471307,0.02618465060531822,0.028007925816830505,0.04032538810159945,0.04140866624999611,-0.0002522046521702243,0.0,0,0,0.0,0.0,7.210296066912986,0.8999999999999999,0.0,NORMAL,uta,data\raw\uta\normal\normal_025_ebb9e4ef.mov,group_025,10,2750,3040,30.024580369843527,3.0024580369843528,10.0
0.1454461285978755,0.11745346255513078,0.18051355769625582,0.01206273964539133,0.13060194877380593,0.13933804043870196,0.15141634071444338,0.15629200075295868,0.06306009514112504,-0.00050172904608604,0.7,7,2.3314230919379475,1.1657115459689738,6,0.6004916073968706,0.016266415336278265,0.0,0.04452146173481904,0.012622769362254814,0.021410293562737784,0.03164842936166602,0.03733826979414379,0.04452146173481904,6.527421029529093e-05,0.0,0,0,0.0,0.0,8.940948859497881,4.8999999999999995,0.0,NORMAL,uta,data\raw\uta\normal\normal_025_ebb9e4ef.mov,group_025,11,3050,3340,30.024580369843527,3.0024580369843528,10.0
0.1472026245996383,0.10500301003561502,0.18780945552682327,0.01715005117633104,0.12757666283610003,0.14378064495024315,0.15763904896572872,0.16011086440360872,0.08280644549120825,0.0007425705980499942,0.5666666666666667,7,2.3314230919379475,1.4155068772480395,4,0.40032773826458035,0.0551036226841617,0.0,0.1520098786244868,0.04355884375783879,0.08355439621687057,0.11379967254113293,0.12898007411770435,0.1520098786244868,0.0029098281035640963,0.1,2,2,0.6661208834108422,0.4995906625581316,2.671329870877559,3.966666666666667,0.015200987862448681,NORMAL,uta,data\raw\uta\normal\normal_025_ebb9e4ef.mov,group_025,12,3360,3670,30.024580369843527,3.0024580369843528,10.0
0.15475856981557656,0.13668569741052555,0.17274868311032943,0.009043493697663869,0.14360595227138648,0.14813418198338035,0.16033040572400173,0.16693398721979585,0.03606298569980387,2.230007599657964e-05,0.3,3,0.9991813251162632,0.7493859938371974,4,0.40032773826458035,0.02489505302179225,0.0,0.04296953680292129,0.01229702962033715,0.028261670947211076,0.04226116233515593,0.04296953680292129,0.04296953680292129,-0.0003904937404313608,0.0,0,0,0.0,0.0,6.216188954936424,0.8999999999999999,0.0,NORMAL,uta,data\raw\uta\normal\normal_025_ebb9e4ef.mov,group_025,13,3680,3970,30.024580369843527,3.0024580369843528,10.0
0.14147193959837068,0.12765791340770857,0.1642978420068492,0.009969964735572049,0.13062408879201934,0.132873039587353,0.14782501833975945,0.1562153535647236,0.036639928599140614,-5.385473424653104e-06,0.7666666666666667,9,2.9975439753487896,1.9150975398061711,4,0.40032773826458035,0.03798247920892882,0.019227214231343204,0.06801716341904412,0.012871751897963461,0.04296953680292129,0.059656060387429634,0.06029051182039291,0.04878994918770092,0.00026379930728606237,0.0,0,0,0.0,0.0,3.724565062094541,6.9,0.0,NORMAL,uta,data\raw\uta\normal\normal_025_ebb9e4ef.mov,group_025,14,3980,4270,30.024580369843527,3.0024580369843528,10.0
0.14503215705071099,0.12758402868005328,0.159410211960549,0.006503236268461295,0.1365907076509496,0.14178453043766026,0.14879446243050432,0.15273742480955246,0.03182618328049572,-5.984859206513786e-05,0.8,10,3.330604417054211,2.6644835336433688,3,0.3002458036984353,0.031666719977120734,0.0,0.07407407407407407,0.014195548273065104,0.04299335803923478,0.04479667808470055,0.05451173080065937,0.07407407407407407,-0.0004542911661104999,0.0,0,0,0.0,0.0,4.579810518581498,8.0,0.0,NORMAL,uta,data\raw\uta\normal\normal_025_ebb9e4ef.mov,group_025,15,4280,4570,30.024580369843527,3.0024580369843528,10.0
0.14150316345055325,0.13070633925519598,0.1555474949511266,0.005720616382990521,0.13438960538816191,0.13663500921642308,0.14552659323360867,0.1462066358495169,0.024841155695930622,-0.0003352392211564889,0.9666666666666667,24,7.993450600930106,4.829376404728605,2,0.20016386913229017,0.03272142885660954,0.019230769230769232,0.059665616229592065,0.010401949023600334,0.04300130725961134,0.04300130725961134,0.049266644393948233,0.04043484699882283,-0.0006332990177165979,0.0,0,0,0.0,0.0,4.324347806534273,23.2,0.0,NORMAL,uta,data\raw\uta\normal\normal_025_ebb9e4ef.mov,group_025,16,4580,4870,30.024580369843527,3.0024580369843528,10.0
0.14576638277457088,0.13242801419769898,0.16090421344429526,0.006290239288166088,0.14085328864850827,0.14263813290198166,0.1496012553422565,0.15534643800510867,0.02847619924659628,0.00016760089517632985,0.7666666666666667,9,2.9975439753487896,1.5320780318449367,5,0.5004096728307255,0.02875565703793938,0.0,0.0554593553871802,0.011082265114256671,0.0277296776935901,0.04227109638161795,0.049266644393948233,0.0554593553871802,0.0004969360128125603,0.0,0,0,0.0,0.0,5.068961339360747,6.9,0.0,NORMAL,uta,data\raw\uta\normal\normal_025_ebb9e4ef.mov,group_025,17,4880,5170,30.024580369843527,3.0024580369843528,10.0
0.14838750502490178,0.12847273575628132,0.16364787907962158,0.010027439803120644,0.13218427982269051,0.14185509266675145,0.15624606366218818,0.15904329053123406,0.03517514332334026,0.0007789202409146969,0.5,8,2.6644835336433688,0.9991813251162632,5,0.5004096728307255,0.03295111912503103,0.0,0.059654998627189364,0.014157421489465536,0.04218245406095978,0.046373122685231104,0.05636167092741605,0.059654998627189364,-0.00025778427470807963,0.0,0,0,0.0,0.0,4.503124805475225,4.0,0.0,NORMAL,uta,data\raw\uta\normal\normal_025_ebb9e4ef.mov,group_025,18,5180,5470,30.024580369843527,3.0024580369843528,10.0
0.1580856820177268,0.14437134935591323,0.17403500097876665,0.007234184965455834,0.15024366886695528,0.15351226196398396,0.16154569766701526,0.1693367801285189,0.02966365162285342,0.0004960932692212918,0.1,1,0.3330604417054211,0.3330604417054211,3,0.3002458036984353,0.03817754267305431,0.0,0.11468747623794881,0.02559894442791813,0.04165762736367134,0.06261933138812906,0.0886772748890632,0.11468747623794881,-0.0007324056100380467,0.0,0,0,0.0,0.0,4.140694509256391,0.1,0.0,NORMAL,uta,data\raw\uta\normal\normal_025_ebb9e4ef.mov,group_025,19,5480,5770,30.024580369843527,3.0024580369843528,10.0
0.15875452672152107,0.14458202992361907,0.1717068668202283,0.006435423058376938,0.15301873781313255,0.1557608906832741,0.16084567119475218,0.16669723089255864,0.027124836896609217,5.0548591854317784e-05,0.1,3,0.9991813251162632,0.9991813251162632,1,0.10008193456614509,0.027591216892135135,0.019227214231343204,0.04559607525875532,0.00899456856881661,0.028855492841238065,0.041851094659905205,0.044804061277554444,0.026368861027412118,0.00017318782839854618,0.0,0,0,0.0,0.0,5.753598101309951,0.30000000000000004,0.0,NORMAL,uta,data\raw\uta\normal\normal_025_ebb9e4ef.mov,group_025,20,5780,6070,30.024580369843527,3.0024580369843528,10.0
0.13684135152473592,0.09252496354929196,0.14719754362552434,0.010878747715780821,0.12886216790374733,0.13523015330862453,0.14281965173947442,0.14553583850620183,0.05467258007623238,9.523072385462372e-05,1.0,29,9.671323108724138,9.671323108724138,1,0.10339846872636665,0.017669352131171264,0.008928215559724615,0.029832808114796033,0.004465507402066313,0.020513521841795293,0.020743032813082162,0.020897831565418596,0.02090459255507142,-4.245660599353368e-05,0.0,0,0,0.0,0.0,7.744121368319642,29.0,0.0,NORMAL,uta,data\raw\uta\normal\normal_026_35ba11a1.mov,group_026,1,10,290,29.98555593064633,2.998555593064633,10.0
0.1379228187449963,0.1259547768344167,0.1442990663500097,0.004692113933621186,0.13325917266605905,0.13456220618922135,0.1420624779529589,0.1437279535724583,0.018344289515593,-0.00018819956369583944,1.0,29,9.671323108724138,9.671323108724138,1,0.10339846872636665,0.01498317817537453,0.008849211017394925,0.020897831565418596,0.004683554709797022,0.01834862385321101,0.020181215395466155,0.02055342017944769,0.012048620548023671,-2.1663310475414843e-05,0.0,0,0,0.0,0.0,9.204563448909264,29.0,0.0,NORMAL,uta,data\raw\uta\normal\normal_026_35ba11a1.mov,group_026,2,300,580,29.98555593064633,2.998555593064633,10.0
0.13653267082855394,0.12570070396114155,0.15498174698006423,0.00598394571359893,0.13009704481167694,0.13177320730884529,0.13982694625621866,0.1426760865508364,0.029281043018922676,3.523773770313464e-05,0.9655172413793104,19,6.336384105715815,4.668914604211653,2,0.2067969374527333,0.01499261591397021,0.00869532343443978,0.01834862385321101,0.004004146655920823,0.01785643111944923,0.018018018018018018,0.018116298116298116,0.00965330041877123,-0.00013185592644791258,0.0,0,0,0.0,0.0,9.106053643893897,18.344827586206897,0.0,NORMAL,uta,data\raw\uta\normal\normal_026_35ba11a1.mov,group_026,3,590,870,29.98555593064633,2.998555593064633,10.0
0.13317415314214207,0.09119611699597407,0.15500418946832636,0.011543871753608808,0.12465350607367394,0.12857895745102216,0.14150652680683434,0.14425022618916392,0.06380807247235229,-0.00023049691204664473,0.9310344827586207,19,6.336384105715815,3.0014451027074913,3,0.31019540617909996,0.011094700254872398,0.0,0.04273348189416729,0.008528347621512552,0.017238817250844786,0.019308811382697876,0.019442452385230107,0.04273348189416729,8.032032099121863e-05,0.0,0,0,0.0,0.0,12.002320726324776,17.689655172413794,0.0,NORMAL,uta,data\raw\uta\normal\normal_026_35ba11a1.mov,group_026,4,880,1170,29.98555593064633,2.998555593064633,10.0
0.12269178754066695,0.10513358414451703,0.13947505008004968,0.008861338072557684,0.11111158174106141,0.11637756042815137,0.12904671642177193,0.13282298618196703,0.03434146593553265,-0.000743538911477945,1.0,29,9.671323108724138,9.671323108724138,1,0.10339846872636665,0.010363283625967286,0.0,0.019785113503713113,0.0055668744715635645,0.01680612930468831,0.01741694871960817,0.01763300241949375,0.019785113503713113,-0.0003434892924293653,0.0,0,0,0.0,0.0,11.83794191363769,29.0,0.0,NORMAL,uta,data\raw\uta\normal\normal_026_35ba11a1.mov,group_026,5,1180,1460,29.98555593064633,2.998555593064633,10.0
0.11672470903967794,0.1082816425388142,0.1262371929821092,0.004333232426426628,0.11216790297579869,0.11400487907634899,0.11899322806878794,0.12323130558320683,0.017955550443295,-0.00014088279532360434,1.0,29,9.671323108724138,9.671323108724138,1,0.10339846872636665,0.01345325347233643,0.0,0.05084745762711865,0.011503608348532365,0.01694854394428143,0.02679819339930648,0.03614331410226566,0.05084745762711865,0.0002085415811975752,0.0,0,0,0.0,0.0,8.675673405416216,29.0,0.0,NORMAL,uta,data\raw\uta\normal\normal_026_35ba11a1.mov,group_026,6,1470,1750,29.98555593064633,2.998555593064633,10.0
0.1261316434811744,0.10730601801508016,0.15270450077879538,0.013023642126879066,0.11180481548690231,0.11544737995474022,0.13903516175862551,0.14315731301557164,0.04539848276371522,0.0010424955581292345,0.9655172413793104,21,7.003371906317479,4.668914604211653,2,0.2067969374527333,0.013025658807896518,0.0,0.027498066610159824,0.005283982297963998,0.017094017094017096,0.018083399840608524,0.019425504151585726,0.027498066610159824,0.00024598465688498454,0.0,0,0,0.0,0.0,9.682578268244482,20.27586206896552,0.0,NORMAL,uta,data\raw\uta\normal\normal_026_35ba11a1.mov,group_026,7,1760,2040,29.98555593064633,2.998555593064633,10.0
0.1259567108802775,0.11415349552280363,0.13634374715618547,0.006185514316495688,0.11786270071081492,0.12107813535042306,0.13052146983875762,0.13398071167036704,0.02219025163338184,-0.0002710598980639678,1.0,29,9.671323108724138,9.671323108724138,1,0.10339846872636665,0.014752193069493618,0.008547008547008548,0.019785113503713113,0.004042228363842248,0.017543184716556758,0.01785643111944923,0.018910898518196575,0.011238104956704565,8.637383035380181e-06,0.0,0,0,0.0,0.0,8.5375898144198,29.0,0.0,NORMAL,uta,data\raw\uta\normal\normal_026_35ba11a1.mov,group_026,8,2050,2330,29.98555593064633,2.998555593064633,10.0
0.1244045900862018,0.11003221664150108,0.1367375171098818,0.006160966610258956,0.11844569590168759,0.11968193676720823,0.12846416459763615,0.1326392535060085,0.026705300468380724,-0.00024259835595186034,1.0,29,9.671323108724138,9.671323108724138,1,0.10339846872636665,0.010330156762992596,0.0,0.03585309239667531,0.007391353987450957,0.01724073868837755,0.017541160386140585,0.017826836277141767,0.03585309239667531,-0.00030805095677053214,0.0,0,0,0.0,0.0,12.041690290852376,29.0,0.0,NORMAL,uta,data\raw\uta\normal\normal_026_35ba11a1.mov,group_026,9,2340,2620,29.98555593064633,2.998555593064633,10.0
0.12591689947746054,0.11595024206464946,0.1374691599901802,0.00570999800854755,0.11838878499639019,0.12235024554092362,0.12971484367194663,0.13417167078950068,0.021518917925530734,0.0002781301543138535,1.0,29,9.671323108724138,9.671323108724138,1,0.10339846872636665,0.005191256637703097,0.0,0.017854296416882943,0.005659558834383106,0.009170839073866429,0.012648841847076365,0.0128797722645901,0.017854296416882943,4.1835983660276213e-05,0.0,0,0,0.0,0.0,24.250900574352677,29.0,0.0,NORMAL,uta,data\raw\uta\normal\normal_026_35ba11a1.mov,group_026,10,2630,2910,29.98555593064633,2.998555593064633,10.0
0.1304685668371783,0.12492602229349027,0.14040026454546783,0.003287149481975665,0.12635645476254423,0.1289808918102718,0.13256432057623252,0.13318575171199798,0.015474242251977563,4.5549812929760956e-05,1.0,29,9.671323108724138,9.671323108724138,1,0.10339846872636665,0.005359347965712764,0.0,0.020327050761122137,0.006540376221629277,0.00917276794949484,0.013920527296543818,0.0182765323556457,0.020327050761122137,-0.0001906402482615294,0.0,0,0,0.0,0.0,24.339570429329385,29.0,0.0,NORMAL,uta,data\raw\uta\normal\normal_026_35ba11a1.mov,group_026,11,2920,3200,29.98555593064633,2.998555593064633,10.0
0.13164582427436713,0.11660471449312618,0.16769528533450137,0.009721960167717416,0.12178097884691165,0.1258456995158964,0.13463589372466855,0.13929276744954344,0.051090570841375194,0.00018112788401745952,0.9655172413793104,24,8.003853607219977,4.668914604211653,2,0.2067969374527333,0.00868816260609005,0.0,0.026405085052813804,0.007210149929686294,0.012626403532353047,0.01857364135226546,0.020705562067974265,0.026405085052813804,0.0005394544373118633,0.0,0,0,0.0,0.0,15.150576671461916,23.17241379310345,0.0,NORMAL,uta,data\raw\uta\normal\normal_026_35ba11a1.mov,group_026,12,3210,3490,29.98555593064633,2.998555593064633,10.0
0.13276057224661764,0.0897015113113263,0.16161792486313223,0.013897472224880997,0.12009282157469962,0.12927917416026946,0.13929238092031349,0.14433557485866597,0.07191641355180593,-0.0004641036541324405,0.9655172413793104,27,9.004335308122474,4.668914604211653,2,0.2067969374527333,0.01781834529591814,0.0,0.03039387321267825,0.009278239286328002,0.028559773898876994,0.029780012413446556,0.03028091120534657,0.03039387321267825,0.0002726687730099546,0.0,0,0,0.0,0.0,7.450361954489369,26.06896551724138,0.0,NORMAL,uta,data\raw\uta\normal\normal_026_35ba11a1.mov,group_026,13,3500,3980,29.98555593064633,2.998555593064633,10.0
0.14989271010533392,0.11083644977584538,0.17183078095811471,0.013159132966029335,0.13546473441258644,0.1439782145145484,0.15754137058339268,0.16940887988174216,0.06099433118226934,0.0009936935897168512,0.5172413793103449,6,2.000963401804994,0.6253010630640606,8,0.8271877498109332,0.016070050629777052,0.0,0.03066561451340977,0.007076682822223607,0.02187079284001555,0.022322591483438663,0.025425852191829187,0.03066561451340977,-2.161785198626361e-05,0.0,0,0,0.0,0.0,9.32687685194688,3.1034482758620694,0.0,NORMAL,uta,data\raw\uta\normal\normal_026_35ba11a1.mov,group_026,14,3990,5310,29.98555593064633,2.998555593064633,10.0
0.15638608312505473,0.13430260445030434,0.17676947503232598,0.009731363691580218,0.14470637556276494,0.1505806056826326,0.1634629217310094,0.167186980053987,0.04246687058202164,-0.0005649170923927784,0.2413793103448276,6,2.000963401804994,1.1672286510529133,2,0.2067969374527333,0.017660122412495108,0.009319781867466254,0.02796997635943635,0.005070955622586703,0.022086305214969307,0.02236798987737494,0.02264260793853076,0.018650194491970095,1.5827694963751842e-05,0.0,0,0,0.0,0.0,8.854821311606603,1.4482758620689655,0.0,NORMAL,uta,data\raw\uta\normal\normal_026_35ba11a1.mov,group_026,15,5320,5730,29.98555593064633,2.998555593064633,10.0
0.14630431062040183,0.10600858048620428,0.203094494785538,0.018251329731960347,0.12673266933908153,0.13744130008752617,0.1546571277405751,0.16252354769528154,0.09708591429933373,-0.000482894280592015,0.5517241379310345,6,2.000963401804994,1.3339756012033295,4,0.4135938749054666,0.01630544578057254,0.0,0.02851764495897764,0.006374657312858654,0.02128044950231881,0.026820872526142497,0.027738560731287464,0.02851764495897764,-9.622404159150791e-05,0.0,0,0,0.0,0.0,8.97217656067691,3.310344827586207,0.0,NORMAL,uta,data\raw\uta\normal\normal_026_35ba11a1.mov,group_026,16,5740,7950,29.98555593064633,2.998555593064633,10.0
0.1568973647865,0.1366708113583232,0.1808571806197775,0.00930828381669823,0.14372740577102217,0.15104414357085091,0.16202769472538397,0.16521648525233038,0.044186369261454306,-1.840670200132962e-05,0.2413793103448276,2,0.6669878006016647,0.3890762170176378,6,0.6203908123581999,0.013079118063206547,0.0,0.02106126788605241,0.005656567345041424,0.019372788525658838,0.020876691009955158,0.020982777828190118,0.02106126788605241,-0.0004026654247287916,0.0,0,0,0.0,0.0,11.995103104446837,0.4827586206896552,0.0,NORMAL,uta,data\raw\uta\normal\normal_026_35ba11a1.mov,group_026,17,7960,8780,29.98555593064633,2.998555593064633,10.0
0.1583776793745894,0.12880067127344563,0.17756434277519034,0.012993463099706979,0.1391373004120263,0.15288378819206222,0.17181638065503047,0.1731838959365437,0.04876367150174471,-8.592581287010733e-05,0.20689655172413793,2,0.6669878006016647,0.4001926803609988,5,0.5169923436318333,0.011673928029269398,0.0,0.02521765349303447,0.0040817198919225256,0.012715403551192732,0.013939634643186828,0.01789322678004705,0.02521765349303447,7.69954398803249e-05,0.0,0,0,0.0,0.0,13.56562361476934,0.41379310344827586,0.0,NORMAL,uta,data\raw\uta\normal\normal_026_35ba11a1.mov,group_026,18,8790,9350,29.98555593064633,2.998555593064633,10.0
0.14049700334068158,0.11591325944896541,0.17647256451189103,0.01473402334785127,0.1257040196284834,0.13062553281216885,0.15161529626824957,0.1590010226699819,0.06055930506292562,-0.0006765706709816126,0.6896551724137931,12,4.001926803609988,1.3339756012033295,5,0.5169923436318333,0.011162628652449878,0.0,0.024776471541572212,0.006045596429915026,0.013727641081129461,0.016477548497940978,0.02002247099344125,0.024776471541572212,-0.00040586359621475423,0.0,0,0,0.0,0.0,12.585245148749127,8.275862068965518,0.0,NORMAL,uta,data\raw\uta\normal\normal_026_35ba11a1.mov,group_026,19,9360,9730,29.98555593064633,2.998555593064633,10.0
0.13551394309714462,0.11649298257559332,0.1537175249990118,0.008172448408201041,0.12526662873348812,0.130745042796058,0.1411112728850672,0.1440950392347113,0.037224542423418494,3.77355956585318e-05,0.9310344827586207,23,7.670359706919144,4.502167654061237,2,0.2067969374527333,0.006003823233292524,0.0,0.013999370042521811,0.0051005113237332245,0.010096375546923044,0.010288576177561383,0.010699730464672973,0.013999370042521811,-0.000392747472973197,0.0,0,0,0.0,0.0,22.567515783947652,21.413793103448274,0.0,NORMAL,uta,data\raw\uta\normal\normal_026_35ba11a1.mov,group_026,20,9740,10200,29.98555593064633,2.998555593064633,10.0
0.3857271089006804,0.32007178294834593,0.42705170289967137,0.027085031175739866,0.34627460531678583,0.3671112045050507,0.4046552360007257,0.4124393418199673,0.10697991995132544,0.0022281833075689433,0.0,0,0.0,0.0,0,0.0,0.019848223622874365,0.0,0.03446227583977888,0.016212268178972408,0.03331483023263848,0.03331483023263848,0.03331483023263848,0.03446227583977888,-0.0005168644054292998,0.0,0,0,0.0,0.0,19.432856227997057,0.0,0.0,NORMAL,uta,data\raw\uta\normal\normal_027_7824066d.mp4,group_027,1,10,300,30.174210753027737,3.0174210753027735,10.0
0.3733009603580918,0.29524828729483876,0.43618085356619585,0.03003046904125538,0.3387859597280598,0.36254545156831885,0.3870465642272932,0.4098459740827216,0.14093256627135708,-0.00023942337635077498,0.0,0,0.0,0.0,0,0.0,0.013705749208287458,0.0,0.04559607525875532,0.016930532707802894,0.03331483023263848,0.03344622758397789,0.034473541369279805,0.04559607525875532,-8.470305542960918e-05,0.0,0,0,0.0,0.0,27.23482823574129,0.0,0.0,NORMAL,uta,data\raw\uta\normal\normal_027_7824066d.mp4,group_027,2,310,600,30.174210753027737,3.0174210753027735,10.0
0.2684510065014777,0.048635501561549624,0.3825192344870456,0.08125596166571371,0.17214705603685132,0.2139707049707913,0.3375495420089254,0.3549399939961423,0.333883732925496,0.0020011507850828357,0.1,2,0.6628176678322287,0.4971132508741715,2,0.2011614050201849,0.008187122004098183,0.0,0.037037037037037035,0.014869288227761757,0.0,0.03583644141862273,0.036991499611315516,0.037037037037037035,-0.0006642322309030294,0.0,0,0,0.0,0.0,32.785418483886424,0.2,0.0,NORMAL,uta,data\raw\uta\normal\normal_027_7824066d.mp4,group_027,3,610,900,30.174210753027737,3.0174210753027735,10.0
0.31313203278181045,0.2822087105972268,0.34230806745703285,0.01586286452778739,0.2925384950996995,0.30396656331342026,0.32296560299877025,0.33456280995924176,0.06009935685980605,-0.0003812349637622362,0.0,0,0.0,0.0,0,0.0,0.004597018390061595,0.0,0.034482758620689655,0.011720143685095207,0.0,0.034464324117869954,0.034482758620689655,0.034482758620689655,0.00041413946518230755,0.0,0,0,0.0,0.0,68.10151813629778,0.0,0.0,NORMAL,uta,data\raw\uta\normal\normal_027_7824066d.mp4,group_027,4,910,1200,30.174210753027737,3.0174210753027735,10.0
0.27979160493536687,0.1542853760009681,0.3364350225994006,0.04182286317650911,0.23951564015648366,0.24643660970528808,0.31471257754512866,0.3221967288477986,0.18214964659843252,-0.003184614624898075,0.0,0,0.0,0.0,0,0.0,0.0022988505747126436,0.0,0.034482758620689655,0.008601511233963082,0.0,0.0,0.018965517241379213,0.034482758620689655,0.00016876989758735764,0.0,0,0,0.0,0.0,121.6564276008782,0.0,0.0,NORMAL,uta,data\raw\uta\normal\normal_027_7824066d.mp4,group_027,5,1210,1500,30.174210753027737,3.0174210753027735,10.0
0.29434131700017213,0.2194750614102069,0.32732044938782334,0.02670208539659372,0.2533854813632588,0.2897924836513778,0.3120592217933077,0.31305437357321514,0.10784538797761645,-5.2596962079907205e-05,0.0,0,0.0,0.0,0,0.0,0.0023399014778325124,0.0,0.03571428571428571,0.00875655312398567,0.0,0.0,0.018965517241379213,0.03571428571428571,-0.0004375414390373545,0.0,0,0,0.0,0.0,125.73844725524657,0.0,0.0,NORMAL,uta,data\raw\uta\normal\normal_027_7824066d.mp4,group_027,6,1510,1800,30.174210753027737,3.0174210753027735,10.0
0.3111443044619793,0.19324605980891452,0.36171598546613837,0.03548982090412747,0.2597302421009547,0.3041914948115864,0.3315908004532434,0.33776698772996017,0.16846992565722385,0.00017824108820876897,0.0,0,0.0,0.0,0,0.0,0.005952380952380951,0.0,0.03571428571428571,0.013309928437498748,0.0,0.03571428571428571,0.03571428571428571,0.03571428571428571,0.0005164468457015732,0.0,0,0,0.0,0.0,52.263462887847375,0.0,0.0,NORMAL,uta,data\raw\uta\normal\normal_027_7824066d.mp4,group_027,7,1810,2100,30.174210753027737,3.0174210753027735,10.0
0.24197453611562356,0.11396022567080479,0.3283697161992561,0.050257096467418674,0.18098198147549627,0.2199687569696915,0.26816037322902136,0.29892238059468695,0.21440949052845132,-0.003266626305698541,0.06666666666666667,1,0.33140883391611436,0.33140883391611436,2,0.2011614050201849,0.007412397651274385,0.0,0.038461538461538464,0.014833196083335847,0.0,0.03701419816259594,0.03780488382232908,0.038461538461538464,0.00022014199652385267,0.0,0,0,0.0,0.0,32.64016683012106,0.06666666666666667,0.0,NORMAL,uta,data\raw\uta\normal\normal_027_7824066d.mp4,group_027,8,2110,2400,30.174210753027737,3.0174210753027735,10.0
0.2438324002020777,0.21177624965940273,0.2774013821859454,0.019391893297876196,0.21866714293308911,0.2274246172907862,0.26087508429826317,0.2685423773050912,0.06562513252654267,-8.730924003738756e-05,0.0,0,0.0,0.0,0,0.0,0.007234081372012406,0.0,0.037037037037037035,0.014474517135063798,0.0,0.03584656084656085,0.037037037037037035,0.037037037037037035,0.0002861741613611507,0.0,0,0,0.0,0.0,33.701403987700665,0.0,0.0,NORMAL,uta,data\raw\uta\normal\normal_027_7824066d.mp4,group_027,9,2410,2700,30.174210753027737,3.0174210753027735,10.0
0.270122050479718,0.08821621827824618,0.31305437357321514,0.04564720637837074,0.23787928418581836,0.2684158545865634,0.29601771220526707,0.30862095671599055,0.22483815529496898,-0.0013423923079904333,0.03333333333333333,1,0.33140883391611436,0.33140883391611436,1,0.10058070251009245,0.0011904761904761904,0.0,0.03571428571428571,0.006410910484683931,0.0,0.0,0.0,0.03571428571428571,-0.00018274273001747985,0.0,0,0,0.0,0.0,226.71208425219132,0.03333333333333333,0.0,NORMAL,uta,data\raw\uta\normal\normal_027_7824066d.mp4,group_027,10,2710,3000,30.174210753027737,3.0174210753027735,10.0
0.2476485602586184,0.17528243658050552,0.30473701068456915,0.039698849333776036,0.1860851954034526,0.2259120499251288,0.28403329023295043,0.29428307607030973,0.12945457410406364,0.002146583309452531,0.0,0,0.0,0.0,0,0.0,0.007454890788224121,0.0,0.038461538461538464,0.014911671718614919,0.0,0.037037037037037035,0.037037037037037035,0.038461538461538464,0.0002513080377374037,0.0,0,0,0.0,0.0,33.215153935698204,0.0,0.0,NORMAL,uta,data\raw\uta\normal\normal_027_7824066d.mp4,group_027,11,3010,3300,30.174210753027737,3.0174210753027735,10.0
0.30602880702377033,0.2793877515554986,0.3272239246517501,0.012035716652033472,0.29175868580236086,0.29786813160215586,0.31295784883714195,0.31859718214617805,0.04783617309625149,0.000170470331886336,0.0,0,0.0,0.0,0,0.0,0.015312236230382113,0.0,0.05050762722761054,0.019071193936997823,0.03569153051241249,0.03584656084656085,0.04444586164185242,0.05050762722761054,0.0006273396012524639,0.0,0,0,0.0,0.0,19.98459387811155,0.0,0.0,NORMAL,uta,data\raw\uta\normal\normal_027_7824066d.mp4,group_027,12,3310,3600,30.174210753027737,3.0174210753027735,10.0
0.2477157140266988,0.07472461616735893,0.331317483251824,0.07957197503785361,0.13101626615939574,0.21110661421083177,0.3168635687894341,0.3221967288477986,0.25659286708446505,-0.0063710210178391175,0.16666666666666666,3,0.994226501748343,0.5523480565268573,3,0.30174210753027736,0.005952380952380951,0.0,0.03571428571428571,0.013309928437498744,0.0,0.03571428571428571,0.03571428571428571,0.03571428571428571,-0.000309868107420944,0.0,0,0,0.0,0.0,41.60924960255218,0.5,0.0,NORMAL,uta,data\raw\uta\normal\normal_027_7824066d.mp4,group_027,13,3610,3900,30.174210753027737,3.0174210753027735,10.0
0.1984748731257268,0.09691957974769094,0.26482737573386506,0.04069361258850012,0.14688448141373436,0.17632064286334417,0.2189866500613598,0.2544024706906123,0.1679077959861741,-0.0003568391016333973,0.16666666666666666,3,0.994226501748343,0.8285220847902859,2,0.2011614050201849,0.0011467015269229692,0.0,0.034401045807689073,0.0061751767070729715,0.0,0.0,0.0,0.034401045807689073,-0.00013010406645844595,0.0,0,0,0.0,0.0,172.9324815467009,0.5,0.0,NORMAL,uta,data\raw\uta\normal\normal_027_7824066d.mp4,group_027,14,3910,4200,30.174210753027737,3.0174210753027735,10.0
0.24790260433865863,0.20931309609253462,0.27629803749406634,0.01805000640265446,0.22381391210774615,0.23662391917459316,0.2608351402275704,0.2708146520186962,0.06698494140153172,0.0012728219782250313,0.0,0,0.0,0.0,0,0.0,0.0011467015269229692,0.0,0.034401045807689073,0.0061751767070729715,0.0,0.0,0.0,0.034401045807689073,-8.418498417899445e-05,0.0,0,0,0.0,0.0,215.99919362597245,0.0,0.0,NORMAL,uta,data\raw\uta\normal\normal_027_7824066d.mp4,group_027,15,4210,4500,30.174210753027737,3.0174210753027735,10.0
0.2863288672844808,0.23485997484651744,0.3272239246517501,0.022183700761346424,0.2624901642492717,0.26990242753914256,0.3062020935648837,0.3184162141195168,0.09236394980523266,0.001841864020077462,0.0,0,0.0,0.0,0,0.0,0.012864335636614791,0.0,0.035623524993954825,0.01691083334268469,0.03446227583977888,0.035623524993954825,0.035623524993954825,0.035623524993954825,0.0005289310989851225,0.0,0,0,0.0,0.0,22.255841228859033,0.0,0.0,NORMAL,uta,data\raw\uta\normal\normal_027_7824066d.mp4,group_027,16,4510,4800,30.174210753027737,3.0174210753027735,10.0
0.27743463137169594,0.10469092662989954,0.35103039009007386,0.06469572107473806,0.18853232741159337,0.22988749565659908,0.3253671276102127,0.33577515485674836,0.24633946346017432,-0.005060834745716053,0.06666666666666667,1,0.33140883391611436,0.33140883391611436,2,0.2011614050201849,0.00925511082780147,0.0,0.035623524993954825,0.015350299116433683,0.025800784355766805,0.034401045807689073,0.035073409360135234,0.035623524993954825,0.0010014405907608362,0.0,0,0,0.0,0.0,29.973131970114146,0.06666666666666667,0.0,NORMAL,uta,data\raw\uta\normal\normal_027_7824066d.mp4,group_027,17,4810,5100,30.174210753027737,3.0174210753027735,10.0
0.24914454117203957,0.16779911165055084,0.3170430724450314,0.038254292226390325,0.20247067254489706,0.2134345148952398,0.27837236256754094,0.29344813897982736,0.14924396079448055,0.0002940378492393962,0.0,0,0.0,0.0,0,0.0,0.008234739221644395,0.0,0.035623524993954825,0.014928883275532231,0.0,0.035623524993954825,0.035623524993954825,0.035623524993954825,0.0007732222495256478,0.0,0,0,0.0,0.0,30.251630663251376,0.0,0.0,NORMAL,uta,data\raw\uta\normal\normal_027_7824066d.mp4,group_027,18,5110,5400,30.174210753027737,3.0174210753027735,10.0
0.24959252275134355,0.11847862380271429,0.3297303426312869,0.05041188087012291,0.1832442709694719,0.2189866500613598,0.29427151382228195,0.30957112360095657,0.21125171882857263,0.003531890381979344,0.03333333333333333,1,0.33140883391611436,0.33140883391611436,1,0.10058070251009245,0.0024209124423356125,0.0,0.036935842757655886,0.009059649218619688,0.0,0.0,0.019630341781826766,0.036935842757655886,-0.0003228705568756674,0.0,0,0,0.0,0.0,103.05596452968578,0.03333333333333333,0.0,NORMAL,uta,data\raw\uta\normal\normal_027_7824066d.mp4,group_027,19,5410,5700,30.174210753027737,3.0174210753027735,10.0
0.26611730242687737,0.13907856860961249,0.31295784883714195,0.04644817758721663,0.18866948211990212,0.25481577616855683,0.29643934688426216,0.3082305955270157,0.17387928022752946,-0.00023089298875500616,0.06666666666666667,2,0.6628176678322287,0.6628176678322287,1,0.10058070251009245,0.006882250162607475,0.0,0.03446227583977888,0.013764504108211693,0.0,0.034401045807689073,0.034401045807689073,0.03446227583977888,-0.0006275744129616453,0.0,0,0,0.0,0.0,38.66157645592068,0.13333333333333333,0.0,NORMAL,uta,data\raw\uta\normal\normal_027_7824066d.mp4,group_027,20,5710,6000,30.174210753027737,3.0174210753027735,10.0
0.15363095283029518,0.13642081316087923,0.1643830475004881,0.006795899951679741,0.14596848459109477,0.14821581498021114,0.15829474324720988,0.16331081152618104,0.02796223433960887,0.00010155619501335409,0.3103448275862069,6,2.0020000000000002,0.75075,4,0.4133797237245513,0.06622881230648367,0.0,0.11457747588556838,0.030104053597954067,0.08770580193070292,0.10063889133570696,0.1031142978494498,0.11457747588556838,0.002458156117282503,0.0,0,0,0.0,0.0,2.319664626548477,1.8620689655172415,0.0,NORMAL,uta,data\raw\uta\normal\normal_028_772d3996.mp4,group_028,1,10,290,29.97002997002997,2.9970029970029968,10.0
0.16400271028117397,0.12011481115709835,0.1824490002385369,0.013033868531886593,0.14994986038477146,0.15812571496530767,0.17251837845313978,0.17823902362914346,0.06233418908143856,0.0007536272100760105,0.10344827586206896,1,0.33366666666666667,0.33366666666666667,3,0.31003479279341345,0.06561214783070793,0.015712514148020575,0.12021870846773064,0.02650276516967415,0.08589337397965942,0.09949151824107236,0.10687223945609302,0.10450619431971006,-0.0020935227246879316,0.034482758620689655,1,1,0.33366666666666667,0.33366666666666667,2.499540346765961,0.10344827586206896,0.004145472705783815,NORMAL,uta,data\raw\uta\normal\normal_028_772d3996.mp4,group_028,2,300,580,29.97002997002997,2.9970029970029968,10.0
0.16565435097714695,0.12229436438062363,0.18072953223655644,0.010346775536527577,0.15954520557186755,0.16239747249384723,0.17264688262378744,0.17539353376539013,0.05843516785593281,-0.00031379112993929246,0.034482758620689655,1,0.33366666666666667,0.33366666666666667,1,0.10334493093113782,0.06044536811981373,0.010637695937359757,0.13229326797216243,0.02924307807133799,0.07769935060708123,0.10235023047301935,0.11042889949533735,0.12165557203480266,-0.00042802572311506073,0.034482758620689655,1,1,0.33366666666666667,0.33366666666666667,2.7405178529303083,0.034482758620689655,0.0045618368266262905,NORMAL,uta,data\raw\uta\normal\normal_028_772d3996.mp4,group_028,3,590,870,29.97002997002997,2.9970029970029968,10.0
0.17095451846470447,0.15425675352698634,0.18184862813424918,0.00606299552646917,0.1645687017296333,0.16725226049464398,0.17507269316648988,0.17984928200855338,0.02759187460726284,-2.2233287286613266e-05,0.0,0,0.0,0.0,0,0.0,0.06032731980948996,0.011110425303554916,0.10596477568324794,0.025879846199121488,0.08127127300011637,0.09180751894115545,0.10154515302256993,0.09485435037969303,0.0014643080570898783,0.0,0,0,0.0,0.0,2.8337357812145205,0.0,0.0,NORMAL,uta,data\raw\uta\normal\normal_028_772d3996.mp4,group_028,4,880,1160,29.97002997002997,2.9970029970029968,10.0
0.1724944604620624,0.1618425498848703,0.1962915711699163,0.007645562255978808,0.16359031908553762,0.1670375872204049,0.17845220980698523,0.18193026377372176,0.03444902128504601,0.0004066401022149061,0.0,0,0.0,0.0,0,0.0,0.08563429127207214,0.025701930775859652,0.1256138675717444,0.02042078264649066,0.10061539042374908,0.11165977085460917,0.11241380802514248,0.09991193679588474,8.178777641248602e-05,0.034482758620689655,1,1,0.33366666666666667,0.33366666666666667,2.0142917470091826,0.0,0.004331512674887738,NORMAL,uta,data\raw\uta\normal\normal_028_772d3996.mp4,group_028,5,1170,1450,29.97002997002997,2.9970029970029968,10.0
0.16836818212456886,0.15699341747405782,0.1802471877806321,0.0066612327072237375,0.16035077569554157,0.16312043345833577,0.17309030742596732,0.17874696387360245,0.023253770306574273,0.00027279192544210764,0.0,0,0.0,0.0,0,0.0,0.0907159828248338,0.05860554840483033,0.13529881549204828,0.018824897364295462,0.10130755867207357,0.11648301670213394,0.12495135164999889,0.07669326708721795,0.00033089493611938094,0.10344827586206896,2,2,0.6673333333333333,0.5005000000000001,1.8559720228975476,0.0,0.013996429188832581,NORMAL,uta,data\raw\uta\normal\normal_028_772d3996.mp4,group_028,6,1460,1740,29.97002997002997,2.9970029970029968,10.0
0.17099507060138128,0.15980540472344607,0.184050832198315,0.0065034294914067155,0.1629375171439486,0.16612612432335372,0.17659581380832556,0.1787480413720275,0.024245427474868936,0.00024294823116142577,0.0,0,0.0,0.0,0,0.0,0.10824882053007895,0.07913162923130998,0.1461348289206789,0.015438790790553538,0.11588680712710873,0.125081032102162,0.13250396660831895,0.06700319968936891,-0.000463170180265753,0.2413793103448276,6,2,0.6673333333333333,0.38927777777777783,1.5796337561027878,0.0,0.035273924222232834,NORMAL,uta,data\raw\uta\normal\normal_028_772d3996.mp4,group_028,7,1750,2030,29.97002997002997,2.9970029970029968,10.0
0.17456433475466418,0.12877912439401443,0.18824254704442062,0.011096771739429573,0.1663417523011248,0.1740415592700662,0.1799244609162673,0.18267011012178383,0.05946342265040619,-0.0007575563331825734,0.034482758620689655,1,0.33366666666666667,0.33366666666666667,1,0.10334493093113782,0.09592015474131063,0.06611698402498065,0.13222615718914643,0.01581321856078874,0.11084825029549532,0.11334421365757526,0.12144213200784962,0.06610917316416579,6.668772087451248e-06,0.06896551724137931,2,1,0.33366666666666667,0.33366666666666667,1.8198731575474254,0.034482758620689655,0.009119045323389408,NORMAL,uta,data\raw\uta\normal\normal_028_772d3996.mp4,group_028,8,2040,2320,29.97002997002997,2.9970029970029968,10.0
0.16872837999712417,0.14032245014634806,0.18085552057780294,0.009874349401259294,0.1553354500828674,0.16602421864299047,0.17507379142092697,0.17969400035450545,0.040533070431454876,0.0005310786772942973,0.06896551724137931,1,0.33366666666666667,0.33366666666666667,2,0.20668986186227564,0.09902328890248323,0.05424488844247643,0.13894551749866493,0.021425463940343288,0.1133045508542831,0.12217036086681524,0.13210541161774986,0.0847006290561885,0.00027878473671975965,0.13793103448275862,3,2,0.6673333333333333,0.4448888888888889,1.7039090294633055,0.06896551724137931,0.019164898965333094,NORMAL,uta,data\raw\uta\normal\normal_028_772d3996.mp4,group_028,9,2330,2610,29.97002997002997,2.9970029970029968,10.0
0.15033647187739424,0.09333364259692492,0.18845550855075394,0.026314981562090774,0.11196763244530983,0.13415080759932943,0.1673477310793292,0.1790532353481933,0.09512186595382902,0.00027869527609289976,0.3448275862068966,5,1.6683333333333334,0.8341666666666667,4,0.4133797237245513,0.07437417653520804,0.02197669508322329,0.15559172862960913,0.03415755941655745,0.09157370929912602,0.1152959620024942,0.13033773534036164,0.13361503354638585,-0.0023952120152895624,0.10344827586206896,1,3,1.0010000000000001,1.0010000000000001,2.021325916533822,1.7241379310344829,0.01609569606513198,NORMAL,uta,data\raw\uta\normal\normal_028_772d3996.mp4,group_028,10,2620,3070,29.97002997002997,2.9970029970029968,10.0
0.15516111452986447,0.09988306960886492,0.1893646906485844,0.02071205393231862,0.12774677494544345,0.14573473593666647,0.168180188590255,0.17584321742651585,0.08948162103971949,0.0006453395007327086,0.3103448275862069,3,1.0010000000000001,0.75075,4,0.4133797237245513,0.07762659887423524,0.03312945782245396,0.1325807478763052,0.029922077219395517,0.09635776080707811,0.12454278294637444,0.12510717747136058,0.09945129005385123,-0.00022320986183193197,0.13793103448275862,3,2,0.6673333333333333,0.4448888888888889,1.9987880184371225,0.9310344827586208,0.01828699970707658,NORMAL,uta,data\raw\uta\normal\normal_028_772d3996.mp4,group_028,11,3080,3430,29.97002997002997,2.9970029970029968,10.0
0.16307970720381296,0.12589032295726177,0.18656532091738187,0.013474966107349903,0.14722088218485704,0.15856260914804712,0.16895671358857223,0.17730522758693823,0.0606749979601201,-0.0005081644739850044,0.1724137931034483,2,0.6673333333333333,0.41708333333333336,4,0.4133797237245513,0.0827486067335447,0.04657744991457534,0.1711209889570279,0.02837758212316489,0.093895678820765,0.10885611519749724,0.1379530029455286,0.12454353904245256,4.296019703691209e-05,0.10344827586206896,3,1,0.33366666666666667,0.33366666666666667,1.9707611146592237,0.3448275862068966,0.01770217127141668,NORMAL,uta,data\raw\uta\normal\normal_028_772d3996.mp4,group_028,12,3440,3790,29.97002997002997,2.9970029970029968,10.0
0.1544843160914742,0.1140471670468357,0.17060221942301323,0.016194965483750524,0.12824291942889382,0.14660002167166936,0.16504217345707647,0.17005743696510442,0.05655505237617753,-0.0005282487995898245,0.3103448275862069,4,1.3346666666666667,0.75075,4,0.4133797237245513,0.07363797382134152,0.031369359849565445,0.11860679762132648,0.02324073504538699,0.0917385182448851,0.1039590249987418,0.1124900108178753,0.08723743777176103,0.0002467998997548371,0.0,0,0,0.0,0.0,2.0978607940175107,1.2413793103448276,0.0,NORMAL,uta,data\raw\uta\normal\normal_028_772d3996.mp4,group_028,13,3800,4180,29.97002997002997,2.9970029970029968,10.0
0.1537005457851407,0.11222741745757617,0.17755597943149884,0.013865640976505054,0.13702521998872289,0.14385752912850108,0.16505090334880468,0.1677597817092715,0.06532856197392267,7.74953318550878e-05,0.3793103448275862,4,1.3346666666666667,0.6117222222222223,6,0.6200695855868269,0.0679512549912778,0.009916556173432378,0.13990703385891978,0.03183817794096463,0.08914113982805238,0.10119680959023798,0.11329413785297131,0.1299904776854874,-0.0005859113146868132,0.034482758620689655,1,1,0.33366666666666667,0.33366666666666667,2.261890290541048,1.5172413793103448,0.004824380477893786,NORMAL,uta,data\raw\uta\normal\normal_028_772d3996.mp4,group_028,14,4200,4600,29.97002997002997,2.9970029970029968,10.0
0.16005069089018156,0.14099979500773874,0.17719581487124897,0.009743617545418977,0.1487797789954022,0.1514807181797697,0.16842199611099495,0.17176203144126523,0.03619601986351023,-0.00020185256534333265,0.13793103448275862,1,0.33366666666666667,0.33366666666666667,4,0.4133797237245513,0.08842258106999049,0.023722272266019126,0.18061194438487543,0.041256854734457796,0.11623507346909806,0.13836423121424252,0.14840029299307125,0.1568896721188563,0.0020447460767768558,0.2413793103448276,4,2,0.6673333333333333,0.5839166666666668,1.8100453403204244,0.13793103448275862,0.04359598657565959,NORMAL,uta,data\raw\uta\normal\normal_028_772d3996.mp4,group_028,15,4610,4990,29.97002997002997,2.9970029970029968,10.0
0.1612932536962594,0.09549628741624375,0.19105081783458572,0.021381530181282478,0.1376031359237622,0.15397286491253037,0.17798550258130147,0.1818301851286004,0.09555453041834197,0.0009057173074709116,0.2413793103448276,2,0.6673333333333333,0.38927777777777783,6,0.6200695855868269,0.08868335598060065,0.021972715840335277,0.15814239682843528,0.035324814765269295,0.112893667497853,0.1306822180744957,0.1507143323493491,0.1361696809881,0.0005385073341042747,0.13793103448275862,4,1,0.33366666666666667,0.33366666666666667,1.8187340023255247,0.4827586206896552,0.021812744390129004,NORMAL,uta,data\raw\uta\normal\normal_028_772d3996.mp4,group_028,16,5010,5450,29.97002997002997,2.9970029970029968,10.0
0.16816017448797846,0.1366150569772492,0.18707680310550634,0.013028653173153501,0.15052729293509595,0.15967088963264148,0.17804754285131535,0.18064586916990508,0.05046174612825713,0.0003007235643164464,0.10344827586206896,1,0.33366666666666667,0.33366666666666667,3,0.31003479279341345,0.06987828814198908,0.011493493650809091,0.1192003406668397,0.025469003253573194,0.08360908136201373,0.10666141071204524,0.11127811769053135,0.1077068470160306,-0.0006608086790876006,0.0,0,0,0.0,0.0,2.406438001290032,0.10344827586206896,0.0,NORMAL,uta,data\raw\uta\normal\normal_028_772d3996.mp4,group_028,17,5470,5870,29.97002997002997,2.9970029970029968,10.0
0.14664395633718394,0.10170674502229793,0.18493937934002933,0.019689133503950126,0.12166134319407361,0.13119283447992205,0.16017543781926818,0.17014292667486547,0.0832326343177314,-0.0009929483465450286,0.5172413793103449,8,2.6693333333333333,1.2512500000000002,4,0.4133797237245513,0.09185057194853183,0.011229577231219767,0.18917222372122622,0.04250236938345158,0.11256579987082013,0.15375934118222961,0.17501086509118352,0.17794264649000646,0.001448190568015558,0.1724137931034483,4,2,0.6673333333333333,0.41708333333333336,1.596531809160049,4.137931034482759,0.03261590064159073,NORMAL,uta,data\raw\uta\normal\normal_028_772d3996.mp4,group_028,18,5890,6430,29.97002997002997,2.9970029970029968,10.0
0.1493477200812743,0.07396071872471038,0.18487204876257696,0.0335429418717772,0.09762032600411724,0.12759232773111778,0.17542241923772917,0.17987539532164,0.11091133003786657,0.001610081915767526,0.3793103448275862,9,3.003,1.2234444444444446,3,0.31003479279341345,0.080393151117671,0.03707774827443014,0.18180173190197418,0.03411301374128195,0.08844775024088793,0.1256012210237038,0.14098498528551937,0.14472398362754404,0.0003186077835708756,0.13793103448275862,4,1,0.33366666666666667,0.33366666666666667,1.8576938496766715,3.413793103448276,0.02507610095199644,NORMAL,uta,data\raw\uta\normal\normal_028_772d3996.mp4,group_028,19,6440,6930,29.97002997002997,2.9970029970029968,10.0
0.16376227062234963,0.08048709445712002,0.20408279402576515,0.03525688562772047,0.09180638406533224,0.15516288017969987,0.18886064270979405,0.19467108434534997,0.12359569956864513,0.0005685521832346033,0.20689655172413793,1,0.33366666666666667,0.33366666666666667,6,0.6200695855868269,0.07935681634810256,0.0,0.1653654603853596,0.040739726045115006,0.11623507346909806,0.13061754597137804,0.13223327204080249,0.1653654603853596,-0.0025822348186287387,0.20689655172413793,4,2,0.6673333333333333,0.5005000000000001,2.0635934575619808,0.20689655172413793,0.03421354352800543,NORMAL,uta,data\raw\uta\normal\normal_028_772d3996.mp4,group_028,20,6940,7420,29.97002997002997,2.9970029970029968,10.0
0.17926919147900927,0.1347764002770267,0.2150906750930028,0.023438956817890353,0.1423274855039039,0.15936892539469594,0.19911822610620813,0.20503315309621195,0.08031427481597611,-0.001035515304335908,0.13793103448275862,3,1.0010382543521839,0.6673588362347893,2,0.20668196327624846,0.049266819149953504,0.024325212770525996,0.11940527815934569,0.02148868386528031,0.05866136913244332,0.07234377253941765,0.09008071029306246,0.09508006538881969,6.289210242366956e-05,0.0,0,0,0.0,0.0,3.63866707664446,0.41379310344827586,0.0,SONOLENTO,uta,data\raw\uta\drowsiness\drowsy_001_e59b09fc.mov,group_001,1,90,370,29.968884675056024,2.9968884675056024,10.0
0.16079166823254856,0.11389974717584515,0.1985412055821119,0.024267249333080488,0.12955367915173854,0.13774735306374514,0.18030185371529797,0.18753714003817185,0.08464145840626676,-0.0017561894233157392,0.3448275862068966,3,1.0010382543521839,0.5561323635289911,6,0.6200458898287454,0.034682024187805395,0.0,0.10431851677040117,0.024539472320484076,0.04292992258153532,0.059967041303853615,0.08232276021780344,0.10431851677040117,-0.0007858985129564667,0.0,0,0,0.0,0.0,4.636033679239631,1.0344827586206897,0.0,SONOLENTO,uta,data\raw\uta\drowsiness\drowsy_001_e59b09fc.mov,group_001,2,380,720,29.968884675056024,2.9968884675056024,10.0
0.1525320208429932,0.12659921119645615,0.17279888612102318,0.01347914660467236,0.13379538905931007,0.1419883571425811,0.16427221399089825,0.16738554221240706,0.04619967492456703,0.0003826347094996414,0.41379310344827586,3,1.0010382543521839,0.4449058908231928,9,0.9300688347431181,0.04133692392024418,0.0,0.08400692245562727,0.020511613809887724,0.05624450764046926,0.05977145071770895,0.06781265794595252,0.08400692245562727,0.0014464854254455251,0.0,0,0,0.0,0.0,3.6898810191165548,1.2413793103448276,0.0,SONOLENTO,uta,data\raw\uta\drowsiness\drowsy_001_e59b09fc.mov,group_001,3,730,1020,29.968884675056024,2.9968884675056024,10.0
0.14993060649704895,0.11569366425188984,0.17113208058107432,0.013613450728161345,0.12983832515824173,0.1455667932235266,0.1605188897792616,0.16681491697693981,0.055438416329184476,0.00019992349828082807,0.5172413793103449,4,1.3347176724695786,0.5561323635289911,9,0.9300688347431181,0.04554447984875603,0.018748169213489752,0.07892647245526889,0.016764566456484786,0.05854285441882235,0.060553854104950726,0.06489069019234905,0.06017830324177914,-0.0004716673503140793,0.0,0,0,0.0,0.0,3.2918877349613425,2.0689655172413794,0.0,SONOLENTO,uta,data\raw\uta\drowsiness\drowsy_001_e59b09fc.mov,group_001,4,1030,1330,29.968884675056024,2.9968884675056024,10.0
0.15124576427838968,0.10754328146999517,0.17633778551177304,0.013408806383906914,0.1390326931973108,0.14188210164897513,0.16038382185996874,0.16807137433141425,0.06879450404177787,0.0005231265099452955,0.4827586206896552,5,1.6683970905869732,0.7785853089405875,6,0.6200458898287454,0.04120054028023019,0.01905885887736274,0.06759748542031267,0.013934835217402316,0.04363526735912024,0.06101340836368513,0.06573116227328969,0.048538626542949936,1.1725097438491649e-07,0.0,0,0,0.0,0.0,3.670876458736719,2.413793103448276,0.0,SONOLENTO,uta,data\raw\uta\drowsiness\drowsy_001_e59b09fc.mov,group_001,5,1340,1620,29.968884675056024,2.9968884675056024,10.0
0.15974202380850377,0.11606807267144953,0.20220328967929474,0.024362836374976004,0.11781973953182305,0.13799472088259493,0.17725062845425762,0.18131362481323415,0.08613521700784521,-0.00020552663902316588,0.27586206896551724,7,2.3357559268217627,1.3347176724695786,2,0.20668196327624846,0.03942474978012111,0.0,0.06901919797078633,0.019319222269972843,0.04633404945734292,0.062395392475697684,0.06632021922702294,0.06901919797078633,0.0007855228882968502,0.0,0,0,0.0,0.0,4.051718095391744,1.9310344827586206,0.0,SONOLENTO,uta,data\raw\uta\drowsiness\drowsy_001_e59b09fc.mov,group_001,6,1630,1950,29.968884675056024,2.9968884675056024,10.0
0.16383292341463798,0.12810131473899333,0.19690217634144558,0.017713014165053734,0.14074245025159368,0.15102981348002842,0.17452360618440538,0.1875381570062117,0.06880086160245225,-0.0003912650865942177,0.2413793103448276,5,1.6683970905869732,0.7785853089405875,3,0.3100229449143727,0.05334555935218026,0.0,0.1015346165133619,0.023340269609589046,0.06744357203898076,0.08527492808190307,0.08552580353332392,0.1015346165133619,-0.0017787368589898304,0.0,0,0,0.0,0.0,3.071105717110173,1.206896551724138,0.0,SONOLENTO,uta,data\raw\uta\drowsiness\drowsy_001_e59b09fc.mov,group_001,7,1960,2240,29.968884675056024,2.9968884675056024,10.0
0.16334253451769182,0.13956610039237677,0.19338506188296317,0.012677168933743904,0.14920486636982716,0.15280240308523468,0.17414714726019864,0.17746848066994833,0.0538189614905864,-0.0007605199348474083,0.13793103448275862,1,0.33367941811739465,0.33367941811739465,4,0.41336392655249693,0.03632402641459954,0.0,0.05872202195147035,0.015268760155925785,0.046494029387639225,0.048981549010043215,0.057349037088572294,0.05872202195147035,0.0012237030044081618,0.0,0,0,0.0,0.0,4.496694170387228,0.13793103448275862,0.0,SONOLENTO,uta,data\raw\uta\drowsiness\drowsy_001_e59b09fc.mov,group_001,8,2250,2530,29.968884675056024,2.9968884675056024,10.0
0.15116981722369416,0.08388180686528401,0.18533362508297724,0.023413266074066207,0.12444865488000471,0.14406648254180415,0.16417535747161044,0.17382167487778222,0.10145181821769322,0.0009080041635382019,0.41379310344827586,5,1.6683970905869732,0.6673588362347893,6,0.6200458898287454,0.06293168260624568,0.0,0.5362585146501714,0.11958621244341928,0.043314808182421,0.10421462151755721,0.3316294476900914,0.5362585146501714,-0.005709130811835613,0.10344827586206896,1,3,1.0010382543521839,1.0010382543521839,2.4020876111308733,2.0689655172413794,0.05547501875691428,SONOLENTO,uta,data\raw\uta\drowsiness\drowsy_001_e59b09fc.mov,group_001,9,2540,2860,29.968884675056024,2.9968884675056024,10.0
0.15784262461409587,0.12281062533769765,0.19281315320861953,0.01572128982031898,0.13972385080358563,0.14940191394741897,0.1661040098553369,0.17963924057968192,0.07000252787092187,-3.913268594302473e-05,0.27586206896551724,2,0.6673588362347893,0.4449058908231928,6,0.6200458898287454,0.022970593103003926,0.0,0.046494029387639225,0.012277281137128702,0.030628194591584446,0.03130354305725289,0.03973097247785222,0.046494029387639225,-8.572402660300704e-06,0.0,0,0,0.0,0.0,6.8712093195423725,0.5517241379310345,0.0,SONOLENTO,uta,data\raw\uta\drowsiness\drowsy_001_e59b09fc.mov,group_001,10,2870,3150,29.968884675056024,2.9968884675056024,10.0
0.15315701927992192,0.12127591073079172,0.17251157077174334,0.01058921138189675,0.14210487701168034,0.14648209297729103,0.15911940294222604,0.1672194939393411,0.05123566004095162,0.00012797010303752156,0.4482758620689655,4,1.3347176724695786,0.6196903479323044,7,0.7233868714668696,0.03140504834706555,0.0,0.05996253511966892,0.011537294295692566,0.032009219983223994,0.048640991700709964,0.049495247447034894,0.05996253511966892,0.00023365401508214712,0.0,0,0,0.0,0.0,4.876672721999178,1.793103448275862,0.0,SONOLENTO,uta,data\raw\uta\drowsiness\drowsy_001_e59b09fc.mov,group_001,11,3160,3440,29.968884675056024,2.9968884675056024,10.0
0.13591449831784058,0.08372202195147035,0.15876174722191166,0.018887112274050898,0.11180988446647185,0.12659867818859444,0.149087131253151,0.15530133261708415,0.07503972527044131,0.00043895960217511413,0.7586206896551724,6,2.0020765087043677,1.2234911997637803,6,0.6200458898287454,0.04773692335718732,0.0,0.18550353712241643,0.04887082255297747,0.048427427764128735,0.13378717056858788,0.16944622760837025,0.18550353712241643,-0.0009051469503724855,0.13793103448275862,2,2,0.6673588362347893,0.6673588362347893,2.8470969987716814,4.551724137931034,0.025586694775505715,SONOLENTO,uta,data\raw\uta\drowsiness\drowsy_001_e59b09fc.mov,group_001,12,3450,3810,29.968884675056024,2.9968884675056024,10.0
0.15144326910117148,0.11527542467876559,0.18266910357479954,0.018616014512386096,0.12924226900839914,0.13920538700342344,0.1688551034020142,0.1760025003300475,0.06739367889603395,0.00014359422308908687,0.4827586206896552,4,1.3347176724695786,0.9343023707287049,5,0.5167049081906212,0.03395208938039969,0.01985753676973844,0.0688609723207333,0.014904981594594762,0.04144243370378241,0.0600615617062931,0.06256595344949485,0.04900343555099485,-9.783649744663616e-05,0.0,0,0,0.0,0.0,4.460367874170416,1.9310344827586208,0.0,SONOLENTO,uta,data\raw\uta\drowsiness\drowsy_001_e59b09fc.mov,group_001,13,3820,4130,29.968884675056024,2.9968884675056024,10.0
0.14894459944534394,0.11766126364927564,0.17875033936063084,0.015922615564095077,0.13003492191676053,0.13567314377558876,0.1590189874720349,0.17459041173563827,0.061089075711355204,-0.000822211532557677,0.5172413793103449,5,1.6683970905869732,1.0010382543521839,5,0.5167049081906212,0.04429824709965436,0.020672455764868078,0.07770286898858113,0.01323965324815923,0.04622501635210243,0.06269410481359693,0.06448841570644616,0.05703041322371305,-0.0010091060911534017,0.0,0,0,0.0,0.0,3.36223771727502,2.586206896551724,0.0,SONOLENTO,uta,data\raw\uta\drowsiness\drowsy_001_e59b09fc.mov,group_001,14,4140,4420,29.968884675056024,2.9968884675056024,10.0
0.15098689215761119,0.1317529256391702,0.16978472861821464,0.009791826944673,0.13853075526056305,0.1453202997114073,0.15736439217456744,0.16523395900328444,0.03803180297904443,0.0002715175237540735,0.5517241379310345,4,1.3347176724695786,0.6673588362347893,8,0.8267278531049939,0.047405245485348406,0.020256865075416467,0.06552624114224011,0.009964656427858863,0.04740454631399772,0.06216365055567361,0.0641812049076135,0.045269376066823644,0.0004080817821317501,0.0,0,0,0.0,0.0,3.184957817515329,2.206896551724138,0.0,SONOLENTO,uta,data\raw\uta\drowsiness\drowsy_001_e59b09fc.mov,group_001,15,4430,4710,29.968884675056024,2.9968884675056024,10.0
0.14832075994505914,0.12573079562664027,0.17897830828313882,0.012065726654993005,0.1361841826552046,0.14017426874385883,0.1530676489952992,0.16477115145874519,0.05324751265649855,6.236462916872836e-05,0.6206896551724138,7,2.3357559268217627,1.0010382543521839,6,0.6200458898287454,0.050286155511085374,0.021157210918704518,0.0839772956084863,0.014604827888051567,0.06216365055567361,0.06552624114224011,0.07659687382198778,0.06282008468978179,8.825539941571066e-05,0.0,0,0,0.0,0.0,2.9494760329476795,4.344827586206897,0.0,SONOLENTO,uta,data\raw\uta\drowsiness\drowsy_001_e59b09fc.mov,group_001,16,4790,5110,29.968884675056024,2.9968884675056024,10.0
0.16300242266034282,0.11847651832639178,0.1961163192705142,0.017995256657186463,0.14404131466804412,0.14813753114392036,0.1754025882987163,0.18807269352442946,0.07763980094412243,0.0011094349355843397,0.3103448275862069,3,1.0010382543521839,0.6006229526113104,5,0.5167049081906212,0.06501376678935214,0.0,0.31465838776377636,0.05748680345584837,0.06347163275611355,0.12475636828791573,0.15207507137722825,0.31465838776377636,0.0028260591020830366,0.10344827586206896,1,3,1.0010382543521839,1.0010382543521839,2.5071599993347773,0.9310344827586208,0.032550867699701,SONOLENTO,uta,data\raw\uta\drowsiness\drowsy_001_e59b09fc.mov,group_001,17,5120,5430,29.968884675056024,2.9968884675056024,10.0
0.1648068465224769,0.11150085853324197,0.20880790611546463,0.021447680242254734,0.13624191392771212,0.1531025853027446,0.18188766553156843,0.1902101243358574,0.09730704758222265,0.0002698783311932984,0.2413793103448276,2,0.6673588362347893,0.46715118536435246,5,0.5167049081906212,0.04272293988696157,0.0,0.20143757465606638,0.033985603161584,0.04633404945734292,0.061924196375490216,0.06649713331813346,0.20143757465606638,-0.00048225824500609387,0.034482758620689655,1,1,0.33367941811739465,0.33367941811739465,3.8574824081889605,0.4827586206896552,0.006946123264002289,SONOLENTO,uta,data\raw\uta\drowsiness\drowsy_001_e59b09fc.mov,group_001,18,5440,5810,29.968884675056024,2.9968884675056024,10.0
0.16064830791687837,0.09161166416848515,0.29177458603858514,0.03396827294306838,0.1278918621843749,0.14061920521128668,0.17891613424365196,0.18572035037256543,0.20016292187009999,-0.0011094574913845078,0.3793103448275862,5,1.6683970905869732,0.7340947198582682,5,0.5167049081906212,0.07158321576526142,0.0,0.3196045051117135,0.07746510451314381,0.0584206237836986,0.15261872102137558,0.2521902002675677,0.3196045051117135,0.001207144684091007,0.1724137931034483,2,4,1.3347176724695786,0.8341985452934866,2.244186182658974,1.896551724137931,0.055104225019260954,SONOLENTO,uta,data\raw\uta\drowsiness\drowsy_001_e59b09fc.mov,group_001,19,5820,6590,29.968884675056024,2.9968884675056024,10.0
0.16633655851317802,0.12370031944412199,0.18949098159686165,0.01523425273352812,0.1485721186855415,0.15829461668096934,0.17735564075767524,0.1847424498024308,0.06579066215273965,-0.0004034744660120212,0.13793103448275862,2,0.6673588362347893,0.4449058908231928,3,0.3100229449143727,0.041077254247625344,0.0,0.07974522228289,0.017507614647796273,0.04548274598178804,0.06295416878872144,0.07297943862311392,0.07974522228289,2.2848239659240236e-05,0.0,0,0,0.0,0.0,4.049260650427802,0.27586206896551724,0.0,SONOLENTO,uta,data\raw\uta\drowsiness\drowsy_001_e59b09fc.mov,group_001,20,6600,6880,29.968884675056024,2.9968884675056024,10.0
0.16240382826993974,0.0778039306346148,0.2096205066725429,0.03840016257115038,0.10036389780367044,0.12949144197753776,0.192588142842943,0.19842968773222197,0.1318165760379281,-1.4724739448380802e-05,0.3448275862068966,2,0.6673581990730524,0.556131832560877,6,0.620046481818949,0.023374920375918384,0.0,0.12332085968434338,0.02368957677451579,0.0277296776935901,0.04021904994771617,0.05105250093919011,0.12332085968434338,-0.0011086921039787704,0.034482758620689655,1,1,0.3336790995365262,0.3336790995365262,6.9474838063380115,0.6896551724137931,0.004252443437391151,SONOLENTO,uta,data\raw\uta\drowsiness\drowsy_002_1e22d8f0.mov,group_002,1,10,310,29.968913287915868,2.9968913287915866,10.0
0.16431334285341087,0.13477730222501016,0.18322038596874007,0.011085445322417776,0.15098463928839304,0.15786893258332632,0.1713605873038458,0.17598590647702367,0.04844308374372991,0.0004566226522016399,0.10344827586206896,2,0.6673581990730524,0.5005186493047893,2,0.20668216060631633,0.017694338959163843,0.0,0.02719138713261855,0.0096858407707678,0.02618465060531822,0.026781098567012038,0.02719138713261855,0.02719138713261855,0.00018272926419514627,0.0,0,0,0.0,0.0,9.285684961028583,0.20689655172413793,0.0,SONOLENTO,uta,data\raw\uta\drowsiness\drowsy_002_1e22d8f0.mov,group_002,2,320,600,29.968913287915868,2.9968913287915866,10.0
0.16742347800922125,0.14677488573940928,0.18722574434751513,0.010588492100127609,0.1541096082663462,0.15845888334502442,0.17282494792801636,0.18135685975999347,0.04045085860810585,-0.0004189027299773344,0.06896551724137931,1,0.3336790995365262,0.3336790995365262,2,0.20668216060631633,0.018319271683277828,0.0,0.02772434865007138,0.007015546490108008,0.019227214231343204,0.026189140043946207,0.02679048829714961,0.02772434865007138,0.00017428807740615647,0.0,0,0,0.0,0.0,9.13870061010286,0.06896551724137931,0.0,SONOLENTO,uta,data\raw\uta\drowsiness\drowsy_002_1e22d8f0.mov,group_002,3,610,890,29.968913287915868,2.9968913287915866,10.0
0.17488617349251753,0.16200374364277653,0.20232523867282604,0.009500460109466266,0.16477687520981213,0.16722777329771987,0.1810853303530824,0.186219667533221,0.0403214950300495,-0.0003058021655105576,0.0,0,0.0,0.0,0,0.0,0.01912814548717801,0.0,0.04299335803923478,0.009068681504695534,0.020403914662519312,0.026679476092839632,0.02698814218427373,0.04299335803923478,-0.0003682607915632237,0.0,0,0,0.0,0.0,9.14239340224273,0.0,0.0,SONOLENTO,uta,data\raw\uta\drowsiness\drowsy_002_1e22d8f0.mov,group_002,4,900,1180,29.968913287915868,2.9968913287915866,10.0
0.16956228811375926,0.14949480537036808,0.18569094009038403,0.008527436649401886,0.15708715533105652,0.16526543370205118,0.17705592743464954,0.17932198290194112,0.036196134720015954,-7.9450400850833e-05,0.034482758620689655,1,0.3336790995365262,0.3336790995365262,1,0.10334108030315817,0.012097618672519444,0.0,0.028855492841238065,0.012060858657783618,0.020403914662519312,0.0282650599757095,0.0282786160897032,0.028855492841238065,-0.00042935471924621484,0.0,0,0,0.0,0.0,14.015012184729782,0.034482758620689655,0.0,SONOLENTO,uta,data\raw\uta\drowsiness\drowsy_002_1e22d8f0.mov,group_002,5,1190,1470,29.968913287915868,2.9968913287915866,10.0
0.15729510067148342,0.1185283933804418,0.1799081821367396,0.015371373918883014,0.13749293567115534,0.1517380443887078,0.16506133005801282,0.1763225740936682,0.06137978875629779,-0.0006734327113704294,0.2413793103448276,3,1.0010372986095786,0.5839384241889208,4,0.41336432121263267,0.012736966370532543,0.0,0.02883749003642362,0.011804507733691868,0.02040816326530612,0.026781098567012038,0.027511164043090248,0.02883749003642362,0.0002605290564349469,0.0,0,0,0.0,0.0,12.348525352945119,0.7241379310344828,0.0,SONOLENTO,uta,data\raw\uta\drowsiness\drowsy_002_1e22d8f0.mov,group_002,6,1480,1760,29.968913287915868,2.9968913287915866,10.0
0.16435855280195322,0.1327709801774085,0.1885736418866862,0.012850204755472721,0.14975264646212527,0.15752586062479013,0.17270723971351842,0.18139139680093302,0.05580266170927772,-0.00011976072847311815,0.10344827586206896,2,0.6673581990730524,0.5005186493047893,2,0.20668216060631633,0.021234208023784555,0.0,0.02886150127292031,0.006961085375502852,0.02772434865007138,0.0282786160897032,0.028624742140624118,0.02886150127292031,0.00028137306688029993,0.0,0,0,0.0,0.0,7.739907827503406,0.20689655172413793,0.0,SONOLENTO,uta,data\raw\uta\drowsiness\drowsy_002_1e22d8f0.mov,group_002,7,1770,2050,29.968913287915868,2.9968913287915866,10.0
0.1695229587953181,0.08770010442595261,0.18650768134957926,0.01691835412893551,0.16197798575430689,0.16736543169151152,0.17740788820852504,0.18096226197740092,0.09880757692362666,-0.00042593593150296575,0.034482758620689655,1,0.3336790995365262,0.3336790995365262,1,0.10334108030315817,0.017959511264860138,0.0,0.0282786160897032,0.008864014872077846,0.01999600119960014,0.02772434865007138,0.02772434865007138,0.0282786160897032,-0.0001482463791089651,0.0,0,0,0.0,0.0,9.438648838855212,0.034482758620689655,0.0,SONOLENTO,uta,data\raw\uta\drowsiness\drowsy_002_1e22d8f0.mov,group_002,8,2060,2340,29.968913287915868,2.9968913287915866,10.0
0.17272232598396553,0.11711178924198899,0.19030568684024718,0.014132060530803273,0.157514178356354,0.17256148750187808,0.1792800296057001,0.18147925313079077,0.07319389759825819,-0.00035164059942599497,0.06896551724137931,1,0.3336790995365262,0.3336790995365262,2,0.20668216060631633,0.018480110456649223,0.0,0.027708379934922978,0.008060895279267235,0.01960407493444558,0.026766701541825533,0.02718536078354401,0.027708379934922978,-0.0001129858842023641,0.0,0,0,0.0,0.0,9.34588462035963,0.06896551724137931,0.0,SONOLENTO,uta,data\raw\uta\drowsiness\drowsy_002_1e22d8f0.mov,group_002,9,2350,2640,29.968913287915868,2.9968913287915866,10.0
0.171994179107207,0.13883804674019012,0.18299492200329007,0.008644603828981847,0.164935466955068,0.16961231741056754,0.17502359646725024,0.18258205404132538,0.04415687526309994,-2.719164232713998e-05,0.034482758620689655,1,0.3336790995365262,0.3336790995365262,1,0.10334108030315817,0.017490118132266814,0.0,0.02772434865007138,0.009557424776062012,0.026664296612298865,0.02719138713261855,0.027501582814001203,0.02772434865007138,0.0005680116076559276,0.0,0,0,0.0,0.0,9.83322951720965,0.034482758620689655,0.0,SONOLENTO,uta,data\raw\uta\drowsiness\drowsy_002_1e22d8f0.mov,group_002,10,2650,2930,29.968913287915868,2.9968913287915866,10.0
0.16732656231925414,0.106832034762368,0.18352159887570657,0.015015917106741924,0.15665750816069832,0.16245715438056835,0.18049489892692192,0.18260655039907694,0.07668956411333858,-8.322437695817265e-05,0.06896551724137931,2,0.6673581990730524,0.6673581990730524,1,0.10334108030315817,0.016778101378409037,0.0,0.0282786160897032,0.00916093216899674,0.01960407493444558,0.026884497127472925,0.02771796116401202,0.0282786160897032,8.927001131058344e-05,0.0,0,0,0.0,0.0,9.972319646066751,0.13793103448275862,0.0,SONOLENTO,uta,data\raw\uta\drowsiness\drowsy_002_1e22d8f0.mov,group_002,11,2940,3220,29.968913287915868,2.9968913287915866,10.0
0.16897125622468886,0.12012263100562973,0.18627262416790294,0.011926276537600963,0.16193728001172267,0.1644094441792448,0.17695396160951465,0.18037823103816497,0.06614999316227321,-0.0004556053007967515,0.034482758620689655,1,0.3336790995365262,0.3336790995365262,1,0.10334108030315817,0.016029613709194583,0.0,0.028261670947211076,0.010446174504339434,0.026664296612298865,0.02717933443446947,0.02719138713261855,0.028261670947211076,-0.00047925627274294564,0.0,0,0,0.0,0.0,10.540535708110353,0.034482758620689655,0.0,SONOLENTO,uta,data\raw\uta\drowsiness\drowsy_002_1e22d8f0.mov,group_002,12,3230,3510,29.968913287915868,2.9968913287915866,10.0
0.17162704654819494,0.14678184411724443,0.18830553060477068,0.00891811438715836,0.16157386036569044,0.16592225144331013,0.17792014850981525,0.18121538645085986,0.041523686487526246,-0.00011449230612859045,0.034482758620689655,1,0.3336790995365262,0.3336790995365262,1,0.10334108030315817,0.018400383735950845,0.0,0.02719138713261855,0.008035910821731487,0.01960407493444558,0.0271763212599322,0.0271763212599322,0.02719138713261855,0.00024299762759097702,0.0,0,0,0.0,0.0,9.326855469726802,0.034482758620689655,0.0,SONOLENTO,uta,data\raw\uta\drowsiness\drowsy_002_1e22d8f0.mov,group_002,13,3520,3800,29.968913287915868,2.9968913287915866,10.0
0.171076167018695,0.1565130244436957,0.18775440730952148,0.00855634659614219,0.15686467460786327,0.16704613963065224,0.17863897457874336,0.18120542222619138,0.031241382865825784,0.00010754123459706052,0.0,0,0.0,0.0,0,0.0,0.019794417362905502,0.0,0.02772434865007138,0.007717301275662068,0.026664296612298865,0.02772434865007138,0.02772434865007138,0.02772434865007138,-0.0001846010413607708,0.0,0,0,0.0,0.0,8.642210663326223,0.0,0.0,SONOLENTO,uta,data\raw\uta\drowsiness\drowsy_002_1e22d8f0.mov,group_002,14,3810,4090,29.968913287915868,2.9968913287915866,10.0
0.17576020248151158,0.14948438235635214,0.19028640014497678,0.010066686650725916,0.16285432035469338,0.16961231741056754,0.1830675597374587,0.18781122922741636,0.040802017788624634,0.0006840611918321291,0.034482758620689655,1,0.3336790995365262,0.3336790995365262,1,0.10334108030315817,0.020040366922010968,0.0,0.02772434865007138,0.00778943163597583,0.026678526425610413,0.02719138713261855,0.027194403649660054,0.02772434865007138,-0.000283667930344514,0.0,0,0,0.0,0.0,8.769870995599518,0.034482758620689655,0.0,SONOLENTO,uta,data\raw\uta\drowsiness\drowsy_002_1e22d8f0.mov,group_002,15,4100,4380,29.968913287915868,2.9968913287915866,10.0
0.18028334508339938,0.15930976723305915,0.2075901007490195,0.011941863578810934,0.16662086744810461,0.17183846255707663,0.18953473112658745,0.1952574796536473,0.048280333515960366,-0.00072298337455632,0.0,0,0.0,0.0,0,0.0,0.021888555653514764,0.0,0.03636363636363636,0.00842658786943295,0.026683274761756512,0.02719138713261855,0.027501582814001203,0.03636363636363636,0.00024400491997146324,0.0,0,0,0.0,0.0,8.236044072208092,0.0,0.0,SONOLENTO,uta,data\raw\uta\drowsiness\drowsy_002_1e22d8f0.mov,group_002,16,4390,4670,29.968913287915868,2.9968913287915866,10.0
0.16537035992164315,0.13543064589800402,0.18705411734972877,0.011847998052404878,0.15162259802095385,0.15915856679773294,0.17481303461970008,0.17661248058372148,0.051623471451724745,0.00010889040227769356,0.10344827586206896,1,0.3336790995365262,0.3336790995365262,3,0.3100232409094745,0.02041426602032005,0.0,0.04218245406095978,0.00855647710066749,0.026678526425610413,0.02719138713261855,0.02719138713261855,0.04218245406095978,-0.0002062039503458986,0.0,0,0,0.0,0.0,8.100328438387432,0.10344827586206896,0.0,SONOLENTO,uta,data\raw\uta\drowsiness\drowsy_002_1e22d8f0.mov,group_002,17,4680,4960,29.968913287915868,2.9968913287915866,10.0
0.16838518062644192,0.157225960206491,0.18174460258776148,0.007414090548514537,0.15873043762440234,0.16182900184952886,0.1747294774936275,0.1792800296057001,0.024518642381270495,9.059667461119255e-06,0.0,0,0.0,0.0,0,0.0,0.017500415025767123,0.0,0.02772434865007138,0.00955639337935113,0.026678526425610413,0.02719138713261855,0.027501582814001203,0.02772434865007138,2.4929716004632664e-05,0.0,0,0,0.0,0.0,9.621232361985042,0.0,0.0,SONOLENTO,uta,data\raw\uta\drowsiness\drowsy_002_1e22d8f0.mov,group_002,18,4970,5250,29.968913287915868,2.9968913287915866,10.0
0.1567758436265236,0.141766459826014,0.1714090912252266,0.007715242268478354,0.14870555564536111,0.151554216496139,0.16249558751857968,0.16737265406024893,0.02964263139921261,-0.0004079722383864967,0.1724137931034483,2,0.6673581990730524,0.41709887442065774,4,0.41336432121263267,0.018559694046976487,0.0,0.02772434865007138,0.008149054142697326,0.01999600119960014,0.027297979436109114,0.02772434865007138,0.02772434865007138,4.860679139558328e-06,0.0,0,0,0.0,0.0,8.44665847245417,0.3448275862068966,0.0,SONOLENTO,uta,data\raw\uta\drowsiness\drowsy_002_1e22d8f0.mov,group_002,19,5260,5540,29.968913287915868,2.9968913287915866,10.0
0.15663532326988808,0.0878764878815251,0.21356141020485786,0.029994346184588093,0.12085609093453073,0.13715251269482737,0.16628658865210666,0.20011682553281226,0.12568492232333275,0.0008718697417770926,0.41379310344827586,7,2.3357536967556833,0.8008298388876628,5,0.5167054015157908,0.021478169909532212,0.0,0.05752237416355278,0.013476171007324811,0.02719138713261855,0.03845585046245682,0.040694087821191244,0.05752237416355278,0.0008288489599243852,0.0,0,0,0.0,0.0,7.292429080342397,2.896551724137931,0.0,SONOLENTO,uta,data\raw\uta\drowsiness\drowsy_002_1e22d8f0.mov,group_002,20,5550,5870,29.968913287915868,2.9968913287915866,10.0
0.2842567650784686,0.24607317406676357,0.31649194253450164,0.020525691926054197,0.25355068998520003,0.2715870592185032,0.29880468671434224,0.31510485576530434,0.07041876846773806,-0.0009691530467852609,0.0,0,0.0,0.0,0,0.0,0.006447665665497611,0.0,0.027767067240353285,0.011434825477015376,0.0,0.02630668208823282,0.02713176880604112,0.027767067240353285,-2.8463760879236802e-05,0.0,0,0,0.0,0.0,44.07993526464423,0.0,0.0,SONOLENTO,uta,data\raw\uta\drowsiness\drowsy_003_1392d11e.mov,group_003,1,10,290,29.995130660607046,2.999513066060705,10.0
0.23930330519922205,0.08205633886825767,0.27927326252552076,0.03756564059390197,0.22335191929946657,0.2276394470861021,0.25866642222083636,0.266182343163164,0.1972169236572631,0.00047563047290742627,0.034482758620689655,1,0.33338744588744584,0.33338744588744584,1,0.10343148503657602,0.01359280166968026,0.0,0.026279416561381837,0.013131894002104634,0.026279416561381837,0.026279416561381837,0.026279416561381837,0.026279416561381837,-0.000634330744585078,0.0,0,0,0.0,0.0,17.60385438997292,0.034482758620689655,0.0,SONOLENTO,uta,data\raw\uta\drowsiness\drowsy_003_1392d11e.mov,group_003,2,300,580,29.995130660607046,2.999513066060705,10.0
0.2329551638594619,0.1326246131153881,0.2719604480363409,0.033585174414990496,0.19247162245941168,0.22471674788596466,0.2571517102029962,0.2650335459081644,0.1393358349209528,0.0009664985322702647,0.06896551724137931,1,0.33338744588744584,0.33338744588744584,2,0.20686297007315205,0.011203350745290079,0.0,0.037164707312358325,0.013482050557626427,0.026234161806670223,0.026421059050605513,0.027005348411749064,0.037164707312358325,4.75153889263299e-06,0.0,0,0,0.0,0.0,20.791491551385807,0.06896551724137931,0.0,SONOLENTO,uta,data\raw\uta\drowsiness\drowsy_003_1392d11e.mov,group_003,3,590,870,29.995130660607046,2.999513066060705,10.0
0.21747967812208557,0.11389477873129009,0.25954102157039605,0.03444013204340248,0.187065828341842,0.2122902421663529,0.2405519694091301,0.24749474910976768,0.14564624283910596,0.00035337890010265664,0.06896551724137931,1,0.33338744588744584,0.33338744588744584,2,0.20686297007315205,0.008294464013016176,0.0,0.036155076303109365,0.012506035491659373,0.025607375986579195,0.0256326007925508,0.026037049569960013,0.036155076303109365,0.0001224125762939098,0.0,0,0,0.0,0.0,26.21669840057704,0.06896551724137931,0.0,SONOLENTO,uta,data\raw\uta\drowsiness\drowsy_003_1392d11e.mov,group_003,4,880,1160,29.995130660607046,2.999513066060705,10.0
0.2135629770792899,0.07227807469662788,0.30458829248293506,0.053707703018706934,0.1495154102680126,0.1836312546340594,0.25171017225191955,0.27473982992438595,0.23231021778630717,0.002780283507261918,0.10344827586206896,2,0.6667748917748917,0.5000811688311688,2,0.20686297007315205,0.00899161146724544,0.0,0.041576537496303176,0.01366651621202296,0.025607375986579195,0.028524895269256473,0.02955847622826969,0.041576537496303176,0.000279477294420333,0.0,0,0,0.0,0.0,23.748716138484205,0.20689655172413793,0.0,SONOLENTO,uta,data\raw\uta\drowsiness\drowsy_003_1392d11e.mov,group_003,5,1170,1450,29.995130660607046,2.999513066060705,10.0
0.254422220529825,0.1436651184043238,0.28815230665221914,0.045013851118404516,0.15821300168960664,0.26048540393413866,0.2808213292396766,0.2852907511900447,0.14448718824789533,0.00016378273975482468,0.06896551724137931,1,0.33338744588744584,0.33338744588744584,2,0.20686297007315205,0.00945601883973636,0.0,0.041522739926869986,0.014266587426767183,0.02855977389887699,0.029399051601892736,0.029406679464286507,0.041522739926869986,0.0006055888712160232,0.0,0,0,0.0,0.0,26.90300451351514,0.06896551724137931,0.0,SONOLENTO,uta,data\raw\uta\drowsiness\drowsy_003_1392d11e.mov,group_003,6,1460,1740,29.995130660607046,2.999513066060705,10.0
0.178858853376793,0.05068571302178369,0.2782951559821021,0.053546549654833527,0.12816801116153062,0.15237523526556596,0.2098024507635701,0.2604115772153858,0.22760944296031838,-0.002927129239669559,0.2413793103448276,6,2.0003246753246753,1.1668560606060605,2,0.20686297007315205,0.015264824084206294,0.0,0.04038961958610097,0.014898046794783166,0.02855977389887699,0.029368619100966685,0.029399051601892736,0.04038961958610097,7.570748527427359e-05,0.0,0,0,0.0,0.0,11.716292051461322,1.4482758620689655,0.0,SONOLENTO,uta,data\raw\uta\drowsiness\drowsy_003_1392d11e.mov,group_003,7,1750,2030,29.995130660607046,2.999513066060705,10.0
0.15871694729777797,0.049237925713980446,0.23806567843538817,0.03369635833372909,0.134840210470346,0.1456070974603732,0.17011277484181947,0.19817111417440655,0.18882775272140773,-0.001378559192288674,0.27586206896551724,3,1.0001623376623376,0.8890331890331888,3,0.3102944551097281,0.014505183774801736,0.0,0.029411764705882353,0.014020771731746736,0.027767067240353285,0.02855977389887699,0.029063340520686435,0.029411764705882353,3.951590391190911e-05,0.0,0,0,0.0,0.0,10.941330246586322,0.8275862068965517,0.0,SONOLENTO,uta,data\raw\uta\drowsiness\drowsy_003_1392d11e.mov,group_003,8,2040,2320,29.995130660607046,2.999513066060705,10.0
0.2348472217362103,0.05192250626074092,0.3217108174623815,0.0520876224365775,0.19614697551383026,0.21765942350955253,0.2655869648343908,0.2851738325893353,0.2697883112016406,0.0032344344412464487,0.10344827586206896,2,0.6667748917748917,0.5000811688311688,2,0.20686297007315205,0.006148588919974928,0.0,0.03219113899898252,0.012049556524244555,0.0,0.029399051601892736,0.029399051601892736,0.03219113899898252,0.0005141802176367834,0.0,0,0,0.0,0.0,38.18909276575967,0.20689655172413793,0.0,SONOLENTO,uta,data\raw\uta\drowsiness\drowsy_003_1392d11e.mov,group_003,9,2330,2610,29.995130660607046,2.999513066060705,10.0
0.24431685350979016,0.13220057205178412,0.26760205397848713,0.026705132496203033,0.22964522340572358,0.233871075096155,0.2650503200784293,0.26642775046558204,0.135401481926703,0.0011087463393540653,0.034482758620689655,1,0.33338744588744584,0.33338744588744584,1,0.10343148503657602,0.016317367717862172,0.0,0.02855977389887699,0.013727251736301432,0.028524895269256473,0.02855977389887699,0.02855977389887699,0.02855977389887699,-0.00030353872201296044,0.0,0,0,0.0,0.0,14.971892883769227,0.034482758620689655,0.0,SONOLENTO,uta,data\raw\uta\drowsiness\drowsy_003_1392d11e.mov,group_003,10,2620,2900,29.995130660607046,2.999513066060705,10.0
0.2527456852093119,0.07593137918939405,0.307617521122104,0.04248753866990162,0.22029740710193585,0.24626826240472421,0.27365496229803643,0.28153909518833736,0.23168614193270995,0.0004847374719084598,0.034482758620689655,1,0.33338744588744584,0.33338744588744584,1,0.10343148503657602,0.011667357260387659,0.0,0.04034029375505465,0.015157999005911001,0.02855977389887699,0.02940159422269066,0.035334931921904504,0.04034029375505465,0.0007009948949404437,0.0,0,0,0.0,0.0,21.660777054482725,0.034482758620689655,0.0,SONOLENTO,uta,data\raw\uta\drowsiness\drowsy_003_1392d11e.mov,group_003,11,2910,3190,29.995130660607046,2.999513066060705,10.0
0.2677719242389247,0.23217173233298538,0.28659894935995,0.012296756881381418,0.2544942185637267,0.2601835048021952,0.2782951559821021,0.280412461948894,0.054427217026964625,-0.0005638402370521222,0.0,0,0.0,0.0,0,0.0,0.013975619640490359,0.0,0.04038961958610097,0.014635461588674655,0.027767067240353285,0.02855977389887699,0.02855977389887699,0.04038961958610097,8.42991013553466e-05,0.0,0,0,0.0,0.0,19.15856130642546,0.0,0.0,SONOLENTO,uta,data\raw\uta\drowsiness\drowsy_003_1392d11e.mov,group_003,12,3200,3480,29.995130660607046,2.999513066060705,10.0
0.26692768523359756,0.22910677584131633,0.3219484692321259,0.020469078242655262,0.2472703730032347,0.2527191004900747,0.2814695588841179,0.2898936145287177,0.09284169339080955,-0.00010278018252883009,0.0,0,0.0,0.0,0,0.0,0.0038549668814215343,0.0,0.028524895269256473,0.009638210854081987,0.0,0.02774142129707982,0.027767067240353285,0.028524895269256473,-0.0001324560394474447,0.0,0,0,0.0,0.0,69.22457931879136,0.0,0.0,SONOLENTO,uta,data\raw\uta\drowsiness\drowsy_003_1392d11e.mov,group_003,13,3490,3770,29.995130660607046,2.999513066060705,10.0
0.2597929818166204,0.19321009718963036,0.286304759002896,0.02064428915990968,0.23068955511502565,0.2590625334463459,0.2729300383519766,0.27513142713920496,0.09309466181326562,0.000312264664546227,0.0,0,0.0,0.0,0,0.0,0.00997573123819759,0.0,0.04034029375505465,0.015160556594663954,0.028524895269256473,0.030692464524628947,0.03925042865823469,0.04034029375505465,-0.0002561894568910231,0.0,0,0,0.0,0.0,26.03988978092939,0.0,0.0,SONOLENTO,uta,data\raw\uta\drowsiness\drowsy_003_1392d11e.mov,group_003,14,3780,4060,29.995130660607046,2.999513066060705,10.0
0.24044044135853368,0.2190138375961433,0.2600890661417776,0.0095859353955731,0.22873830347417148,0.23500624565843714,0.2458016869221117,0.25152265781233785,0.041075228545634335,7.518560034036255e-05,0.0,0,0.0,0.0,0,0.0,0.0156928255182076,0.0,0.02855977389887699,0.01414660060124661,0.028524895269256473,0.02855977389887699,0.02855977389887699,0.02855977389887699,0.00035714925202427007,0.0,0,0,0.0,0.0,15.320703105790264,0.0,0.0,SONOLENTO,uta,data\raw\uta\drowsiness\drowsy_003_1392d11e.mov,group_003,15,4070,4350,29.995130660607046,2.999513066060705,10.0
0.22887162933885963,0.09465134084977635,0.2722881027983814,0.037810488675281424,0.1851261460788064,0.22552219318549088,0.2525794701781787,0.26565178779883497,0.17763676194860506,0.002387564556338722,0.034482758620689655,1,0.33338744588744584,0.33338744588744584,1,0.10343148503657602,0.00962456010852736,0.0,0.04038961958610097,0.014617695525084693,0.027767067240353285,0.02855977389887699,0.03565768131121135,0.04038961958610097,7.365088487280987e-05,0.0,0,0,0.0,0.0,23.777486895136676,0.034482758620689655,0.0,SONOLENTO,uta,data\raw\uta\drowsiness\drowsy_003_1392d11e.mov,group_003,16,4360,4640,29.995130660607046,2.999513066060705,10.0
0.2528876836553128,0.217394026732753,0.2858740254138902,0.016915725882317083,0.2318217140224617,0.24139537857255144,0.2657731265928682,0.27083972281242474,0.06847999868113719,-0.0007425586656688335,0.0,0,0.0,0.0,0,0.0,0.0043826698529186,0.0,0.041522739926869986,0.011154279873276211,0.0,0.028524895269256473,0.028524895269256473,0.041522739926869986,-0.00031945072577872405,0.0,0,0,0.0,0.0,57.68857877993319,0.0,0.0,SONOLENTO,uta,data\raw\uta\drowsiness\drowsy_003_1392d11e.mov,group_003,17,4650,4930,29.995130660607046,2.999513066060705,10.0
0.24063945930957487,0.17930421129219742,0.2803795906021269,0.017707157923276616,0.23034182077053728,0.23168933088693955,0.2456431898288266,0.2594471305881824,0.10107537930992949,-0.00011317894332175744,0.0,0,0.0,0.0,0,0.0,0.00973765633534671,0.0,0.02855977389887699,0.01342434303557111,0.027767067240353285,0.02855977389887699,0.02855977389887699,0.02855977389887699,7.012559070545174e-05,0.0,0,0,0.0,0.0,24.709718776723605,0.0,0.0,SONOLENTO,uta,data\raw\uta\drowsiness\drowsy_003_1392d11e.mov,group_003,18,4940,5220,29.995130660607046,2.999513066060705,10.0
0.22291476398355597,0.17716897892156083,0.26577443465620226,0.018579165886989803,0.2003657213178096,0.21731449483297366,0.23543152607484652,0.2385709542083477,0.08860545573464143,0.0006924343560842617,0.0,0,0.0,0.0,0,0.0,0.009847289337154615,0.0,0.029361010975735173,0.01357516663192947,0.02855977389887699,0.02855977389887699,0.02855977389887699,0.029361010975735173,-0.0006842420320853444,0.0,0,0,0.0,0.0,22.634871534751323,0.0,0.0,SONOLENTO,uta,data\raw\uta\drowsiness\drowsy_003_1392d11e.mov,group_003,19,5230,5510,29.995130660607046,2.999513066060705,10.0
0.24139003536891437,0.17224041411595623,0.2977277028184011,0.03218036775747722,0.2006278621033469,0.22075402942336414,0.27123270195834204,0.2800516865225057,0.12548728870244488,0.002442427068869683,0.0,0,0.0,0.0,0,0.0,0.004841763029020244,0.0,0.029399051601892736,0.010613142508599125,0.0,0.027735009811261455,0.028208941086058464,0.029399051601892736,-0.00012580535234051662,0.0,0,0,0.0,0.0,49.84551875084228,0.0,0.0,SONOLENTO,uta,data\raw\uta\drowsiness\drowsy_003_1392d11e.mov,group_003,20,5520,5800,29.995130660607046,2.999513066060705,10.0
0.15933560710067723,0.07604813373981693,0.18416407707557741,0.02005983411302393,0.14117772329311892,0.16049644189038215,0.16811911246943817,0.17346891595547004,0.10811594333576048,-0.0001291667457162406,0.2,2,0.8,0.5,4,0.4,0.020805666371932957,0.0,0.0705970299356093,0.013047376882185307,0.024845199749997663,0.03481085365025833,0.036768682594597424,0.0705970299356093,-0.0004901162589355091,0.0,0,0,0.0,0.0,7.657911375731586,0.4,0.0,SONOLENTO,uta,data\raw\uta\drowsiness\drowsy_004_a12cc63d.mp4,group_004,1,10,250,25.0,2.5,10.0
0.14963009373490851,0.049283805928564225,0.16688174348291174,0.022312954441940543,0.14303132130400298,0.1482799198322297,0.16054530619249596,0.16368398502899462,0.11759793755434751,0.0004791851361895336,0.28,2,0.8,0.5599999999999999,5,0.5,0.024685246345683417,0.011108368642573443,0.04530611756506097,0.008636096820921093,0.03260676950576199,0.035230170481195776,0.03580494629264119,0.03419774892248753,0.0004007422266128133,0.0,0,0,0.0,0.0,6.061273619311204,0.56,0.0,SONOLENTO,uta,data\raw\uta\drowsiness\drowsy_004_a12cc63d.mp4,group_004,2,260,500,25.0,2.5,10.0
0.1522150398516159,0.09467655410221441,0.17347457385435905,0.016901162681036502,0.1330454200756794,0.14444108960960947,0.16312807261125695,0.16939154867183218,0.07879801975214464,0.0003355239907339657,0.32,4,1.6,0.8,4,0.4,0.020857602567243335,0.011360702676647077,0.03633841844327302,0.0068370284761770095,0.025403303457146677,0.026000087403213006,0.0336233317099446,0.02497771576662594,-0.00032488279151387633,0.0,0,0,0.0,0.0,7.297470641233498,1.28,0.0,SONOLENTO,uta,data\raw\uta\drowsiness\drowsy_004_a12cc63d.mp4,group_004,3,510,760,25.0,2.5,10.0
0.1491914478595588,0.03933304742439241,0.1766048474175507,0.031422507509727374,0.12734832770236432,0.14954463009519775,0.1662385425900848,0.17118589995335468,0.13727179999315828,-0.00019112681578730084,0.28,2,0.8,0.5599999999999999,5,0.5,0.0215272637028866,0.010750202576038455,0.046853473018382504,0.010576116604188255,0.025999032853966413,0.03487001010132227,0.042580210917855944,0.03610327044234405,0.0009243235826943082,0.0,0,0,0.0,0.0,6.930026959840452,0.56,0.0,SONOLENTO,uta,data\raw\uta\drowsiness\drowsy_004_a12cc63d.mp4,group_004,4,770,1010,25.0,2.5,10.0
0.15554276771589082,0.12571548842494173,0.17447874499758778,0.010110986715773235,0.14500055575808668,0.15086298427983844,0.15951762712951006,0.16835761152985784,0.048763256572646047,0.0004496350633791198,0.16,2,0.8,0.5333333333333333,3,0.3,0.027160414553765534,0.010986357920167639,0.050220196095182544,0.010327924128424726,0.03333127591066475,0.041539374136215744,0.04621416074384772,0.039233838175014905,0.0006149730313162709,0.0,0,0,0.0,0.0,5.726607773243794,0.32,0.0,SONOLENTO,uta,data\raw\uta\drowsiness\drowsy_004_a12cc63d.mp4,group_004,5,1020,1260,25.0,2.5,10.0
0.15514040846963412,0.0689470132613579,0.17638623113430713,0.0206508518483958,0.1391335618328811,0.15352835616943356,0.16628834350837407,0.17358480876891605,0.10743921787294923,0.0006469952368714801,0.2,3,1.2,1.0,2,0.2,0.019724283215850083,0.010638297872340425,0.04649905549752771,0.010491124507723444,0.02404235184171725,0.03502165389361203,0.036434134083617294,0.035860757625187284,-0.0005777374384234101,0.0,0,0,0.0,0.0,7.865053534185626,0.6000000000000001,0.0,SONOLENTO,uta,data\raw\uta\drowsiness\drowsy_004_a12cc63d.mp4,group_004,6,1270,1510,25.0,2.5,10.0
0.1711338844604661,0.12379889338353815,0.18577175703829632,0.014504189886955956,0.16516152802475476,0.17016194710929583,0.17784579638530013,0.18190364140560047,0.06197286365475817,0.0010593091935824142,0.08,2,0.8,0.8,1,0.1,0.01019338456575136,0.0,0.022216737285146886,0.005721411702112118,0.013991146405601559,0.015565808116970423,0.016137490418305752,0.022216737285146886,2.86379618405616e-05,0.0,0,0,0.0,0.0,16.78707364399422,0.16,0.0,SONOLENTO,uta,data\raw\uta\drowsiness\drowsy_004_a12cc63d.mp4,group_004,7,1520,1760,25.0,2.5,10.0
0.16447799733483368,0.06835267674191453,0.19657165625831136,0.024345575963066263,0.143620004875485,0.16328599501464397,0.17613123345534784,0.18065580959229938,0.12821897951639682,0.00010235192710701878,0.16,2,0.8,0.5333333333333333,3,0.3,0.013346201455234963,0.0,0.04003944287905198,0.008226010867893237,0.01570960559016737,0.02114904393764348,0.027475676504309064,0.04003944287905198,-0.000606076334417403,0.0,0,0,0.0,0.0,12.323032501343048,0.32,0.0,SONOLENTO,uta,data\raw\uta\drowsiness\drowsy_004_a12cc63d.mp4,group_004,8,1780,2020,25.0,2.5,10.0
0.17183571157345529,0.1609850590619705,0.18539716563914996,0.006587908041695576,0.1640928406382344,0.16748789095657748,0.17606007368902143,0.181870125648621,0.02441210657717946,-5.4286406006546595e-05,0.0,0,0.0,0.0,0,0.0,0.01678934100038947,0.010521071133233962,0.04419177633188392,0.007771477974826843,0.015881020420107105,0.025006437740668363,0.03015897253730106,0.03367070519864995,-5.3904068309219505e-05,0.0,0,0,0.0,0.0,10.234200220797742,0.0,0.0,SONOLENTO,uta,data\raw\uta\drowsiness\drowsy_004_a12cc63d.mp4,group_004,9,2030,2270,25.0,2.5,10.0
0.1660292081667823,0.059319044524724994,0.18687773129644386,0.024216725441104214,0.15024135855310697,0.16496266619016237,0.1763873921509665,0.18195398969551646,0.12755868677171886,-0.0010174170860164102,0.12,3,1.2,1.2,1,0.1,0.01161523290535441,0.0,0.022466238252069216,0.005340661590910461,0.015203082281291769,0.015709413121232953,0.020155117442408957,0.022466238252069216,5.8571797283737585e-05,0.0,0,0,0.0,0.0,14.292861508506125,0.36,0.0,SONOLENTO,uta,data\raw\uta\drowsiness\drowsy_004_a12cc63d.mp4,group_004,10,2280,2530,25.0,2.5,10.0
0.15727491193509935,0.05131853292426422,0.188231318697831,0.0321607749943068,0.14682949391459604,0.15390181325665503,0.17193650761585427,0.17641813792894914,0.13691278577356678,0.0013034872685838582,0.2,2,0.8,0.6666666666666667,3,0.3,0.024174356605446323,0.011104943410879493,0.0409695284268964,0.007538972696191365,0.025118017965166415,0.035368478616781836,0.03618228797307651,0.029864585016016906,-0.00010646734754190981,0.0,0,0,0.0,0.0,6.50558808715433,0.4,0.0,SONOLENTO,uta,data\raw\uta\drowsiness\drowsy_004_a12cc63d.mp4,group_004,11,2540,2780,25.0,2.5,10.0
0.15247613579286565,0.054294488366751735,0.17712908195145727,0.033770477908027736,0.10794982897587344,0.15818228735601036,0.16900398910354553,0.17453210379764142,0.12283459358470553,0.0005324847122931515,0.16,2,0.8,0.5333333333333333,3,0.3,0.019820576822605646,0.011108368642573443,0.034370552926110236,0.00710079566375473,0.02271407752217724,0.03038093580972098,0.03400555789957375,0.023262184283536793,0.00018769289981923943,0.0,0,0,0.0,0.0,7.692432199388559,0.32,0.0,SONOLENTO,uta,data\raw\uta\drowsiness\drowsy_004_a12cc63d.mp4,group_004,12,2790,3030,25.0,2.5,10.0
0.15532428849650792,0.04977141909490135,0.17842004953460716,0.029008285071628878,0.13744754814399113,0.15786477741057095,0.16785984992967146,0.1761133033384908,0.1286486304397058,-0.00031419539620849144,0.16,2,0.8,0.5333333333333333,3,0.3,0.017050108268743803,0.0,0.026290312595252576,0.005804147707617036,0.022209886821758985,0.02261933851280418,0.024866923836376165,0.026290312595252576,-0.00020612057497268306,0.0,0,0,0.0,0.0,9.109336827168656,0.32,0.0,SONOLENTO,uta,data\raw\uta\drowsiness\drowsy_004_a12cc63d.mp4,group_004,13,3040,3280,25.0,2.5,10.0
0.16043367710375947,0.0677615544393421,0.17394628819253366,0.02133718184907512,0.14839695338790332,0.16162560964782535,0.17068506974868614,0.17326042748994977,0.10618473375319155,0.00040485639509729585,0.12,2,0.8,0.6,2,0.2,0.018581845191553193,0.0,0.03141921118033474,0.006607178017911936,0.024831408353014926,0.024839067403921285,0.02484274647093028,0.03141921118033474,-0.00031416630049240255,0.0,0,0,0.0,0.0,8.633429135850756,0.24,0.0,SONOLENTO,uta,data\raw\uta\drowsiness\drowsy_004_a12cc63d.mp4,group_004,14,3290,3530,25.0,2.5,10.0
0.14829825394856855,0.060803833993085504,0.1720472311772462,0.03253816838146842,0.0943274810516603,0.1466396264375584,0.16607139493865625,0.16818831882649674,0.11124339718416071,0.0003282426269490418,0.28,3,1.2,0.9333333333333333,3,0.3,0.0171739153536376,0.0,0.031869840242379974,0.006618822959354825,0.02243653128423514,0.02483600378355874,0.02529439181948476,0.031869840242379974,0.00017520638619986244,0.0,0,0,0.0,0.0,8.634584269852565,0.8400000000000001,0.0,SONOLENTO,uta,data\raw\uta\drowsiness\drowsy_004_a12cc63d.mp4,group_004,15,3540,3780,25.0,2.5,10.0
0.15746877652276847,0.12624198496644765,0.1795930908183312,0.011683477842514622,0.14191801989483777,0.15005316606640262,0.16300597934192385,0.1705374163002837,0.053351105851883546,0.00035007136756972593,0.24,3,1.2,0.8,3,0.3,0.023562101637030493,0.0,0.056543103820618994,0.013468255751689317,0.032895804720135084,0.04112837897851446,0.04566655556703019,0.056543103820618994,0.0008088335578338107,0.0,0,0,0.0,0.0,6.682854360535417,0.72,0.0,SONOLENTO,uta,data\raw\uta\drowsiness\drowsy_004_a12cc63d.mp4,group_004,16,3790,4040,25.0,2.5,10.0
0.16143728611898975,0.13990507257371593,0.1805663988589284,0.008805811874654066,0.151179181870762,0.15621198660430013,0.16573906933762128,0.17012191308998353,0.04066132628521246,0.00014212189140959695,0.08,1,0.4,0.4,2,0.2,0.06421653361107069,0.009608280525301098,0.1194294958409981,0.029890780837735945,0.08376071728854746,0.10635773880063054,0.11633015935038239,0.109821215315697,0.0009290159550847608,0.0,0,0,0.0,0.0,2.5139128995006903,0.08,0.0,SONOLENTO,uta,data\raw\uta\drowsiness\drowsy_004_a12cc63d.mp4,group_004,17,4050,4290,25.0,2.5,10.0
0.14974991753512712,0.05072043685596579,0.1841002737207868,0.030511000953508196,0.1214853114488299,0.13607635932014356,0.17319549664157965,0.1780910495677584,0.13337983686482102,0.0008741679747288605,0.4,5,2.0,1.0,4,0.4,0.026926207157166284,0.0,0.12583775664652802,0.027416202298204875,0.03296504262483494,0.052629243696201505,0.08456776443117255,0.12583775664652802,-0.0015045422743412125,0.04,1,1,0.4,0.4,5.561286644436623,2.0,0.005033510265861121,SONOLENTO,uta,data\raw\uta\drowsiness\drowsy_004_a12cc63d.mp4,group_004,18,4310,4570,25.0,2.5,10.0
0.16164433009135667,0.14303407842520388,0.17235990779426363,0.00812303852261841,0.15209648261448924,0.15452712739285412,0.16807103068585297,0.1692551505567508,0.029325829369059753,-0.00021330706989377895,0.08,1,0.4,0.4,2,0.2,0.016815095097384488,0.0,0.03634801908239517,0.007930315126174129,0.02197802197802198,0.02540986338067943,0.03331531299700394,0.03634801908239517,-7.930170370678373e-05,0.0,0,0,0.0,0.0,9.612477162816367,0.08,0.0,SONOLENTO,uta,data\raw\uta\drowsiness\drowsy_004_a12cc63d.mp4,group_004,19,4580,4820,25.0,2.5,10.0
0.15249977878673499,0.03606915624291943,0.1764040281053385,0.031240504228543832,0.14518497043948395,0.15473518366469174,0.1671506248666522,0.1703638583738747,0.14033487186241908,0.0004979051472592914,0.16,2,0.8,0.8,2,0.2,0.01783989175034114,0.01098901098901099,0.025700233102171358,0.005243555881372774,0.022986987301618182,0.023254241924287704,0.023255499547648238,0.014711222113160368,0.0003345481501286778,0.0,0,0,0.0,0.0,8.547766609470012,0.32,0.0,SONOLENTO,uta,data\raw\uta\drowsiness\drowsy_004_a12cc63d.mp4,group_004,20,4830,5070,25.0,2.5,10.0
0.17670681199829755,0.11307454917224802,0.20986719336594373,0.019108914266374073,0.15120977027880936,0.1719175070395003,0.1865399768722595,0.19421207987336003,0.09679264419369571,0.0003056956117958128,0.1,1,0.33306001846722066,0.33306001846722066,3,0.30024618523775726,0.020861110293320138,0.013876848237393777,0.03980148760839957,0.0065855287081721045,0.02141457929182894,0.03108665632599461,0.03171262028670004,0.025924639371005795,0.00043877907529243085,0.0,0,0,0.0,0.0,8.470227101372267,0.1,0.0,SONOLENTO,uta,data\raw\uta\drowsiness\drowsy_005_12f5ca5c.mov,group_005,1,10,300,30.02461852377573,3.002461852377573,10.0
0.1822291907593056,0.16278584432192778,0.20574846434651756,0.009762775504658722,0.16869604800952126,0.17534441331734493,0.18863733327976095,0.19106072728376056,0.04296262002458978,0.00021299851977835019,0.0,0,0.0,0.0,0,0.0,0.041883890515876335,0.01492371097349751,0.07459363910469127,0.015266329091784618,0.05420334819719779,0.05722324381850885,0.06663217506596708,0.05966992813119376,0.000894443464872763,0.0,0,0,0.0,0.0,4.350714267481067,0.0,0.0,SONOLENTO,uta,data\raw\uta\drowsiness\drowsy_005_12f5ca5c.mov,group_005,2,310,610,30.02461852377573,3.002461852377573,10.0
0.17885372685162026,0.13817653686291526,0.1958248856847623,0.012899355823884111,0.1658054673674712,0.17270674861699273,0.18595975490378483,0.19249234354617034,0.05764834882184705,-0.00011842030305461498,0.03333333333333333,1,0.33306001846722066,0.33306001846722066,1,0.10008206174591909,0.025531429281092404,0.0,0.05381419814125357,0.012428376082524844,0.033370432213299994,0.04321785899753365,0.04687389672499611,0.05381419814125357,0.00018985871888694978,0.0,0,0,0.0,0.0,7.004963173796677,0.03333333333333333,0.0,SONOLENTO,uta,data\raw\uta\drowsiness\drowsy_005_12f5ca5c.mov,group_005,3,620,920,30.02461852377573,3.002461852377573,10.0
0.17975930574257978,0.14793931392134974,0.20125100616589447,0.01347050436493762,0.1661612644396217,0.17307982605804953,0.19146999471145154,0.19460403735814658,0.05331169224454474,-0.0006088586465637513,0.06666666666666667,1,0.33306001846722066,0.33306001846722066,2,0.20016412349183818,0.024408473911083986,0.0,0.04159001959280291,0.008682296587182692,0.033367646546333805,0.03387592964236887,0.033878068151564245,0.04159001959280291,0.00014870341076978185,0.0,0,0,0.0,0.0,7.364325277856714,0.06666666666666667,0.0,SONOLENTO,uta,data\raw\uta\drowsiness\drowsy_005_12f5ca5c.mov,group_005,4,930,1240,30.02461852377573,3.002461852377573,10.0
0.1861508594435907,0.15485789617301918,0.21692982799612115,0.014942427870061076,0.17045017398504655,0.1765485773848151,0.19614323181663715,0.20968652975508537,0.06207193182310197,0.0012379051752608944,0.0,0,0.0,0.0,0,0.0,0.053842258621191984,0.021105314459656365,0.11180339887498948,0.022899748172064083,0.07131223817314118,0.08059227488077943,0.08957073747032164,0.09069808441533311,0.001049046586931921,0.0,0,0,0.0,0.0,3.4572732819392216,0.0,0.0,SONOLENTO,uta,data\raw\uta\drowsiness\drowsy_005_12f5ca5c.mov,group_005,5,1250,1540,30.02461852377573,3.002461852377573,10.0
0.2058186759431784,0.13387888856134428,0.23000553421845887,0.02282647718599925,0.17124748539650086,0.20687551266531498,0.21793083527503027,0.22257831937040126,0.0961266456571146,-8.13533811465121e-05,0.06666666666666667,1,0.33306001846722066,0.33306001846722066,2,0.20016412349183818,0.04379767916386919,0.014468462378586957,0.0818343951481848,0.014930202246325682,0.0514239862602722,0.06138448716744768,0.06270400190556726,0.06736593276959785,-0.00044137524507093006,0.0,0,0,0.0,0.0,4.699198237762482,0.06666666666666667,0.0,SONOLENTO,uta,data\raw\uta\drowsiness\drowsy_005_12f5ca5c.mov,group_005,6,1550,1840,30.02461852377573,3.002461852377573,10.0
0.2028482507173966,0.18120021343880083,0.22179164843045654,0.011181184838128497,0.18644677773087712,0.1958640754353936,0.20952162416446857,0.21812624877983872,0.04059143499165571,-0.0008126754663399659,0.0,0,0.0,0.0,0,0.0,0.03047670806640621,0.015135886972883327,0.0514239862602722,0.008963779488796262,0.03386427307392982,0.041590119377727726,0.04381212102674134,0.03628809928738887,-0.00023763863597981973,0.0,0,0,0.0,0.0,6.655626803545124,0.0,0.0,SONOLENTO,uta,data\raw\uta\drowsiness\drowsy_005_12f5ca5c.mov,group_005,7,1850,2140,30.02461852377573,3.002461852377573,10.0
0.1849546737314989,0.15719394811581566,0.21002232878064026,0.011716672615424648,0.17095023003378804,0.1741496055172439,0.19054733725906103,0.20105059916249837,0.05282838066482459,0.000738087078133279,0.0,0,0.0,0.0,0,0.0,0.03604532663703431,0.015382795043203983,0.06442352540027595,0.009270209520831487,0.04114339518869954,0.047966649746559106,0.04864466911607284,0.04904073035707196,0.00015938377094418642,0.0,0,0,0.0,0.0,5.131026958554908,0.0,0.0,SONOLENTO,uta,data\raw\uta\drowsiness\drowsy_005_12f5ca5c.mov,group_005,8,2160,2450,30.02461852377573,3.002461852377573,10.0
0.1705275170137784,0.14080093655300902,0.1927954009056987,0.01333180172843522,0.15427049647890212,0.1626162076595691,0.18014416878118944,0.18642469821428703,0.05199446435268967,-6.215085245051878e-05,0.1,1,0.33306001846722066,0.33306001846722066,3,0.30024618523775726,0.026630042172893043,0.0,0.05462329524800098,0.011466466715744859,0.03426768601063967,0.04178138744606579,0.044279648083430975,0.05462329524800098,0.0006605808478779264,0.0,0,0,0.0,0.0,6.403336223445035,0.1,0.0,SONOLENTO,uta,data\raw\uta\drowsiness\drowsy_005_12f5ca5c.mov,group_005,9,2470,2780,30.02461852377573,3.002461852377573,10.0
0.17882863409358177,0.14370235361401995,0.19905128153040472,0.01177840998110124,0.1668712177592326,0.17078707265772589,0.18755616412065704,0.19349760793803542,0.055348927916384766,0.0001551108728938765,0.03333333333333333,1,0.33306001846722066,0.33306001846722066,1,0.10008206174591909,0.02674478109537511,0.015149776296267386,0.04350911475460939,0.008181681598150645,0.034800984927932266,0.034938562148434216,0.03524112259395649,0.028359338458342005,-0.00013402199260048744,0.0,0,0,0.0,0.0,6.686237109915809,0.03333333333333333,0.0,SONOLENTO,uta,data\raw\uta\drowsiness\drowsy_005_12f5ca5c.mov,group_005,10,2790,3100,30.02461852377573,3.002461852377573,10.0
0.1847676467749051,0.1452528222060685,0.203504137830671,0.01142183432486709,0.1748498660232423,0.1787896242643699,0.1921843088555717,0.1977666751641432,0.05825131562460251,0.00013593893564961155,0.03333333333333333,1,0.33306001846722066,0.33306001846722066,1,0.10008206174591909,0.028147322408248975,0.015625,0.04419417382415922,0.007677654501862459,0.034800984927932266,0.03549314249999666,0.039542140164550064,0.028569173824159223,0.00030862586811716185,0.0,0,0,0.0,0.0,6.564073130012118,0.03333333333333333,0.0,SONOLENTO,uta,data\raw\uta\drowsiness\drowsy_005_12f5ca5c.mov,group_005,11,3110,3400,30.02461852377573,3.002461852377573,10.0
0.18838984506669249,0.1479136619755439,0.19925790331061574,0.009252021967364977,0.18112484692889672,0.1855858894894428,0.1935760557646113,0.19497572341306713,0.051344241335071844,-0.00024050388265846778,0.03333333333333333,1,0.33306001846722066,0.33306001846722066,1,0.10008206174591909,0.02662844440160397,0.0,0.051833652831194774,0.011508379504369944,0.034401045807689073,0.03732351819789457,0.049493809829800034,0.051833652831194774,8.456628617520332e-05,0.0,0,0,0.0,0.0,7.074494015930171,0.03333333333333333,0.0,SONOLENTO,uta,data\raw\uta\drowsiness\drowsy_005_12f5ca5c.mov,group_005,12,3410,3710,30.02461852377573,3.002461852377573,10.0
0.17440040511553428,0.07395781488598147,0.20312658609096887,0.031341607902808044,0.12974522489486628,0.16778520096799415,0.19375805857309658,0.19659923909706903,0.1291687712049874,-0.002116870953556558,0.16666666666666666,5,1.6653000923361034,1.6653000923361034,1,0.10008206174591909,0.0301043058633733,0.014083110254721722,0.05462956477975741,0.011797303097846644,0.035492024887343446,0.04880234390003184,0.05016960913085043,0.04054645452503569,0.0003469124942762911,0.0,0,0,0.0,0.0,5.793012232030274,0.8333333333333333,0.0,SONOLENTO,uta,data\raw\uta\drowsiness\drowsy_005_12f5ca5c.mov,group_005,13,3720,4020,30.02461852377573,3.002461852377573,10.0
0.17735268635731688,0.11680119871225049,0.222752895084899,0.023473823897060198,0.14302298252084739,0.16811442564497103,0.18932927398796878,0.20322267753434065,0.10595169637264852,-0.0001371705536301137,0.16666666666666666,2,0.6661200369344413,0.5551000307787012,3,0.30024618523775726,0.04223250386121157,0.013512279797026393,0.1028479725205444,0.02385397911565396,0.053760333057047034,0.07750152278794636,0.090112597524661,0.089335692723518,0.0004837479642433385,0.0,0,0,0.0,0.0,4.199336312235332,0.3333333333333333,0.0,SONOLENTO,uta,data\raw\uta\drowsiness\drowsy_005_12f5ca5c.mov,group_005,14,4030,4320,30.02461852377573,3.002461852377573,10.0
0.19799375233259653,0.15193612081896957,0.2145991689998927,0.01487356582988071,0.18032057116234626,0.1947339847283941,0.20684232065501496,0.2113883038306364,0.06266304818092314,-0.0005024538253000911,0.0,0,0.0,0.0,0,0.0,0.043313985744185005,0.0,0.09435431941257105,0.024956006690318694,0.0666814864215828,0.0803398080285351,0.08399762495374045,0.09435431941257105,-0.0021005278654729867,0.0,0,0,0.0,0.0,4.571021989985925,0.0,0.0,SONOLENTO,uta,data\raw\uta\drowsiness\drowsy_005_12f5ca5c.mov,group_005,15,4330,4630,30.02461852377573,3.002461852377573,10.0
0.19385635561913475,0.1655254683870196,0.2214057847996881,0.011966355581172155,0.1815590938461238,0.18721922062591012,0.20083020942797153,0.20824669459208692,0.055880316412668496,-0.00020075497118475296,0.0,0,0.0,0.0,0,0.0,0.020349849867358542,0.0,0.047863877241182545,0.013072183000731,0.027948948601945713,0.03487495500616909,0.04579857741028719,0.047863877241182545,0.0004988853444516048,0.0,0,0,0.0,0.0,9.52571302341864,0.0,0.0,SONOLENTO,uta,data\raw\uta\drowsiness\drowsy_005_12f5ca5c.mov,group_005,16,4640,4930,30.02461852377573,3.002461852377573,10.0
0.20209193603860315,0.17553640676467164,0.22842430714866346,0.01050822660776219,0.1910921223841672,0.19599049405771146,0.20754770793114408,0.2134294614983264,0.052887900383991826,0.00022242855099029738,0.0,0,0.0,0.0,0,0.0,0.017174946915509075,0.0,0.034364464074382255,0.008886982873880072,0.021405376635597856,0.03097150403651251,0.033314830232638475,0.034364464074382255,-0.00029674934876935364,0.0,0,0,0.0,0.0,11.765985132157319,0.0,0.0,SONOLENTO,uta,data\raw\uta\drowsiness\drowsy_005_12f5ca5c.mov,group_005,17,4940,5230,30.02461852377573,3.002461852377573,10.0
0.2003820801096763,0.145477940081759,0.21748137710598195,0.017552999669102617,0.17927053323268846,0.1970596516133362,0.21110465385937194,0.21439149018189052,0.07200343702422296,-0.00024434412368363947,0.03333333333333333,1,0.33306001846722066,0.33306001846722066,1,0.10008206174591909,0.022319681543962543,0.014898845011808954,0.03665192741060711,0.007913257094280821,0.030750134608297282,0.03395040901780746,0.0349002406379888,0.021753082398798158,0.00020667880270933286,0.0,0,0,0.0,0.0,8.977417634627608,0.03333333333333333,0.0,SONOLENTO,uta,data\raw\uta\drowsiness\drowsy_005_12f5ca5c.mov,group_005,18,5240,5550,30.02461852377573,3.002461852377573,10.0
0.18786572848201696,0.08365261798901291,0.22499737164542857,0.02829883900732964,0.1562650017833112,0.18554687508005577,0.20024106881796655,0.21044187093227568,0.14134475365641566,0.0020241368334765575,0.1,3,0.999180055401662,0.999180055401662,1,0.10008206174591909,0.035757695848037736,0.014680505487867587,0.0633649408569623,0.011688408537067487,0.045760790633342464,0.04871211193824665,0.05398371380047969,0.04868443536909471,-6.381389590056129e-05,0.0,0,0,0.0,0.0,5.2537074976219,0.30000000000000004,0.0,SONOLENTO,uta,data\raw\uta\drowsiness\drowsy_005_12f5ca5c.mov,group_005,19,5560,5860,30.02461852377573,3.002461852377573,10.0
0.1983461530531658,0.17138197266212934,0.22311394766177173,0.008713093596342519,0.19135351353775854,0.1949177937722184,0.2008115876615397,0.21086595144881173,0.05173197499964238,-0.00022904514346669934,0.0,0,0.0,0.0,0,0.0,0.03366685351881901,0.015594571538795133,0.049314365197029475,0.008586189650043093,0.0354451812004175,0.04703677967444981,0.049314365197029475,0.03371979365823434,2.6782053532389298e-05,0.0,0,0,0.0,0.0,5.8912622078000325,0.0,0.0,SONOLENTO,uta,data\raw\uta\drowsiness\drowsy_005_12f5ca5c.mov,group_005,20,5870,6170,30.02461852377573,3.002461852377573,10.0
0.3333624174228386,0.19108411851099835,0.47483914140023986,0.08091434572669379,0.19837884382570287,0.29176810756535576,0.39779642574737717,0.4298853340852823,0.2837550228892415,0.0001218698196216384,0.0,0,0.0,0.0,0,0.0,0.01806933052974397,0.0,0.035623524993954825,0.014899404393888285,0.031211947727655738,0.0329769017624944,0.03434199878198969,0.035623524993954825,0.00026780055099917956,0.0,0,0,0.0,0.0,18.4480531152499,0.0,0.0,SONOLENTO,uta,data\raw\uta\drowsiness\drowsy_006_678b70db.mp4,group_006,1,10,290,23.819615546641,2.3819615546641,10.0
0.32922542747044364,0.1077426684265102,0.44282948364172214,0.06202353038154029,0.2970127910433144,0.3156491888980804,0.35524316047174165,0.3831080289998359,0.33508681521521194,-0.0005815552899204854,0.043478260869565216,1,0.419822057178844,0.419822057178844,1,0.10356354585496087,0.011208059086152323,0.0,0.12126781251816648,0.02676758059749348,0.0,0.03399414609407287,0.03553831238959701,0.12126781251816648,0.0009345806827406886,0.043478260869565216,1,1,0.419822057178844,0.419822057178844,29.37137050844606,0.043478260869565216,0.0052725135877463684,SONOLENTO,uta,data\raw\uta\drowsiness\drowsy_006_678b70db.mp4,group_006,2,300,530,23.819615546641,2.3819615546641,10.0
0.3776498920125967,0.3384851507960572,0.45273835833204,0.027944245645338622,0.3442264733339906,0.3565223495039098,0.3924316634512309,0.4091356131309052,0.11425320753598284,0.0004228094977445247,0.0,0,0.0,0.0,0,0.0,0.02379781900872541,0.0,0.06704015231539909,0.020531594045216105,0.03447383173113181,0.04810180340893937,0.04896467873360748,0.06704015231539909,0.0010332925564380054,0.0,0,0,0.0,0.0,15.868429936550132,0.0,0.0,SONOLENTO,uta,data\raw\uta\drowsiness\drowsy_006_678b70db.mp4,group_006,3,540,760,23.819615546641,2.3819615546641,10.0
0.3409344548011302,0.30709128520114876,0.4082509514214363,0.024545885905020017,0.3165507811302522,0.32354225741005826,0.35069787867538726,0.36262049061738094,0.10115966622028755,0.00036756071039672106,0.0,0,0.0,0.0,0,0.0,0.025050083599983425,0.0,0.18722058217982493,0.04136131460536333,0.034478429163644075,0.0543526425198644,0.07461488403415431,0.18722058217982493,-0.002314747985777136,0.043478260869565216,1,1,0.419822057178844,0.419822057178844,13.609569160567402,0.0,0.008140025312166302,SONOLENTO,uta,data\raw\uta\drowsiness\drowsy_006_678b70db.mp4,group_006,4,770,990,23.819615546641,2.3819615546641,10.0
0.3570755823425057,0.20743306756909202,0.45378230169118194,0.05180174983826927,0.29463181705806624,0.33709014764571876,0.3841828184912463,0.4050191474981618,0.24634923412208992,0.00017937510987678463,0.0,0,0.0,0.0,0,0.0,0.008556287367601,0.0,0.07985957062499249,0.020271038345541743,0.0,0.033241185477576166,0.04878281503103816,0.07985957062499249,0.0009585799344304077,0.0,0,0,0.0,0.0,41.72766053112114,0.0,0.0,SONOLENTO,uta,data\raw\uta\drowsiness\drowsy_006_678b70db.mp4,group_006,5,1000,1220,23.819615546641,2.3819615546641,10.0
0.350417165935921,0.27960740084830565,0.42562543538187664,0.03248016615131529,0.30865034633772626,0.32925555633887704,0.37001716559842956,0.38825964057108014,0.14601803453357098,-0.0012814249134562835,0.0,0,0.0,0.0,0,0.0,0.01211801673232168,0.0,0.045407660918649985,0.016764186307557292,0.033167906340332974,0.0339793804797836,0.03428568025407737,0.045407660918649985,-0.0005866721337975916,0.0,0,0,0.0,0.0,28.914653199656936,0.0,0.0,SONOLENTO,uta,data\raw\uta\drowsiness\drowsy_006_678b70db.mp4,group_006,6,1230,1450,23.819615546641,2.3819615546641,10.0
0.3364839195065477,0.13742287825469374,0.3819884205115467,0.04653076017564513,0.3149891092060666,0.3347866113296145,0.3563528697950303,0.3671666628940816,0.24456554225685295,-0.003662951419037121,0.043478260869565216,1,0.419822057178844,0.419822057178844,1,0.10356354585496087,0.0076894344182460725,0.0,0.046225016352102424,0.014809394961636189,0.0,0.03300870351041788,0.03304093002275449,0.046225016352102424,8.243122577869305e-05,0.0,0,0,0.0,0.0,43.753564650160335,0.043478260869565216,0.0,SONOLENTO,uta,data\raw\uta\drowsiness\drowsy_006_678b70db.mp4,group_006,7,1460,1680,23.819615546641,2.3819615546641,10.0
0.3222802350711999,0.26065230515426446,0.3670119929000718,0.027187953017708547,0.29665649453111087,0.3082300035485009,0.3407693268442298,0.3564498363032868,0.10635968774580734,0.00030566717094296256,0.0,0,0.0,0.0,0,0.0,0.004243859558223923,0.0,0.03268602252303067,0.010957665010441155,0.0,0.025969098926447845,0.032461373658059775,0.03268602252303067,0.0002581655447818918,0.0,0,0,0.0,0.0,75.92247297011731,0.0,0.0,SONOLENTO,uta,data\raw\uta\drowsiness\drowsy_006_678b70db.mp4,group_006,8,1690,1910,23.819615546641,2.3819615546641,10.0
0.34117213072066827,0.31776400430001744,0.3661543270981217,0.014411069922514484,0.3288020038146572,0.3305133277023994,0.35655525112591474,0.36098373518492527,0.048390322798104235,3.5688447656796195e-05,0.0,0,0.0,0.0,0,0.0,0.014566187774806075,0.0,0.10096375546923045,0.02528223662042765,0.032266255143977386,0.0455487518674277,0.0455487518674277,0.10096375546923045,-0.0012150912401704755,0.0,0,0,0.0,0.0,23.420589889746932,0.0,0.0,SONOLENTO,uta,data\raw\uta\drowsiness\drowsy_006_678b70db.mp4,group_006,9,1920,2140,23.819615546641,2.3819615546641,10.0
0.3313770422261219,0.24135793257443183,0.4057871118498267,0.033671099202113565,0.3011699343901272,0.31651765022380723,0.3488202178636023,0.3647588981044221,0.16442917927539485,0.0020175508282999723,0.0,0,0.0,0.0,0,0.0,0.004413764549862899,0.0,0.03398138330152924,0.011396349184534504,0.0,0.027014080538126997,0.033767600672658715,0.03398138330152924,0.0006025107270431737,0.0,0,0,0.0,0.0,75.06109068408028,0.0,0.0,SONOLENTO,uta,data\raw\uta\drowsiness\drowsy_006_678b70db.mp4,group_006,10,2150,2370,23.819615546641,2.3819615546641,10.0
0.3654897860142162,0.1674199296232208,0.45087604675909,0.06784707880382534,0.2627543331130913,0.3498067309997888,0.4165953199147114,0.4264485373948887,0.28345611713586916,-0.0040333279320858536,0.0,0,0.0,0.0,0,0.0,0.007532964786822508,0.0,0.03569153051241249,0.01429496141549376,0.0,0.03446227583977888,0.03448071034259858,0.03569153051241249,-0.00030197823132905693,0.0,0,0,0.0,0.0,48.51227691606501,0.0,0.0,SONOLENTO,uta,data\raw\uta\drowsiness\drowsy_006_678b70db.mp4,group_006,11,2380,2600,23.819615546641,2.3819615546641,10.0
0.2880270910556054,0.1747465925819789,0.39968938560370265,0.04975626696013875,0.2528154202988173,0.25957026057138594,0.2907779937440943,0.3721860423971267,0.22494279302172376,0.003070251370705493,0.0,0,0.0,0.0,0,0.0,0.010693726456520933,0.0,0.03569153051241249,0.01617081047723487,0.03443166082373397,0.035623524993954825,0.03568472996056672,0.03569153051241249,0.00017171816058648168,0.0,0,0,0.0,0.0,26.931693131803822,0.0,0.0,SONOLENTO,uta,data\raw\uta\drowsiness\drowsy_006_678b70db.mp4,group_006,12,2610,2830,23.819615546641,2.3819615546641,10.0
0.3436113706425496,0.24903473458920847,0.4025724257434171,0.04661303861215529,0.2649866976990378,0.3426264653946228,0.3736758234927606,0.3878912634075494,0.15353769115420865,0.004683357928814901,0.0,0,0.0,0.0,0,0.0,0.0066619071532295964,0.0,0.04873701788285794,0.014736304909258868,0.0,0.034450029833360915,0.03550740007853723,0.04873701788285794,-0.0007759159600205162,0.0,0,0,0.0,0.0,51.570787756812244,0.0,0.0,SONOLENTO,uta,data\raw\uta\drowsiness\drowsy_006_678b70db.mp4,group_006,13,2840,3060,23.819615546641,2.3819615546641,10.0
0.3549107890715913,0.3428327325210777,0.38163421030722555,0.011032802588074266,0.3440477283013105,0.34583746387528097,0.35977154519127996,0.37079256279370476,0.03880147778614784,0.00045567958971491905,0.0,0,0.0,0.0,0,0.0,0.004345412639039802,0.0,0.03331483023263848,0.011219807188933584,0.0,0.026651864186110808,0.03331483023263848,0.03331483023263848,1.2944285051020214e-20,0.0,0,0,0.0,0.0,81.65602729104829,0.0,0.0,SONOLENTO,uta,data\raw\uta\drowsiness\drowsy_006_678b70db.mp4,group_006,14,3070,3290,23.819615546641,2.3819615546641,10.0
0.3563691229853422,0.33137383519265445,0.3853013839034414,0.013576465762640566,0.34307573167712424,0.3440477283013105,0.36844738468416555,0.37079256279370476,0.05392754871078692,-0.00017403092890253308,0.0,0,0.0,0.0,0,0.0,0.005943550337042397,0.0,0.03446227583977888,0.012955324736410489,0.0,0.034232786718350804,0.03446227583977888,0.03446227583977888,0.00023157238857273693,0.0,0,0,0.0,0.0,59.94887801095602,0.0,0.0,SONOLENTO,uta,data\raw\uta\drowsiness\drowsy_006_678b70db.mp4,group_006,15,3300,3520,23.819615546641,2.3819615546641,10.0
0.33453912579820505,0.1953348795263966,0.37664247592887,0.04363272885733483,0.27146082162143476,0.3293975644143898,0.35745178283527296,0.37291474926720186,0.1813075964024734,0.002471820655582265,0.0,0,0.0,0.0,0,0.0,0.23935241797368423,0.0,0.941228899348092,0.3511064361468452,0.5203872872166939,0.8363636363636364,0.8789661319073083,0.941228899348092,-0.03129977493549806,0.34782608695652173,1,8,3.358576457430752,3.358576457430752,1.397678498307411,0.0,0.32738396499064065,SONOLENTO,uta,data\raw\uta\drowsiness\drowsy_006_678b70db.mp4,group_006,16,3530,3750,23.819615546641,2.3819615546641,10.0
0.3363266993192687,0.24892533650718823,0.411020279435952,0.04811994139445982,0.2658983138458554,0.2934266682513563,0.3657550903966665,0.39841602106694907,0.16209494292876375,0.003785282836866544,0.0,0,0.0,0.0,0,0.0,0.014225720062179209,0.0,0.22533797299287767,0.04643155434210794,0.0,0.033183563701723866,0.03546880766904584,0.22533797299287767,-0.0027004623006174145,0.043478260869565216,1,1,0.419822057178844,0.419822057178844,23.640494636101746,0.0,0.009797303173603377,SONOLENTO,uta,data\raw\uta\drowsiness\drowsy_006_678b70db.mp4,group_006,17,3760,3980,23.819615546641,2.3819615546641,10.0
0.35190618814816216,0.3189529829496972,0.3755303513644075,0.01518041370674772,0.33546880810937113,0.3409967884327664,0.364287061374767,0.3707873194171185,0.05657736841471028,-0.0003083289456208107,0.0,0,0.0,0.0,0,0.0,0.007105395204777511,0.0,0.03333333333333333,0.013483800217470327,0.0,0.03225806451612903,0.0332258064516129,0.03333333333333333,-0.0002966249758467204,0.0,0,0,0.0,0.0,49.5196478675407,0.0,0.0,SONOLENTO,uta,data\raw\uta\drowsiness\drowsy_006_678b70db.mp4,group_006,18,3990,4210,23.819615546641,2.3819615546641,10.0
0.3896828598617045,0.33979059511197485,0.5279117844123563,0.05558619354790694,0.3469346056133116,0.35786569654541517,0.3910757326396366,0.48331926090154465,0.18812118930038146,0.005699458344975289,0.0,0,0.0,0.0,0,0.0,0.004744435547919717,0.0,0.041344911529736156,0.01231684195039964,0.0,0.026651864186110808,0.034347531279064834,0.041344911529736156,0.00015997060262886955,0.0,0,0,0.0,0.0,82.11740649022867,0.0,0.0,SONOLENTO,uta,data\raw\uta\drowsiness\drowsy_006_678b70db.mp4,group_006,19,4220,4440,23.819615546641,2.3819615546641,10.0
0.3381168645591779,0.177390937625108,0.4932575937084243,0.0668940292426449,0.26662271672479787,0.28737667635188824,0.3817051031420413,0.39414036945813247,0.3158666560833163,-0.005848491784393972,0.0,0,0.0,0.0,0,0.0,0.231360670459253,0.0,0.7515056842536706,0.25197600270747267,0.497463701387286,0.5453378360921691,0.5876579775146242,0.7515056842536706,0.01338987054634169,0.4782608695652174,1,11,4.6180426289672845,4.6180426289672845,1.4614212625972824,0.0,0.3594157620343642,SONOLENTO,uta,data\raw\uta\drowsiness\drowsy_006_678b70db.mp4,group_006,20,4450,4670,23.819615546641,2.3819615546641,10.0
0.1357080777790186,0.05761506520778266,0.1579413200017331,0.0173200440991018,0.12480449389487186,0.13120948166813232,0.14373776174262426,0.14992734822346246,0.10032625479395045,0.00020924429849062334,0.896551724137931,19,6.378096561805129,2.9093072036304095,3,0.30816674259052446,0.01687852670768527,0.0,0.02540822292337563,0.006243676465743079,0.021956820456648672,0.025122773514348877,0.02512372498438982,0.02540822292337563,0.00017047782263902758,0.0,0,0,0.0,0.0,8.039803492667277,17.03448275862069,0.0,SONOLENTO,uta,data\raw\uta\drowsiness\drowsy_007_24bcc68c.mp4,group_007,1,10,320,29.789451783750696,2.97894517837507,10.0
0.1523835654717414,0.10054919414226923,0.1751996033912121,0.018746248929717352,0.1325521221948549,0.13973867086306113,0.16482569517080004,0.17085346940017537,0.07465040924894287,-0.00028680016781749263,0.3793103448275862,8,2.685514341812686,0.9231455549981108,4,0.4108889901206993,0.014558669269910602,0.0,0.02630668208823282,0.006272417238340321,0.016255328303139024,0.018510403380132056,0.026183233221754313,0.02630668208823282,0.00016571893490647618,0.0,0,0,0.0,0.0,10.466141960151615,3.0344827586206895,0.0,SONOLENTO,uta,data\raw\uta\drowsiness\drowsy_007_24bcc68c.mp4,group_007,2,330,620,29.789451783750696,2.97894517837507,10.0
0.15823662791962734,0.13425249941153325,0.18905999096966855,0.01566982861322256,0.13878817892502562,0.14339805497360725,0.17288431973243085,0.1757553834232191,0.0548074915581353,0.0014736316445068042,0.3793103448275862,11,3.692582219992443,3.692582219992443,1,0.10272224753017482,0.016206790365140868,0.0,0.04597701149425287,0.008763665613372548,0.016254254600023277,0.025999032853966413,0.02968309851802708,0.04597701149425287,-0.00028256608601628507,0.0,0,0,0.0,0.0,9.762998185117015,4.172413793103448,0.0,SONOLENTO,uta,data\raw\uta\drowsiness\drowsy_007_24bcc68c.mp4,group_007,3,630,940,29.789451783750696,2.97894517837507,10.0
0.17302019528738433,0.13204187292335962,0.20087240432153564,0.021146757366268025,0.14396862252908668,0.15639720839712876,0.19162406761128878,0.19747622096028886,0.06883053139817602,-0.0009863592527355669,0.1724137931034483,4,1.342757170906343,0.8392232318164644,2,0.20544449506034965,0.01196482021008408,0.0,0.03447365065470387,0.008458634372089649,0.016069571147033775,0.023851615104139145,0.024538464070981158,0.03447365065470387,0.0002158637839654543,0.0,0,0,0.0,0.0,14.459534929462942,0.6896551724137931,0.0,SONOLENTO,uta,data\raw\uta\drowsiness\drowsy_007_24bcc68c.mp4,group_007,4,950,1240,29.789451783750696,2.97894517837507,10.0
0.14891425027517413,0.09654193839124378,0.17262902305559685,0.014445466823572029,0.1416424503976812,0.1427644093210621,0.15308005266660002,0.16770592932630893,0.07608708466435307,0.000265496341547422,0.5172413793103449,4,1.342757170906343,0.6294174238623483,8,0.8217779802413986,0.01832191011090138,0.00970690809816167,0.0683283961182196,0.01162981271841534,0.01663320290643224,0.031231820073629492,0.03296850232765285,0.05862148802005793,-0.0004326655936010088,0.0,0,0,0.0,0.0,8.127216112170755,2.0689655172413794,0.0,SONOLENTO,uta,data\raw\uta\drowsiness\drowsy_007_24bcc68c.mp4,group_007,5,1250,1580,29.789451783750696,2.97894517837507,10.0
0.14629027452047316,0.09214542949983073,0.16142746493150317,0.012386136367991065,0.13556278130190402,0.14441383074848096,0.15228919843196606,0.15467312797484742,0.06928203543167244,-9.020934671748251e-05,0.5172413793103449,4,1.342757170906343,0.5594821545443096,9,0.9245002277715734,0.01276521867380008,0.0,0.024820697574658462,0.00480796153996115,0.01519869175291844,0.015532370183662122,0.01953313215968095,0.024820697574658462,-0.00020451533505760382,0.0,0,0,0.0,0.0,11.45917035094366,2.0689655172413794,0.0,SONOLENTO,uta,data\raw\uta\drowsiness\drowsy_007_24bcc68c.mp4,group_007,6,1590,1870,29.789451783750696,2.97894517837507,10.0
0.15345110524729833,0.12121823406520209,0.19993682114331038,0.02057006886571604,0.1323732219162236,0.13905235798355942,0.1595008716956594,0.1835168763113372,0.07871858707810829,0.0009932500811291789,0.5172413793103449,11,3.692582219992443,1.6784464636329288,3,0.30816674259052446,0.016618884280337923,0.0,0.032886464312032695,0.008338198428605314,0.025700233102171358,0.0263004947363356,0.026304861745561146,0.032886464312032695,0.0002260707906038603,0.0,0,0,0.0,0.0,9.232982772860694,5.689655172413794,0.0,SONOLENTO,uta,data\raw\uta\drowsiness\drowsy_007_24bcc68c.mp4,group_007,7,1880,2180,29.789451783750696,2.97894517837507,10.0
0.16058906796019848,0.12252424443138057,0.21012764479414298,0.02538734936933601,0.13523136030628824,0.1392071501046684,0.1846705997103958,0.1981737496708971,0.0876034003627624,0.0004707601586947939,0.4827586206896552,8,2.685514341812686,1.17491252454305,4,0.4108889901206993,0.011246081372081594,0.0,0.02630668208823282,0.007640821865678845,0.012341917379408774,0.019162272979741837,0.025832026453076237,0.02630668208823282,0.00028158218475109577,0.0,0,0,0.0,0.0,14.278288086260808,3.8620689655172415,0.0,SONOLENTO,uta,data\raw\uta\drowsiness\drowsy_007_24bcc68c.mp4,group_007,8,2190,2470,29.789451783750696,2.97894517837507,10.0
0.1500120287886638,0.09513509644651524,0.1709824731052168,0.017593175072813817,0.12761419849808894,0.13656909755095997,0.16363591260000332,0.16919724153841162,0.07584737665870156,0.0012048483183733042,0.4482758620689655,7,2.3498250490861,1.4546536018152048,3,0.30816674259052446,0.019064930124289815,0.0,0.05681451364413634,0.012049662215201354,0.01663780661615406,0.036473273650830695,0.046013071895424834,0.05681451364413634,-0.0003160771548458804,0.0,0,0,0.0,0.0,7.868067689892028,3.137931034482759,0.0,SONOLENTO,uta,data\raw\uta\drowsiness\drowsy_007_24bcc68c.mp4,group_007,9,2480,2790,29.789451783750696,2.97894517837507,10.0
0.15807285450775316,0.12214237829006253,0.17316594302266855,0.014381654128571378,0.13781596471760713,0.14529770116321333,0.1704536800684951,0.17135962529905996,0.051023564732606025,-0.00101468292279198,0.3103448275862069,6,2.0141357563595146,0.7553009086348179,4,0.4108889901206993,0.017043183404772837,0.0,0.07944518544589531,0.01518202602732674,0.01644434374852436,0.02242066290720901,0.04548644637572387,0.07944518544589531,0.00041280024406285224,0.0,0,0,0.0,0.0,9.274299082201171,1.8620689655172415,0.0,SONOLENTO,uta,data\raw\uta\drowsiness\drowsy_007_24bcc68c.mp4,group_007,10,2800,3110,29.789451783750696,2.97894517837507,10.0
0.1413499311359036,0.12863843008583853,0.1617809712070793,0.00923083130110307,0.13134072069879624,0.13328914892354754,0.1496575832447955,0.15158167721567908,0.033142541121240765,-0.0007154706781340351,0.7586206896551724,11,3.692582219992443,2.4617214799949623,3,0.30816674259052446,0.01727988144033528,0.0,0.03073651107226725,0.00679655142597149,0.024038183731915342,0.024300206672506486,0.028163367062233807,0.03073651107226725,0.0003377043867873902,0.0,0,0,0.0,0.0,8.179555633428452,8.344827586206897,0.0,SONOLENTO,uta,data\raw\uta\drowsiness\drowsy_007_24bcc68c.mp4,group_007,11,3120,3450,29.789451783750696,2.97894517837507,10.0
0.14112003896924113,0.10014642326854978,0.15145726199943013,0.009449056643177044,0.134379670235486,0.1368832195374823,0.14723531667943385,0.14935014108634193,0.051310838730880354,9.168990247715356e-05,0.896551724137931,14,4.6996500981722,2.9093072036304095,3,0.30816674259052446,0.020403764800229443,0.01086892316858733,0.03177807417835812,0.006266469045198339,0.02404235184171725,0.03073760027917674,0.030941250488869258,0.020909151009770793,3.6848625790049856e-06,0.0,0,0,0.0,0.0,6.916033600527181,12.551724137931036,0.0,SONOLENTO,uta,data\raw\uta\drowsiness\drowsy_007_24bcc68c.mp4,group_007,12,3460,3760,29.789451783750696,2.97894517837507,10.0
0.14600059817854605,0.12682322147986197,0.16304511308700592,0.009312874316001212,0.13220812389928982,0.13968440002401,0.15231911333657755,0.15678896174473234,0.03622189160714395,0.0005996057979725764,0.6206896551724138,12,4.028271512719029,1.2084814538157087,5,0.5136112376508741,0.02039256147500693,0.010866997704607785,0.03177807417835812,0.005628409214003547,0.025122773514348877,0.025466624959134775,0.029343328539817432,0.020911076473750338,-0.00020429990894365148,0.0,0,0,0.0,0.0,7.159151595834559,7.448275862068966,0.0,SONOLENTO,uta,data\raw\uta\drowsiness\drowsy_007_24bcc68c.mp4,group_007,13,3770,4060,29.789451783750696,2.97894517837507,10.0
0.14725176765605444,0.11421439763177411,0.1680834376428956,0.011619301307755674,0.136345349895105,0.13836417758254577,0.15697061228874024,0.16174812120072155,0.053869040011121486,-0.000626020355292535,0.5517241379310345,11,3.692582219992443,1.7903428945417905,3,0.30816674259052446,0.019148873429031984,0.0,0.025403303457146677,0.00588507113609467,0.025118017965166415,0.025118969075002908,0.025122773514348877,0.025403303457146677,-1.303444598261738e-05,0.0,0,0,0.0,0.0,7.689438167920984,6.068965517241379,0.0,SONOLENTO,uta,data\raw\uta\drowsiness\drowsy_007_24bcc68c.mp4,group_007,14,4070,4360,29.789451783750696,2.97894517837507,10.0
0.13082235360484915,0.04800960663617726,0.15832762705772258,0.02433813308583929,0.09927415138890923,0.1322682463203066,0.1411604594103091,0.14876338101758166,0.11031802042154532,-0.00024271097850545788,0.9310344827586207,18,6.042407269078543,3.0212036345392717,3,0.30816674259052446,0.022437834716909237,0.011108368642573443,0.03213291960680524,0.0052990537137130025,0.025695142098832658,0.026054890393207297,0.02648715005598217,0.021024550964231798,2.2071730902370826e-05,0.0,0,0,0.0,0.0,5.830175909547804,16.75862068965517,0.0,SONOLENTO,uta,data\raw\uta\drowsiness\drowsy_007_24bcc68c.mp4,group_007,15,4370,4670,29.789451783750696,2.97894517837507,10.0
0.1410637263552102,0.09950248212291532,0.15594917467905686,0.0106109278374597,0.1332160845169419,0.13656663299755523,0.14603707139994238,0.151963123915999,0.05644669255614154,-0.0003587242643807276,0.8275862068965517,11,3.692582219992443,2.685514341812686,3,0.30816674259052446,0.02253565476455481,0.011360702676647077,0.03249134525523863,0.005467262144652499,0.025695142098832658,0.025993762245501817,0.029892312051343888,0.021130642578591548,1.824526232464942e-05,0.0,0,0,0.0,0.0,6.259301916319557,9.10344827586207,0.0,SONOLENTO,uta,data\raw\uta\drowsiness\drowsy_007_24bcc68c.mp4,group_007,16,4680,4960,29.789451783750696,2.97894517837507,10.0
0.13618255347851657,0.06565404540734864,0.15231701823339544,0.01682853252665323,0.12681218959834148,0.13645096464295825,0.14519954324178397,0.14724326227291062,0.0866629728260468,0.000248648584319845,0.9310344827586207,22,7.385164439984886,4.531805451808908,2,0.20544449506034965,0.0197516434818992,0.011360702676647077,0.03213291960680524,0.005195429400209059,0.025403303457146677,0.0256961602995004,0.02605973503128607,0.020772216930158162,0.00016461091506304548,0.0,0,0,0.0,0.0,6.89439636792466,20.482758620689655,0.0,SONOLENTO,uta,data\raw\uta\drowsiness\drowsy_007_24bcc68c.mp4,group_007,17,4970,5250,29.789451783750696,2.97894517837507,10.0
0.13270499838753325,0.07351536071910145,0.148548562418083,0.014631192444709867,0.11889137888087409,0.12944631780598864,0.1403725804250236,0.1446974320578386,0.07503320169898156,-0.0005670614223300273,1.0,29,9.734989489070987,9.734989489070987,1,0.10272224753017482,0.025305103573095133,0.015881020420107105,0.032502069533596224,0.004923777795689832,0.026290312595252576,0.03219845909764479,0.032502069533596224,0.01662104911348912,6.289490267066219e-05,0.0,0,0,0.0,0.0,5.243991751010698,29.0,0.0,SONOLENTO,uta,data\raw\uta\drowsiness\drowsy_007_24bcc68c.mp4,group_007,18,5260,5540,29.789451783750696,2.97894517837507,10.0
0.14284307986302835,0.07263928341775133,0.1742115496518568,0.024454864200220184,0.12536561054277182,0.131000687104099,0.16136072409674224,0.17273882162943072,0.10157226623410548,0.0012191066807896993,0.5862068965517241,16,5.371028683625372,2.853358988175979,2,0.20544449506034965,0.020490758522828813,0.010988347541611645,0.03287979746107146,0.006150067364804515,0.025403303457146677,0.026054890393207297,0.03002100291376941,0.021891449919459814,-0.0005345112035991118,0.0,0,0,0.0,0.0,6.970757522049375,9.379310344827585,0.0,SONOLENTO,uta,data\raw\uta\drowsiness\drowsy_007_24bcc68c.mp4,group_007,19,5550,5830,29.789451783750696,2.97894517837507,10.0
0.17276880897444719,0.13302991982514595,0.19672493813909409,0.013465222528111784,0.16203692667215497,0.16480894567389576,0.18516993870659987,0.1903780784059632,0.06369501831394814,0.0010236539201973216,0.034482758620689655,1,0.33568929272658576,0.33568929272658576,1,0.10272224753017482,0.018966677019325154,0.0,0.09301696769715082,0.015453425010277909,0.024382992454708537,0.025403303457146677,0.025940963173276196,0.09301696769715082,0.00019075707026754398,0.0,0,0,0.0,0.0,9.108590830517741,0.034482758620689655,0.0,SONOLENTO,uta,data\raw\uta\drowsiness\drowsy_007_24bcc68c.mp4,group_007,20,5840,6130,29.789451783750696,2.97894517837507,10.0
0.18947754542472492,0.10058916544632072,0.22056302810289796,0.023263933070642822,0.1720913427561862,0.1810491262751974,0.20708788562165775,0.21521601192343895,0.11997386265657724,-0.00021500336792360726,0.03333333333333333,1,0.3333331480349102,0.3333331480349102,1,0.10000005558955784,0.011648710926235555,0.0,0.030089650263257342,0.011961508685964932,0.021275392181154602,0.028915582636813687,0.029800938892542567,0.030089650263257342,-0.00025386789684922625,0.0,0,0,0.0,0.0,16.26457056526741,0.03333333333333333,0.0,SONOLENTO,uta,data\raw\uta\drowsiness\drowsy_008_5a4de48e.mp4,group_008,1,10,300,30.00001667686735,3.000001667686735,10.0
0.1747120414455496,0.12319620589516841,0.20770008627954464,0.017490618360378733,0.1590597980868403,0.16439129845474185,0.18873426358430115,0.1970938727223026,0.08450388038437623,-0.00041456535099671757,0.03333333333333333,1,0.3333331480349102,0.3333331480349102,1,0.10000005558955784,0.016013938839124324,0.0,0.04632410546120795,0.013208088743007981,0.022737787085905018,0.029826197833256154,0.031195774784031103,0.04632410546120795,0.00034194225482010146,0.0,0,0,0.0,0.0,10.909316807300566,0.03333333333333333,0.0,SONOLENTO,uta,data\raw\uta\drowsiness\drowsy_008_5a4de48e.mp4,group_008,2,310,660,30.00001667686735,3.000001667686735,10.0
0.15612117646358337,0.030280736290169176,0.19923118024834338,0.03686255452724767,0.12080489481809276,0.14501926962376627,0.18064129069912158,0.1901679296919206,0.1689504439581742,-0.00012474694770283796,0.3333333333333333,4,1.3333325921396408,0.5555552467248505,6,0.600000333537347,0.10736765741048936,0.0,0.5501063798203547,0.1779344719872462,0.11611504787478497,0.47437661810188914,0.5055810070765738,0.5501063798203547,-0.00029541364095011683,0.26666666666666666,3,6,1.9999988882094615,0.8888883947597606,1.4540665798465238,1.3333333333333333,0.14669503461876127,SONOLENTO,uta,data\raw\uta\drowsiness\drowsy_008_5a4de48e.mp4,group_008,3,670,1020,30.00001667686735,3.000001667686735,10.0
0.1618876976438068,0.09355119112376878,0.19045531591588438,0.022282328543871875,0.12519340553447703,0.1586391212071534,0.17338504430985058,0.1892141185675335,0.0969041247921156,0.0015360096191143959,0.16666666666666666,3,0.9999994441047307,0.5555552467248505,3,0.3000001667686735,0.013958013211850877,0.0,0.03142696805273545,0.011733784706361255,0.02173399540921557,0.028321053136613775,0.02989005286830411,0.03142696805273545,-0.0004838255564354734,0.0,0,0,0.0,0.0,11.597359726428795,0.5,0.0,SONOLENTO,uta,data\raw\uta\drowsiness\drowsy_008_5a4de48e.mp4,group_008,4,1030,1320,30.00001667686735,3.000001667686735,10.0
0.16329443385805742,0.08056286724779485,0.21205291279646374,0.023960492905474726,0.14287910171281964,0.158843318399886,0.1727284885538931,0.18406655842536315,0.1314900455486689,0.00041546401721939474,0.16666666666666666,2,0.6666662960698204,0.4166664350436378,4,0.40000022235823135,0.008753683487203965,0.0,0.023255813953488372,0.010732819958126477,0.02173784667839085,0.022222222222222223,0.0225,0.023255813953488372,-6.11784807206476e-05,0.0,0,0,0.0,0.0,18.652237296383372,0.3333333333333333,0.0,SONOLENTO,uta,data\raw\uta\drowsiness\drowsy_008_5a4de48e.mp4,group_008,5,1330,1620,30.00001667686735,3.000001667686735,10.0
0.16394689571775495,0.10901171584219588,0.2133895318255319,0.02574715216512023,0.1257711978105273,0.15261853059293742,0.1763360976933938,0.19343242780876932,0.10437781598333601,0.0017289511820718624,0.23333333333333334,3,0.9999994441047307,0.5833330090610929,4,0.40000022235823135,0.014464850110724882,0.0,0.04649905549752771,0.01268874800620354,0.021739130434782608,0.02331899669751631,0.02989005286830411,0.04649905549752771,-0.0004327896626067888,0.0,0,0,0.0,0.0,11.333374427556516,0.7,0.0,SONOLENTO,uta,data\raw\uta\drowsiness\drowsy_008_5a4de48e.mp4,group_008,6,1630,1920,30.00001667686735,3.000001667686735,10.0
0.1640126342293267,0.10787561125167928,0.19256482242252168,0.02026400803881715,0.1372363573500636,0.15499807902823426,0.1789974879546122,0.18459955069016903,0.0846892111708424,-0.0008964709066535098,0.23333333333333334,2,0.6666662960698204,0.5833330090610929,4,0.40000022235823135,0.01603428178248549,0.0,0.03274730613319565,0.012649079388473563,0.02318852627035328,0.032009219983223994,0.0324151673657084,0.03274730613319565,0.00018448892057815436,0.0,0,0,0.0,0.0,10.228235241146134,0.4666666666666667,0.0,SONOLENTO,uta,data\raw\uta\drowsiness\drowsy_008_5a4de48e.mp4,group_008,7,1930,2220,30.00001667686735,3.000001667686735,10.0
0.15022745250508068,0.10417201769953126,0.2041213480704931,0.01938573472393163,0.1299916858794317,0.1406032576330076,0.15599930998917072,0.1679461090843281,0.09994933037096183,-7.85657578847759e-05,0.4666666666666667,4,1.3333325921396408,0.9333328144977486,5,0.5000002779477892,0.01563143319746383,0.0,0.050188561322849566,0.014146665518648578,0.022633936510629633,0.03254671931551765,0.035543268521294344,0.050188561322849566,0.0001082599073784173,0.0,0,0,0.0,0.0,9.609985253572248,1.8666666666666667,0.0,SONOLENTO,uta,data\raw\uta\drowsiness\drowsy_008_5a4de48e.mp4,group_008,8,2230,2630,30.00001667686735,3.000001667686735,10.0
0.14671870400982243,0.10487924026732552,0.16947411652535116,0.014543347553261667,0.12794193543256646,0.13992791897799767,0.15624662085519583,0.16242294925117415,0.06459487625802564,0.0003851085976163097,0.5333333333333333,5,1.6666657401745513,0.6666662960698204,8,0.8000004447164627,0.007868591807378688,0.0,0.020815272356090667,0.009645927192221057,0.019224550936157953,0.01998561725699221,0.02043601912844976,0.020815272356090667,0.0003057868716121618,0.0,0,0,0.0,0.0,18.643750222502778,2.6666666666666665,0.0,SONOLENTO,uta,data\raw\uta\drowsiness\drowsy_008_5a4de48e.mp4,group_008,9,2640,2930,30.00001667686735,3.000001667686735,10.0
0.15826955176017382,0.10804414855912876,0.19019830677219843,0.018611684111861555,0.1376545099981091,0.1443335379161681,0.17305345699873254,0.1759144968598252,0.08215415821306966,0.0005977980831653529,0.3,4,1.3333325921396408,0.49999972205236537,6,0.600000333537347,0.019145531741822517,0.0,0.08084520834544433,0.019411579552204544,0.0198980196333115,0.04036498036114533,0.05932034841539634,0.08084520834544433,-0.0008439774998936623,0.0,0,0,0.0,0.0,8.266225648296368,1.2,0.0,SONOLENTO,uta,data\raw\uta\drowsiness\drowsy_008_5a4de48e.mp4,group_008,10,2940,3230,30.00001667686735,3.000001667686735,10.0
0.16012850142495474,0.1277259066810457,0.20576259474184694,0.015616074467222432,0.14354513280730066,0.15010325068138014,0.16603450459613509,0.17900387129053114,0.07803668806080125,-0.0005544051858273267,0.26666666666666666,4,1.3333325921396408,0.6666662960698204,4,0.40000022235823135,0.0269859319566113,0.0,0.24679423797583552,0.046311199724978484,0.027195157778920433,0.0554122650714337,0.08553509094054776,0.24679423797583552,-0.002287359999752396,0.03333333333333333,1,1,0.3333331480349102,0.3333331480349102,5.933557089127585,1.0666666666666667,0.008226474599194518,SONOLENTO,uta,data\raw\uta\drowsiness\drowsy_008_5a4de48e.mp4,group_008,11,3240,3530,30.00001667686735,3.000001667686735,10.0
0.15357075535903014,0.09622132806274633,0.18036622611462289,0.021348238189013862,0.11629436502935082,0.14530440077249399,0.16624655555406037,0.17459781651506148,0.08414489805187655,-0.0014686516427953066,0.26666666666666666,6,1.9999988882094615,0.8888883947597606,3,0.3000001667686735,0.010814320086036342,0.0,0.04292992258153532,0.012307117805039134,0.02039118475715464,0.021576167094721117,0.028578371446277975,0.04292992258153532,8.32144012385236e-05,0.0,0,0,0.0,0.0,14.199372199562113,1.6,0.0,SONOLENTO,uta,data\raw\uta\drowsiness\drowsy_008_5a4de48e.mp4,group_008,12,3540,3830,30.00001667686735,3.000001667686735,10.0
0.16616767649682893,0.10814097460866898,0.20869290308231625,0.022367438326137256,0.1352332541610721,0.15699966862467762,0.17992356681689214,0.1892275392414529,0.10055192847364727,0.000255207645000482,0.2,2,0.6666662960698204,0.49999972205236537,4,0.40000022235823135,0.013651675893327254,0.0,0.04654436395839094,0.012305798237168606,0.020362641410807496,0.023843730806184207,0.03045900419278011,0.04654436395839094,0.0002570927614224678,0.0,0,0,0.0,0.0,12.171070183980811,0.4,0.0,SONOLENTO,uta,data\raw\uta\drowsiness\drowsy_008_5a4de48e.mp4,group_008,13,3840,4130,30.00001667686735,3.000001667686735,10.0
0.1461808551267,0.08132530627780457,0.18944614775787133,0.02168011082225536,0.12312593230090513,0.13222090723117194,0.16060697446602074,0.16961058582519412,0.10812084148006676,0.0007508651537420985,0.5333333333333333,4,1.3333325921396408,0.6666662960698204,8,0.8000004447164627,0.019847872184350305,0.0,0.08994380267950336,0.020616249746941404,0.021693045781865615,0.03170560292183111,0.061258611557049765,0.08994380267950336,-0.00020741555403801096,0.0,0,0,0.0,0.0,7.364693256574809,2.1333333333333333,0.0,SONOLENTO,uta,data\raw\uta\drowsiness\drowsy_008_5a4de48e.mp4,group_008,14,4140,4460,30.00001667686735,3.000001667686735,10.0
0.13311299436332172,0.08592637106880174,0.16660273152855412,0.015770375777972554,0.11732257416794639,0.12210012884386015,0.14270740586871644,0.1469711177649175,0.08067636045975238,0.0001753434739319275,0.9,12,3.999997776418923,2.249998749235644,4,0.40000022235823135,0.017758281311060983,0.0,0.058595873530904764,0.015720249105724848,0.021132241976793385,0.03907279885662742,0.047957086191007345,0.058595873530904764,0.0008526447072422433,0.0,0,0,0.0,0.0,7.495404348396416,10.8,0.0,SONOLENTO,uta,data\raw\uta\drowsiness\drowsy_008_5a4de48e.mp4,group_008,15,4470,4760,30.00001667686735,3.000001667686735,10.0
0.15384361336602892,0.08589604734774951,0.19531260481654983,0.020032771272666495,0.13139358479366522,0.14688547144411312,0.16324932886462645,0.1707855329000311,0.10941655746880032,0.0006950920777659612,0.3,2,0.6666662960698204,0.42857119033059893,7,0.7000003891269049,0.016733497002277095,0.0,0.12180638428352399,0.024626244497904532,0.020833333333333332,0.031253973945222634,0.05139283600505365,0.12180638428352399,-0.0010172312317119426,0.03333333333333333,1,1,0.3333331480349102,0.3333331480349102,9.193202122842122,0.6,0.0040602128094507995,SONOLENTO,uta,data\raw\uta\drowsiness\drowsy_008_5a4de48e.mp4,group_008,16,4770,5560,30.00001667686735,3.000001667686735,10.0
0.16771656022653905,0.14052831541085664,0.1872990662553093,0.012805512042971135,0.14732326148871056,0.16069037954827323,0.17782935039170275,0.18442396288960675,0.046770750844452647,0.0006065539221605594,0.13333333333333333,4,1.3333325921396408,1.3333325921396408,1,0.10000005558955784,0.013841016599217059,0.0,0.08142033394806346,0.01855591401000324,0.021150222154764035,0.029041419141284018,0.04170774708975051,0.08142033394806346,0.0013936465752207995,0.0,0,0,0.0,0.0,12.11648310232669,0.5333333333333333,0.0,SONOLENTO,uta,data\raw\uta\drowsiness\drowsy_008_5a4de48e.mp4,group_008,17,5570,5880,30.00001667686735,3.000001667686735,10.0
0.17473080125935567,0.12480083550658583,0.20259108814364934,0.014849299099697458,0.16204918342057828,0.1663383554749588,0.1842790122399534,0.1884947739604116,0.07779025263706352,0.00017772669944283488,0.03333333333333333,1,0.3333331480349102,0.3333331480349102,1,0.10000005558955784,0.03506570939771832,0.0,0.18465443682643257,0.038217824651816716,0.043851907593018734,0.08049728709224001,0.09384598279329068,0.18465443682643257,-0.0023003772812505117,0.03333333333333333,1,1,0.3333331480349102,0.3333331480349102,4.9828114545223015,0.03333333333333333,0.006155147894214419,SONOLENTO,uta,data\raw\uta\drowsiness\drowsy_008_5a4de48e.mp4,group_008,18,5890,6210,30.00001667686735,3.000001667686735,10.0
0.1566539357844411,0.10689308625207519,0.1822245496254298,0.022470161674497176,0.1214705449083845,0.14056629255404138,0.1731729845199444,0.17839254268278618,0.07533146337335461,-0.0003786333782574553,0.3333333333333333,2,0.6666662960698204,0.4166664350436378,8,0.8000004447164627,0.027643427613923955,0.0,0.06868028197434452,0.020009506386773828,0.047232976103178795,0.048564293117863214,0.05878415392331723,0.06868028197434452,0.0006513081825184354,0.0,0,0,0.0,0.0,5.666745500114373,0.6666666666666666,0.0,SONOLENTO,uta,data\raw\uta\drowsiness\drowsy_008_5a4de48e.mp4,group_008,19,6220,6520,30.00001667686735,3.000001667686735,10.0
0.14190011508169156,0.06356201886002387,0.1730655077508838,0.024458508674493024,0.12349109957419444,0.1349547796792391,0.1563644338549785,0.16848087951940519,0.10950348889085994,-0.0005901241274228389,0.6,9,2.9999983323141923,0.8571423806611979,7,0.7000003891269049,0.017718322201651943,0.0,0.049495247447034894,0.014099584135150351,0.028036027372465893,0.031415194294618816,0.03826153044596782,0.049495247447034894,-0.0001453286048704782,0.0,0,0,0.0,0.0,8.008213489591743,5.3999999999999995,0.0,SONOLENTO,uta,data\raw\uta\drowsiness\drowsy_008_5a4de48e.mp4,group_008,20,6530,6850,30.00001667686735,3.000001667686735,10.0
0.15689790651360025,0.06904783400981244,0.18685776541577753,0.02526987472082355,0.13795989642961864,0.15408195812801223,0.16967850164093817,0.17358883135696995,0.11780993140596509,-0.0013609941968510079,0.13793103448275862,3,1.0070870340625506,0.6713913560417005,2,0.20544058728422424,0.011787075724266328,0.0,0.02701716134791496,0.007918390651379288,0.018854504950126017,0.01969408926623415,0.020430470124463546,0.02701716134791496,-0.00015515523359664095,0.0,0,0,0.0,0.0,13.309882815786318,0.41379310344827586,0.0,SONOLENTO,uta,data\raw\uta\drowsiness\drowsy_009_28ad12d6.mp4,group_009,1,10,290,29.78888515621251,2.978888515621251,10.0
0.18014267417498503,0.1588426841508973,0.19696846623074954,0.01113240120225687,0.16461426029519852,0.17030447558339673,0.18826155248910376,0.1935894684272511,0.03812578207985223,-0.000993125142249131,0.0,0,0.0,0.0,0,0.0,0.008973078210276557,0.0,0.030214376157148077,0.008923618340449777,0.013887549490757716,0.018901433857797335,0.024082055903397424,0.030214376157148077,0.0006024774602951412,0.0,0,0,0.0,0.0,20.073668844193584,0.0,0.0,SONOLENTO,uta,data\raw\uta\drowsiness\drowsy_009_28ad12d6.mp4,group_009,2,300,580,29.78888515621251,2.978888515621251,10.0
0.16768956914984964,0.09342737519321741,0.19432817829304044,0.02516408027628866,0.11834399976440543,0.166795576350793,0.18177871084406344,0.18621235487674725,0.10090080309982304,0.0009132002993425431,0.13793103448275862,4,1.342782712083401,1.342782712083401,1,0.10272029364211212,0.009945842893859943,0.0,0.030628194591584446,0.008498114559564512,0.014084507042253521,0.019752166604511016,0.020202226402917148,0.030628194591584446,-0.0003918635577841994,0.0,0,0,0.0,0.0,16.85857220619844,0.5517241379310345,0.0,SONOLENTO,uta,data\raw\uta\drowsiness\drowsy_009_28ad12d6.mp4,group_009,3,590,870,29.78888515621251,2.978888515621251,10.0
0.17923078225599873,0.1255549562690493,0.20154592577059902,0.01878087257356204,0.1537822626550661,0.16866805644608474,0.19447005529651007,0.19751976072099917,0.07599096950154971,0.0006988194029002789,0.10344827586206896,1,0.33569567802085026,0.33569567802085026,3,0.3081608809263363,0.011061574267819597,0.0,0.031053504702226845,0.008896161258211346,0.015382795043203983,0.019695273774890325,0.02375061946198891,0.031053504702226845,-0.00018302136784679044,0.0,0,0,0.0,0.0,16.201543864647395,0.10344827586206896,0.0,SONOLENTO,uta,data\raw\uta\drowsiness\drowsy_009_28ad12d6.mp4,group_009,4,880,1160,29.78888515621251,2.978888515621251,10.0
0.15834765088391495,0.08145063372507616,0.18030541981119474,0.01971048639585748,0.1398854174019132,0.149772444048127,0.17273696576095676,0.1775341914622466,0.09885478608611858,-0.0006711878773923564,0.27586206896551724,2,0.6713913560417005,0.44759423736113363,6,0.6163217618526726,0.012536900465295769,0.0,0.026657190238980555,0.00769723368619784,0.018854504950126017,0.019426222988118497,0.019972870211013145,0.026657190238980555,0.0001359254807302967,0.0,0,0,0.0,0.0,12.629518899293602,0.5517241379310345,0.0,SONOLENTO,uta,data\raw\uta\drowsiness\drowsy_009_28ad12d6.mp4,group_009,5,1170,1450,29.78888515621251,2.978888515621251,10.0
0.17091469504167442,0.14125837468729457,0.1932251190303854,0.011851823487376205,0.15450988931600723,0.1671610768772543,0.178355096793543,0.18609608010460235,0.051966744343090815,0.00045117493517582874,0.034482758620689655,1,0.33569567802085026,0.33569567802085026,1,0.10272029364211212,0.016401524543063865,0.0,0.03020610466650885,0.005830172057132498,0.018854504950126017,0.026729184460767434,0.027021600295597654,0.03020610466650885,0.0002678295072600941,0.0,0,0,0.0,0.0,10.420023734331133,0.034482758620689655,0.0,SONOLENTO,uta,data\raw\uta\drowsiness\drowsy_009_28ad12d6.mp4,group_009,6,1460,1740,29.78888515621251,2.978888515621251,10.0
0.17059200470326036,0.15131413625874707,0.19634602530411038,0.009639223964637005,0.1602805097944645,0.16581519161097302,0.17607394193205128,0.1815198726371515,0.045031889045363316,-0.0001434427600882438,0.0,0,0.0,0.0,0,0.0,0.015213122309436668,0.0,0.046483982055401406,0.010665597015573165,0.019365521913052988,0.029496249337812707,0.029810001712699197,0.046483982055401406,-0.00041536924703745415,0.0,0,0,0.0,0.0,11.212740454797675,0.0,0.0,SONOLENTO,uta,data\raw\uta\drowsiness\drowsy_009_28ad12d6.mp4,group_009,7,1750,2030,29.78888515621251,2.978888515621251,10.0
0.1698875223181195,0.10787260947157723,0.1890609446303382,0.014664968936644278,0.15797857635245732,0.16366364828726598,0.17914657409484233,0.1808069787824286,0.08118833515876098,0.000864011733357109,0.034482758620689655,1,0.33569567802085026,0.33569567802085026,1,0.10272029364211212,0.013293254864836217,0.0,0.019634281539316643,0.005844913451825181,0.018606462588589622,0.018906794534819957,0.0191092493475347,0.019634281539316643,-8.521746625969597e-06,0.0,0,0,0.0,0.0,12.779018007807124,0.034482758620689655,0.0,SONOLENTO,uta,data\raw\uta\drowsiness\drowsy_009_28ad12d6.mp4,group_009,8,2040,2320,29.78888515621251,2.978888515621251,10.0
0.17752533540598203,0.11692751528527955,0.21249155743239406,0.014980289640020543,0.16895547590532167,0.17202665104184167,0.18426391286092178,0.18887587262793123,0.09556404214711452,-0.00019394617900187606,0.034482758620689655,1,0.33569567802085026,0.33569567802085026,1,0.10272029364211212,0.014933696422030197,0.0,0.029419400489327837,0.006305389357110739,0.018854504950126017,0.025774156930467074,0.026312146519503653,0.029419400489327837,-7.570073867686854e-05,0.0,0,0,0.0,0.0,11.886772277748753,0.034482758620689655,0.0,SONOLENTO,uta,data\raw\uta\drowsiness\drowsy_009_28ad12d6.mp4,group_009,9,2330,2610,29.78888515621251,2.978888515621251,10.0
0.16321920711030738,0.0945787722743606,0.19220013945142578,0.0286350996910212,0.11081209427338781,0.15087552710634622,0.18325873639416765,0.1875498894330081,0.09762136717706518,-0.0019448247167881663,0.2413793103448276,4,1.342782712083401,0.783289915381984,3,0.3081608809263363,0.01629230642112784,0.0,0.05005779235217507,0.00867381279089255,0.018366409900949288,0.020375653740592452,0.029475893269068163,0.05005779235217507,0.00025388286939188756,0.0,0,0,0.0,0.0,10.017561990895716,0.9655172413793104,0.0,SONOLENTO,uta,data\raw\uta\drowsiness\drowsy_009_28ad12d6.mp4,group_009,10,2620,2920,29.78888515621251,2.978888515621251,10.0
0.1554429555284236,0.09793087290622368,0.1754577024837775,0.016870115401353802,0.13490098440610443,0.15615705833880061,0.16416963686234726,0.16824022548969297,0.07752682957755383,0.0003126175673176963,0.1724137931034483,3,1.0070870340625506,0.559492796701417,3,0.3081608809263363,0.016262624320932676,0.0,0.038731043826105975,0.01048430252191096,0.019639960837957136,0.031483300373658776,0.03203834442159177,0.038731043826105975,-0.00023932209555535216,0.0,0,0,0.0,0.0,9.557706969925222,0.5172413793103449,0.0,SONOLENTO,uta,data\raw\uta\drowsiness\drowsy_009_28ad12d6.mp4,group_009,11,2930,3210,29.78888515621251,2.978888515621251,10.0
0.16690159668640442,0.15820769015116604,0.17476891244236958,0.004249129452866791,0.16038937185466476,0.16445269526061096,0.16940625653195396,0.1725851386070581,0.016561222291203548,0.00021638050633385078,0.0,0,0.0,0.0,0,0.0,0.0204299819250003,0.0,0.04273348189416729,0.00817945309622495,0.019372788525658838,0.030711460661791302,0.03534890919408911,0.04273348189416729,-0.00019091941040409675,0.0,0,0,0.0,0.0,8.169044312166703,0.0,0.0,SONOLENTO,uta,data\raw\uta\drowsiness\drowsy_009_28ad12d6.mp4,group_009,12,3220,3500,29.78888515621251,2.978888515621251,10.0
0.16629492904160248,0.14739031089322402,0.18129310668615572,0.006686615792682021,0.16080862986453473,0.16234710932603919,0.16977195847536575,0.17486584206269115,0.033902795792931706,0.00011129647625681204,0.034482758620689655,1,0.33569567802085026,0.33569567802085026,1,0.10272029364211212,0.013343010930472396,0.0,0.02855977389887699,0.008213230962103168,0.019916525522623074,0.020258240588414446,0.02049111566125317,0.02855977389887699,-0.0003052566596690916,0.0,0,0,0.0,0.0,12.462139750039565,0.034482758620689655,0.0,SONOLENTO,uta,data\raw\uta\drowsiness\drowsy_009_28ad12d6.mp4,group_009,13,3510,3790,29.78888515621251,2.978888515621251,10.0
0.1579267190374227,0.08872283302015008,0.17923523537567226,0.017300520825016198,0.14524869735494048,0.15667470774108394,0.16681686502641796,0.16864277941510608,0.09051240235552219,-0.0009482814327091751,0.13793103448275862,2,0.6713913560417005,0.44759423736113363,3,0.3081608809263363,0.026647959582883764,0.013887549490757716,0.060428752314296154,0.011220563941119125,0.031490791864182154,0.03939133769212914,0.04192368561224803,0.046541202823538436,0.0003231858623668885,0.0,0,0,0.0,0.0,5.926187044797678,0.27586206896551724,0.0,SONOLENTO,uta,data\raw\uta\drowsiness\drowsy_009_28ad12d6.mp4,group_009,14,3800,4080,29.78888515621251,2.978888515621251,10.0
0.15676047994209147,0.13195943363912385,0.17552089195290138,0.008544377452594277,0.14797742424878013,0.1532337140941039,0.16153870124726172,0.16586740771356168,0.04356145831377753,-0.00036620108605866147,0.1724137931034483,2,0.6713913560417005,0.4196195975260628,4,0.41088117456844847,0.028025111253552278,0.0,0.04391628750910588,0.009404569084058368,0.03149391517605338,0.038853203654238,0.03928371006591931,0.04391628750910588,-4.792680701703595e-05,0.0,0,0,0.0,0.0,5.593372499091262,0.3448275862068966,0.0,SONOLENTO,uta,data\raw\uta\drowsiness\drowsy_009_28ad12d6.mp4,group_009,15,4090,4370,29.78888515621251,2.978888515621251,10.0
0.15687325310115338,0.11881644803363589,0.1698092108767904,0.00946068755371389,0.14934504299298823,0.15520125951782301,0.16291085668982808,0.16475227864888042,0.050992762843154515,0.0003337461733215614,0.1724137931034483,3,1.0070870340625506,0.8392391950521256,2,0.20544058728422424,0.03201050981296703,0.013887549490757716,0.04938647983247948,0.00780323929475982,0.03149391517605338,0.04020719484255259,0.04719840290313003,0.03549893034172176,0.0002748429239915075,0.0,0,0,0.0,0.0,4.900526529917314,0.5172413793103449,0.0,SONOLENTO,uta,data\raw\uta\drowsiness\drowsy_009_28ad12d6.mp4,group_009,16,4380,4660,29.78888515621251,2.978888515621251,10.0
0.15814459631938382,0.13127921309554483,0.17286103360701527,0.008082556515060076,0.14844070192482312,0.15435441525311183,0.16297585029009642,0.1667834669257105,0.04158182051147044,-0.0003002815773629513,0.13793103448275862,1,0.33569567802085026,0.33569567802085026,4,0.41088117456844847,0.03366001467275075,0.013883533620176643,0.05007710104811096,0.009447718119577573,0.03927992167591427,0.044876873538603666,0.04911957496212561,0.036193567427934316,-0.00044861977692389445,0.0,0,0,0.0,0.0,4.698152977765253,0.13793103448275862,0.0,SONOLENTO,uta,data\raw\uta\drowsiness\drowsy_009_28ad12d6.mp4,group_009,17,4670,4950,29.78888515621251,2.978888515621251,10.0
0.14839517584352588,0.0729097642995096,0.18411594685905752,0.02448788520127385,0.13112032287970046,0.14208434192936858,0.1603432315923862,0.16951095162884797,0.11120618255954792,-0.0011621555311014241,0.41379310344827586,8,2.685565424166802,1.0070870340625506,4,0.41088117456844847,0.037129182375544696,0.0,0.09051925951847353,0.02320678143202194,0.04931713299766571,0.07280494765165911,0.0760201930013607,0.09051925951847353,0.0016659994332685554,0.0,0,0,0.0,0.0,3.9966185552932916,3.310344827586207,0.0,SONOLENTO,uta,data\raw\uta\drowsiness\drowsy_009_28ad12d6.mp4,group_009,18,4960,5240,29.78888515621251,2.978888515621251,10.0
0.15990788790757088,0.1346343440966472,0.19292043344349313,0.01633974423213876,0.14210827637732115,0.14963127737691706,0.17453611951471115,0.1818727806404338,0.058286089346845926,0.0005828941652500343,0.3103448275862069,2,0.6713913560417005,0.6042522204375305,5,0.5136014682105605,0.0451877129696162,0.013883533620176643,0.08899883189799697,0.021419373592389858,0.060510440632581965,0.07849021734295805,0.08559356168706825,0.07511529827782032,-0.0004956609094579513,0.0,0,0,0.0,0.0,3.5386687825141,0.6206896551724138,0.0,SONOLENTO,uta,data\raw\uta\drowsiness\drowsy_009_28ad12d6.mp4,group_009,19,5250,5530,29.78888515621251,2.978888515621251,10.0
0.1427915449776381,0.12076304848590236,0.16795642347108475,0.010474947371809113,0.131465419883862,0.1354350785931858,0.14889903552048817,0.1559171506628664,0.04719337498518239,-0.0005229910345512758,0.8620689655172413,22,7.385304916458705,4.196195975260628,2,0.20544058728422424,0.032171841165507094,0.0,0.05281760663657007,0.016188451526670852,0.04143353952325209,0.051987524491003634,0.052441462473514014,0.05281760663657007,-0.0012658280881944087,0.0,0,0,0.0,0.0,4.438263448449393,18.96551724137931,0.0,SONOLENTO,uta,data\raw\uta\drowsiness\drowsy_009_28ad12d6.mp4,group_009,20,5540,5820,29.78888515621251,2.978888515621251,10.0
0.10379257141957249,0.029709373961984954,0.17799074205337867,0.0378169477516704,0.06018092386174773,0.07523743433902413,0.12951526478177075,0.15622573678884552,0.14828136809139372,-0.001492071498518877,0.8333333333333334,13,4.329784621364713,2.7755029624132774,3,0.3002458814199055,0.019256613452170165,0.0,0.04777639464168233,0.009409901181747426,0.021425019105099776,0.03287802171451671,0.03360470177247382,0.04777639464168233,0.0002742650233380762,0.0,0,0,0.0,0.0,5.389690247826423,10.833333333333334,0.0,SONOLENTO,uta,data\raw\uta\drowsiness\drowsy_010_2b9adbda.mov,group_010,1,10,410,30.024588141990552,3.002458814199055,10.0
0.13045920117381432,0.041031640233705265,0.18663247644506875,0.03657502862544198,0.07170046631807814,0.10673362130753208,0.16023029806089234,0.1719289799737177,0.1456008362113635,0.000799259158427715,0.6,4,1.3322414219583731,0.856440914116097,7,0.7005737233131129,0.01836271841590956,0.0,0.03285139771708852,0.007244355504304128,0.021014042904151514,0.029146189878682588,0.031770216664067125,0.03285139771708852,0.0001868942253775948,0.0,0,0,0.0,0.0,7.104182182448948,2.4,0.0,SONOLENTO,uta,data\raw\uta\drowsiness\drowsy_010_2b9adbda.mov,group_010,2,430,800,30.024588141990552,3.002458814199055,10.0
0.1275411437702279,0.028277106144588997,0.17824261454917184,0.03183308872901022,0.09949937956714831,0.10800621826004783,0.15470376656076307,0.16925065479458998,0.14996550840458284,0.0011197925776938414,0.7,18,5.9950863988126795,2.331422488427153,3,0.3002458814199055,0.016786959786756435,0.0,0.03545296915095976,0.009699104686904884,0.021388233719233228,0.033342597844255785,0.03393225548967485,0.03545296915095976,-0.00014127248239014965,0.0,0,0,0.0,0.0,7.597179489960515,12.6,0.0,SONOLENTO,uta,data\raw\uta\drowsiness\drowsy_010_2b9adbda.mov,group_010,3,810,1250,30.024588141990552,3.002458814199055,10.0
0.15854209987003984,0.10868211696133856,0.18739482249387734,0.02271603945200769,0.12379367622109824,0.14942517773128494,0.1774814490194633,0.1820720095746509,0.07871270553253878,0.001145801965426443,0.26666666666666666,3,0.9991810664687798,0.6661207109791866,4,0.4003278418932073,0.0204001194049192,0.014898845011808954,0.03545296915095976,0.006702401043148653,0.021733995409215574,0.03194152936840828,0.03385554266766569,0.020554124139150805,-3.363547566265806e-05,0.0,0,0,0.0,0.0,7.7712451323534495,0.8,0.0,SONOLENTO,uta,data\raw\uta\drowsiness\drowsy_010_2b9adbda.mov,group_010,4,1260,1600,30.024588141990552,3.002458814199055,10.0
0.16161456627443446,0.1225448194830181,0.19770542815264347,0.020027073541534626,0.1296431554532836,0.14663669702039034,0.17473940709218638,0.18087140686518202,0.07516060866962537,-0.0005227503727003921,0.26666666666666666,2,0.6661207109791866,0.38064040627382084,7,0.7005737233131129,0.020120729217432385,0.0,0.0409744885183321,0.008298517389578682,0.022068151337992278,0.03398048815697988,0.034921514788478915,0.0409744885183321,0.00020384080310465266,0.0,0,0,0.0,0.0,8.031842816690936,0.5333333333333333,0.0,SONOLENTO,uta,data\raw\uta\drowsiness\drowsy_010_2b9adbda.mov,group_010,5,1620,1970,30.024588141990552,3.002458814199055,10.0
0.16917811961424947,0.09756099588736093,0.19621114028674164,0.025889684996043643,0.1265625675759406,0.16031155122597884,0.1861056027141744,0.19508187726747558,0.0986501443993807,-0.0012347303789912443,0.16666666666666666,3,0.9991810664687798,0.5551005924826555,3,0.3002458814199055,0.021207563858292214,0.0,0.03384487217112064,0.007979683362238513,0.030736511072267245,0.03178117155239202,0.03253168455635001,0.03384487217112064,-0.00028746509104766717,0.0,0,0,0.0,0.0,7.976877677556818,0.5,0.0,SONOLENTO,uta,data\raw\uta\drowsiness\drowsy_010_2b9adbda.mov,group_010,6,1980,2310,30.024588141990552,3.002458814199055,10.0
0.134000246140245,0.0880811868602728,0.16701510521266402,0.023539612231284902,0.09650745810696262,0.1172145672340027,0.15169587364783854,0.1611275614541202,0.07893391835239122,-0.0002841172326039362,0.7,5,1.6653017774479664,0.9991810664687798,7,0.7005737233131129,0.02325037280452769,0.0,0.03547527082590287,0.007862428316952316,0.031000952431424603,0.034385993098593366,0.03439697540055092,0.03547527082590287,0.00010429801394950947,0.0,0,0,0.0,0.0,5.763111161941863,3.5,0.0,SONOLENTO,uta,data\raw\uta\drowsiness\drowsy_010_2b9adbda.mov,group_010,7,2320,2700,30.024588141990552,3.002458814199055,10.0
0.14045822012537226,0.059141593023551556,0.18560697104641372,0.03410335718085458,0.09606009133108397,0.12061875111568301,0.16629508000626309,0.17527215632917142,0.12646537802286217,0.0009751924200692483,0.4666666666666667,5,1.6653017774479664,0.7771408294757177,6,0.600491762839811,0.01915381066623049,0.0,0.03075467578697396,0.006438943927799624,0.02131809156693647,0.030711134459165176,0.030735082189460007,0.03075467578697396,7.969846519106774e-05,0.0,0,0,0.0,0.0,7.332790836350943,2.3333333333333335,0.0,SONOLENTO,uta,data\raw\uta\drowsiness\drowsy_010_2b9adbda.mov,group_010,8,2710,3070,30.024588141990552,3.002458814199055,10.0
0.14020753991664398,0.08629789756818969,0.18952711908013536,0.028798672378997883,0.09956033287862422,0.11718658955752792,0.16217392861504532,0.17560230457103726,0.10322922151194568,-0.0017938656467119598,0.5666666666666667,9,2.9975431994063397,1.132405208664617,5,0.5004098023665091,0.020482044986840284,0.0,0.031742033253447585,0.007061194613346394,0.021733995409215574,0.030781774272799548,0.03120376269439721,0.031742033253447585,-0.00016233862943151864,0.0,0,0,0.0,0.0,6.845053555597955,5.1,0.0,SONOLENTO,uta,data\raw\uta\drowsiness\drowsy_010_2b9adbda.mov,group_010,9,3080,3450,30.024588141990552,3.002458814199055,10.0
0.11829815271754941,0.07243041521949978,0.1500108575681991,0.020613972522689518,0.09559163018278329,0.10308182371035934,0.13199969270838985,0.1468336858382462,0.07758044234869932,-0.0005191530046332141,0.9666666666666667,24,7.993448531750238,4.829375154599102,2,0.20016392094660365,0.019096168823768262,0.0,0.03547527082590287,0.008196975980900377,0.022007502456227877,0.030803826808384987,0.0326861338911493,0.03547527082590287,-0.0003517545694851054,0.0,0,0,0.0,0.0,6.194538772172134,23.2,0.0,SONOLENTO,uta,data\raw\uta\drowsiness\drowsy_010_2b9adbda.mov,group_010,10,3460,3870,30.024588141990552,3.002458814199055,10.0
0.11877967345267114,0.08840977347482641,0.14992506046273313,0.015517683064197232,0.09634119795878159,0.10941297919243674,0.12571968479685974,0.13846775947727433,0.06151528698790672,-0.00011470585165147072,1.0,30,9.991810664687799,9.991810664687799,1,0.10008196047330183,0.019224345232054022,0.0,0.03548867204938381,0.011841280355939525,0.03076559202366657,0.03387592964236887,0.03416474353329498,0.03548867204938381,-7.008610971777534e-05,0.0,0,0,0.0,0.0,6.178285592220847,30.0,0.0,SONOLENTO,uta,data\raw\uta\drowsiness\drowsy_010_2b9adbda.mov,group_010,11,3890,4310,30.024588141990552,3.002458814199055,10.0
0.12211143862811198,0.08474176313155929,0.160229721426322,0.021405583216137156,0.09963461300317318,0.10629618351777094,0.1430521271733889,0.15117212594192533,0.07548795829476271,0.0011577461347937591,0.8666666666666667,17,5.662026043323086,2.1648923106823563,4,0.4003278418932073,0.01835019236519767,0.0,0.03225806451612903,0.011126931896621353,0.030302160875406423,0.031746031746031744,0.03202764976958525,0.03225806451612903,5.5118177722516035e-05,0.0,0,0,0.0,0.0,6.654141932471463,14.733333333333334,0.0,SONOLENTO,uta,data\raw\uta\drowsiness\drowsy_010_2b9adbda.mov,group_010,12,4330,4730,30.024588141990552,3.002458814199055,10.0
0.13440785147294726,0.09796559115761136,0.15653799841585486,0.016023651207532765,0.11124953984477653,0.12002655871583888,0.14915793801877877,0.15101032829549282,0.0585724072582435,-0.0011785675936605718,0.8333333333333334,16,5.328965687833493,2.081627221809958,4,0.4003278418932073,0.020226668414456195,0.0,0.03665685209016049,0.010885950203543457,0.032126910013898044,0.03231050611237634,0.034588203112546505,0.03665685209016049,-0.0004042407453212684,0.0,0,0,0.0,0.0,6.644752559661766,13.333333333333334,0.0,SONOLENTO,uta,data\raw\uta\drowsiness\drowsy_010_2b9adbda.mov,group_010,13,4740,5100,30.024588141990552,3.002458814199055,10.0
0.11533508213819493,0.09307026537127844,0.13217900722192605,0.01044684002269223,0.1013792620631108,0.10681360598841291,0.1244093395209449,0.12763532959685442,0.03910874185064761,-0.00020529460589931893,1.0,30,9.991810664687799,9.991810664687799,1,0.10008196047330183,0.01422919646929299,0.0,0.03125,0.008992580469875644,0.021754557377304695,0.022521433780180438,0.0273557999241899,0.03125,-7.413451197186461e-05,0.0,0,0,0.0,0.0,8.104953602508148,30.0,0.0,SONOLENTO,uta,data\raw\uta\drowsiness\drowsy_010_2b9adbda.mov,group_010,14,5110,5570,30.024588141990552,3.002458814199055,10.0
0.11994799489980189,0.08818887943114134,0.14259616928119945,0.013910766402187871,0.10152274161279613,0.11305188254993484,0.13026571631267636,0.13938920433317664,0.054407289850058105,0.0005375050583851346,1.0,30,9.991810664687799,9.991810664687799,1,0.10008196047330183,0.013264160791566577,0.0,0.047619047619047616,0.012216164223866234,0.019861243909258402,0.03034615634192209,0.032762852009186584,0.047619047619047616,0.00022379031854750272,0.0,0,0,0.0,0.0,9.042332526874436,30.0,0.0,SONOLENTO,uta,data\raw\uta\drowsiness\drowsy_010_2b9adbda.mov,group_010,15,5580,6010,30.024588141990552,3.002458814199055,10.0
0.13431205024931864,0.05343387289192744,0.164525854630378,0.025483225838413042,0.10376186231597206,0.12324457115258013,0.1510076777878497,0.15897272703941612,0.11109198173845056,0.0013003689318870579,0.7,11,3.663663910385526,1.7485668663203646,4,0.4003278418932073,0.019349729877288672,0.0,0.05097796189288661,0.008970985282935308,0.021238242476462818,0.031102557505095618,0.034685472063911316,0.05097796189288661,-0.00016457213496588776,0.0,0,0,0.0,0.0,6.940929417187325,7.699999999999999,0.0,SONOLENTO,uta,data\raw\uta\drowsiness\drowsy_010_2b9adbda.mov,group_010,16,6030,6390,30.024588141990552,3.002458814199055,10.0
0.1286249240643072,0.08508851377460226,0.1566974826972723,0.017093892828990594,0.11024287288907152,0.12124082379114615,0.13782741315688635,0.1503662499867782,0.07160896892267003,-0.0010363681681620147,0.9,15,4.9959053323438996,2.9975431994063397,3,0.3002458814199055,0.019196937658748185,0.015144563320384568,0.03387981784090591,0.004773256196432895,0.02209236880942945,0.022437378852027796,0.027558371422368902,0.01873525452052134,-5.293650740014774e-05,0.0,0,0,0.0,0.0,6.699934459142018,13.5,0.0,SONOLENTO,uta,data\raw\uta\drowsiness\drowsy_010_2b9adbda.mov,group_010,17,6400,6740,30.024588141990552,3.002458814199055,10.0
0.12404671510438639,0.10083457470040313,0.15545611724237535,0.013373157291190584,0.10721957540433895,0.1157521146439181,0.12874713319045886,0.14019929276703402,0.05462154254197221,-0.0006943450765728797,0.9333333333333333,25,8.326508887239832,4.662844976854306,2,0.20016392094660365,0.015027965873507519,0.0,0.03124618600108423,0.007584024297875675,0.01986071952430729,0.022129451703040717,0.022445006962161677,0.03124618600108423,-0.00031298983235519075,0.0,0,0,0.0,0.0,8.253842356715385,23.333333333333332,0.0,SONOLENTO,uta,data\raw\uta\drowsiness\drowsy_010_2b9adbda.mov,group_010,18,6750,7090,30.024588141990552,3.002458814199055,10.0
0.10389870382275748,0.07032030443901972,0.13289268461654902,0.01722622313677028,0.08458543491333917,0.089529110173761,0.1198032975651204,0.12715530220060045,0.0625723801775293,-0.0006657184867573929,1.0,30,9.991810664687799,9.991810664687799,1,0.10008196047330183,0.01977812241749949,0.0,0.03548867204938381,0.009521904453680199,0.02766839724365985,0.03342098195620688,0.03416474353329498,0.03548867204938381,-0.00013572368022682506,0.0,0,0,0.0,0.0,5.252948115171863,30.0,0.0,SONOLENTO,uta,data\raw\uta\drowsiness\drowsy_010_2b9adbda.mov,group_010,19,7100,7550,30.024588141990552,3.002458814199055,10.0
0.10759434047731517,0.07204219618777681,0.13413420257813108,0.017921513259931573,0.08411547422556447,0.09659685107635638,0.1223737840324029,0.12998629170552867,0.06209200639035427,-3.985796968569228e-05,1.0,30,9.991810664687799,9.991810664687799,1,0.10008196047330183,0.01974579527775337,0.0,0.03439697540055092,0.008282617742242341,0.022096412685955417,0.03283756576407526,0.03333333333333333,0.03439697540055092,-0.00017125523516109628,0.0,0,0,0.0,0.0,5.448698837655463,30.0,0.0,SONOLENTO,uta,data\raw\uta\drowsiness\drowsy_010_2b9adbda.mov,group_010,20,7570,7990,30.024588141990552,3.002458814199055,10.0
0.41250649420909485,0.3742018038388276,0.473747095062568,0.02412567509954282,0.3898847403868276,0.39807614906903266,0.4144346012268786,0.441832238694054,0.0995452912237404,-0.0009562234768508554,0.0,0,0.0,0.0,0,0.0,0.01570678377387109,0.0,0.05223516976555702,0.01913900416373981,0.035623524993954825,0.036810508691615514,0.039895440906403803,0.05223516976555702,0.0012254320619723117,0.0,0,0,0.0,0.0,26.261279130622704,0.0,0.0,SONOLENTO,uta,data\raw\uta\drowsiness\drowsy_011_b9559dcd.mp4,group_011,1,10,190,17.160651840660815,1.7160651840660814,10.0
0.3826531310439411,0.16187962941958545,0.44567595068087895,0.059598328579729506,0.36502222807541396,0.38020694803310096,0.4044722018007783,0.4261621016400907,0.2837963212612935,-0.006435517324604554,0.0,0,0.0,0.0,0,0.0,0.006357082880178381,0.0,0.036935842757655886,0.013735556080864447,0.0,0.03555603472443498,0.03588598854669504,0.036935842757655886,-0.0015957036502588149,0.0,0,0,0.0,0.0,60.18372806005409,0.0,0.0,SONOLENTO,uta,data\raw\uta\drowsiness\drowsy_011_b9559dcd.mp4,group_011,2,200,360,17.160651840660815,1.7160651840660814,10.0
0.36643200622625394,0.220111073270091,0.4034124498673055,0.042697185170656196,0.33649126903668264,0.3645032986871036,0.38956407710006224,0.39826186680629416,0.18330137659721452,4.759994152201488e-05,0.0,0,0.0,0.0,0,0.0,0.008626115627502578,0.0,0.038014296063485276,0.015557639809786326,0.0,0.03663716527236558,0.03691259143058952,0.038014296063485276,6.710408835013157e-05,0.0,0,0,0.0,0.0,42.474451722670445,0.0,0.0,SONOLENTO,uta,data\raw\uta\drowsiness\drowsy_011_b9559dcd.mp4,group_011,3,370,530,17.160651840660815,1.7160651840660814,10.0
0.38123777367586714,0.35494469736593304,0.40662231197438325,0.012318206376376848,0.366732623154144,0.3749953985025084,0.39029797559322704,0.39217674111710116,0.05167761460845022,-0.00030962509244284055,0.0,0,0.0,0.0,0,0.0,0.014488476778806844,0.0,0.035355339059327376,0.01731709857090867,0.035158127696731496,0.035158127696731496,0.03519756996925067,0.035355339059327376,0.001980019832290296,0.0,0,0,0.0,0.0,26.31135544062487,0.0,0.0,SONOLENTO,uta,data\raw\uta\drowsiness\drowsy_011_b9559dcd.mp4,group_011,4,540,700,17.160651840660815,1.7160651840660814,10.0
0.3643296502874782,0.3364477631596755,0.3800831656766163,0.01352166369408215,0.34677931075404966,0.3546270500296439,0.3763609813300693,0.37830146301491874,0.04363540251694081,-0.00010975896263468426,0.0,0,0.0,0.0,0,0.0,0.012416406503092161,0.0,0.036155076303109365,0.016818943654121163,0.03492151478847891,0.03555690713928265,0.036155076303109365,0.036155076303109365,0.0028554257249705436,0.0,0,0,0.0,0.0,29.340237045211776,0.0,0.0,SONOLENTO,uta,data\raw\uta\drowsiness\drowsy_011_b9559dcd.mp4,group_011,5,710,870,17.160651840660815,1.7160651840660814,10.0
0.3366386891349686,0.20962129069465613,0.378996907976743,0.04182222922188639,0.29034772573121614,0.333662689592237,0.3612374224878702,0.3750241398310771,0.1693756172820869,-0.0005374124802278942,0.0,0,0.0,0.0,0,0.0,0.01848786077037119,0.0,0.03492151478847891,0.017430522293816288,0.03492151478847891,0.03492151478847891,0.03492151478847891,0.03492151478847891,0.000599143636076844,0.0,0,0,0.0,0.0,18.207649098339232,0.0,0.0,SONOLENTO,uta,data\raw\uta\drowsiness\drowsy_011_b9559dcd.mp4,group_011,6,880,1040,17.160651840660815,1.7160651840660814,10.0
0.39592163203255026,0.3641813656675181,0.42767965610869096,0.01761325334438342,0.37491327832996774,0.382277084507879,0.40883533110278314,0.41874994566064594,0.06349829044117289,-9.068498545048021e-06,0.0,0,0.0,0.0,0,0.0,0.004433468521109428,0.0,0.03843312210120439,0.012144268610660862,0.0,0.014774337103062368,0.037235298626365584,0.03843312210120439,-0.0006520521961307197,0.0,0,0,0.0,0.0,89.28276977226066,0.0,0.0,SONOLENTO,uta,data\raw\uta\drowsiness\drowsy_011_b9559dcd.mp4,group_011,7,1050,1210,17.160651840660815,1.7160651840660814,10.0
0.3939979119938772,0.35877144645937076,0.430439423224532,0.017345390084540755,0.37515520611296377,0.3838873064042765,0.4052485586541056,0.4128041585440972,0.07166797676516123,-0.0008522223976045628,0.0,0,0.0,0.0,0,0.0,0.019342410431187795,0.0,0.036935842757655886,0.018240574640981985,0.036810508691615514,0.036810508691615514,0.03683557550482359,0.036935842757655886,-0.003240888683788969,0.0,0,0,0.0,0.0,20.368585642923954,0.0,0.0,SONOLENTO,uta,data\raw\uta\drowsiness\drowsy_011_b9559dcd.mp4,group_011,8,1220,1380,17.160651840660815,1.7160651840660814,10.0
0.3811079655305208,0.3482314418595809,0.42360586901861325,0.020758332864006652,0.3573473143693323,0.36298646363396225,0.39807614906903266,0.40500488918184974,0.07537442715903236,-0.0026650933806874177,0.0,0,0.0,0.0,0,0.0,0.006343093594968177,0.0,0.036810508691615514,0.01370506438800065,0.0,0.03551104121142175,0.0357709347074605,0.036810508691615514,-0.001327847770913437,0.0,0,0,0.0,0.0,60.072878784890065,0.0,0.0,SONOLENTO,uta,data\raw\uta\drowsiness\drowsy_011_b9559dcd.mp4,group_011,9,1390,1550,17.160651840660815,1.7160651840660814,10.0
0.3756814499054793,0.19858964852336347,0.4155047437297879,0.05041000953690423,0.3377935515222522,0.3764996923401463,0.40147671963645215,0.407280526138204,0.21691509520642444,-0.0046594773679215174,0.0,0,0.0,0.0,0,0.0,0.012600588976272347,0.0,0.036810508691615514,0.017063854847705257,0.03551104121142175,0.03551104121142175,0.0357709347074605,0.036810508691615514,-0.0001813389018403396,0.0,0,0,0.0,0.0,29.812228490617613,0.0,0.0,SONOLENTO,uta,data\raw\uta\drowsiness\drowsy_011_b9559dcd.mp4,group_011,10,1560,1720,17.160651840660815,1.7160651840660814,10.0
0.37286992594714047,0.3531064505246377,0.39733416671584754,0.012883775806531259,0.3556187990723508,0.3598778007045613,0.38333769193757555,0.3896988792882391,0.044227716191209854,0.000875314286320122,0.0,0,0.0,0.0,0,0.0,0.012533308662854735,0.0,0.03551104121142175,0.016970180152364737,0.03551104121142175,0.03551104121142175,0.03551104121142175,0.03551104121142175,0.0004351843285713446,0.0,0,0,0.0,0.0,29.747945098251474,0.0,0.0,SONOLENTO,uta,data\raw\uta\drowsiness\drowsy_011_b9559dcd.mp4,group_011,11,1730,1890,17.160651840660815,1.7160651840660814,10.0
0.37042059284081696,0.3417685404485648,0.3887153434419495,0.01033494636321568,0.36281346901771777,0.3651899284492871,0.37426789011444667,0.38228836399816274,0.04694680299338472,-3.7708305707811546e-06,0.0,0,0.0,0.0,0,0.0,0.01664185717150295,0.0,0.036810508691615514,0.017661065852853416,0.035355339059327376,0.03578034425018102,0.036496383367492294,0.036810508691615514,-0.0006003600596024137,0.0,0,0,0.0,0.0,22.25703129118218,0.0,0.0,SONOLENTO,uta,data\raw\uta\drowsiness\drowsy_011_b9559dcd.mp4,group_011,12,1900,2060,17.160651840660815,1.7160651840660814,10.0
0.3331660296194998,0.20136139530518987,0.3918111012359203,0.06544319045205468,0.2241301021522152,0.3421807175150755,0.38619026646828525,0.3918111012359203,0.1904497059307304,-0.0017217758552625748,0.0,0,0.0,0.0,0,0.0,0.024393447465182756,0.0,0.04972110101636284,0.01858553672607826,0.035158127696731496,0.040983317024584034,0.04972110101636284,0.04972110101636284,-0.0005429970647166112,0.0,0,0,0.0,0.0,13.657453405944722,0.0,0.0,SONOLENTO,uta,data\raw\uta\drowsiness\drowsy_011_b9559dcd.mp4,group_011,13,2070,2230,17.160651840660815,1.7160651840660814,10.0
0.345181023872856,0.19367261687621387,0.38373768558532206,0.039971227408986336,0.3354216671589929,0.34503626411757926,0.35875620905702044,0.3717007183839829,0.1900650687091082,0.0005404435372053317,0.0,0,0.0,0.0,0,0.0,0.012408750951787588,0.0,0.035158127696731496,0.01680152821431423,0.035158127696731496,0.035158127696731496,0.035158127696731496,0.035158127696731496,-0.0003446875264385437,0.0,0,0,0.0,0.0,27.81530630339795,0.0,0.0,SONOLENTO,uta,data\raw\uta\drowsiness\drowsy_011_b9559dcd.mp4,group_011,14,2240,2400,17.160651840660815,1.7160651840660814,10.0
0.3375640889375141,0.15131384285083815,0.44156464393122463,0.07768339830915581,0.1999344659057332,0.3468395823200478,0.37407107656153293,0.39022561854380583,0.2902508010803865,-0.005394325286858026,0.0,0,0.0,0.0,0,0.0,0.0324061868538727,0.0,0.05050762722761054,0.012375950003760546,0.03569153051241249,0.03800604641659545,0.04169962566685667,0.05050762722761054,0.0007348313059779905,0.0,0,0,0.0,0.0,10.41633420573112,0.0,0.0,SONOLENTO,uta,data\raw\uta\drowsiness\drowsy_011_b9559dcd.mp4,group_011,15,2410,2590,17.160651840660815,1.7160651840660814,10.0
0.3654204172603481,0.1551427864046993,0.4300908348988093,0.06477139203722104,0.2955710357784018,0.3737736059713773,0.4016230595959376,0.4127221155747313,0.27494804849411,0.0007655649162292415,0.0,0,0.0,0.0,0,0.0,0.020903679664247193,0.0,0.05223516976555702,0.02002821724258782,0.037011660509880265,0.04019399073584741,0.044715268903360944,0.05223516976555702,-0.0003244346105581824,0.0,0,0,0.0,0.0,17.48031651904805,0.0,0.0,SONOLENTO,uta,data\raw\uta\drowsiness\drowsy_011_b9559dcd.mp4,group_011,16,2600,2760,17.160651840660815,1.7160651840660814,10.0
0.38087791590651876,0.2310793237773115,0.41893133899404555,0.041913256559526046,0.3541249428069863,0.3869536779257244,0.3985301341456081,0.4085973150901866,0.18785201521673406,0.0008970376514399651,0.0,0,0.0,0.0,0,0.0,0.015963366252266995,0.0,0.05223516976555702,0.019406986247364852,0.036935842757655886,0.037011660509880265,0.040056362361015604,0.05223516976555702,0.0017045341421903213,0.0,0,0,0.0,0.0,23.858004125433588,0.0,0.0,SONOLENTO,uta,data\raw\uta\drowsiness\drowsy_011_b9559dcd.mp4,group_011,17,2770,2930,17.160651840660815,1.7160651840660814,10.0
0.39559795720444885,0.37978752657271664,0.4245952090164364,0.010352910642172935,0.3810181581046155,0.3932262319911961,0.3982143716923735,0.404929102752909,0.04480768244371974,-0.0004035526470745146,0.0,0,0.0,0.0,0,0.0,0.015060373688070627,0.0,0.03834824944236852,0.01801080023913776,0.035623524993954825,0.036935842757655886,0.03721832409459841,0.03834824944236852,-0.0009770111313579196,0.0,0,0,0.0,0.0,26.265728837057043,0.0,0.0,SONOLENTO,uta,data\raw\uta\drowsiness\drowsy_011_b9559dcd.mp4,group_011,18,2940,3100,17.160651840660815,1.7160651840660814,10.0
0.39457768698738815,0.3569600731204262,0.4114999452042871,0.013807453308792133,0.3793510522063622,0.3882124244198101,0.40728141958263286,0.4096885559263285,0.05453987208386091,8.686020253718653e-05,0.0,0,0.0,0.0,0,0.0,0.022399801120328303,0.0,0.05223516976555702,0.019092647861687687,0.036935842757655886,0.03696616985854564,0.040056362361015604,0.05223516976555702,-0.0011709944127420975,0.0,0,0,0.0,0.0,17.614445343622837,0.0,0.0,SONOLENTO,uta,data\raw\uta\drowsiness\drowsy_011_b9559dcd.mp4,group_011,19,3110,3270,17.160651840660815,1.7160651840660814,10.0
0.39395687407702756,0.3755860169874352,0.4191961206639395,0.01195417415413634,0.3807538495138304,0.38591180550293136,0.40317185542255607,0.40953841804343977,0.04361010367650431,0.0016937055805634803,0.0,0,0.0,0.0,0,0.0,0.020299839782317763,0.0,0.05223516976555702,0.019473516691294282,0.036935842757655886,0.036935842757655886,0.0399957081592361,0.05223516976555702,-0.0020682017456322976,0.0,0,0,0.0,0.0,19.405939769061572,0.0,0.0,SONOLENTO,uta,data\raw\uta\drowsiness\drowsy_011_b9559dcd.mp4,group_011,20,3280,3440,17.160651840660815,1.7160651840660814,10.0
0.3268400290973686,0.13742033019812228,0.41719333234324285,0.08626185650989245,0.1650903481363783,0.29605083829328477,0.3827561623304617,0.41159942895147295,0.2797730021451206,-0.0029874013120586842,0.1,1,0.33140301143639334,0.33140301143639334,3,0.3017474088921885,0.01886503222362108,0.0,0.08304547985373997,0.022932560771993658,0.039512738881384846,0.04153352040540112,0.0461994344396223,0.08304547985373997,-0.00024344796812353418,0.0,0,0,0.0,0.0,17.324259029312525,0.1,0.0,SONOLENTO,uta,data\raw\uta\drowsiness\drowsy_012_9ceea41e.mp4,group_012,1,10,300,30.17474088921885,3.017474088921885,10.0
0.36435519399283095,0.20213629024354704,0.4254867235068853,0.05671672063888936,0.2959141958144674,0.3600107896592123,0.40248333465922415,0.411462547425904,0.22335043326333828,-0.000507887969782639,0.0,0,0.0,0.0,0,0.0,0.0114979051737861,0.0,0.041522739926869986,0.01653250981416897,0.028510433230812003,0.03834824944236852,0.039186648376860575,0.041522739926869986,-0.00046649692651746475,0.0,0,0,0.0,0.0,31.686076933954254,0.0,0.0,SONOLENTO,uta,data\raw\uta\drowsiness\drowsy_012_9ceea41e.mp4,group_012,2,310,600,30.17474088921885,3.017474088921885,10.0
0.3137414853634473,0.10288632062019841,0.4260918781478614,0.10512827678530418,0.13332053211688868,0.21929289739311172,0.3944591193781282,0.4080687418422517,0.323205557527663,-0.003183125498704284,0.13333333333333333,2,0.6628060228727867,0.4418706819151911,3,0.3017474088921885,0.0058999466731957054,0.0,0.030247530200945175,0.011804934578169765,0.0,0.02938600129032443,0.030216503516897624,0.030247530200945175,0.0003966653038995572,0.0,0,0,0.0,0.0,53.1679919746738,0.26666666666666666,0.0,SONOLENTO,uta,data\raw\uta\drowsiness\drowsy_012_9ceea41e.mp4,group_012,3,610,900,30.17474088921885,3.017474088921885,10.0
0.3212702680253938,0.10703324800206934,0.4285914756312512,0.11123036323613389,0.1315600235512684,0.22614862039763145,0.4009514011917924,0.4069349122306901,0.32155822762918185,-0.000648848955306861,0.16666666666666666,3,0.99420903430918,0.5523383523939889,3,0.3017474088921885,0.011613577011131321,0.0,0.031234752377721213,0.014242054727919704,0.028510433230812003,0.029361010975735173,0.03036648363175547,0.031234752377721213,-0.0004038436901973856,0.0,0,0,0.0,0.0,27.660952931604044,0.5,0.0,SONOLENTO,uta,data\raw\uta\drowsiness\drowsy_012_9ceea41e.mp4,group_012,4,910,1200,30.17474088921885,3.017474088921885,10.0
0.3214718617724917,0.10271680388769647,0.4238437189199646,0.09745267707965573,0.17166509872144045,0.3187528740900148,0.38467837397194204,0.4006211102319271,0.3211269150322681,0.0023536442613538203,0.1,3,0.99420903430918,0.99420903430918,1,0.10058246963072949,0.007111998083709731,0.0,0.042776467438466456,0.013124993821804286,0.0,0.028528383132218525,0.029488039865014488,0.042776467438466456,0.0004980716328560444,0.0,0,0,0.0,0.0,45.19498782218573,0.30000000000000004,0.0,SONOLENTO,uta,data\raw\uta\drowsiness\drowsy_012_9ceea41e.mp4,group_012,5,1210,1500,30.17474088921885,3.017474088921885,10.0
0.36217799748086466,0.19845524449134233,0.44963703434406843,0.06303344081673919,0.23858701105708927,0.3621106198329596,0.397594311113109,0.406283814671163,0.2511817898527261,-0.0002995532602819391,0.0,0,0.0,0.0,0,0.0,0.006449616391524777,0.0,0.04034029375505465,0.013093402080933212,0.0,0.029361010975735173,0.03420390396636601,0.04034029375505465,-0.00028527380703661663,0.0,0,0,0.0,0.0,56.14626192261514,0.0,0.0,SONOLENTO,uta,data\raw\uta\drowsiness\drowsy_012_9ceea41e.mp4,group_012,6,1510,1800,30.17474088921885,3.017474088921885,10.0
0.3773369720573852,0.11596960746060463,0.47442316677755714,0.09053024084654747,0.22059211529821424,0.38696843104407297,0.42088959782951674,0.44275924933833055,0.3584535593169525,-0.004377262529327717,0.06666666666666667,2,0.6628060228727867,0.6628060228727867,1,0.10058246963072949,0.004040105597317821,0.0,0.03125,0.010303175411169447,0.0,0.02945382254223857,0.03029677365501278,0.03125,0.00022491735592065231,0.0,0,0,0.0,0.0,93.37468743896048,0.13333333333333333,0.0,SONOLENTO,uta,data\raw\uta\drowsiness\drowsy_012_9ceea41e.mp4,group_012,7,1810,2100,30.17474088921885,3.017474088921885,10.0
0.3801794608007158,0.15596367285727414,0.43387503640576314,0.06519431847854867,0.32352805658825157,0.38030807508294867,0.4129992393898981,0.42804399827855105,0.277911363548489,0.0023772150397389806,0.0,0,0.0,0.0,0,0.0,0.0038324579136554053,0.0,0.029399051601892736,0.009771866378638054,0.0,0.028524895269256473,0.028524895269256473,0.029399051601892736,-2.985654654675424e-05,0.0,0,0,0.0,0.0,99.1740275656749,0.0,0.0,SONOLENTO,uta,data\raw\uta\drowsiness\drowsy_012_9ceea41e.mp4,group_012,8,2110,2400,30.17474088921885,3.017474088921885,10.0
0.26576080489604775,0.1154907988402235,0.44787928882583566,0.11236662338334633,0.14707636720418615,0.1733422707080911,0.40526443912764065,0.42000351347680265,0.33238848998561216,0.0020058072201357803,0.13333333333333333,2,0.6628060228727867,0.4418706819151911,3,0.3017474088921885,0.0048482238184271624,0.0,0.030303030303030304,0.010849114790219386,0.0,0.02855977389887699,0.029510917906917664,0.030303030303030304,0.00028197460513355437,0.0,0,0,0.0,0.0,54.8048130684648,0.26666666666666666,0.0,SONOLENTO,uta,data\raw\uta\drowsiness\drowsy_012_9ceea41e.mp4,group_012,9,2410,2700,30.17474088921885,3.017474088921885,10.0
0.29960878679494596,0.09691084392381001,0.4232613247502799,0.10463030265263558,0.14346220795953285,0.19565597619757896,0.38788644449750675,0.40029985073446195,0.3263504808264699,3.1837015063587056e-05,0.16666666666666666,2,0.6628060228727867,0.5523383523939889,3,0.3017474088921885,0.004815140031444917,0.0,0.029399051601892736,0.010768314833185482,0.0,0.02856093936613215,0.02902662123818386,0.029399051601892736,-4.7131075012001195e-05,0.0,0,0,0.0,0.0,62.20931800960502,0.3333333333333333,0.0,SONOLENTO,uta,data\raw\uta\drowsiness\drowsy_012_9ceea41e.mp4,group_012,10,2710,3000,30.17474088921885,3.017474088921885,10.0
0.34547405507383716,0.12390767232177843,0.4183125113788736,0.07955048216862647,0.20563523267306152,0.3508030749764357,0.38387697602797133,0.3949461759637365,0.29440483905709514,0.0010911957438270385,0.1,2,0.6628060228727867,0.49710451715459,2,0.20116493926145898,0.0037040593421641004,0.0,0.02855977389887699,0.009445635651008274,0.0,0.027092151937158793,0.027772958035936754,0.02855977389887699,-3.5982664704857324e-07,0.0,0,0,0.0,0.0,93.24386552795347,0.2,0.0,SONOLENTO,uta,data\raw\uta\drowsiness\drowsy_012_9ceea41e.mp4,group_012,11,3010,3300,30.17474088921885,3.017474088921885,10.0
0.29451479775787526,0.12418766046387938,0.4162116485717885,0.11324210319972298,0.1361589687584846,0.1486753732046213,0.3821667359509678,0.40164798567875976,0.2920239881079091,0.002024206855981547,0.26666666666666666,7,2.319821080054753,1.3256120457455733,2,0.20116493926145898,0.007673460273196914,0.0,0.030247530200945175,0.012731796724158766,0.020801257358446092,0.02865419087447499,0.029399051601892736,0.030247530200945175,-0.0004615786505486251,0.0,0,0,0.0,0.0,38.375962253198374,1.8666666666666667,0.0,SONOLENTO,uta,data\raw\uta\drowsiness\drowsy_012_9ceea41e.mp4,group_012,12,3310,3600,30.17474088921885,3.017474088921885,10.0
0.3297761441320779,0.1516578592000093,0.41312677126121433,0.07388141046067447,0.1879310494277617,0.32545688933069017,0.3780289135175356,0.3948379584644229,0.26146891206120504,-0.0012749339187825936,0.0,0,0.0,0.0,0,0.0,0.009160672293344618,0.0,0.04038961958610097,0.014125211176783538,0.02855977389887699,0.029400322912291697,0.029901960784313723,0.04038961958610097,0.00013963378259905016,0.0,0,0,0.0,0.0,35.99519100586469,0.0,0.0,SONOLENTO,uta,data\raw\uta\drowsiness\drowsy_012_9ceea41e.mp4,group_012,13,3610,3900,30.17474088921885,3.017474088921885,10.0
0.32703123607809736,0.13680011461326047,0.40545546467846416,0.07846751321814607,0.18394105943489328,0.30277785999083007,0.3826353041798635,0.38725755539827517,0.2686553500652037,-0.0009436433706149753,0.06666666666666667,1,0.33140301143639334,0.33140301143639334,2,0.20116493926145898,0.015514698042689824,0.0,0.041576537496303176,0.015773802519424333,0.029399051601892736,0.030486020428305127,0.03673041980461357,0.041576537496303176,-0.00019975190266171308,0.0,0,0,0.0,0.0,21.077442676333675,0.06666666666666667,0.0,SONOLENTO,uta,data\raw\uta\drowsiness\drowsy_012_9ceea41e.mp4,group_012,14,3910,4200,30.17474088921885,3.017474088921885,10.0
0.33824834065064235,0.10047042772205986,0.41324900762268524,0.08512371338348801,0.1692899276482389,0.33942298091740564,0.3829223693618199,0.3988291038330254,0.3127785799006254,0.0001464661081877415,0.1,2,0.6628060228727867,0.49710451715459,2,0.20116493926145898,0.009021812862823747,0.0,0.04038961958610097,0.013927991377513714,0.028361597234246062,0.029411764705882353,0.029411764705882353,0.04038961958610097,0.00011742149305592438,0.0,0,0,0.0,0.0,37.48812546520946,0.2,0.0,SONOLENTO,uta,data\raw\uta\drowsiness\drowsy_012_9ceea41e.mp4,group_012,15,4210,4500,30.17474088921885,3.017474088921885,10.0
0.3598400868871877,0.15569641047818292,0.42736408615405064,0.07419355631842996,0.25754422637644175,0.35719225413873634,0.4067791070125655,0.41991102501440614,0.2716676756758677,-0.0005178054052478109,0.0,0,0.0,0.0,0,0.0,0.0068675520912943305,0.0,0.03926856307863329,0.012603772975722124,0.0,0.027768138294095735,0.02867647058823529,0.03926856307863329,0.0004534461012727703,0.0,0,0,0.0,0.0,52.38951122512028,0.0,0.0,SONOLENTO,uta,data\raw\uta\drowsiness\drowsy_012_9ceea41e.mp4,group_012,16,4510,4800,30.17474088921885,3.017474088921885,10.0
0.3203788286220955,0.09757674420983692,0.443447856642155,0.1032443053141424,0.1284911546878861,0.2730931582752537,0.38450199744746244,0.40580621583059745,0.3458711124323181,0.0023711303571621795,0.16666666666666666,3,0.99420903430918,0.5523383523939889,3,0.3017474088921885,0.007363348639558156,0.0,0.02857142857142857,0.012220770655015421,0.019230769230769232,0.027846337906205658,0.02855977389887699,0.02857142857142857,0.00010343944504001349,0.0,0,0,0.0,0.0,43.50402789204688,0.5,0.0,SONOLENTO,uta,data\raw\uta\drowsiness\drowsy_012_9ceea41e.mp4,group_012,17,4810,5100,30.17474088921885,3.017474088921885,10.0
0.3166156759460627,0.039883930687177126,0.4645718135236465,0.11509239988437758,0.13307759952961074,0.28325144874285374,0.3835283481268503,0.43746863950568066,0.4246878828364694,-0.0010001834752697842,0.16666666666666666,1,0.33140301143639334,0.33140301143639334,5,0.5029123481536475,0.019149110668864745,0.0,0.04163054471218133,0.01824673945373158,0.037769981306873215,0.03988215386218766,0.04042058520931232,0.04163054471218133,0.0005644452197853899,0.0,0,0,0.0,0.0,16.533360115815576,0.16666666666666666,0.0,SONOLENTO,uta,data\raw\uta\drowsiness\drowsy_012_9ceea41e.mp4,group_012,18,5110,5430,30.17474088921885,3.017474088921885,10.0
0.2673953375618822,0.07330335751937847,0.40918404809612097,0.10708369314516872,0.11214643239752993,0.1514428767968487,0.3649092495897278,0.37409426689813335,0.3358806905767425,0.0023672539424397852,0.26666666666666666,4,1.3256120457455733,0.5302448182982293,5,0.5029123481536475,0.012109426853302357,0.0,0.03914801463431357,0.015037520281684966,0.028551054241471863,0.029449662898256176,0.03476523474427146,0.03914801463431357,-0.0002956706098303161,0.0,0,0,0.0,0.0,22.079761580737923,1.0666666666666667,0.0,SONOLENTO,uta,data\raw\uta\drowsiness\drowsy_012_9ceea41e.mp4,group_012,19,5440,5730,30.17474088921885,3.017474088921885,10.0
0.29434204249329393,0.08861477528808084,0.41368576252471756,0.10749244566974174,0.11902771937166512,0.21570116898522412,0.3707470219252294,0.3954064239888615,0.32507098723663674,0.0028766240146969892,0.23333333333333334,4,1.3256120457455733,0.5799552700136883,4,0.40232987852291796,0.000976597892181746,0.0,0.029297936765452382,0.005259140599698875,0.0,0.0,0.0,0.029297936765452382,-0.0001499115785551513,0.0,0,0,0.0,0.0,301.0870265241658,0.9333333333333333,0.0,SONOLENTO,uta,data\raw\uta\drowsiness\drowsy_012_9ceea41e.mp4,group_012,20,5740,6030,30.17474088921885,3.017474088921885,10.0
0.16743068628590488,0.06269860965699628,0.1929763908924383,0.021636429996896873,0.15844642719762886,0.16373299149967108,0.17618240369338448,0.17998252316466337,0.130277781235442,-5.3070202538527486e-05,0.034482758620689655,1,0.33568704244653613,0.33568704244653613,1,0.10272293612936109,0.011978763147755072,0.0,0.02865811890612929,0.008300527492815048,0.018360217584555836,0.019102498141018855,0.02365708514694009,0.02865811890612929,8.619424710917228e-07,0.0,0,0,0.0,0.0,13.976126591223991,0.034482758620689655,0.0,SONOLENTO,uta,data\raw\uta\drowsiness\drowsy_013_bca6d321.mp4,group_013,1,10,290,29.789651477514717,2.9789651477514716,10.0
0.17236429378012624,0.08718883506388322,0.19024666209859276,0.01816708157195244,0.1623307607195922,0.1688113980909009,0.18000698864622466,0.18546466691488808,0.10305782703470953,-0.00012965293173681884,0.034482758620689655,1,0.33568704244653613,0.33568704244653613,1,0.10272293612936109,0.01040254361066767,0.0,0.018601633295108114,0.0060857091306316825,0.01314765557117125,0.014143121624909065,0.018261485929740254,0.018601633295108114,3.716540836329206e-05,0.0,0,0,0.0,0.0,16.56784459512295,0.034482758620689655,0.0,SONOLENTO,uta,data\raw\uta\drowsiness\drowsy_013_bca6d321.mp4,group_013,2,300,580,29.789651477514717,2.9789651477514716,10.0
0.17869364076339783,0.12505711173747458,0.20747579867366756,0.018004719353353696,0.15803769944847906,0.173889973847353,0.18612018874325925,0.20017976982560287,0.08241868693619298,0.00012546251281695544,0.10344827586206896,2,0.6713740848930723,0.5035305636698042,2,0.20544587225872218,0.012428216595024803,0.0,0.018582353656179162,0.006148363617502175,0.017878534642384033,0.018162373634843746,0.01834167814773286,0.018582353656179162,5.340014516183486e-05,0.0,0,0,0.0,0.0,14.376902952590413,0.20689655172413793,0.0,SONOLENTO,uta,data\raw\uta\drowsiness\drowsy_013_bca6d321.mp4,group_013,3,590,870,29.789651477514717,2.9789651477514716,10.0
0.17437169187305326,0.15104995925086612,0.1879544834531779,0.009711506763020794,0.16055576247410824,0.16980350701615093,0.18243755966354963,0.1851199574474233,0.03690452420231177,0.0003012771856024933,0.0,0,0.0,0.0,0,0.0,0.012233776636029451,0.0,0.018124985839860344,0.006013218959098763,0.017878534642384033,0.017932264897699394,0.018107149208503707,0.018124985839860344,2.8557987502270298e-05,0.0,0,0,0.0,0.0,14.252135291097726,0.0,0.0,SONOLENTO,uta,data\raw\uta\drowsiness\drowsy_013_bca6d321.mp4,group_013,4,880,1160,29.789651477514717,2.9789651477514716,10.0
0.18442327268421038,0.16672499064561125,0.20607435679247005,0.008181944485315144,0.17222850377326987,0.18025424812642765,0.19028818410901752,0.19126879443948527,0.0393493661468588,-0.0004878536540124676,0.0,0,0.0,0.0,0,0.0,0.012023947597701541,0.0,0.026664296612298865,0.007436040102501377,0.018352485989660196,0.018601633295108114,0.01875034130926104,0.026664296612298865,-3.593938536414704e-05,0.0,0,0,0.0,0.0,15.336721527124261,0.0,0.0,SONOLENTO,uta,data\raw\uta\drowsiness\drowsy_013_bca6d321.mp4,group_013,5,1170,1450,29.789651477514717,2.9789651477514716,10.0
0.15848352648941536,0.11301292522212894,0.19175660491511254,0.01944962590893744,0.13218889081842028,0.14730068250040596,0.1692355610087329,0.1828266060976418,0.0787436796929836,-0.0007759296002450836,0.3103448275862069,8,2.685496339572289,1.5105916910094126,2,0.20544587225872218,0.010653433486020472,0.0,0.02701716134791496,0.007761455346933341,0.018117547506621468,0.018125879319847944,0.018407936989215674,0.02701716134791496,-0.00017894866649880911,0.0,0,0,0.0,0.0,14.87489003496613,2.4827586206896552,0.0,SONOLENTO,uta,data\raw\uta\drowsiness\drowsy_013_bca6d321.mp4,group_013,6,1460,1740,29.789651477514717,2.9789651477514716,10.0
0.1420237078992947,0.06537232896267374,0.17218720938663806,0.029120168366459146,0.10150153073222709,0.11835720718309914,0.16581229329227748,0.1683266777786199,0.10681488042396432,-0.0017582685020137983,0.41379310344827586,7,2.349809297125753,1.3427481697861445,3,0.3081688083880833,0.008986438472022917,0.0,0.018360217584555836,0.007299391408950912,0.012982634358099925,0.018117547506621468,0.018122010506564794,0.018360217584555836,6.303114688262691e-06,0.0,0,0,0.0,0.0,15.802467893538484,2.896551724137931,0.0,SONOLENTO,uta,data\raw\uta\drowsiness\drowsy_013_bca6d321.mp4,group_013,7,1750,2030,29.789651477514717,2.9789651477514716,10.0
0.16462357151305973,0.06017151403244691,0.18830300936713346,0.02782440221801048,0.15514708074246805,0.16530829056054913,0.17780150745518009,0.18029303166645605,0.12813149533468654,0.0016089006719018123,0.06896551724137931,2,0.6713740848930723,0.6713740848930723,1,0.10272293612936109,0.01323396124239588,0.0,0.02829559174871464,0.0064656766590852855,0.017655613788661217,0.018117547506621468,0.021678687968332628,0.02829559174871464,0.00015895368558195444,0.0,0,0,0.0,0.0,12.438538239592042,0.13793103448275862,0.0,SONOLENTO,uta,data\raw\uta\drowsiness\drowsy_013_bca6d321.mp4,group_013,8,2040,2320,29.789651477514717,2.9789651477514716,10.0
0.16258520196323692,0.12415497675689374,0.1916452468807397,0.015123804975423797,0.14739610365556938,0.15506908562447008,0.17240679959262983,0.17981245478956168,0.06749027012384595,-0.0007943687061660008,0.13793103448275862,4,1.3427481697861445,1.3427481697861445,1,0.10272293612936109,0.010805468774457004,0.0,0.018352485989660196,0.006451453528410244,0.01297716729491983,0.018164535203229214,0.018352485989660196,0.018352485989660196,9.785209018573358e-05,0.0,0,0,0.0,0.0,15.045173900611802,0.5517241379310345,0.0,SONOLENTO,uta,data\raw\uta\drowsiness\drowsy_013_bca6d321.mp4,group_013,9,2330,2610,29.789651477514717,2.9789651477514716,10.0
0.16591944769057934,0.07613092622032472,0.2176415821487127,0.031278470171475566,0.13450322360190925,0.15413033369979182,0.18814746756929085,0.20226096127634544,0.141510655928388,0.00034140102992069723,0.20689655172413793,3,1.0070611273396084,0.5035305636698042,4,0.41089174451744437,0.00986161119679884,0.0,0.018849479985362995,0.007493198192177706,0.01789570353364101,0.01834383971611833,0.01835712494659758,0.018849479985362995,9.13686134413615e-07,0.0,0,0,0.0,0.0,16.82307498286384,0.6206896551724138,0.0,SONOLENTO,uta,data\raw\uta\drowsiness\drowsy_013_bca6d321.mp4,group_013,10,2620,2900,29.789651477514717,2.9789651477514716,10.0
0.1693266506732275,0.1048861163037031,0.19086823215775495,0.014153289438588268,0.16118699965154099,0.16685538094094776,0.1760344412253264,0.17980258718426473,0.08598211585405184,0.0004005404875608239,0.034482758620689655,1,0.33568704244653613,0.33568704244653613,1,0.10272293612936109,0.009102783202061754,0.0,0.018360217584555836,0.006264951305039358,0.012657213851396142,0.01281945932506583,0.01600277523394253,0.018360217584555836,-2.614656209082359e-06,0.0,0,0,0.0,0.0,18.599591720822144,0.034482758620689655,0.0,SONOLENTO,uta,data\raw\uta\drowsiness\drowsy_013_bca6d321.mp4,group_013,11,2910,3190,29.789651477514717,2.9789651477514716,10.0
0.15781799511411562,0.06360402639669543,0.2035226858940666,0.029113213833301437,0.13848943645737027,0.15096231084064043,0.17431354768679558,0.1831978875726123,0.13991865949737117,-0.00173570491952103,0.2413793103448276,4,1.3427481697861445,1.1749046485628765,2,0.20544587225872218,0.007451085581373362,0.0,0.018352485989660196,0.006847479097279619,0.0128163003962754,0.013016775695303223,0.01613632792156276,0.018352485989660196,-0.00017357857628269203,0.0,0,0,0.0,0.0,21.17769494067337,0.9655172413793104,0.0,SONOLENTO,uta,data\raw\uta\drowsiness\drowsy_013_bca6d321.mp4,group_013,12,3200,3480,29.789651477514717,2.9789651477514716,10.0
0.13746667018082173,0.05205861433057758,0.19183240518626588,0.03411342036546041,0.06297488763625965,0.13674051590467426,0.15437960908476323,0.16144333910693567,0.1397737908556883,-0.00021825273576254691,0.6551724137931034,15,5.035305636698042,2.126017935494729,3,0.3081688083880833,0.007849440545171898,0.0,0.019639960837957136,0.00781029546374588,0.013512279797026393,0.01845907505766987,0.018855510479035168,0.019639960837957136,0.0003944204723704415,0.0,0,0,0.0,0.0,17.510695022760878,9.827586206896552,0.0,SONOLENTO,uta,data\raw\uta\drowsiness\drowsy_013_bca6d321.mp4,group_013,13,3490,3770,29.789651477514717,2.9789651477514716,10.0
0.13907051232408765,0.0881136889955739,0.15555409859374034,0.017026192356113315,0.11438883684179625,0.1370028166280463,0.15039072103468965,0.15362143005024756,0.06744040959816644,-0.00027504332997606025,0.7241379310344828,11,3.6925574669118975,1.7623569728443147,4,0.41089174451744437,0.011700377693447209,0.0,0.05332859322459773,0.010607419757421598,0.01281945932506583,0.018656071060896902,0.024736673323727962,0.05332859322459773,0.00026167498133602854,0.0,0,0,0.0,0.0,11.884969100857875,7.9655172413793105,0.0,SONOLENTO,uta,data\raw\uta\drowsiness\drowsy_013_bca6d321.mp4,group_013,14,3780,4060,29.789651477514717,2.9789651477514716,10.0
0.13923114656496322,0.07489881527935524,0.1663492380108498,0.019775051975489465,0.11690317824571507,0.1373171935301103,0.15191172803973763,0.1554628935588151,0.09145042273149456,1.0646652830532582e-05,0.6551724137931034,11,3.6925574669118975,1.2756107612968373,5,0.5136146806468055,0.016055182897505217,0.0,0.07999288983689659,0.016698456796214574,0.01812945323979834,0.02320407337894871,0.04863496255091267,0.07999288983689659,-0.0009975223652522918,0.0,0,0,0.0,0.0,8.671497295076074,7.206896551724138,0.0,SONOLENTO,uta,data\raw\uta\drowsiness\drowsy_013_bca6d321.mp4,group_013,15,4070,4350,29.789651477514717,2.9789651477514716,10.0
0.16008647780312632,0.1328297706714061,0.1988869435725247,0.01969119890425773,0.14277513910051223,0.14620748423540994,0.1739657704170388,0.1946145699838219,0.0660571729011186,0.0018323139860990485,0.4482758620689655,5,1.6784352122326807,0.872786310360994,5,0.5136146806468055,0.010805077177885807,0.0,0.019370971105651495,0.007000422393096986,0.013697345026974844,0.018656071060896902,0.019007351588571225,0.019370971105651495,-0.00021168502001142557,0.0,0,0,0.0,0.0,14.814485883067423,2.2413793103448274,0.0,SONOLENTO,uta,data\raw\uta\drowsiness\drowsy_013_bca6d321.mp4,group_013,16,4360,4640,29.789651477514717,2.9789651477514716,10.0
0.16989957914800075,0.14472574360179044,0.19696032805149521,0.015517616958134162,0.15278012317332473,0.15607570381279384,0.18391410022928795,0.18912868989200537,0.052234584449704774,-0.0015066465059467827,0.10344827586206896,2,0.6713740848930723,0.5035305636698042,2,0.20544587225872218,0.01402930808422186,0.0,0.0298142396999972,0.00665404584196859,0.018606462588589622,0.018854840126429066,0.01900906878433025,0.0298142396999972,0.00012557641476692026,0.0,0,0,0.0,0.0,12.109468881803505,0.20689655172413793,0.0,SONOLENTO,uta,data\raw\uta\drowsiness\drowsy_013_bca6d321.mp4,group_013,17,4650,4930,29.789651477514717,2.9789651477514716,10.0
0.1509112763179801,0.13137712933008683,0.1675544321623203,0.010202625526373391,0.13768835841755453,0.14269785848233568,0.15898520761507068,0.16448777213948562,0.03617730283223347,-0.0009182488291157396,0.41379310344827586,7,2.349809297125753,1.3427481697861445,3,0.3081688083880833,0.015143488206579571,0.0,0.019110994086122907,0.004875210813924766,0.018854504950126017,0.019109598295252342,0.019110994086122907,0.019110994086122907,-0.0001066407051221496,0.0,0,0,0.0,0.0,9.964765679728696,2.896551724137931,0.0,SONOLENTO,uta,data\raw\uta\drowsiness\drowsy_013_bca6d321.mp4,group_013,18,4940,5220,29.789651477514717,2.9789651477514716,10.0
0.1434510906413514,0.10342079911547983,0.18112641898420345,0.017938479846648366,0.12202089113950873,0.1256266248316097,0.158428282614178,0.16297719316453366,0.07770561986872362,-0.001325438314303254,0.6206896551724138,9,3.021183382018825,2.014122254679217,3,0.3081688083880833,0.012660147233507472,0.0,0.019110994086122907,0.005506161570563035,0.013697345026974844,0.018657694717623994,0.019008021941177327,0.019110994086122907,5.926645252750347e-07,0.0,0,0,0.0,0.0,11.3300231010434,5.586206896551724,0.0,SONOLENTO,uta,data\raw\uta\drowsiness\drowsy_013_bca6d321.mp4,group_013,19,5230,5510,29.789651477514717,2.9789651477514716,10.0
0.11432911536706326,0.05732340009058348,0.1800044289076983,0.027644576725184212,0.0749304328818232,0.10221038593338119,0.13154529716214375,0.14199242749751856,0.12268102881711482,1.0847482740101464e-07,0.9655172413793104,23,7.720801976270331,4.699618594251506,2,0.20544587225872218,0.011016831636037635,0.0,0.019104017997521754,0.006543951247213144,0.01350858067395748,0.018849479985362995,0.01885350049312996,0.019104017997521754,9.269477981928296e-05,0.0,0,0,0.0,0.0,10.376734655584162,22.20689655172414,0.0,SONOLENTO,uta,data\raw\uta\drowsiness\drowsy_013_bca6d321.mp4,group_013,20,5520,5800,29.789651477514717,2.9789651477514716,10.0
0.37690423436446513,0.1597471977326333,0.4364112677202304,0.05679964829162233,0.35865167290823985,0.3712101353260613,0.4056669941277948,0.4149212708473301,0.2766640699875971,-0.0027750496533010065,0.0,0,0.0,0.0,0,0.0,0.042152164507990635,0.0,0.16657415116319238,0.03611218083552857,0.05966799483862342,0.09358111202281008,0.0952822950582448,0.16657415116319238,-0.0007858865682010923,0.03333333333333333,1,1,0.3333329766745131,0.3333329766745131,8.941303429141565,0.0,0.005552471705439746,SONOLENTO,uta,data\raw\uta\drowsiness\drowsy_014_b3106f52.mp4,group_014,1,10,300,30.000032099328163,3.0000032099328164,10.0
0.3707396463995479,0.3502444729732442,0.39689452054004304,0.01468478371944635,0.3502444729732442,0.35668017284349895,0.38224140502115733,0.391190707856829,0.04665004756679886,0.0012376061629290511,0.0,0,0.0,0.0,0,0.0,0.03978657598654753,0.0,0.07437051466359121,0.0180868708460249,0.046676051379073734,0.06438227799796505,0.0698758081640594,0.07437051466359121,0.0011112943695986035,0.0,0,0,0.0,0.0,9.31797520223141,0.0,0.0,SONOLENTO,uta,data\raw\uta\drowsiness\drowsy_014_b3106f52.mp4,group_014,2,310,600,30.000032099328163,3.0000032099328164,10.0
0.3737244751285083,0.03987060838512532,0.4209222158432614,0.06263333012602752,0.37697342631223346,0.3777657595359539,0.3902580566975662,0.39059025581780266,0.38105160745813604,0.0003845137105523158,0.03333333333333333,1,0.3333329766745131,0.3333329766745131,1,0.10000010699776055,0.02305969192988957,0.0,0.04552514536059855,0.015280856754923775,0.03222875525796417,0.03234311513605095,0.0332899339958003,0.04552514536059855,-0.0008247737333784763,0.0,0,0,0.0,0.0,16.206125829386508,0.03333333333333333,0.0,SONOLENTO,uta,data\raw\uta\drowsiness\drowsy_014_b3106f52.mp4,group_014,3,610,900,30.000032099328163,3.0000032099328164,10.0
0.378398427724828,0.23326812115197193,0.4056184676131624,0.03545552778221521,0.36500244593167486,0.3861947405796359,0.3902580566975662,0.3945854118358788,0.17235034646119046,-0.0004078942779387704,0.0,0,0.0,0.0,0,0.0,0.029097206617800256,0.0,0.07437051466359121,0.02171798914665403,0.04700365830988977,0.04711428474315455,0.06210521119939463,0.07437051466359121,0.0008704852534018999,0.0,0,0,0.0,0.0,13.004183821189523,0.0,0.0,SONOLENTO,uta,data\raw\uta\drowsiness\drowsy_014_b3106f52.mp4,group_014,4,910,1200,30.000032099328163,3.0000032099328164,10.0
0.36758943162557683,0.01185113657849943,0.4294719177283482,0.08452172681357209,0.3544870526098202,0.3865470765169884,0.39960917245341093,0.40987301979788027,0.41762078114984874,1.31033136778764e-05,0.06666666666666667,1,0.3333329766745131,0.3333329766745131,2,0.2000002139955211,0.03813993416688558,0.0,0.07437051466359121,0.01871604490610516,0.04703604341917987,0.07437051466359121,0.07437051466359121,0.07437051466359121,0.001215122154668891,0.0,0,0,0.0,0.0,9.637661993730672,0.06666666666666667,0.0,SONOLENTO,uta,data\raw\uta\drowsiness\drowsy_014_b3106f52.mp4,group_014,5,1210,1500,30.000032099328163,3.0000032099328164,10.0
0.38878805206296574,0.36131178396505387,0.4081952513797761,0.010749214846402214,0.3763635135796665,0.3857384606829563,0.39667064111461836,0.4009849045624706,0.04688346741472221,-0.0002672694321836759,0.0,0,0.0,0.0,0,0.0,0.04123181715725567,0.03210806495339678,0.07437051466359121,0.013486589820033628,0.04703604341917987,0.06438227799796505,0.0698758081640594,0.04226244971019443,-0.0007085085121019748,0.0,0,0,0.0,0.0,9.429092622514426,0.0,0.0,SONOLENTO,uta,data\raw\uta\drowsiness\drowsy_014_b3106f52.mp4,group_014,6,1510,1800,30.000032099328163,3.0000032099328164,10.0
0.38632076789095576,0.3228287219875438,0.4096965518765359,0.0153806521306274,0.3742942795077899,0.38424226106867837,0.39678899325105227,0.3990705526247343,0.08686782988899211,0.00023734108059775112,0.0,0,0.0,0.0,0,0.0,0.03325989248709812,0.0,0.04703604341917987,0.014514574612571022,0.04700365830988977,0.04703604341917987,0.04703604341917987,0.04703604341917987,-0.0006538790546745142,0.0,0,0,0.0,0.0,11.61486475568295,0.0,0.0,SONOLENTO,uta,data\raw\uta\drowsiness\drowsy_014_b3106f52.mp4,group_014,7,1810,2100,30.000032099328163,3.0000032099328164,10.0
0.3839690084610548,0.26862837803068196,0.4078059115763331,0.024441740676767028,0.3734533977481494,0.3814902948721633,0.3960830014045526,0.3987285264832088,0.13917753354565116,-0.00014796366535242415,0.0,0,0.0,0.0,0,0.0,0.034150985325585,0.0,0.06651901052377393,0.009239550341030354,0.033259505261886965,0.034624205033900235,0.04690650298201946,0.06651901052377393,-0.00013467741246265665,0.0,0,0,0.0,0.0,11.24294839086277,0.0,0.0,SONOLENTO,uta,data\raw\uta\drowsiness\drowsy_014_b3106f52.mp4,group_014,8,2110,2400,30.000032099328163,3.0000032099328164,10.0
0.35861107335934483,0.04657066130509856,0.3957489136364504,0.06373124801303955,0.3245023072845958,0.3620082216356348,0.38381479019376774,0.3957489136364504,0.3491782523313518,-0.0038059703173565105,0.03333333333333333,1,0.3333329766745131,0.3333329766745131,1,0.10000010699776055,0.02213312887008261,0.0,0.03331483023263848,0.015651645922331186,0.033259505261886965,0.033259505261886965,0.033259505261886965,0.03331483023263848,-0.0002682231810559626,0.0,0,0,0.0,0.0,16.201725193895395,0.03333333333333333,0.0,SONOLENTO,uta,data\raw\uta\drowsiness\drowsy_014_b3106f52.mp4,group_014,9,2410,2700,30.000032099328163,3.0000032099328164,10.0
0.37299789489179797,0.256554094389942,0.3979388362904595,0.026442548489354054,0.35408982254815424,0.36537856059804963,0.3869402772890531,0.39559911492744804,0.14138474190051753,-4.985178835192369e-05,0.0,0,0.0,0.0,0,0.0,0.023560432505422068,0.0,0.04690650298201946,0.01562822426447421,0.033236605531498466,0.033259505261886965,0.03383162173352511,0.04690650298201946,-0.00023624733300437346,0.0,0,0,0.0,0.0,15.830866599726562,0.0,0.0,SONOLENTO,uta,data\raw\uta\drowsiness\drowsy_014_b3106f52.mp4,group_014,10,2710,3000,30.000032099328163,3.0000032099328164,10.0
0.3554298656017732,0.21730340965502404,0.397716608303993,0.035375545213019464,0.32368096163632465,0.35736790413833947,0.3699418018407739,0.38188073302539316,0.180413198648969,0.0001623290471626924,0.0,0,0.0,0.0,0,0.0,0.03851294146717951,0.0,0.07437051466359121,0.014696292390038439,0.033259505261886965,0.06651901052377393,0.07083733780067342,0.07437051466359121,-0.0004840118392906007,0.0,0,0,0.0,0.0,9.228602736093901,0.0,0.0,SONOLENTO,uta,data\raw\uta\drowsiness\drowsy_014_b3106f52.mp4,group_014,11,3010,3300,30.000032099328163,3.0000032099328164,10.0
0.36701474821142394,0.10928377045595858,0.4226041105020196,0.06486419111618631,0.2782326321543054,0.3549441943498806,0.3997806312518163,0.4201990528443378,0.313320340046061,0.0018012648581696735,0.03333333333333333,1,0.3333329766745131,0.3333329766745131,1,0.10000010699776055,0.0286472803866636,0.0,0.06651901052377393,0.014160013968525327,0.033259505261886965,0.034401045807689073,0.034434722325338465,0.06651901052377393,-8.024849478296919e-06,0.0,0,0,0.0,0.0,12.811056833354552,0.03333333333333333,0.0,SONOLENTO,uta,data\raw\uta\drowsiness\drowsy_014_b3106f52.mp4,group_014,12,3310,3600,30.000032099328163,3.0000032099328164,10.0
0.36128651252464367,0.023150721081638473,0.41913434711830283,0.08264397902692874,0.3374717378822455,0.3650588203112554,0.3962354825127424,0.3980519827073913,0.39598362603666437,-0.0023002859553169107,0.06666666666666667,1,0.3333329766745131,0.3333329766745131,2,0.2000002139955211,0.024323036389444552,0.0,0.034401045807689073,0.014687968746883622,0.033167906340332974,0.034309849906420505,0.034401045807689073,0.034401045807689073,-0.0006798294149003078,0.0,0,0,0.0,0.0,14.853065779881188,0.06666666666666667,0.0,SONOLENTO,uta,data\raw\uta\drowsiness\drowsy_014_b3106f52.mp4,group_014,13,3610,3900,30.000032099328163,3.0000032099328164,10.0
0.37926942660049906,0.34648356864264346,0.397716608303993,0.014622370727472127,0.36005539317147317,0.36712899910623553,0.39411464756075365,0.39698230314475735,0.051233039661349566,0.0007692704490135763,0.0,0,0.0,0.0,0,0.0,0.04314522686772051,0.033167906340332974,0.06651901052377393,0.0111428734926345,0.04703604341917987,0.06633581268066595,0.06643657149437533,0.033351104183440956,-0.0008178483201089256,0.0,0,0,0.0,0.0,8.790326620292406,0.0,0.0,SONOLENTO,uta,data\raw\uta\drowsiness\drowsy_014_b3106f52.mp4,group_014,14,3910,4200,30.000032099328163,3.0000032099328164,10.0
0.3738455685023368,0.21168635064511715,0.4274291957389364,0.04679365489650644,0.34885217559203996,0.37419731475693113,0.39456533358530804,0.4085387490433881,0.21574284509381925,0.0016623453244203141,0.0,0,0.0,0.0,0,0.0,0.02706940459845514,0.0,0.04703604341917987,0.013767281812978224,0.033259505261886965,0.034401045807689073,0.034401045807689073,0.04703604341917987,-0.0001557419126075263,0.0,0,0,0.0,0.0,13.810121202387624,0.0,0.0,SONOLENTO,uta,data\raw\uta\drowsiness\drowsy_014_b3106f52.mp4,group_014,15,4210,4500,30.000032099328163,3.0000032099328164,10.0
0.3677736244422346,0.048978982338137314,0.4222703133613441,0.07889637502932592,0.354542622356353,0.38230190132245195,0.3938069151791803,0.4126454376851813,0.3732913310232068,0.002238595152710268,0.06666666666666667,2,0.6666659533490262,0.6666659533490262,1,0.10000010699776055,0.0356249668188997,0.0,0.06651901052377393,0.016805057768382987,0.034401045807689073,0.06438227799796505,0.06555748088715993,0.06651901052377393,0.00036070209648026845,0.0,0,0,0.0,0.0,10.323190001039618,0.13333333333333333,0.0,SONOLENTO,uta,data\raw\uta\drowsiness\drowsy_014_b3106f52.mp4,group_014,16,4510,4800,30.000032099328163,3.0000032099328164,10.0
0.3968013625099489,0.2752675330376212,0.423657806393277,0.025354689546187668,0.3868753490317857,0.389014365239339,0.40985197103689647,0.4203075445394955,0.1483902733556558,0.0007072354914009055,0.0,0,0.0,0.0,0,0.0,0.041503023911264446,0.033167906340332974,0.07437051466359121,0.012752399686473345,0.04703604341917987,0.06651901052377393,0.07083733780067342,0.041202608323258234,-0.0002529083828646129,0.0,0,0,0.0,0.0,9.560551607196203,0.0,0.0,SONOLENTO,uta,data\raw\uta\drowsiness\drowsy_014_b3106f52.mp4,group_014,17,4810,5100,30.000032099328163,3.0000032099328164,10.0
0.4020336640555595,0.21085564066637957,0.45750289711019254,0.04319489845641172,0.3724644091685686,0.3903825181174282,0.4180320246952771,0.44854347293624386,0.24664725644381297,0.0027187995931302806,0.0,0,0.0,0.0,0,0.0,0.023962002484167112,0.0,0.033259505261886965,0.014457813952348485,0.033259505261886965,0.033259505261886965,0.033259505261886965,0.033259505261886965,0.0002525612947647546,0.0,0,0,0.0,0.0,16.777265883988957,0.0,0.0,SONOLENTO,uta,data\raw\uta\drowsiness\drowsy_014_b3106f52.mp4,group_014,18,5110,5400,30.000032099328163,3.0000032099328164,10.0
0.40448175835523326,0.3017285828206103,0.4342394345817421,0.022858108502254757,0.3916115068362231,0.3982567315159967,0.41318894980180354,0.4205320397708441,0.13251085176113175,-0.0006889793986290941,0.0,0,0.0,0.0,0,0.0,0.01889840497712058,0.0,0.034401045807689073,0.0165284994475723,0.033259505261886965,0.033259505261886965,0.03383162173352511,0.034401045807689073,-0.0004123601136705146,0.0,0,0,0.0,0.0,21.40182502279276,0.0,0.0,SONOLENTO,uta,data\raw\uta\drowsiness\drowsy_014_b3106f52.mp4,group_014,19,5410,5700,30.000032099328163,3.0000032099328164,10.0
0.3928627320434001,0.26076388138805306,0.43965663254274123,0.029213904544825146,0.37729703135885806,0.3879628303551296,0.3992223173160574,0.42183026726860484,0.17889275115468817,-0.0016551623913513762,0.0,0,0.0,0.0,0,0.0,0.007674628648385547,0.0,0.033259505261886965,0.013913515415976848,0.0,0.033167906340332974,0.033218285747187666,0.033259505261886965,-0.000650115262615222,0.0,0,0,0.0,0.0,51.183134312527336,0.0,0.0,SONOLENTO,uta,data\raw\uta\drowsiness\drowsy_014_b3106f52.mp4,group_014,20,5710,6000,30.000032099328163,3.0000032099328164,10.0
0.292326697159003,0.14317268000032984,0.39988662628517013,0.07446198788318313,0.1717047796646946,0.2478076250158576,0.3570415095731254,0.3754490249648167,0.2567139462848403,-0.0020880492522015086,0.03333333333333333,1,0.3333304838680589,0.3333304838680589,1,0.10000085484688989,0.006175472669502069,0.0,0.038461538461538464,0.013813408640209487,0.0,0.037037037037037035,0.037037037037037035,0.038461538461538464,0.00020843758905952233,0.0,0,0,0.0,0.0,47.32906835359957,0.03333333333333333,0.0,SONOLENTO,uta,data\raw\uta\drowsiness\drowsy_015_6892d6ec.mp4,group_015,1,10,300,30.000256454066967,3.000025645406697,10.0
0.28769797982906486,0.1284836794646076,0.3907351770482713,0.07031267403764936,0.14674088235632557,0.2722474708870565,0.3296541699351654,0.35520485033732624,0.26225149758366373,-0.0005862909246311996,0.13333333333333333,1,0.3333304838680589,0.3333304838680589,4,0.40000341938755957,0.009157683141914267,0.0,0.052378280087892415,0.016808024742751948,0.0,0.037156648305046086,0.038461538461538464,0.052378280087892415,-0.00016913224657460557,0.0,0,0,0.0,0.0,31.412592331361385,0.13333333333333333,0.0,SONOLENTO,uta,data\raw\uta\drowsiness\drowsy_015_6892d6ec.mp4,group_015,2,310,600,30.000256454066967,3.000025645406697,10.0
0.2957239716314222,0.1283906670521679,0.3720828632411737,0.05942575680647985,0.18689240351060635,0.2706516451757358,0.3294438992195631,0.35803314275768927,0.24369219618900578,0.001920448212739418,0.03333333333333333,1,0.3333304838680589,0.3333304838680589,1,0.10000085484688989,0.0012337220169960088,0.0,0.037011660509880265,0.006643796387713904,0.0,0.0,0.0,0.037011660509880265,-0.00017291320816629279,0.0,0,0,0.0,0.0,239.50651852057982,0.03333333333333333,0.0,SONOLENTO,uta,data\raw\uta\drowsiness\drowsy_015_6892d6ec.mp4,group_015,3,610,900,30.000256454066967,3.000025645406697,10.0
0.30082748924988123,0.12830253429658242,0.3753084519919653,0.05560454614962539,0.23527566382574572,0.28634498920230966,0.3343961073206562,0.34822920304260674,0.24700591769538285,0.0005085672139546781,0.03333333333333333,1,0.3333304838680589,0.3333304838680589,1,0.10000085484688989,0.009620206369992808,0.0,0.037011660509880265,0.015956926346768856,0.02663328090856631,0.035803428330332794,0.03687944242793772,0.037011660509880265,-8.231881269312451e-05,0.0,0,0,0.0,0.0,31.267127809265162,0.03333333333333333,0.0,SONOLENTO,uta,data\raw\uta\drowsiness\drowsy_015_6892d6ec.mp4,group_015,4,910,1200,30.000256454066967,3.000025645406697,10.0
0.2944430630875637,0.12798974136979413,0.3743748641220047,0.06712377818516373,0.1747285230366503,0.3002568785895711,0.33460127913887133,0.34849532301115804,0.24638512275221058,-0.00016755194892516842,0.03333333333333333,1,0.3333304838680589,0.3333304838680589,1,0.10000085484688989,0.012077373435363555,0.0,0.036935842757655886,0.017084186413983786,0.03559540404832155,0.03682304209821955,0.036935842757655886,0.036935842757655886,0.0003887076191321436,0.0,0,0,0.0,0.0,24.377708195830515,0.03333333333333333,0.0,SONOLENTO,uta,data\raw\uta\drowsiness\drowsy_015_6892d6ec.mp4,group_015,5,1210,1500,30.000256454066967,3.000025645406697,10.0
0.2941603976525216,0.19753213888272228,0.3522709513089385,0.04335668164348858,0.2147430729847908,0.2854490287381538,0.32272030674066315,0.33382820753008335,0.1547388124262162,0.000281637624748984,0.0,0,0.0,0.0,0,0.0,0.00954831592239442,0.0,0.052342392259021375,0.01765439826504147,0.0,0.03682304209821955,0.045350472612001466,0.052342392259021375,-4.9701037087811504e-05,0.0,0,0,0.0,0.0,30.80434243071551,0.0,0.0,SONOLENTO,uta,data\raw\uta\drowsiness\drowsy_015_6892d6ec.mp4,group_015,6,1510,1800,30.000256454066967,3.000025645406697,10.0
0.3032897027893023,0.16836977447551776,0.3628739939974417,0.05542248174867017,0.2046810184769452,0.2778154204142057,0.3365417387815621,0.35097823550838486,0.19450421952192393,-0.0009149712483314957,0.0,0,0.0,0.0,0,0.0,0.0,0.0,0.0,0.0,0.0,0.0,0.0,0.0,0.0,0.0,0,0,0.0,0.0,303289.7027893023,0.0,0.0,SONOLENTO,uta,data\raw\uta\drowsiness\drowsy_015_6892d6ec.mp4,group_015,7,1810,2100,30.000256454066967,3.000025645406697,10.0
0.2986871048614189,0.1584763659685954,0.3628739939974417,0.04939852653592568,0.22031428872029873,0.27869130157244715,0.3278207067330533,0.34609099257480025,0.20439762802884628,-0.0009195515089929001,0.0,0,0.0,0.0,0,0.0,0.01237008135041517,0.0,0.03834824944236852,0.017506300264064623,0.035674529132798075,0.03834824944236852,0.03834824944236852,0.03834824944236852,0.00032034877004896397,0.0,0,0,0.0,0.0,24.143977102809615,0.0,0.0,SONOLENTO,uta,data\raw\uta\drowsiness\drowsy_015_6892d6ec.mp4,group_015,8,2110,2400,30.000256454066967,3.000025645406697,10.0
0.3047484597771478,0.13171288154818095,0.35302782136884436,0.05983966277808422,0.18800933133291642,0.30289971935661375,0.3376954704297257,0.3466206547862771,0.22131493982066341,0.00038407021041219095,0.06666666666666667,1,0.3333304838680589,0.3333304838680589,2,0.20000170969377978,0.005860142402626892,0.0,0.05205792062953536,0.01516471679178658,0.0,0.03682304209821955,0.04412112924094511,0.05205792062953536,0.00016071799032122433,0.0,0,0,0.0,0.0,51.994720285342886,0.06666666666666667,0.0,SONOLENTO,uta,data\raw\uta\drowsiness\drowsy_015_6892d6ec.mp4,group_015,9,2410,2700,30.000256454066967,3.000025645406697,10.0
0.2916963482391623,0.17727986754844488,0.3462948014869409,0.04073918301940152,0.22306347745773603,0.27363177088861623,0.3205220405951842,0.3324889830230921,0.16901493393849604,-0.0009342537714855393,0.0,0,0.0,0.0,0,0.0,0.007393333937526092,0.0,0.03843312210120439,0.014791128790551989,0.0,0.036935842757655886,0.036935842757655886,0.03843312210120439,-0.000393869989991188,0.0,0,0,0.0,0.0,39.44863062767687,0.0,0.0,SONOLENTO,uta,data\raw\uta\drowsiness\drowsy_015_6892d6ec.mp4,group_015,10,2710,3000,30.000256454066967,3.000025645406697,10.0
0.29538909332793184,0.16488084199858155,0.369669292062517,0.05524518674756746,0.18659591222539404,0.28820672355918076,0.3296737015670266,0.3483877931183646,0.20478845006393542,4.051617340976007e-06,0.0,0,0.0,0.0,0,0.0,0.01113622386430253,0.0,0.03834824944236852,0.01701616828507298,0.03660776331673062,0.037011660509880265,0.0377467844227488,0.03834824944236852,7.687689407744768e-05,0.0,0,0,0.0,0.0,26.52268616730644,0.0,0.0,SONOLENTO,uta,data\raw\uta\drowsiness\drowsy_015_6892d6ec.mp4,group_015,11,3010,3300,30.000256454066967,3.000025645406697,10.0
0.297287182579006,0.18887632972873009,0.3627954985455081,0.048150203869478686,0.21876563597235257,0.26992779914028375,0.3315864853722047,0.33669450619951674,0.173919168816778,-0.0005044604760992215,0.0,0,0.0,0.0,0,0.0,0.007341575175687413,0.0,0.03971507353947688,0.014705709835697444,0.0,0.0357248890217959,0.03757826156586719,0.03971507353947688,-0.00020593292234525695,0.0,0,0,0.0,0.0,40.488136037527724,0.0,0.0,SONOLENTO,uta,data\raw\uta\drowsiness\drowsy_015_6892d6ec.mp4,group_015,12,3310,3600,30.000256454066967,3.000025645406697,10.0
0.30200867772570433,0.1127015876193874,0.35468722966833355,0.0543427128489944,0.25161899120536346,0.29050338429292066,0.33739596017381157,0.3454792454373113,0.24198564204894615,-0.00032211471363195526,0.03333333333333333,1,0.3333304838680589,0.3333304838680589,1,0.10000085484688989,0.008746574592610778,0.0,0.03834824944236852,0.015858219249305396,0.0,0.03706306208139465,0.03828515339107226,0.03834824944236852,0.0002149922875735608,0.0,0,0,0.0,0.0,34.52484737664496,0.03333333333333333,0.0,SONOLENTO,uta,data\raw\uta\drowsiness\drowsy_015_6892d6ec.mp4,group_015,13,3610,3900,30.000256454066967,3.000025645406697,10.0
0.2905070367063612,0.14305022114395205,0.3487265062838766,0.053772254133078325,0.19579294072784204,0.2905828838034553,0.3243701954596193,0.3346108998252804,0.20567628513992453,0.0006587328263065181,0.03333333333333333,1,0.3333304838680589,0.3333304838680589,1,0.10000085484688989,0.010064975819752053,0.0,0.03834824944236852,0.016694429997945886,0.027607881518711637,0.03822205733977601,0.03834824944236852,0.03834824944236852,-0.0009933859028490128,0.0,0,0,0.0,0.0,28.860295505211838,0.03333333333333333,0.0,SONOLENTO,uta,data\raw\uta\drowsiness\drowsy_015_6892d6ec.mp4,group_015,14,3910,4200,30.000256454066967,3.000025645406697,10.0
0.3001165261895527,0.11631275244684369,0.34727033696633564,0.051718982666729384,0.24067647500056372,0.29715706673757725,0.3294769666495374,0.33495910129755135,0.23095758451949194,-0.0012896018286713887,0.03333333333333333,1,0.3333304838680589,0.3333304838680589,1,0.10000085484688989,0.008666027373890132,0.0,0.03834824944236852,0.015718048835777255,0.0,0.036964282766690816,0.03834824944236852,0.03834824944236852,-0.0007288982676798109,0.0,0,0,0.0,0.0,34.62738875080391,0.03333333333333333,0.0,SONOLENTO,uta,data\raw\uta\drowsiness\drowsy_015_6892d6ec.mp4,group_015,15,4210,4500,30.000256454066967,3.000025645406697,10.0
0.2904774123041504,0.09519607660873074,0.3836779349546593,0.05494852102198268,0.2083752979020157,0.2910180875192794,0.3164524420547442,0.32646837550348373,0.28848185834592854,0.00015593689808637547,0.03333333333333333,1,0.3333304838680589,0.3333304838680589,1,0.10000085484688989,0.007159896871942195,0.0,0.036810508691615514,0.014324460787966436,0.0,0.03552909014152082,0.03630696851097415,0.036810508691615514,-0.0001794233925867712,0.0,0,0,0.0,0.0,40.564389838135796,0.03333333333333333,0.0,SONOLENTO,uta,data\raw\uta\drowsiness\drowsy_015_6892d6ec.mp4,group_015,16,4510,4800,30.000256454066967,3.000025645406697,10.0
0.311309093536217,0.1679662549222126,0.3791591795653676,0.043952985170900426,0.2576306863871429,0.3091440949410732,0.3350157067606695,0.34597640268687374,0.211192924643155,-0.001134977516449582,0.0,0,0.0,0.0,0,0.0,0.004954652068996335,0.0,0.03820803599504351,0.012633866327271256,0.0,0.036810508691615514,0.036810508691615514,0.03820803599504351,-0.00031025734112816595,0.0,0,0,0.0,0.0,62.818997218113054,0.0,0.0,SONOLENTO,uta,data\raw\uta\drowsiness\drowsy_015_6892d6ec.mp4,group_015,17,4810,5100,30.000256454066967,3.000025645406697,10.0
0.2761911137523839,0.0993785718121464,0.3452067809137892,0.06555810102523035,0.15814569286344482,0.2583583140154941,0.32264185188547634,0.3339782387555595,0.2458282091016428,-0.00021298854328478551,0.1,2,0.6666609677361178,0.49999572580208834,2,0.20000170969377978,0.0025235333590278735,0.0,0.038895492079220696,0.0094460330929557,0.0,0.0,0.02024577978038843,0.038895492079220696,0.00036821070078317487,0.0,0,0,0.0,0.0,109.40283786098881,0.2,0.0,SONOLENTO,uta,data\raw\uta\drowsiness\drowsy_015_6892d6ec.mp4,group_015,18,5110,5400,30.000256454066967,3.000025645406697,10.0
0.27197977381704264,0.10001780600093313,0.37815287646635687,0.06470566542332483,0.16787045542181994,0.2501728907406807,0.30856994763788237,0.31688270373572464,0.27813507046542374,0.0011245112093127123,0.06666666666666667,1,0.3333304838680589,0.3333304838680589,2,0.20000170969377978,0.010069693987770285,0.0,0.04425905397725761,0.016798585884628636,0.02487592975524973,0.03971507353947688,0.03971507353947688,0.04425905397725761,-7.833458081479764e-06,0.0,0,0,0.0,0.0,27.007053748960224,0.06666666666666667,0.0,SONOLENTO,uta,data\raw\uta\drowsiness\drowsy_015_6892d6ec.mp4,group_015,19,5410,5700,30.000256454066967,3.000025645406697,10.0
0.29561559505019047,0.1565250161261854,0.4262056317923951,0.06005216635941565,0.17483137330382495,0.2790396665937788,0.3240191269914128,0.34383428972854235,0.2696806156662097,8.895209104315378e-05,0.0,0,0.0,0.0,0,0.0,0.0036019706486626842,0.0,0.037037037037037035,0.010808306114136811,0.0,0.0035511041211422254,0.03551104121142175,0.037037037037037035,4.9345736373737956e-05,0.0,0,0,0.0,0.0,82.0477389012076,0.0,0.0,SONOLENTO,uta,data\raw\uta\drowsiness\drowsy_015_6892d6ec.mp4,group_015,20,5710,6000,30.000256454066967,3.000025645406697,10.0
0.14994216978702982,0.0643828918360339,0.24833527713536735,0.031504538921368716,0.13189067723591652,0.1401240022471747,0.16354433101114363,0.17158984923626114,0.18395238529933344,0.001059871155218105,0.5833333333333334,5,2.082775515923758,0.9719619074310871,6,0.6001606944402728,0.045230020399590155,0.0,0.1467334251818629,0.040817490029426515,0.06197582366642994,0.09816016838798257,0.1312013986094534,0.1467334251818629,-0.003274265116927223,0.08333333333333333,2,1,0.4165551031847516,0.4165551031847516,3.315029562949866,2.916666666666667,0.012227785431821906,SONOLENTO,uta,data\raw\uta\drowsiness\drowsy_016_5a99d514.mov,group_016,1,10,270,24.00642777761091,2.400642777761091,10.0
0.13668257170644338,0.06148263521121327,0.1611304043198157,0.023500836924583587,0.12877379060284772,0.13526077381821106,0.14829863161974188,0.15669765965761018,0.09964776910860243,-0.0019965332459754943,0.7916666666666666,11,4.582106135032268,1.9786367401275702,4,0.40010712962684847,0.04264300125681486,0.02109826721772369,0.0644156626400831,0.013526792534454544,0.04864466911607284,0.062464127873989146,0.0632807746444025,0.043317395422359406,0.0010978012933411422,0.0,0,0,0.0,0.0,3.205200442690644,8.708333333333332,0.0,SONOLENTO,uta,data\raw\uta\drowsiness\drowsy_016_5a99d514.mov,group_016,2,280,510,24.00642777761091,2.400642777761091,10.0
0.08654079198211485,0.04255874919800395,0.1355814987241626,0.027406001454108313,0.05416552167626461,0.060796681750952264,0.10914468606022196,0.11847751244227575,0.09302274952615866,-0.0013787816814624992,1.0,24,9.99732247643404,9.99732247643404,1,0.10002678240671212,0.014900946535969814,0.0,0.02984742194699502,0.00907452500062439,0.020265233318404123,0.027934761372795318,0.028500740890461958,0.02984742194699502,0.000366969587036278,0.0,0,0,0.0,0.0,5.807348172483751,24.0,0.0,SONOLENTO,uta,data\raw\uta\drowsiness\drowsy_016_5a99d514.mov,group_016,3,520,750,24.00642777761091,2.400642777761091,10.0
0.062411203649226,0.03793703853254243,0.12380527783172285,0.018924662458155623,0.04772433239776668,0.05089854926167771,0.06555591563090413,0.08491631619453298,0.08586823929918042,0.0005806944483670807,1.0,24,9.99732247643404,9.99732247643404,1,0.10002678240671212,0.022322975099591868,0.014680505487867587,0.03384487217112064,0.006811297446562599,0.02950586116871871,0.033056473473430034,0.0333659788629237,0.01916436668325305,-8.439251305902967e-05,0.0,0,0,0.0,0.0,2.795702977216052,24.0,0.0,SONOLENTO,uta,data\raw\uta\drowsiness\drowsy_016_5a99d514.mov,group_016,4,760,990,24.00642777761091,2.400642777761091,10.0
0.08818598154188255,0.028277106144588997,0.13721553001658726,0.03856576937495568,0.040250784933902405,0.04774764265960775,0.1290922720342256,0.13222272158309678,0.10893842387199826,-0.005110028810848039,1.0,24,9.99732247643404,9.99732247643404,1,0.10002678240671212,0.017826638957251683,0.0,0.03433609215841479,0.009145888058916484,0.021405376635597856,0.03194223859072526,0.033245315355305984,0.03433609215841479,9.200742963379327e-05,0.0,0,0,0.0,0.0,4.946587809711698,24.0,0.0,SONOLENTO,uta,data\raw\uta\drowsiness\drowsy_016_5a99d514.mov,group_016,5,1000,1230,24.00642777761091,2.400642777761091,10.0
0.11004800205714999,0.04888555315481381,0.14406222912226835,0.03334521759683413,0.05428698004432768,0.07968881590595632,0.13695268626124452,0.14072097639503303,0.09517667596745454,-0.0018414330049430561,1.0,24,9.99732247643404,9.99732247643404,1,0.10002678240671212,0.025826518491825656,0.015865023417386784,0.05457321658035826,0.009581994339305053,0.024253397857970472,0.03383674057190314,0.05012664072593835,0.03870819316297148,-0.0009353735601669044,0.0,0,0,0.0,0.0,4.260881744871459,24.0,0.0,SONOLENTO,uta,data\raw\uta\drowsiness\drowsy_016_5a99d514.mov,group_016,6,1240,1470,24.00642777761091,2.400642777761091,10.0
0.08083320701938983,0.05125641302405272,0.13834953328051902,0.02334974342973713,0.05519442548557081,0.06309325056188603,0.0990327600265546,0.11209425978031685,0.0870931202564663,-0.0015306523150021196,1.0,24,9.99732247643404,9.99732247643404,1,0.10002678240671212,0.021439013295357096,0.0,0.04711428474315455,0.011493561239609856,0.030815389079377413,0.033707214114988296,0.041974220026486195,0.04711428474315455,-2.40597358456956e-05,0.0,0,0,0.0,0.0,3.7702032133018553,24.0,0.0,SONOLENTO,uta,data\raw\uta\drowsiness\drowsy_016_5a99d514.mov,group_016,7,1480,1720,24.00642777761091,2.400642777761091,10.0
0.0760934119559983,0.055287412288710716,0.10177292497188342,0.011572811804424094,0.06326444460856606,0.06786748470427965,0.08531913996409349,0.09000122936581918,0.046485512683172706,-0.00010761414171182678,1.0,24,9.99732247643404,9.99732247643404,1,0.10002678240671212,0.039722072569630486,0.0,0.06608186004550898,0.01718684027689292,0.04872681016638858,0.06281555295043315,0.06474911946596627,0.06608186004550898,-0.001459696096730929,0.0,0,0,0.0,0.0,1.9155973350906912,24.0,0.0,SONOLENTO,uta,data\raw\uta\drowsiness\drowsy_016_5a99d514.mov,group_016,8,1730,1960,24.00642777761091,2.400642777761091,10.0
0.07606161556619029,0.044786587064677225,0.13669890020627182,0.024150735953830823,0.05023919603864462,0.05834426887005967,0.09191898292039474,0.10592154362588235,0.09191231314159459,-0.0013690867335828722,1.0,24,9.99732247643404,9.99732247643404,1,0.10002678240671212,0.022923179511449576,0.0,0.04159001959280291,0.008530158699802072,0.029633711677545457,0.03239317741958685,0.03240184915382316,0.04159001959280291,0.0002018679536058792,0.0,0,0,0.0,0.0,3.3179645765817267,24.0,0.0,SONOLENTO,uta,data\raw\uta\drowsiness\drowsy_016_5a99d514.mov,group_016,9,1970,2200,24.00642777761091,2.400642777761091,10.0
0.1112287577773617,0.06061564549162095,0.1509314870399144,0.02041567562934127,0.08311719941950106,0.10388004109506142,0.1230814687381282,0.13029671305980972,0.09031584154829346,-0.0011738787948011985,0.9583333333333334,20,8.331102063695033,4.790383686624644,2,0.20005356481342423,0.03665999355202702,0.01537733789348698,0.06059910518506954,0.011615938247093059,0.04595466295141684,0.053277727613505355,0.055320707504037454,0.04522176729158256,-0.00020832951711226711,0.0,0,0,0.0,0.0,3.0339809972556444,19.166666666666668,0.0,SONOLENTO,uta,data\raw\uta\drowsiness\drowsy_016_5a99d514.mov,group_016,10,2210,2450,24.00642777761091,2.400642777761091,10.0
0.134233333882309,0.0603053770552838,0.31297201172914524,0.06110779211012428,0.06627587613013287,0.10186132775425083,0.14296344225448288,0.2024049676495667,0.2526666346738614,0.0010237032705380058,0.7916666666666666,12,4.99866123821702,3.9572734802551404,2,0.20005356481342423,0.02943036796523126,0.0,0.06031517193675861,0.01657128557727623,0.041994274377421904,0.04562894492415856,0.053884431899002015,0.06031517193675861,-0.0013478584436357939,0.0,0,0,0.0,0.0,4.560893467163522,9.5,0.0,SONOLENTO,uta,data\raw\uta\drowsiness\drowsy_016_5a99d514.mov,group_016,11,2460,2740,24.00642777761091,2.400642777761091,10.0
0.12666479225211216,0.10613155366188176,0.1506984129572724,0.011083013331848322,0.11386619729631012,0.11648849810611484,0.13126448740160745,0.14119250787039436,0.04456685929539064,-0.0007240290932774069,0.9583333333333334,22,9.164212270064535,4.790383686624644,2,0.20005356481342423,0.015682706519104625,0.0,0.03075467578697396,0.006392485487290731,0.015623093000542114,0.01967928069089681,0.02935412144551374,0.03075467578697396,-7.828342229919616e-05,0.0,0,0,0.0,0.0,8.076202656420492,21.083333333333336,0.0,SONOLENTO,uta,data\raw\uta\drowsiness\drowsy_016_5a99d514.mov,group_016,12,2750,2980,24.00642777761091,2.400642777761091,10.0
0.12730893585071615,0.09616088644284898,0.1507296358994143,0.011540851669929072,0.11549209882881584,0.12148805076805402,0.13444616087060027,0.14001098351681412,0.05456874945656531,-0.00016604504333256093,0.9583333333333334,21,8.747657166879783,4.790383686624644,2,0.20005356481342423,0.018205337413981632,0.014918727820938253,0.034921514788478915,0.005832753644548437,0.017067443852621947,0.028492643666679692,0.031244470957579776,0.02000278696754066,-0.00048523659772285716,0.0,0,0,0.0,0.0,6.992561598520563,20.125,0.0,SONOLENTO,uta,data\raw\uta\drowsiness\drowsy_016_5a99d514.mov,group_016,13,2990,3220,24.00642777761091,2.400642777761091,10.0
0.11507723525394897,0.04366249818563261,0.14795285264573896,0.02451928417002843,0.08306710964982399,0.11116164263652331,0.12815965787032343,0.13545514045294543,0.10429035446010634,0.0001180005434009709,1.0,24,9.99732247643404,9.99732247643404,1,0.10002678240671212,0.02112307183370446,0.014910433647938832,0.046132013680460944,0.007757033614613563,0.021584811436671805,0.031951202282558974,0.033012500176904595,0.031221580032522112,0.000489289387898175,0.0,0,0,0.0,0.0,5.447682443038173,24.0,0.0,SONOLENTO,uta,data\raw\uta\drowsiness\drowsy_016_5a99d514.mov,group_016,14,3230,3470,24.00642777761091,2.400642777761091,10.0
0.08279669349730275,0.03131312794581965,0.15219034247308533,0.02601580031344351,0.04725445192431863,0.07331949287600423,0.09596553243934725,0.10399988441768185,0.12087721452726569,-0.0018013411695988685,0.9583333333333334,15,6.248326547771274,4.790383686624644,2,0.20005356481342423,0.031306119588988296,0.014272612797395282,0.07785896941698933,0.016666094280430633,0.03300140460220452,0.052563960585649376,0.06524124102090492,0.06358635661959405,-0.001417669042047272,0.0,0,0,0.0,0.0,2.6446602109772166,14.375,0.0,SONOLENTO,uta,data\raw\uta\drowsiness\drowsy_016_5a99d514.mov,group_016,15,3480,3750,24.00642777761091,2.400642777761091,10.0
0.13136877843616193,0.04230874252104747,0.19723028894075026,0.03923371979874708,0.0926999063453017,0.10421621772813865,0.16170406251120015,0.18116336964156474,0.1549215464197028,-0.003910329951284554,0.6666666666666666,11,4.582106135032268,2.221627216985342,3,0.3000803472201364,0.04542957581572319,0.02018452258857621,0.10175632081844908,0.018836771156739703,0.05043636427734295,0.07212851411184105,0.07642302548248978,0.08157179822987287,0.0007095469952352369,0.0,0,0,0.0,0.0,2.891637978990708,7.333333333333333,0.0,SONOLENTO,uta,data\raw\uta\drowsiness\drowsy_016_5a99d514.mov,group_016,16,3760,4010,24.00642777761091,2.400642777761091,10.0
0.1078393888238189,0.07170912869287285,0.13989479763657336,0.017151539607854694,0.09098672770558343,0.0955765670950275,0.12138076388555787,0.13282979692521585,0.06818566894370051,-0.0014142118152596543,1.0,24,9.99732247643404,9.99732247643404,1,0.10002678240671212,0.036736212100953715,0.015319487369507242,0.04777639464168233,0.008487207498160235,0.045267873021259265,0.046474617841823065,0.04755960183254503,0.03245690727217509,0.00015938058920096217,0.0,0,0,0.0,0.0,2.9354265785731557,24.0,0.0,SONOLENTO,uta,data\raw\uta\drowsiness\drowsy_016_5a99d514.mov,group_016,17,4020,4260,24.00642777761091,2.400642777761091,10.0
0.106330999574779,0.07925642755088237,0.13611717502835494,0.015542513543473283,0.08387210737133027,0.09485548475970468,0.11927674399831328,0.12467200792318978,0.056860747477472565,-0.0013874227306584464,1.0,24,9.99732247643404,9.99732247643404,1,0.10002678240671212,0.027814888462805585,0.0,0.0485071250072666,0.01307528835165952,0.03444857618988125,0.04488788073040541,0.04734922963375455,0.0485071250072666,-0.0009151210573601245,0.0,0,0,0.0,0.0,3.8226713382519137,24.0,0.0,SONOLENTO,uta,data\raw\uta\drowsiness\drowsy_016_5a99d514.mov,group_016,18,4270,4500,24.00642777761091,2.400642777761091,10.0
0.12745515928988746,0.07209153547918584,0.17592409292356836,0.028556267211220995,0.09082125825407325,0.1066772124857451,0.15394123624052472,0.16126753711941696,0.10383255744438252,0.0023182314176458203,0.7083333333333334,6,2.49933061910851,1.4162873508281555,5,0.5001339120335606,0.03493624454435659,0.0,0.08288076138442396,0.020015235874694372,0.04688939666697919,0.05493442239360613,0.07451307583602579,0.08288076138442396,0.0018059489084403131,0.0,0,0,0.0,0.0,3.6481171011660467,4.25,0.0,SONOLENTO,uta,data\raw\uta\drowsiness\drowsy_016_5a99d514.mov,group_016,19,4510,4860,24.00642777761091,2.400642777761091,10.0
0.10627434602834374,0.04719180561513664,0.1335180508302248,0.02283685924485061,0.06653770772338047,0.10446158541512032,0.12055369318746491,0.12546976091187081,0.08632624521508817,-0.0013657197200239765,1.0,24,9.99732247643404,9.99732247643404,1,0.10002678240671212,0.042037470543397244,0.015532370183662119,0.0670180085815777,0.015117988449688768,0.05150408884554206,0.06581372959930709,0.06677044063529544,0.05148563839791559,-0.001731500128669246,0.0,0,0,0.0,0.0,2.5280259879729536,24.0,0.0,SONOLENTO,uta,data\raw\uta\drowsiness\drowsy_016_5a99d514.mov,group_016,20,4880,5130,24.00642777761091,2.400642777761091,10.0
0.15423141225609427,0.08153698304625168,0.1836581933315103,0.021846170340675937,0.11952781613825277,0.14946099322373543,0.16685450135327598,0.17572459643353966,0.10212121028525861,7.778430339891958e-05,0.3103448275862069,5,1.670144867852698,0.7515651905337141,4,0.4129313484646882,0.041324718882037995,0.012649110640673516,0.09271131452347582,0.022050554229906007,0.052821273981842096,0.08077351918830625,0.08642876371445404,0.0800622038828023,2.596028449045286e-05,0.0,0,0,0.0,0.0,3.7320926635623546,1.5517241379310345,0.0,SONOLENTO,uta,data\raw\uta\drowsiness\drowsy_017_e4833fa6.mp4,group_017,1,10,290,29.9375227636899,2.9937522763689897,10.0
0.14712889457167097,0.01907115152939915,0.16727543063943,0.028000177360729725,0.13184328638553408,0.14809894944657934,0.16006395387017994,0.16599670050956103,0.14820427911003087,0.00027465928918063296,0.3793103448275862,6,2.0041738414232375,1.2247729030919785,3,0.30969851134851617,0.03614063995953025,0.02558850617733721,0.058798103203785486,0.008612272378244797,0.03944296671351375,0.04126304839991105,0.05164952034866018,0.033209597026448275,-0.0005475552227898196,0.0,0,0,0.0,0.0,4.070897024496374,2.275862068965517,0.0,SONOLENTO,uta,data\raw\uta\drowsiness\drowsy_017_e4833fa6.mp4,group_017,2,300,580,29.9375227636899,2.9937522763689897,10.0
0.15046760847023236,0.1103172253013393,0.1622086832410447,0.010125003909657832,0.1394989266330946,0.1495910316911735,0.15616764242128064,0.16004371054654704,0.0518914579397054,7.964544592649827e-05,0.3103448275862069,4,1.3361158942821585,0.7515651905337141,4,0.4129313484646882,0.03615239097593673,0.026259022960633843,0.042070316191167134,0.005828024430810113,0.041013239159753107,0.04155140595715836,0.04186275209756362,0.01581129323053329,9.236274074493691e-05,0.0,0,0,0.0,0.0,4.161922420233881,1.2413793103448276,0.0,SONOLENTO,uta,data\raw\uta\drowsiness\drowsy_017_e4833fa6.mp4,group_017,3,590,870,29.9375227636899,2.9937522763689897,10.0
0.14708086489052,0.03356505795672459,0.17086912792101683,0.029669778929865998,0.13513908188970658,0.14525350646748977,0.15937363030404084,0.16359656913961274,0.13730406996429223,0.00021552626257883537,0.27586206896551724,5,1.670144867852698,0.8907439295214389,3,0.30969851134851617,0.04155135686871954,0.025919437989735207,0.09255621393050831,0.01378182247162698,0.044597648774829975,0.055789525203587445,0.05808683906775806,0.06663677594077311,0.0008819352208543978,0.0,0,0,0.0,0.0,3.5396515618887054,1.3793103448275863,0.0,SONOLENTO,uta,data\raw\uta\drowsiness\drowsy_017_e4833fa6.mp4,group_017,4,880,1160,29.9375227636899,2.9937522763689897,10.0
0.1566765896653359,0.1107817443136235,0.167753556205311,0.011491000633672812,0.1445103462735117,0.15172364835911276,0.16355586979322403,0.16570353634932175,0.056971811891687485,-0.00010810286700777273,0.20689655172413793,5,1.670144867852698,1.0020869207116188,2,0.2064656742323441,0.034996966943213074,0.01882942022801095,0.054544327608178816,0.007616289899044135,0.04192586514784339,0.04249745568919733,0.04262013808585971,0.03571490738016787,-0.0004088650114812438,0.0,0,0,0.0,0.0,4.476734031995512,1.0344827586206897,0.0,SONOLENTO,uta,data\raw\uta\drowsiness\drowsy_017_e4833fa6.mp4,group_017,5,1170,1450,29.9375227636899,2.9937522763689897,10.0
0.15013901680866962,0.04567451454844722,0.16834897878315513,0.02037852967966965,0.14718860530677622,0.1508859519372126,0.15603328777911096,0.15891554772170913,0.12267446423470792,2.692885888037841e-05,0.1724137931034483,4,1.3361158942821585,0.835072433926349,2,0.2064656742323441,0.036438139454116995,0.026607604209509573,0.043946905148178575,0.006675210350850778,0.04202942248839078,0.042602215669394844,0.04295848047577186,0.017339300938669002,0.0004890166367584984,0.0,0,0,0.0,0.0,4.120267905824721,0.6896551724137931,0.0,SONOLENTO,uta,data\raw\uta\drowsiness\drowsy_017_e4833fa6.mp4,group_017,6,1460,1740,29.9375227636899,2.9937522763689897,10.0
0.14231065332812398,0.037945737967980786,0.16704796117482762,0.031075322292009294,0.11585423546590382,0.14722662670211112,0.1572308682031841,0.15930931073908922,0.12910222320684683,-0.0013667779684411808,0.3793103448275862,3,1.0020869207116188,0.5249026727537051,7,0.7226298598132044,0.039215825794279166,0.026259022960633843,0.05553539385808319,0.006318467291047302,0.0425937027309991,0.04334467380659633,0.044169719593353404,0.029276370897449347,-0.00010385191116856637,0.0,0,0,0.0,0.0,3.628816214617855,1.1379310344827585,0.0,SONOLENTO,uta,data\raw\uta\drowsiness\drowsy_017_e4833fa6.mp4,group_017,7,1750,2030,29.9375227636899,2.9937522763689897,10.0
0.143035564032758,0.025319374930872687,0.16630834303835082,0.033203792813614144,0.13023756912601572,0.13947732380594852,0.16392532315647135,0.16446233919371586,0.14098896810747813,0.00031583421670785297,0.4827586206896552,7,2.3382028149937772,2.3382028149937772,2,0.2064656742323441,0.03684622440635077,0.026607604209509573,0.04510181953430622,0.0063868935790450335,0.041602514716892185,0.0422405594661706,0.043067329352454296,0.018494215324796646,-8.741643729875174e-05,0.0,0,0,0.0,0.0,3.8818545043003354,3.3793103448275863,0.0,SONOLENTO,uta,data\raw\uta\drowsiness\drowsy_017_e4833fa6.mp4,group_017,8,2040,2320,29.9375227636899,2.9937522763689897,10.0
0.15918635186741162,0.14376315655211766,0.17292039147843058,0.007433951417559589,0.14992049990049344,0.15378426746281804,0.16585850919275807,0.16738874459490288,0.02915723492631292,-0.00037660206793063385,0.10344827586206896,2,0.6680579471410792,0.5010434603558094,2,0.2064656742323441,0.034541594724908795,0.025919437989735207,0.04155140595715836,0.00646364689447428,0.04098222985952963,0.0410896160562498,0.041519160843130475,0.015631967967423152,0.0004535780655436683,0.0,0,0,0.0,0.0,4.608407478799551,0.20689655172413793,0.0,SONOLENTO,uta,data\raw\uta\drowsiness\drowsy_017_e4833fa6.mp4,group_017,9,2330,2610,29.9375227636899,2.9937522763689897,10.0
0.14013883400197794,0.04613376018117485,0.17089076327771324,0.03411786206502336,0.06577369914032001,0.1426352233416128,0.1616920538990113,0.16470824008776028,0.1247570030965384,0.001178306400338159,0.4482758620689655,7,2.3382028149937772,0.8684753312834029,5,0.5161641855808603,0.04503446397479079,0.0,0.11536474596938079,0.02583042678191398,0.06201736729460422,0.07464838007058859,0.07546493524510182,0.11536474596938079,0.0007076724340922753,0.0,0,0,0.0,0.0,3.1117439820409656,3.137931034482759,0.0,SONOLENTO,uta,data\raw\uta\drowsiness\drowsy_017_e4833fa6.mp4,group_017,10,2620,2910,29.9375227636899,2.9937522763689897,10.0
0.15247504341447382,0.04606908248477605,0.1728421930130153,0.025315528967347907,0.1332938983389084,0.15648820147001277,0.16537978528177638,0.1693372854723375,0.12677311052823925,-0.0015619400738465547,0.1724137931034483,5,1.670144867852698,1.670144867852698,1,0.10323283711617205,0.03628551817697119,0.025895528066587934,0.04321761701690755,0.006347760487362377,0.041479851907237894,0.04203760122894605,0.042070316191167134,0.017322088950319618,-0.0001427291931942422,0.0,0,0,0.0,0.0,4.201975033009376,0.8620689655172414,0.0,SONOLENTO,uta,data\raw\uta\drowsiness\drowsy_017_e4833fa6.mp4,group_017,11,2920,3200,29.9375227636899,2.9937522763689897,10.0
0.15377393886326796,0.04329514431324798,0.16889829135904888,0.021866648661569347,0.14707356819096581,0.15488606242931072,0.1625948104128521,0.16398012868762296,0.1256031470458009,-0.0003646516188306155,0.13793103448275862,1,0.3340289735705396,0.3340289735705396,4,0.4129313484646882,0.0315087007466208,0.01882942022801095,0.043282338306656565,0.006824797069776798,0.03997761879845559,0.04051206781038742,0.041135670698449985,0.024452918078645615,-0.00015099211227263606,0.0,0,0,0.0,0.0,4.8802094345424445,0.13793103448275862,0.0,SONOLENTO,uta,data\raw\uta\drowsiness\drowsy_017_e4833fa6.mp4,group_017,12,3210,3490,29.9375227636899,2.9937522763689897,10.0
0.13182257503264536,0.02430986704208964,0.16552369911585096,0.039483583780096955,0.05891235651223968,0.13783525566551683,0.15307808249752736,0.16028146563627307,0.14121383207376131,-0.00028549680804792316,0.6896551724137931,9,3.0062607621348563,1.670144867852698,4,0.4129313484646882,0.031040041273374466,0.025919437989735207,0.041519160843130475,0.005927495046243946,0.03838275926600582,0.04058749917906257,0.04099279081110217,0.015599722853395268,-3.3371585842891156e-05,0.0,0,0,0.0,0.0,4.246718847853745,6.206896551724139,0.0,SONOLENTO,uta,data\raw\uta\drowsiness\drowsy_017_e4833fa6.mp4,group_017,13,3500,3780,29.9375227636899,2.9937522763689897,10.0
0.14944535943481674,0.030400259333393062,0.16620031604232904,0.02423017455945479,0.14313291370831663,0.15129175517439572,0.15872790311727178,0.16032643479936545,0.13580005670893597,-0.000537586076711371,0.1724137931034483,2,0.6680579471410792,0.5567149559508994,3,0.30969851134851617,0.030441976823075086,0.013139708280690918,0.040488816508945806,0.0066125010736973674,0.038908574989809055,0.040488816508945806,0.040488816508945806,0.027349108228254888,-0.0002715172234433148,0.0,0,0,0.0,0.0,4.90902582567223,0.3448275862068966,0.0,SONOLENTO,uta,data\raw\uta\drowsiness\drowsy_017_e4833fa6.mp4,group_017,14,3790,4070,29.9375227636899,2.9937522763689897,10.0
0.15047289234046282,0.10720940812672897,0.16338141868315664,0.009235127050034975,0.14685152875049,0.14905768630786168,0.155317282714586,0.15615873010715448,0.056172010556427676,0.00019128247023438046,0.41379310344827586,5,1.670144867852698,0.6680579471410792,6,0.6193970226970323,0.03351841466038889,0.02558850617733721,0.040488816508945806,0.005916293432464758,0.040488816508945806,0.040488816508945806,0.040488816508945806,0.014900310331608595,-6.239483000673101e-05,0.0,0,0,0.0,0.0,4.489126491766639,2.0689655172413794,0.0,SONOLENTO,uta,data\raw\uta\drowsiness\drowsy_017_e4833fa6.mp4,group_017,15,4080,4360,29.9375227636899,2.9937522763689897,10.0
0.15269357854937687,0.08228907282226716,0.16907960776585618,0.015480509373400973,0.14501859033754455,0.1508793862069091,0.15872298348786615,0.16362484233009844,0.08679053494358901,0.0009831646614273167,0.2413793103448276,3,1.0020869207116188,0.7794009383312591,3,0.30969851134851617,0.03235297475676512,0.025939049993206037,0.041013239159753107,0.005546227014844701,0.03947915261592909,0.040488816508945806,0.040784864519296096,0.01507418916654707,0.00020079477694987986,0.0,0,0,0.0,0.0,4.719468927614499,0.7241379310344828,0.0,SONOLENTO,uta,data\raw\uta\drowsiness\drowsy_017_e4833fa6.mp4,group_017,16,4370,4650,29.9375227636899,2.9937522763689897,10.0
0.15129376012654183,0.12813356813270543,0.1634907571638141,0.008703901605306551,0.1420904052188844,0.14662979933160203,0.15827492913306118,0.1611119798006813,0.035357189031108655,9.982835534085277e-06,0.3793103448275862,5,1.670144867852698,1.2247729030919785,3,0.30969851134851617,0.034304677387812184,0.02528406616661671,0.045607017003965515,0.006661129461076184,0.040488816508945806,0.04112087251923416,0.04394981350331995,0.020322950837348804,-0.00011885054099693165,0.0,0,0,0.0,0.0,4.410166819218446,1.896551724137931,0.0,SONOLENTO,uta,data\raw\uta\drowsiness\drowsy_017_e4833fa6.mp4,group_017,17,4660,4940,29.9375227636899,2.9937522763689897,10.0
0.13702482702756774,0.029335143082196913,0.16506525975674383,0.04070397052206686,0.04112564950850354,0.14663279461842513,0.15817295036826207,0.16055596707812925,0.1357301166745469,-0.00056330202535376,0.3793103448275862,5,1.670144867852698,0.9185796773189839,4,0.4129313484646882,0.0275994679576163,0.012642033083308355,0.04321761701690755,0.006623788818630584,0.028978812641819212,0.03223623250671543,0.040488816508945806,0.030575583933599194,-0.0001736501072753012,0.0,0,0,0.0,0.0,4.9645834714826265,1.896551724137931,0.0,SONOLENTO,uta,data\raw\uta\drowsiness\drowsy_017_e4833fa6.mp4,group_017,18,4950,5230,29.9375227636899,2.9937522763689897,10.0
0.14745474891532667,0.03266882950589835,0.16525877497229274,0.023216498138531553,0.13809163798412544,0.1499054428121902,0.15635768005495237,0.15817766031330838,0.1325899454663944,-0.0007674557464653343,0.3448275862068966,6,2.0041738414232375,0.835072433926349,4,0.4129313484646882,0.033230279006165556,0.026259022960633843,0.041013239159753107,0.005760410238615393,0.03997761879845559,0.04098843171957432,0.041013239159753107,0.014754216199119263,0.00018452079978006474,0.0,0,0,0.0,0.0,4.437227615824497,2.0689655172413794,0.0,SONOLENTO,uta,data\raw\uta\drowsiness\drowsy_017_e4833fa6.mp4,group_017,19,5240,5520,29.9375227636899,2.9937522763689897,10.0
0.14694262398914976,0.033172846507899506,0.16732848645461812,0.024755246647966588,0.13857981399043223,0.14690156692960799,0.15784093654406967,0.1611476333414937,0.1341556399467186,-0.0005684535796915283,0.3793103448275862,9,3.0062607621348563,1.2247729030919785,3,0.30969851134851617,0.030898288176566945,0.017878534642384033,0.046726931351599776,0.0065941020288470325,0.035757069284768066,0.03997761879845559,0.04368965966429118,0.028848396709215744,-4.146549709150714e-05,0.0,0,0,0.0,0.0,4.7555342747535025,3.413793103448276,0.0,SONOLENTO,uta,data\raw\uta\drowsiness\drowsy_017_e4833fa6.mp4,group_017,20,5530,5810,29.9375227636899,2.9937522763689897,10.0
0.13641995192628967,0.06531827916651761,0.2217856576900143,0.05277458350478057,0.07442389720065319,0.0926577268400127,0.17312558033221356,0.2167661908507713,0.15646737852349668,-0.010629225633838902,0.5833333333333334,7,5.832254212263332,5.832254212263332,1,0.10001850264118686,0.05892910892027591,0.02323069967623409,0.09521111178515583,0.018329980512839916,0.0701483684655122,0.07330408840076011,0.08328180451847954,0.07198041210892174,-0.0017821193083705454,0.0,0,0,0.0,0.0,2.3149448461201136,4.083333333333334,0.0,SONOLENTO,uta,data\raw\uta\drowsiness\drowsy_018_aa93590e.mov,group_018,1,10,120,12.002220316942426,1.2002220316942425,10.0
0.15538164766256932,0.008877760302855437,0.25287185082489655,0.09200446325980986,0.019898801538375983,0.05646859620075639,0.2306747287028866,0.25174905865429054,0.2439940905220411,-0.003396906054110392,0.3333333333333333,2,1.666358346360952,1.1109055642406347,3,0.3000555079235606,0.06471894000649848,0.023802777946288958,0.09744510742681918,0.023621830147907932,0.09294162677746612,0.09299811099505542,0.09499925938934911,0.07364232948053022,0.0023391112186946506,0.0,0,0,0.0,0.0,2.400831144883131,0.6666666666666666,0.0,SONOLENTO,uta,data\raw\uta\drowsiness\drowsy_018_aa93590e.mov,group_018,2,130,240,12.002220316942426,1.2002220316942425,10.0
0.14836475608674965,0.029972646647715512,0.24109515986417296,0.05690675543421352,0.09998555257039439,0.12080663439442522,0.18219180887298142,0.22574195365206945,0.21112251321645745,-0.012665265766931588,0.5833333333333334,6,4.999075039082856,2.916127106131666,2,0.20003700528237373,0.04248953396772164,0.02323069967623409,0.09088562141317662,0.020402933533059702,0.046511627906976744,0.06742488771236009,0.07926025042138982,0.06765492173694253,0.0023409959730994255,0.0,0,0,0.0,0.0,3.491713147202537,3.5,0.0,SONOLENTO,uta,data\raw\uta\drowsiness\drowsy_018_aa93590e.mov,group_018,3,250,360,12.002220316942426,1.2002220316942425,10.0
0.12803215927165235,0.008877760302855437,0.22710014250183805,0.0713067305729958,0.03435803738801297,0.07177572535812762,0.195637546119905,0.21752846367951714,0.2182223821989826,-0.0050146582485762915,0.6666666666666666,3,2.499537519541428,2.2218111284812694,3,0.3000555079235606,0.09725676347612873,0.04649905549752771,0.2454524670486058,0.062384642711954895,0.09628784370955333,0.20462728736742955,0.22900243708553814,0.1989534115510781,0.0031635614680339675,0.16666666666666666,1,2,1.666358346360952,1.666358346360952,1.3164209693458249,2.0,0.04090874450810096,SONOLENTO,uta,data\raw\uta\drowsiness\drowsy_018_aa93590e.mov,group_018,4,370,480,12.002220316942426,1.2002220316942425,10.0
0.13672105578162283,0.02663328090856631,0.2662697382297856,0.07473845032902947,0.030855925638767975,0.09472235626356869,0.1741707506636342,0.23956708792898374,0.2396364573212193,0.0008400699695604199,0.5,2,1.666358346360952,0.9998150078165712,5,0.5000925132059343,0.07142712553258368,0.04646139935246818,0.11615349838117045,0.019199830892520194,0.0766099497705584,0.09088562141317662,0.10225616604877383,0.06969209902870227,0.003938207598079804,0.0,0,0,0.0,0.0,1.914106729837873,1.0,0.0,SONOLENTO,uta,data\raw\uta\drowsiness\drowsy_018_aa93590e.mov,group_018,5,490,600,12.002220316942426,1.2002220316942425,10.0
0.1684052243093255,0.03551104121142175,0.2411879840606107,0.06816161140243648,0.044517339110504435,0.1473439102926637,0.2237812655299701,0.23604610501117795,0.20567694284918897,-0.0043635754226788994,0.25,1,0.833179173180476,0.833179173180476,3,0.3000555079235606,0.060468729911360784,0.045454545454545456,0.07186994682200863,0.012007446810186334,0.07017766485506555,0.07182378552369445,0.07186994682200863,0.026415401367463176,-0.0007357044151552415,0.0,0,0,0.0,0.0,2.7849508267389544,0.25,0.0,SONOLENTO,uta,data\raw\uta\drowsiness\drowsy_018_aa93590e.mov,group_018,6,610,720,12.002220316942426,1.2002220316942425,10.0
0.1804158011075441,0.03495604350955541,0.22187149472348727,0.05082278959447149,0.14267458050450096,0.1648563831318353,0.2125015258700929,0.22114102257040316,0.18691545121393185,0.005183905691841203,0.25,2,1.666358346360952,1.249768759770714,2,0.20003700528237373,0.06558374644371127,0.023255813953488372,0.13953488372093023,0.030358335564107768,0.07239450988195464,0.09382679213016147,0.11552809521138865,0.11627906976744186,-0.0016532561476489762,0.08333333333333333,1,1,0.833179173180476,0.833179173180476,2.7508805155233413,0.5,0.011627906976744186,SONOLENTO,uta,data\raw\uta\drowsiness\drowsy_018_aa93590e.mov,group_018,7,730,840,12.002220316942426,1.2002220316942425,10.0
0.2171443858652369,0.1919534288589323,0.24084054188766535,0.01666346538044542,0.19317555088566996,0.20875200615467748,0.23120297473293464,0.2398122345092295,0.048887113028733054,0.002323086852953336,0.0,0,0.0,0.0,0,0.0,0.08168040120419369,0.06976744186046512,0.09814136765567198,0.010997765263222018,0.09300439719977993,0.09501661129568106,0.09654456782600476,0.028373925795206867,0.0009262705519304207,0.0,0,0,0.0,0.0,2.6584312054393147,0.0,0.0,SONOLENTO,uta,data\raw\uta\drowsiness\drowsy_018_aa93590e.mov,group_018,8,850,960,12.002220316942426,1.2002220316942425,10.0
0.1982500672948042,0.05340866587447844,0.24109515986417296,0.06309861723838928,0.10884304953829949,0.18817552746545674,0.24084054188766535,0.2410696980665222,0.1876864939896945,-0.014315898432683171,0.25,3,2.499537519541428,2.499537519541428,1,0.10001850264118686,0.07672100784852957,0.04649905549752771,0.11904761904761904,0.02154000168004824,0.09299811099505542,0.09302074133206369,0.10473421926910297,0.07254856355009133,0.0014558408825963967,0.0,0,0,0.0,0.0,2.5840052007789547,0.75,0.0,SONOLENTO,uta,data\raw\uta\drowsiness\drowsy_018_aa93590e.mov,group_018,9,970,1080,12.002220316942426,1.2002220316942425,10.0
0.1726717335408664,0.026555429832519125,0.226092514404572,0.06548956220035762,0.047970847471437504,0.1754086170027384,0.20795235055572436,0.21198666372777958,0.19953708457205288,-0.013791345847170676,0.16666666666666666,2,1.666358346360952,1.666358346360952,1,0.10001850264118686,0.06136375332876324,0.023809523809523808,0.0975609756097561,0.022637743267708475,0.07506774823737453,0.09321709990159006,0.09626855050622594,0.07375145180023229,0.00040646383121779666,0.0,0,0,0.0,0.0,2.8138585128139137,0.3333333333333333,0.0,SONOLENTO,uta,data\raw\uta\drowsiness\drowsy_018_aa93590e.mov,group_018,10,1090,1200,12.002220316942426,1.2002220316942425,10.0
0.12969380988345136,0.009202627172903878,0.2505103499379498,0.08912244658483949,0.019267215516366128,0.03685834990022319,0.20771803124777144,0.23874199707640772,0.24130772276504592,0.009510957695272104,0.5,3,2.499537519541428,1.249768759770714,4,0.40007401056474745,0.05614103473352324,0.023749016662636548,0.09971993098884563,0.02589341604925411,0.07483284612383101,0.09628941113482307,0.09851655234533932,0.07597091432620909,-0.0026758664044448602,0.0,0,0,0.0,0.0,2.3101017000726776,1.5,0.0,SONOLENTO,uta,data\raw\uta\drowsiness\drowsy_018_aa93590e.mov,group_018,11,1210,1320,12.002220316942426,1.2002220316942425,10.0
0.14776923304467415,0.03672383698199055,0.18662383525566872,0.03963256166678955,0.1229408889277175,0.13805729973029068,0.18073042669996975,0.1833945001701533,0.14989999827367817,0.005817949436639841,0.5,2,1.666358346360952,1.249768759770714,4,0.40007401056474745,0.0514700480012702,0.023782574707724703,0.09521111178515583,0.019057398908788544,0.054426572141779525,0.07140833383886687,0.08211958391469688,0.07142853707743113,0.00012108388770613145,0.0,0,0,0.0,0.0,2.8709194543897283,1.0,0.0,SONOLENTO,uta,data\raw\uta\drowsiness\drowsy_018_aa93590e.mov,group_018,12,1330,1440,12.002220316942426,1.2002220316942425,10.0
0.1686573735025203,0.052623687873762086,0.19889511958248735,0.04205212343048784,0.11861926046183724,0.1709798494990258,0.19682585421753437,0.1979329195498053,0.14627143170872525,-0.005889743724677851,0.25,3,2.499537519541428,2.499537519541428,1,0.10001850264118686,0.07684532256568062,0.047605555892577915,0.09996876464081228,0.017081125784159896,0.09521111178515583,0.09949299935524664,0.09996876464081228,0.052363208748234365,-0.002053425672154694,0.0,0,0,0.0,0.0,2.194735777478079,0.75,0.0,SONOLENTO,uta,data\raw\uta\drowsiness\drowsy_018_aa93590e.mov,group_018,13,1450,1560,12.002220316942426,1.2002220316942425,10.0
0.18895959718576386,0.01745268955998088,0.24612163675497029,0.07096197535870977,0.0698077598468304,0.19488655237359337,0.2373290108035308,0.24150967621119657,0.2286689471949894,0.00420623341422216,0.16666666666666666,1,0.833179173180476,0.833179173180476,2,0.20003700528237373,0.04355675818929416,0.023802777946288958,0.07140833383886687,0.013577096375320093,0.048765984909417075,0.05396101750922978,0.062129784071999455,0.04760555589257791,-0.0014763035402948002,0.0,0,0,0.0,0.0,4.338138716060168,0.16666666666666666,0.0,SONOLENTO,uta,data\raw\uta\drowsiness\drowsy_018_aa93590e.mov,group_018,14,1570,1680,12.002220316942426,1.2002220316942425,10.0
0.21700737753621402,0.18025756122177067,0.2456999086071745,0.016579472202675923,0.19672601657962185,0.21152466849489243,0.22549566923415218,0.2353613704687925,0.06544234738540383,-0.002702533785521563,0.0,0,0.0,0.0,0,0.0,0.03803898032949343,0.0,0.07317073170731707,0.025140647340074266,0.05737164577761253,0.07281082381375956,0.07315876681856176,0.07317073170731707,-0.0010630062708915987,0.0,0,0,0.0,0.0,5.704718447710718,0.0,0.0,SONOLENTO,uta,data\raw\uta\drowsiness\drowsy_018_aa93590e.mov,group_018,15,1690,1800,12.002220316942426,1.2002220316942425,10.0
0.205300140667895,0.12412846870558775,0.2287046758904748,0.02649157494602295,0.1897583009867308,0.20716783700023172,0.2168962983779139,0.22581132451906066,0.10457620718488705,-0.0015080098505556663,0.08333333333333333,1,0.833179173180476,0.833179173180476,1,0.10001850264118686,0.03543594030882865,0.0,0.06976744186046512,0.018017679759329764,0.04760892882419534,0.04866434378629501,0.058224617129892214,0.06976744186046512,-0.00039939532191321427,0.0,0,0,0.0,0.0,5.793393528863641,0.08333333333333333,0.0,SONOLENTO,uta,data\raw\uta\drowsiness\drowsy_018_aa93590e.mov,group_018,16,1810,1920,12.002220316942426,1.2002220316942425,10.0
0.11409022830761399,0.02663328090856631,0.19691227920347815,0.05587171423006009,0.03747758984060681,0.0802012060804318,0.1601122987104764,0.1862140650682711,0.17027899829491183,0.005260975578793392,0.5833333333333334,4,3.332716692721904,1.9440847374211108,3,0.3000555079235606,0.04152508596947709,0.0,0.07529232524210427,0.02419191891754776,0.06975329789983495,0.07124424464102669,0.0731561299703237,0.07529232524210427,-0.0013309860364653886,0.0,0,0,0.0,0.0,2.7474351517615627,2.3333333333333335,0.0,SONOLENTO,uta,data\raw\uta\drowsiness\drowsy_018_aa93590e.mov,group_018,17,1930,2040,12.002220316942426,1.2002220316942425,10.0
0.11706254748257282,0.017755520605710874,0.28540523726276534,0.0948453425508386,0.02191155918587518,0.02634809107887724,0.20960304938653285,0.216198029976175,0.26764971665705445,-0.0008459562322520327,0.5833333333333334,6,4.999075039082856,2.916127106131666,2,0.20003700528237373,0.04974585990906239,0.023802777946288958,0.09523809523809523,0.01789371775981929,0.048765984909417075,0.06766729616536032,0.08122923588039865,0.07143531729180627,-0.002021868122312195,0.0,0,0,0.0,0.0,2.353164555442574,3.5,0.0,SONOLENTO,uta,data\raw\uta\drowsiness\drowsy_018_aa93590e.mov,group_018,18,2050,2160,12.002220316942426,1.2002220316942425,10.0
0.1866611603806959,0.0676076428606433,0.26624382481362485,0.06191465946881019,0.09185370663838284,0.15135091444658932,0.23066190791342714,0.24502341970946465,0.19863618195298155,0.0001114324269732668,0.25,2,1.666358346360952,1.249768759770714,2,0.20003700528237373,0.07049424355759831,0.048765984909417075,0.09753196981883415,0.018210710368088166,0.0786875725900116,0.09730258236076025,0.09753196981883415,0.048765984909417075,-0.0010136832368013618,0.0,0,0,0.0,0.0,2.6478546772901628,0.5,0.0,SONOLENTO,uta,data\raw\uta\drowsiness\drowsy_018_aa93590e.mov,group_018,19,2170,2280,12.002220316942426,1.2002220316942425,10.0
0.20939524214762983,0.15955915724066877,0.25588618835172006,0.02558451809751595,0.17887036960893743,0.1951026132081672,0.22896706836640648,0.23708228468462816,0.09632703111105129,-0.0035926550457697154,0.0,0,0.0,0.0,0,0.0,0.048365043594714933,0.023802777946288958,0.07140833383886687,0.009839700936721405,0.048765984909417075,0.05277876507805316,0.0614072964751693,0.04760555589257791,0.0010987807306249106,0.0,0,0,0.0,0.0,4.329385382485801,0.0,0.0,SONOLENTO,uta,data\raw\uta\drowsiness\drowsy_018_aa93590e.mov,group_018,20,2290,2400,12.002220316942426,1.2002220316942425,10.0
0.1540874092890893,0.03532222785237063,0.19585166546509836,0.03433404343811756,0.12162247367733123,0.15128727438986728,0.17691472901855607,0.17947342423379634,0.16052943761272773,-0.001987376719657101,0.20689655172413793,3,1.001037976085031,0.5005189880425155,4,0.4133640414588299,0.08251769655795496,0.01537733789348698,0.1765390601639421,0.045622653610265844,0.10818276689619283,0.14283059886078164,0.15237088023178955,0.16116172227045514,0.0005150586181752404,0.2413793103448276,3,5,1.668396626808385,0.7785850925105797,1.8673029957625398,0.6206896551724138,0.042612876591296374,SONOLENTO,uta,data\raw\uta\drowsiness\drowsy_019_5ebe44f8.mov,group_019,1,10,290,29.968893005765164,2.9968893005765165,10.0
0.14757650718368437,0.0622014745747997,0.16180388666419815,0.01819736590709836,0.1386477833210705,0.145333614882689,0.15683787343030853,0.16005138392132745,0.09960241208939845,0.0001869339879147508,0.41379310344827586,3,1.001037976085031,0.667358650723354,6,0.6200460621882448,0.15323427125012823,0.015617376188860606,0.2476302782718243,0.04685870410660202,0.1828636152486097,0.20460197196108473,0.21450369070374956,0.23201290208296368,-0.0004815427531208191,0.7586206896551724,3,12,4.004151904340124,2.4469817193189645,0.9630713998136435,1.2413793103448276,0.18785745248207358,SONOLENTO,uta,data\raw\uta\drowsiness\drowsy_019_5ebe44f8.mov,group_019,2,300,580,29.968893005765164,2.9968893005765165,10.0
0.13723523109367297,0.04162453237195146,0.1569734812998071,0.027384710079427176,0.12253569712971932,0.13922263983789335,0.14908910552844054,0.15364123303935512,0.11534894892785563,-3.6853503054858885e-05,0.7586206896551724,6,2.002075952170062,0.9176181447446117,8,0.8267280829176598,0.11668332378808405,0.015617376188860606,0.2273924296742764,0.050686684628602256,0.14424368919492378,0.16377669912862083,0.1867447468955351,0.21177505348541578,0.0016270022368769595,0.5862068965517241,4,5,1.668396626808385,1.418137132787127,1.1761239782553172,4.551724137931034,0.13329901049871373,SONOLENTO,uta,data\raw\uta\drowsiness\drowsy_019_5ebe44f8.mov,group_019,3,590,870,29.968893005765164,2.9968893005765165,10.0
0.13962858696527342,0.05318542201889184,0.17124011709242867,0.021063269142102947,0.12313346811276783,0.132073590974553,0.14994216861951476,0.15755004482871854,0.11805469507353683,0.00048395496941831714,0.7586206896551724,8,2.669434602893416,1.048706451136699,7,0.7233870725529523,0.09223818192519664,0.015149776296267386,0.22524346586846222,0.05920971401648589,0.11934606375869702,0.19258527998303485,0.1982129529949879,0.21009368957219485,0.0027434906149558574,0.2413793103448276,3,4,1.334717301446708,0.7785850925105797,1.5137665366384996,6.068965517241379,0.054369112451008124,SONOLENTO,uta,data\raw\uta\drowsiness\drowsy_019_5ebe44f8.mov,group_019,4,880,1170,29.968893005765164,2.9968893005765165,10.0
0.14009487351508074,0.06360609117881608,0.15809452988553907,0.016872046759227703,0.12916500489637037,0.13757014497578568,0.14895747130389286,0.15263486554789785,0.094488438706723,0.00024663892920675904,0.7931034482758621,9,3.0031139282550927,1.9186561208296427,4,0.4133640414588299,0.15122326095692576,0.015623093000542114,0.25927217865726027,0.07563257731102876,0.22612989939197176,0.24840982350129504,0.25605357838037357,0.24364908565671814,0.0010876498564428912,0.5172413793103449,3,8,2.669434602893416,1.668396626808385,0.9264047490037655,7.137931034482759,0.13410629930547946,SONOLENTO,uta,data\raw\uta\drowsiness\drowsy_019_5ebe44f8.mov,group_019,5,1180,1460,29.968893005765164,2.9968893005765165,10.0
0.14261229026825,0.12916500489637037,0.16074000163041058,0.00830588968280486,0.1312309683803796,0.1354766440315943,0.14958088074294537,0.1506391496947942,0.03157499673404021,-0.0004076890992155222,0.7586206896551724,10,3.33679325361677,1.2234908596594822,6,0.6200460621882448,0.19535424783229088,0.06628317002274849,0.3352561620833777,0.06051468472591202,0.2468223007401172,0.2638704662993792,0.2716476882179387,0.26897299206062925,0.0020996072838456816,0.9310344827586207,2,19,6.339907181871863,4.504670892382639,0.730015148559921,7.586206896551724,0.3121350474569379,SONOLENTO,uta,data\raw\uta\drowsiness\drowsy_019_5ebe44f8.mov,group_019,6,1470,1750,29.968893005765164,2.9968893005765165,10.0
0.128943423355951,0.045833419872802865,0.14460926655624906,0.017616378542950215,0.1171244632929104,0.12802093531422604,0.13700692285047578,0.1396236662690368,0.09877584668344619,-0.0002587674753680063,1.0,29,9.676700435488632,9.676700435488632,1,0.10334101036470747,0.08799062405817132,0.0,0.2061266545666881,0.03568133289195466,0.10038976698947237,0.11592509070706664,0.13396087743148197,0.2061266545666881,-0.0025396091898951144,0.10344827586206896,1,3,1.001037976085031,1.001037976085031,1.4654056535052293,29.0,0.021323447024140147,SONOLENTO,uta,data\raw\uta\drowsiness\drowsy_019_5ebe44f8.mov,group_019,7,1760,2040,29.968893005765164,2.9968893005765165,10.0
0.1348331684183565,0.11663502799858691,0.1539595360870697,0.00853573603728433,0.12553984734658408,0.1311425373592412,0.13766151175427238,0.14845412344772957,0.03732450808848278,0.00029668360201847143,0.896551724137931,26,8.675662459403602,8.675662459403602,1,0.10334101036470747,0.08842917698777054,0.02208630521496931,0.18000528463638882,0.0402182433973216,0.11740585692618648,0.15014385665361932,0.1553111856206815,0.1579189794214195,0.001790968802420239,0.20689655172413793,4,2,0.667358650723354,0.5005189880425155,1.5247415872186172,23.310344827586206,0.03724247268339079,SONOLENTO,uta,data\raw\uta\drowsiness\drowsy_019_5ebe44f8.mov,group_019,8,2050,2330,29.968893005765164,2.9968893005765165,10.0
0.14552526553241896,0.04146005024644671,0.15744515121671293,0.021318004224411127,0.1306466675521721,0.14448791343367068,0.15443842828550405,0.15683568138968676,0.11598510097026622,1.1022527571385785e-05,0.3103448275862069,3,1.001037976085031,0.6006227856510186,5,0.5167050518235373,0.0926782137981684,0.01639344262295082,0.2132640840836721,0.038950386509864605,0.10539461821392382,0.13368829693161258,0.17232068251407148,0.19687064146072128,-0.0011087569698976423,0.13793103448275862,3,2,0.667358650723354,0.4449057671489026,1.5702039278120736,0.9310344827586208,0.02941573573567891,SONOLENTO,uta,data\raw\uta\drowsiness\drowsy_019_5ebe44f8.mov,group_019,9,2340,2620,29.968893005765164,2.9968893005765165,10.0
0.15014244134193983,0.1308147702722431,0.15940950558611655,0.007396264837487689,0.14075741614744583,0.14594451145642134,0.15635339974408285,0.1569747355371106,0.028594735313873437,-0.0004248723036858357,0.41379310344827586,9,3.0031139282550927,1.001037976085031,4,0.4133640414588299,0.06816849347685167,0.022809896167307987,0.14240006242195885,0.02903494334695793,0.08332176166996666,0.10304325720874005,0.12398245817239446,0.11959016625465087,-0.0013048482910653436,0.06896551724137931,1,2,0.667358650723354,0.667358650723354,2.202487266432803,3.7241379310344827,0.009820693960135093,SONOLENTO,uta,data\raw\uta\drowsiness\drowsy_019_5ebe44f8.mov,group_019,10,2630,2910,29.968893005765164,2.9968893005765165,10.0
0.14000850446113117,0.03918123667819738,0.18165583695989715,0.022674499284137114,0.12831085894976227,0.13706651043121365,0.14400745642668827,0.15406703657271423,0.14247460028169978,0.0012192048484491699,0.8275862068965517,12,4.004151904340124,2.002075952170062,4,0.4133640414588299,0.06867548402868168,0.016664352333993333,0.14006563516913983,0.027703454081997186,0.0868574968892662,0.10200895677962514,0.10301232356762145,0.12340128283514651,-0.0010122205114210076,0.034482758620689655,1,1,0.333679325361677,0.333679325361677,2.0386673319306614,9.931034482758621,0.0048298494885910285,SONOLENTO,uta,data\raw\uta\drowsiness\drowsy_019_5ebe44f8.mov,group_019,11,2920,3200,29.968893005765164,2.9968893005765165,10.0
0.14864885579615528,0.09642758122513556,0.16942153011775946,0.014736207251051339,0.137248821919383,0.14493954289331323,0.15895286775133322,0.16035819078390678,0.0729939488926239,-0.0007089513218945583,0.4827586206896552,9,3.0031139282550927,0.7785850925105797,6,0.6200460621882448,0.10264429689057068,0.015384615384615385,0.23484225449291993,0.05434209363860361,0.12797234521108808,0.17960215776425992,0.19187001510935633,0.21945763910830454,-0.00038042310682422163,0.27586206896551724,4,4,1.334717301446708,0.667358650723354,1.4481799000944837,4.344827586206897,0.06478407020494342,SONOLENTO,uta,data\raw\uta\drowsiness\drowsy_019_5ebe44f8.mov,group_019,12,3210,3490,29.968893005765164,2.9968893005765165,10.0
0.13077747327380904,0.11216387273531797,0.146801006795421,0.010530290870191467,0.11487490690348125,0.12090782547666426,0.13870597654856676,0.14341866161628442,0.03463713406010302,0.00033965723228571024,1.0,29,9.676700435488632,9.676700435488632,1,0.10334101036470747,0.08962445517371967,0.023180714250535188,0.17093608038335906,0.034234787638522314,0.10997055627048147,0.1339108335017672,0.15110863941458558,0.14775536613282386,0.0015723831971777595,0.2413793103448276,5,3,1.001037976085031,0.4671510555063477,1.4591554711808719,29.0,0.04126043319598322,SONOLENTO,uta,data\raw\uta\drowsiness\drowsy_019_5ebe44f8.mov,group_019,13,3500,3780,29.968893005765164,2.9968893005765165,10.0
0.13468743762155577,0.03969876318751844,0.15926658103160826,0.020250336491450478,0.1271288259185289,0.13098454546205582,0.14432175192142155,0.15088287975919237,0.11956781784408982,2.0541685324179715e-05,0.896551724137931,16,5.338869205786832,2.891887486467867,3,0.3100230310941224,0.11107834789667309,0.023566953078897113,0.18878548243096172,0.03416148581788549,0.13216815980817292,0.15051923598529765,0.15898696740329749,0.1652185293520646,-0.0009895113572410616,0.4482758620689655,4,7,2.3357552775317387,1.0844578074254503,1.2125335642665378,14.344827586206897,0.0846279748828449,SONOLENTO,uta,data\raw\uta\drowsiness\drowsy_019_5ebe44f8.mov,group_019,14,3790,4070,29.968893005765164,2.9968893005765165,10.0
0.14301996627979494,0.1081457693367229,0.1631601492138436,0.012961011619405455,0.12569346339595058,0.13762487297966536,0.15157349999927983,0.15668476132852124,0.05501437987712071,0.0009569218524234785,0.6896551724137931,8,2.669434602893416,1.334717301446708,5,0.5167050518235373,0.15492567958990341,0.07097734409876762,0.2309025655951868,0.03608844433264018,0.17732358526234318,0.20067843652340173,0.20213150001358918,0.1599252214964192,0.0005723043189918076,0.8620689655172413,3,17,5.672548531148508,2.7806610446806417,0.92314614021532,5.517241379310345,0.19905393585791964,SONOLENTO,uta,data\raw\uta\drowsiness\drowsy_019_5ebe44f8.mov,group_019,15,4080,4360,29.968893005765164,2.9968893005765165,10.0
0.14467905603531692,0.05944526317323553,0.15862080937731898,0.017865930823511556,0.13391356388046205,0.14286628661969378,0.15261245615577285,0.15502947139238607,0.09917554620408345,0.0004634354426052221,0.5172413793103449,6,2.002075952170062,0.8341983134041925,6,0.6200460621882448,0.08995782689063395,0.0,0.15883188681899219,0.03586627014843994,0.11446194525282505,0.1360565880590759,0.14308723059395725,0.15883188681899219,0.000493170271675942,0.2413793103448276,4,3,1.001037976085031,0.5839388193829347,1.6082808217498017,3.1034482758620694,0.03833873130113605,SONOLENTO,uta,data\raw\uta\drowsiness\drowsy_019_5ebe44f8.mov,group_019,16,4370,4650,29.968893005765164,2.9968893005765165,10.0
0.13766198106830965,0.03627160766390314,0.15923994767864014,0.026277151406282995,0.1267545840171126,0.1391561096583971,0.14878572415950278,0.15342964207498025,0.122968340014737,-0.00045018057428691815,0.8275862068965517,13,4.337831229701801,2.002075952170062,4,0.4133640414588299,0.0806165394610704,0.01639344262295082,0.1563310762189858,0.03267023136295001,0.10819683762095757,0.12126305928973341,0.12714572267098995,0.13993763359603498,0.0001767154633146612,0.13793103448275862,3,2,0.667358650723354,0.4449057671489026,1.7075934342400214,10.758620689655173,0.021562907064687695,SONOLENTO,uta,data\raw\uta\drowsiness\drowsy_019_5ebe44f8.mov,group_019,17,4660,4940,29.968893005765164,2.9968893005765165,10.0
0.14108651661146815,0.1263761589969767,0.15677677104202944,0.009070656698201621,0.12877010497257957,0.1326647339240958,0.15051090093752334,0.15168330183042683,0.030400612045052733,0.00046547913528292807,0.7241379310344828,10,3.33679325361677,1.1678776387658694,6,0.6200460621882448,0.09682746101299677,0.045613859596137854,0.19460170216420797,0.03509238088464725,0.10818276689619283,0.13980288053147064,0.1585879022976713,0.14898784256807013,0.000245663364800284,0.1724137931034483,4,2,0.667358650723354,0.41709915670209624,1.4570769289881706,7.241379310344827,0.03355201761451862,SONOLENTO,uta,data\raw\uta\drowsiness\drowsy_019_5ebe44f8.mov,group_019,18,4950,5230,29.968893005765164,2.9968893005765165,10.0
0.13578001255463942,0.045140159683148995,0.19174982362315723,0.021826122227435185,0.126001237944274,0.12886821581972624,0.1419375457760203,0.1555345067983479,0.14660966394000824,0.0014000372097019414,0.8620689655172413,22,7.340945157956893,4.1709915670209625,2,0.20668202072941494,0.07139952027999677,0.016129032258064516,0.1538696213865753,0.0330850369915611,0.07936507936507936,0.10522383982778391,0.14271088375881105,0.13774058912851078,-0.0003269610003601199,0.10344827586206896,3,1,0.333679325361677,0.333679325361677,1.9016669909711974,18.96551724137931,0.01591754703999055,SONOLENTO,uta,data\raw\uta\drowsiness\drowsy_019_5ebe44f8.mov,group_019,19,5240,5520,29.968893005765164,2.9968893005765165,10.0
0.13594559982552354,0.04496255835593689,0.1576683551066429,0.02094133710313853,0.1247479374166481,0.13321431948384233,0.14500788146290833,0.15234052153092859,0.11270579675070601,0.00037942097397440747,0.8275862068965517,10,3.33679325361677,2.002075952170062,4,0.4133640414588299,0.0988161867475585,0.022806929798068927,0.17744336024691904,0.03868566229654531,0.12402005852755983,0.13979911709664022,0.1569782439241256,0.15463643044885012,0.003354956793142076,0.3448275862068966,5,5,1.668396626808385,0.667358650723354,1.3757282948442404,8.275862068965518,0.06118736560238588,SONOLENTO,uta,data\raw\uta\drowsiness\drowsy_019_5ebe44f8.mov,group_019,20,5530,5810,29.968893005765164,2.9968893005765165,10.0
0.10904216904906251,0.02811395858350987,0.151932871143395,0.03202145633616997,0.06661103975845797,0.09532146004446398,0.1298511891391802,0.14924628209963137,0.12381891255988511,0.0013861042267287829,0.9655172413793104,26,8.68026574967449,4.673989249824726,2,0.20657241379310343,0.19594772162950927,0.04228036900437635,0.34299717028501764,0.08704751619203334,0.2617119612951069,0.2887579330957929,0.32455872410472403,0.30071680128064127,0.007043879579054759,0.7586206896551724,4,15,5.007845624812206,1.8362100624311422,0.5564831867351213,25.10344827586207,0.2602047498713927,SONOLENTO,uta,data\raw\uta\drowsiness\drowsy_020_8d9224af.mp4,group_020,1,120,1790,29.953,2.9953,10.0
0.10403092556489456,0.06291110136820824,0.1485123868356286,0.02811907715870573,0.06426709630027232,0.08342278057554336,0.13036361985255457,0.1411110523980624,0.08560128546742035,-0.0023178202494155333,1.0,29,9.681834874636932,9.681834874636932,1,0.10328620689655171,0.20913124388305349,0.09685485552825747,0.35082320772281167,0.056403237340170435,0.2529600566985104,0.27367718807247066,0.28632777522337655,0.2539683521945542,0.00014869617314000147,0.9655172413793104,2,17,5.675558374787167,4.673989249824726,0.4974408710646673,29.0,0.3387258557323699,SONOLENTO,uta,data\raw\uta\drowsiness\drowsy_020_8d9224af.mp4,group_020,2,1810,2740,29.953,2.9953,10.0
0.10347012655386388,0.05400944630705673,0.17007261836510845,0.02567371081758834,0.07497797808742364,0.08884933590454726,0.11630249002576931,0.1288223221679438,0.11606317205805172,0.0013964053840168499,0.9310344827586207,27,9.01412212466197,9.01412212466197,1,0.10328620689655171,0.1708482910782774,0.053239713749995,0.2745257358898017,0.05437384443791893,0.20408514185998247,0.2548681373836662,0.27219212200386167,0.22128602213980672,-0.0009187260450809638,0.8620689655172413,4,11,3.6724201248622843,2.0866023436717525,0.6056222176915991,25.137931034482758,0.23666011714638077,SONOLENTO,uta,data\raw\uta\drowsiness\drowsy_020_8d9224af.mp4,group_020,3,2760,3610,29.953,2.9953,10.0
0.16779886528862933,0.12984257325632675,0.21010473829076465,0.021537934126467855,0.13885307975510644,0.15257299635804245,0.1875294145744681,0.19060672032843257,0.0802621650344379,0.00044070745291657266,0.2413793103448276,2,0.6677127499749608,0.5842486562280907,4,0.41314482758620685,0.13690305764454658,0.02082881368183567,0.3701166050988027,0.08284558694600848,0.18741389207353001,0.24311169029977525,0.25809023304747897,0.34928779141696703,-0.0033994318008903524,0.5172413793103449,6,5,1.669281874937402,0.834640937468701,1.2256675819229337,0.4827586206896552,0.1914396233269669,SONOLENTO,uta,data\raw\uta\drowsiness\drowsy_020_8d9224af.mp4,group_020,4,3630,4490,29.953,2.9953,10.0
0.10848725095869961,0.030734659984399636,0.16554504089251587,0.03571942310127541,0.06742163286872181,0.07913447520509748,0.13678187861653518,0.15062505730741677,0.13481038090811623,-0.0027861666412400407,0.8620689655172413,19,6.343271124762127,2.0866023436717525,4,0.41314482758620685,0.1727905530983112,0.06859943405700354,0.34904085982807487,0.08042334459894912,0.23194954688487476,0.27939238083255763,0.32993676609461825,0.28044142577107134,0.003226184142279963,0.6551724137931034,3,14,4.673989249824726,2.1144237082540425,0.6278504302636535,16.379310344827584,0.22868194264598007,SONOLENTO,uta,data\raw\uta\drowsiness\drowsy_020_8d9224af.mp4,group_020,5,4900,7010,29.953,2.9953,10.0
0.08116322271311344,0.0413332927557447,0.1497064326828777,0.024940133155907422,0.05328661390729477,0.0619864261304212,0.09911010832450032,0.11113869773247197,0.108373139927133,0.0010849400236467826,1.0,29,9.681834874636932,9.681834874636932,1,0.10328620689655171,0.17279472312798205,0.08219949365267865,0.2582677703378882,0.04652156679886245,0.20099709799583887,0.23629032937360014,0.23727189441562205,0.17606827668520958,-0.0016349556662229345,0.7586206896551724,6,7,2.336994624912363,1.2241400416207615,0.46970620131031526,29.0,0.19592727404943244,SONOLENTO,uta,data\raw\uta\drowsiness\drowsy_020_8d9224af.mp4,group_020,6,7040,8370,29.953,2.9953,10.0
0.10450809935613671,0.0607773591868101,0.1536021777169833,0.022704494585179872,0.0756156941260072,0.09004486457601275,0.1205441681313393,0.1348378693298951,0.09282481853017321,0.0002358440460555376,0.9655172413793104,20,6.677127499749608,4.673989249824726,2,0.20657241379310343,0.17810741086700213,0.07193500012656065,0.3330498865700548,0.05302074158914356,0.19764235376052372,0.2507736674530336,0.27265496945344797,0.2611148864434941,0.00182757533021686,0.9310344827586207,3,20,6.677127499749608,3.0047073748873236,0.5867667834854551,19.310344827586206,0.31008092887556826,SONOLENTO,uta,data\raw\uta\drowsiness\drowsy_020_8d9224af.mp4,group_020,7,8390,10000,29.953,2.9953,10.0
0.11168306730871805,0.033504512408465664,0.2591692504508819,0.05600512674490186,0.057866298256870695,0.08018362341084617,0.13230960622935783,0.20300252885870562,0.22566473804241624,-0.004231467562402256,0.8275862068965517,19,6.343271124762127,2.670850999899843,3,0.30985862068965514,0.16177836855391797,0.017394592861488423,0.34362679298396237,0.0928755176586739,0.22339210082313282,0.29297108212016476,0.32801975531976485,0.32623220012247395,0.005913828019373274,0.6896551724137931,3,16,5.341701999799686,2.225709166583203,0.690341842145936,15.724137931034482,0.23698399516135338,SONOLENTO,uta,data\raw\uta\drowsiness\drowsy_020_8d9224af.mp4,group_020,8,11330,12640,29.953,2.9953,10.0
0.09608691143412205,0.05169870706364373,0.1339161152062952,0.01820551818469534,0.07519971016502053,0.08671890752922545,0.10895758168948917,0.11789700794291443,0.08221740814265147,0.0007705446507457673,1.0,29,9.681834874636932,9.681834874636932,1,0.10328620689655171,0.13335375094020915,0.04376881095324085,0.28261670947211076,0.06765918170034983,0.18617745583356377,0.21819333059077023,0.24235481451827987,0.2388478985188699,-0.000504086450858375,0.5517241379310345,5,5,1.669281874937402,1.0683403999599372,0.7205360945648162,29.0,0.15592646039840594,SONOLENTO,uta,data\raw\uta\drowsiness\drowsy_020_8d9224af.mp4,group_020,9,12660,13280,29.953,2.9953,10.0
0.0941598614111015,0.027774218632900083,0.17848771613290293,0.03440034380749268,0.05949558495169704,0.06736757810023447,0.11125758871025374,0.131450950179064,0.15071349750000285,5.759836032958304e-05,0.896551724137931,16,5.341701999799686,2.893421916558163,3,0.30985862068965514,0.16701684396431465,0.0,0.44244841338142527,0.12307237990708284,0.2399307516318719,0.3375689583521837,0.3600640148503223,0.44244841338142527,0.008758523443566748,0.5517241379310345,5,12,4.006276499849765,1.0683403999599372,0.5637712664475532,14.344827586206897,0.24410946945182083,SONOLENTO,uta,data\raw\uta\drowsiness\drowsy_020_8d9224af.mp4,group_020,10,13300,15030,29.953,2.9953,10.0
0.1560263618820965,0.03775115764561321,0.2850639361867946,0.07646035374378093,0.05849849599902091,0.0823588172686301,0.21723519447456835,0.2521567086144843,0.2473127785411814,0.002358646307820806,0.4827586206896552,12,4.006276499849765,1.557996416608242,3,0.30985862068965514,0.09288333592206936,0.017323973216880926,0.24721845648445073,0.06509447452832362,0.13150813256826013,0.19239161202374042,0.21230729275551866,0.2298944832675698,-0.0014822256435185622,0.3103448275862069,4,5,1.669281874937402,0.7511768437218309,1.6797919728144879,5.793103448275862,0.07672296925379506,SONOLENTO,uta,data\raw\uta\drowsiness\drowsy_020_8d9224af.mp4,group_020,11,15050,18130,29.953,2.9953,10.0
0.13593844612529857,0.06039413427635609,0.2837544487849859,0.03935986173944546,0.10496719822583155,0.11830376648004465,0.14798554993064733,0.16642093229019891,0.2233603145086298,-0.001830905394979645,0.7586206896551724,9,3.0047073748873236,1.2241400416207615,6,0.6197172413793103,0.09272301018739197,0.019748812638334105,0.32980909396427877,0.06707743625196784,0.09345386270319955,0.18169828406300553,0.22500291208160614,0.31006028132594465,0.0018506775965061854,0.1724137931034483,2,3,1.0015691249624412,0.834640937468701,1.4660544324018314,6.827586206896552,0.056863636890392893,SONOLENTO,uta,data\raw\uta\drowsiness\drowsy_020_8d9224af.mp4,group_020,12,18140,18700,29.953,2.9953,10.0
0.17046588268040064,0.07245569829053049,0.2321163705683496,0.04516231135783595,0.10411893388762929,0.13512748648055722,0.20050650129922137,0.2193349138356425,0.1596606722778191,-0.00016120658719833092,0.27586206896551724,4,1.3354254999499215,0.8902836666332811,3,0.30985862068965514,0.049305140931446265,0.0,0.1335661740650965,0.037452494844808296,0.06717615186255739,0.1061107263506772,0.12574574324608112,0.1335661740650965,-4.612299376849773e-05,0.06896551724137931,2,1,0.3338563749874804,0.3338563749874804,3.4572951656754305,1.103448275862069,0.009211460280351483,SONOLENTO,uta,data\raw\uta\drowsiness\drowsy_020_8d9224af.mp4,group_020,13,18810,19230,29.953,2.9953,10.0
0.18576273162512108,0.10544442272630325,0.262291792909095,0.03694841516668337,0.14100063083487988,0.1648473470864194,0.2080463795995165,0.22695608718042798,0.15684737018279174,-2.8287740626912618e-05,0.1724137931034483,3,1.0015691249624412,0.834640937468701,2,0.20657241379310343,0.08470476938122311,0.01745809630188319,0.23464616666251287,0.06439226893716334,0.10129991437628356,0.20881521756981464,0.22375349598868036,0.21718807036062968,-0.0014875937943673227,0.1724137931034483,3,2,0.6677127499749608,0.5564272916458007,2.1930351731897435,0.5172413793103449,0.04045623563146774,SONOLENTO,uta,data\raw\uta\drowsiness\drowsy_020_8d9224af.mp4,group_020,14,19280,19660,29.953,2.9953,10.0
0.12667355038644826,0.0723356168814599,0.15847308894550569,0.022787563558270597,0.09152549365428486,0.11550837246581389,0.14352517509579907,0.1534508139109473,0.08613747206404579,0.0011416724027437832,0.8275862068965517,15,5.005192467460537,2.0020769869842145,4,0.4133638278032296,0.016793862342969552,0.0,0.05942221894083849,0.011189004429068705,0.015874015779525606,0.024330048346262824,0.03732413679157841,0.05942221894083849,-0.00019810543762475156,0.0,0,0,0.0,0.0,7.542398847911647,12.413793103448276,0.0,SONOLENTO,uta,data\raw\uta\drowsiness\drowsy_021_5c2aad10.mov,group_021,1,10,290,29.968877515734146,2.9968877515734147,10.0
0.14525084857008902,0.10844731618008341,0.16382975860640214,0.014450112672461535,0.12468952944096841,0.13889707817236463,0.15445925982214226,0.15982220976349168,0.055382442426318734,-0.0002755182230644276,0.4827586206896552,5,1.6683974891535123,0.6673589956614049,7,0.7233866986556519,0.01215288329593319,0.009987523388778447,0.021217845347030695,0.002636012688329417,0.014403780047891935,0.014888339378098008,0.015024441463071097,0.011230321958252248,9.196946417382627e-05,0.0,0,0,0.0,0.0,11.95098266400924,2.413793103448276,0.0,SONOLENTO,uta,data\raw\uta\drowsiness\drowsy_021_5c2aad10.mov,group_021,2,300,580,29.968877515734146,2.9968877515734147,10.0
0.13510106691704551,0.06955713366843842,0.1739546092053073,0.02945290510157621,0.08621291266312435,0.11932628831408654,0.1578997625140599,0.1615106469323804,0.10439747553686889,0.0010667425106197395,0.5517241379310345,9,3.003115480476322,0.8898119942152065,6,0.6200457417048444,0.014384204250607838,0.0,0.02597271182047089,0.005675841624089847,0.016238174542072156,0.022256942172460454,0.023505024736113427,0.02597271182047089,-0.00017449056929902173,0.0,0,0,0.0,0.0,9.391668311649932,4.9655172413793105,0.0,SONOLENTO,uta,data\raw\uta\drowsiness\drowsy_021_5c2aad10.mov,group_021,3,590,880,29.968877515734146,2.9968877515734147,10.0
0.12634920159079202,0.076252385628339,0.17398038718234313,0.029006241122666955,0.092857529642775,0.09998765177359488,0.15304895134743712,0.1621092086538386,0.09772800155400413,-0.00030635942385738894,0.6896551724137931,11,3.670474476137727,1.6683974891535123,4,0.4133638278032296,0.017486310384953765,0.010978410228324336,0.03444636999836995,0.006395586435857466,0.022703830459324992,0.025276215194049097,0.02986825326780064,0.02346795977004561,0.0001583261232688266,0.0,0,0,0.0,0.0,7.2251935151505045,7.586206896551724,0.0,SONOLENTO,uta,data\raw\uta\drowsiness\drowsy_021_5c2aad10.mov,group_021,4,890,1180,29.968877515734146,2.9968877515734147,10.0
0.15398649274312906,0.08575616071757508,0.17958394779222808,0.019603506165767278,0.13785490500233757,0.14685524846804443,0.16577743687409904,0.17205509275311,0.093827787074653,8.054206392260472e-05,0.3448275862068966,3,1.0010384934921073,0.5561324963845041,6,0.6200457417048444,0.02656310663501094,0.0,0.05852057359806528,0.013980605896522655,0.034741914217560066,0.044805779369442564,0.05153410379872665,0.05852057359806528,-0.0002894806067513988,0.0,0,0,0.0,0.0,5.79678793113178,1.0344827586206897,0.0,SONOLENTO,uta,data\raw\uta\drowsiness\drowsy_021_5c2aad10.mov,group_021,5,1190,1470,29.968877515734146,2.9968877515734147,10.0
0.1594656953544824,0.10686282999104335,0.1776954000614368,0.015626983166258972,0.14898216897622082,0.15525272913359459,0.16678740414422308,0.17247408875523368,0.07083257007039345,-0.0002408545780694659,0.10344827586206896,2,0.6673589956614049,0.5005192467460536,2,0.2066819139016148,0.021849655386298544,0.010863790870736028,0.07134772412317411,0.014684550792720302,0.023525830250021886,0.035545612695954396,0.05585312099215782,0.06048393325243808,-0.00046812807282447074,0.0,0,0,0.0,0.0,7.297982258897158,0.20689655172413793,0.0,SONOLENTO,uta,data\raw\uta\drowsiness\drowsy_021_5c2aad10.mov,group_021,6,1480,1760,29.968877515734146,2.9968877515734147,10.0
0.14787524341905833,0.07007350939077539,0.18299170753892097,0.02835937421298751,0.10043991149111375,0.13669959626929046,0.1658465870326663,0.17700237933307386,0.11291819814814558,0.0009842010199649317,0.3793103448275862,3,1.0010384934921073,0.6117457460229545,6,0.6200457417048444,0.017621565543315548,0.010983044284767226,0.052628663312712695,0.009539102273516401,0.01663320290643224,0.025462689386151614,0.036866945383623326,0.04164561902794547,-0.0002769841655179242,0.0,0,0,0.0,0.0,8.391243775237323,1.1379310344827585,0.0,SONOLENTO,uta,data\raw\uta\drowsiness\drowsy_021_5c2aad10.mov,group_021,7,1770,2050,29.968877515734146,2.9968877515734147,10.0
0.15010242956371914,0.09146540187207275,0.17558268734782584,0.024320914107263607,0.10712727850233889,0.1454984308583161,0.1660260669756383,0.17134729205486005,0.08411728547575309,-0.00038993559853866346,0.3103448275862069,5,1.6683974891535123,1.0010384934921073,3,0.3100228708524222,0.019632825562708574,0.010521071133233962,0.05550536585781486,0.010413236247620122,0.023525830250021886,0.03265054304343216,0.038921570801068554,0.0449842947245809,-0.00018128602163914202,0.0,0,0,0.0,0.0,7.645093366257443,1.5517241379310345,0.0,SONOLENTO,uta,data\raw\uta\drowsiness\drowsy_021_5c2aad10.mov,group_021,8,2060,2340,29.968877515734146,2.9968877515734147,10.0
0.14101839960311555,0.08350798405779275,0.17488340263696647,0.02233626120496744,0.10505752776823808,0.13710998648874223,0.15373945417882523,0.16281812414865685,0.09137541857917372,5.5590235361387655e-05,0.5862068965517241,4,1.3347179913228098,0.7090689328902428,8,0.8267276556064592,0.015163840934764108,0.010516997371545019,0.02883749003642362,0.0055269449971588015,0.01589004002666399,0.024694172356495084,0.02557920274267345,0.018320492664878604,1.6618325298066293e-06,0.0,0,0,0.0,0.0,9.299035856013687,2.3448275862068964,0.0,SONOLENTO,uta,data\raw\uta\drowsiness\drowsy_021_5c2aad10.mov,group_021,9,2350,2630,29.968877515734146,2.9968877515734147,10.0
0.15612670931307726,0.14240846440153831,0.1670757359372655,0.006085744153618947,0.1480484868112828,0.15258351250368135,0.16005702100850844,0.16292420763226345,0.024667271535727175,6.358302961359195e-05,0.1724137931034483,3,1.0010384934921073,0.8341987445767561,2,0.2066819139016148,0.019566567294969268,0.010863790870736028,0.05152175656407559,0.009727712774242277,0.024031241697019683,0.033341264955925404,0.03362413195695433,0.04065796569333956,7.31778119775876e-05,0.0,0,0,0.0,0.0,7.978851277706694,0.5172413793103449,0.0,SONOLENTO,uta,data\raw\uta\drowsiness\drowsy_021_5c2aad10.mov,group_021,10,2640,2920,29.968877515734146,2.9968877515734147,10.0
0.15029900836297094,0.08835823781705676,0.16860317017910734,0.018764994892714465,0.13689180716587634,0.14942005406308176,0.16050128073692158,0.1617620374088037,0.08024493236205058,-0.0006628432495417899,0.3448275862068966,5,1.6683974891535123,0.8341987445767561,4,0.4133638278032296,0.025830867604808107,0.010411584125907071,0.05255604122702864,0.011062904074665173,0.032585219959041956,0.03551393090604625,0.047548213501635996,0.042144457101121566,-0.00018070441629849772,0.0,0,0,0.0,0.0,5.818356251368974,1.7241379310344829,0.0,SONOLENTO,uta,data\raw\uta\drowsiness\drowsy_021_5c2aad10.mov,group_021,11,2930,3210,29.968877515734146,2.9968877515734147,10.0
0.13923279598642285,0.08587913312716608,0.17317188331194905,0.021387626583622418,0.11360351323633017,0.12396261770784986,0.1534742978120872,0.1687037803681551,0.08729275018478297,0.00025691929978854396,0.5862068965517241,6,2.0020769869842145,1.1345102926243884,5,0.516704784754037,0.01771137634060985,0.01019559237857732,0.053276698257992416,0.008796159234467226,0.02220030681036019,0.023826929714022897,0.029148883166189108,0.0430811058794151,0.00015555602355679857,0.0,0,0,0.0,0.0,7.860763192299524,3.5172413793103443,0.0,SONOLENTO,uta,data\raw\uta\drowsiness\drowsy_021_5c2aad10.mov,group_021,12,3220,3500,29.968877515734146,2.9968877515734147,10.0
0.14839060202657242,0.1014322488610708,0.1631572168737434,0.014630632819630436,0.13725632168114818,0.1444147305477439,0.15735769068669553,0.16142853212856778,0.061724968012672604,0.00017290460986017667,0.4827586206896552,8,2.6694359826456195,1.1678782424074585,4,0.4133638278032296,0.022241766286523204,0.010407636178045333,0.04410810913912308,0.010079267816305418,0.02913428162916919,0.03616056837544732,0.04018638164246025,0.03370047296107775,-0.0002329396430724569,0.0,0,0,0.0,0.0,6.671409487248969,3.8620689655172415,0.0,SONOLENTO,uta,data\raw\uta\drowsiness\drowsy_021_5c2aad10.mov,group_021,13,3510,3790,29.968877515734146,2.9968877515734147,10.0
0.15435748828050688,0.08843676038083201,0.1911780200455213,0.019821574582108394,0.1346304437912139,0.1439783999477344,0.16549694756929584,0.1764230627619766,0.1027412596646893,0.0005728442108892013,0.3448275862068966,5,1.6683974891535123,0.8341987445767561,4,0.4133638278032296,0.018140927784952618,0.0,0.07029612462146424,0.013944951069816643,0.021033994743090038,0.024373451297791775,0.04630895804477287,0.07029612462146424,4.016116378737293e-05,0.0,0,0,0.0,0.0,8.508328889311032,1.7241379310344829,0.0,SONOLENTO,uta,data\raw\uta\drowsiness\drowsy_021_5c2aad10.mov,group_021,14,3800,4090,29.968877515734146,2.9968877515734147,10.0
0.1296855513023294,0.06985491407757069,0.17591908970244552,0.03240394817277048,0.08040380501750582,0.10568802771657082,0.1556422953682463,0.16506621953561576,0.10606417562487483,0.000168662772212615,0.6206896551724138,13,4.337833471799132,1.501557740238161,4,0.4133638278032296,0.07605103861083737,0.0,0.3484058596509195,0.10565051778376884,0.07357968935330904,0.2711437161753445,0.3268058495667334,0.3484058596509195,0.0014264807642820113,0.20689655172413793,1,6,2.0020769869842145,2.0020769869842145,1.7052212362897696,8.068965517241379,0.07208397096225921,SONOLENTO,uta,data\raw\uta\drowsiness\drowsy_021_5c2aad10.mov,group_021,15,4100,4420,29.968877515734146,2.9968877515734147,10.0
0.15285269903036675,0.08050685270342714,0.17816092076088147,0.02360072275827486,0.12319517935391264,0.15030602533262521,0.16959794519589505,0.17430219356838206,0.09765406805745433,0.00024811287249259633,0.2413793103448276,2,0.6673589956614049,0.4671512969629834,5,0.516704784754037,0.01706850658540887,0.0,0.03508232077228117,0.007259498474929767,0.021474362834909017,0.025192996074585246,0.031327449302901746,0.03508232077228117,-9.820142009517668e-05,0.0,0,0,0.0,0.0,8.954722754612384,0.4827586206896552,0.0,SONOLENTO,uta,data\raw\uta\drowsiness\drowsy_021_5c2aad10.mov,group_021,16,4430,4730,29.968877515734146,2.9968877515734147,10.0
0.13337985019177914,0.08676506218743117,0.16749734821692563,0.02455373034298138,0.10227003919357783,0.11581795557236091,0.1552843652410043,0.16453007231467218,0.08073228602949446,0.002002736166934247,0.6896551724137931,19,6.339910458783347,3.3367949783070245,2,0.2066819139016148,0.01778364232806958,0.010416101572318098,0.06912368999848141,0.011875989314212632,0.016069571147033775,0.03130191383948247,0.03397689069084111,0.05870758842616331,0.00031277918651433057,0.0,0,0,0.0,0.0,7.499720698979991,13.10344827586207,0.0,SONOLENTO,uta,data\raw\uta\drowsiness\drowsy_021_5c2aad10.mov,group_021,17,4740,5020,29.968877515734146,2.9968877515734147,10.0
0.13943765983185588,0.09320341901912885,0.16173341280354864,0.019452377499345874,0.10625681426993341,0.12744944837982933,0.15436767075203672,0.15870578564716392,0.06852999378441979,-0.0012070376670462535,0.6551724137931034,10,3.3367949783070245,1.5849776146958368,4,0.4133638278032296,0.019699090227933674,0.011104943410879493,0.0404888165089458,0.009394909644762814,0.025686663812364743,0.033641148299459724,0.03845234212089914,0.029383873098066306,0.0005171244740798411,0.0,0,0,0.0,0.0,7.078021380538691,6.551724137931034,0.0,SONOLENTO,uta,data\raw\uta\drowsiness\drowsy_021_5c2aad10.mov,group_021,18,5030,5310,29.968877515734146,2.9968877515734147,10.0
0.12359894912685387,0.09080702279032904,0.1802539363946094,0.02839585910258443,0.09175403336679097,0.09898430112881536,0.137397988222083,0.16409938480853298,0.08944691360428036,0.0024035626972478915,0.7586206896551724,20,6.673589956614049,2.446982984091818,3,0.3100228708524222,0.018422031807461443,0.011482123332789982,0.03716214095477405,0.005991799467547526,0.022459154462439533,0.02586991027967594,0.029689977394999012,0.025680017621984068,0.0001789238980325875,0.0,0,0,0.0,0.0,6.708936423634437,15.172413793103448,0.0,SONOLENTO,uta,data\raw\uta\drowsiness\drowsy_021_5c2aad10.mov,group_021,19,5320,5600,29.968877515734146,2.9968877515734147,10.0
0.1487344840634863,0.09167902046906948,0.17106354833178855,0.020148240316188754,0.11876469683771328,0.14653273660195573,0.16065812020781034,0.16842219917686732,0.07938452786271907,-9.73344867584074e-05,0.41379310344827586,5,1.6683974891535123,0.6673589956614049,6,0.6200457417048444,0.018502401926302366,0.011235245872283075,0.04967813480784257,0.010248291190940804,0.016831105696898524,0.033345222425128974,0.042484732275086264,0.03844288893555949,0.00019676923718808762,0.0,0,0,0.0,0.0,8.038223709125726,2.0689655172413794,0.0,SONOLENTO,uta,data\raw\uta\drowsiness\drowsy_021_5c2aad10.mov,group_021,20,5610,5890,29.968877515734146,2.9968877515734147,10.0
0.15391334845899876,0.11822056687417287,0.1816522026697079,0.014382220615616574,0.13581844915501498,0.1500247957597135,0.15968867200307155,0.1684949737504264,0.06343163579553504,-0.00022345045662009263,0.2413793103448276,3,1.0010373443983402,0.7785846011987091,3,0.3100232267286046,0.00769058058738133,0.0,0.0277296776935901,0.010029656330680268,0.018867924528301886,0.018867924528301886,0.02325796017451167,0.0277296776935901,0.0002787128725618736,0.0,0,0,0.0,0.0,20.010626776960024,0.7241379310344828,0.0,SONOLENTO,uta,data\raw\uta\drowsiness\drowsy_022_72eec9dd.mov,group_022,1,10,290,29.968911917098445,2.9968911917098446,10.0
0.15889248327906452,0.13051628154905864,0.1759723457170212,0.009819405104126901,0.14829990591432315,0.15655191684513042,0.16478541915481465,0.16959718305320473,0.04545606416796255,0.0002131137275894998,0.13793103448275862,2,0.6673582295988935,0.6673582295988935,2,0.20668215115240307,0.013507659550212166,0.0,0.026683274761756512,0.009277218195070146,0.018867924528301886,0.01922792523122841,0.023702272549361584,0.026683274761756512,9.090382177689701e-05,0.0,0,0,0.0,0.0,11.762268690572558,0.27586206896551724,0.0,SONOLENTO,uta,data\raw\uta\drowsiness\drowsy_022_72eec9dd.mov,group_022,2,300,580,29.968911917098445,2.9968911917098446,10.0
0.1604136364270681,0.11926826613099431,0.1847567927346077,0.014196383773684498,0.14665217797309,0.1540441036221621,0.16871494046382174,0.17726126369849132,0.0654885266036134,-0.0003317386193040739,0.13793103448275862,3,1.0010373443983402,0.6673582295988935,2,0.20668215115240307,0.013335520198745425,0.0,0.026683274761756512,0.010807852409240874,0.019230769230769232,0.026679476092839632,0.026683274761756512,0.026683274761756512,-0.00016529610887864945,0.0,0,0,0.0,0.0,12.028147825409384,0.41379310344827586,0.0,SONOLENTO,uta,data\raw\uta\drowsiness\drowsy_022_72eec9dd.mov,group_022,3,590,870,29.968911917098445,2.9968911917098446,10.0
0.16533789596498039,0.1353111772613818,0.19215463050582837,0.016742625983183455,0.14045224425279723,0.15008882518074446,0.18103046251781613,0.18744393255656822,0.05684345324444656,-0.0010864076602736428,0.2413793103448276,6,2.0020746887966805,1.1678769017980637,2,0.20668215115240307,0.009684945830885937,0.0,0.025712973861329,0.010233524829690867,0.018518518518518517,0.02023608458993211,0.02571127425137862,0.025712973861329,0.0006174083990789675,0.0,0,0,0.0,0.0,17.069876174380543,1.4482758620689655,0.0,SONOLENTO,uta,data\raw\uta\drowsiness\drowsy_022_72eec9dd.mov,group_022,4,880,1160,29.968911917098445,2.9968911917098446,10.0
0.1615180669307172,0.12993620699250547,0.1784754006203305,0.010835982978804507,0.14946595384819986,0.15705298577200624,0.1697364527887123,0.1699982942955137,0.04853919362782502,0.00013354547431082992,0.10344827586206896,2,0.6673582295988935,0.5005186721991701,2,0.20668215115240307,0.01079838633977271,0.0,0.018867924528301886,0.0090745299999798,0.018518518518518517,0.018518518518518517,0.018726147575975582,0.018867924528301886,0.00013144691391422863,0.0,0,0,0.0,0.0,14.956226386296374,0.20689655172413793,0.0,SONOLENTO,uta,data\raw\uta\drowsiness\drowsy_022_72eec9dd.mov,group_022,5,1170,1450,29.968911917098445,2.9968911917098446,10.0
0.1645672825612847,0.13403778013308254,0.18645645766644814,0.011525561176487651,0.15008882518074446,0.1541657837646732,0.17285080945143533,0.17616043675642634,0.0524186775333656,-0.0003660883125156115,0.034482758620689655,1,0.33367911479944673,0.33367911479944673,1,0.10334107557620154,0.014336874512641536,0.0,0.026683274761756512,0.010058399562508894,0.018867924528301886,0.026189140043946207,0.026189140043946207,0.026683274761756512,0.00024672413239700057,0.0,0,0,0.0,0.0,11.477801846862842,0.034482758620689655,0.0,SONOLENTO,uta,data\raw\uta\drowsiness\drowsy_022_72eec9dd.mov,group_022,6,1460,1740,29.968911917098445,2.9968911917098446,10.0
0.15809779062605636,0.12126506973269423,0.1734683592029147,0.011458129847610068,0.14707950822059493,0.15390559862449704,0.16478541915481465,0.16987473108430032,0.052203289470220474,-0.000308740068222762,0.13793103448275862,2,0.6673582295988935,0.4449054863992623,3,0.3100232267286046,0.011859198162484307,0.0,0.026683274761756512,0.010311278878027214,0.018518518518518517,0.026189140043946207,0.02648562087463239,0.026683274761756512,0.00024045424810998546,0.0,0,0,0.0,0.0,13.330113751905497,0.27586206896551724,0.0,SONOLENTO,uta,data\raw\uta\drowsiness\drowsy_022_72eec9dd.mov,group_022,7,1750,2030,29.968911917098445,2.9968911917098446,10.0
0.1583963846965122,0.13096886404830302,0.18180489232113312,0.01320763635660267,0.1384294228105868,0.15032320351968437,0.16731713373671714,0.17401920583533043,0.0508360282728301,5.220580657008808e-06,0.2413793103448276,4,1.334716459197787,1.1678769017980637,2,0.20668215115240307,0.010533924663536531,0.0,0.026189140043946207,0.010430586035423033,0.018867924528301886,0.0249878094795857,0.025706180472513503,0.026189140043946207,0.000237240576114163,0.0,0,0,0.0,0.0,15.035359981714306,0.9655172413793104,0.0,SONOLENTO,uta,data\raw\uta\drowsiness\drowsy_022_72eec9dd.mov,group_022,8,2040,2320,29.968911917098445,2.9968911917098446,10.0
0.15434602806528513,0.11572525098431227,0.17270723971351842,0.0123531922667715,0.13999652501585239,0.15008882518074446,0.16171995910642067,0.1658843013772164,0.05698198872920615,-0.000806525025598784,0.2413793103448276,3,1.0010373443983402,0.7785846011987091,3,0.3100232267286046,0.01696600210740214,0.0,0.026683274761756512,0.0072857664747422906,0.018867924528301886,0.025807309210126844,0.026187344268495012,0.026683274761756512,8.472743817083083e-05,0.0,0,0,0.0,0.0,9.096835556939613,0.7241379310344828,0.0,SONOLENTO,uta,data\raw\uta\drowsiness\drowsy_022_72eec9dd.mov,group_022,9,2330,2610,29.968911917098445,2.9968911917098446,10.0
0.15536470351323525,0.13130322954670987,0.1722093837404382,0.011295540273330278,0.14130838866299306,0.1456245416871967,0.16478541915481465,0.16989516162718873,0.04090615419372834,-0.0003046621051455234,0.3103448275862069,3,1.0010373443983402,0.6006224066390041,5,0.5167053778810077,0.006989781085236689,0.0,0.018867924528301886,0.00894275821540582,0.01818181818181818,0.018518518518518517,0.018728162124388537,0.018867924528301886,-0.00018848895033831222,0.0,0,0,0.0,0.0,22.224226680669265,0.9310344827586208,0.0,SONOLENTO,uta,data\raw\uta\drowsiness\drowsy_022_72eec9dd.mov,group_022,10,2620,2900,29.968911917098445,2.9968911917098446,10.0
0.14708554849410652,0.12869153134805245,0.16987741576566268,0.010174193652472855,0.13271888461531814,0.1395801470580163,0.15691565394499463,0.15740097004654058,0.04118588441761023,-9.335942868279744e-05,0.5862068965517241,10,3.336791147994467,1.134508990318119,5,0.5167053778810077,0.012603639708432476,0.0,0.025712973861329,0.00936506509159106,0.01818181818181818,0.019690688645898003,0.024635915812871403,0.025712973861329,-9.420421234534967e-05,0.0,0,0,0.0,0.0,11.669159285505529,5.862068965517241,0.0,SONOLENTO,uta,data\raw\uta\drowsiness\drowsy_022_72eec9dd.mov,group_022,11,2910,3190,29.968911917098445,2.9968911917098446,10.0
0.15013313533993192,0.12758754106469067,0.18353691838021757,0.012988943818806118,0.13390685399932323,0.13775616053766665,0.1580903561502971,0.16527052561490138,0.055949377315526905,-0.0003765732153997301,0.41379310344827586,6,2.0020746887966805,1.0010373443983402,4,0.41336430230480614,0.011818043593755023,0.0,0.026189140043946207,0.010219166490642998,0.018518518518518517,0.025332773377268553,0.025998673570899324,0.026189140043946207,-0.0001900849865614847,0.0,0,0,0.0,0.0,12.702646720015455,2.4827586206896552,0.0,SONOLENTO,uta,data\raw\uta\drowsiness\drowsy_022_72eec9dd.mov,group_022,12,3200,3480,29.968911917098445,2.9968911917098446,10.0
0.1511808221564739,0.12008842533329075,0.15986638118781576,0.009468779818497022,0.1383169041871421,0.14918204739153273,0.15705298577200624,0.15916910207805285,0.03977795585452501,0.00021467394294844954,0.3448275862068966,3,1.0010373443983402,0.47668444971349533,7,0.7233875290334107,0.011677734408233536,0.0,0.026683274761756512,0.010861824035177908,0.018518518518518517,0.025712973861329,0.025712973861329,0.026683274761756512,-1.390473323227703e-05,0.0,0,0,0.0,0.0,12.944966198554107,1.0344827586206897,0.0,SONOLENTO,uta,data\raw\uta\drowsiness\drowsy_022_72eec9dd.mov,group_022,13,3490,3770,29.968911917098445,2.9968911917098446,10.0
0.15262401759594077,0.11912853913007035,0.1640140369772191,0.009376915748286897,0.14141049680691312,0.14941711588604595,0.1597188850777806,0.16102988254872283,0.044885497847148764,-0.00012224321612424569,0.27586206896551724,2,0.6673582295988935,0.4449054863992623,6,0.6200464534572092,0.01285992498593464,0.0,0.026683274761756512,0.010413638222520068,0.018867924528301886,0.02628796698750827,0.026683274761756512,0.026683274761756512,-7.793390103771505e-05,0.0,0,0,0.0,0.0,11.867265983034514,0.5517241379310345,0.0,SONOLENTO,uta,data\raw\uta\drowsiness\drowsy_022_72eec9dd.mov,group_022,14,3780,4060,29.968911917098445,2.9968911917098446,10.0
0.15670749447511914,0.12621421463046012,0.17265635753528813,0.010470802782528255,0.14255167326837342,0.1518479466973071,0.16473494292184407,0.16747013272777903,0.04644214290482801,-0.00045692914703762135,0.20689655172413793,3,1.0010373443983402,0.6673582295988935,3,0.3100232267286046,0.014860626671303723,0.0,0.026683274761756512,0.010444468605250945,0.025712973861329,0.026189140043946207,0.026189140043946207,0.026683274761756512,3.0954314993012706e-06,0.0,0,0,0.0,0.0,10.544437559968133,0.6206896551724138,0.0,SONOLENTO,uta,data\raw\uta\drowsiness\drowsy_022_72eec9dd.mov,group_022,15,4070,4350,29.968911917098445,2.9968911917098446,10.0
0.15454401930117842,0.12690518600247996,0.17158031170372715,0.011847397616178632,0.13964398858388785,0.14918204739153273,0.16450777155360544,0.16766205713205434,0.04467512570124718,-0.00020621247933844692,0.3793103448275862,3,1.0010373443983402,0.5243528946848449,7,0.7233875290334107,0.011737687284579423,0.0,0.026189140043946207,0.010930749402490503,0.018867924528301886,0.02618465060531822,0.026187344268495012,0.026189140043946207,-0.000252688056980043,0.0,0,0,0.0,0.0,13.165357893484039,1.1379310344827585,0.0,SONOLENTO,uta,data\raw\uta\drowsiness\drowsy_022_72eec9dd.mov,group_022,16,4360,4640,29.968911917098445,2.9968911917098446,10.0
0.15761007574553326,0.12989884142745373,0.1932049712123436,0.017129104915553178,0.13508835163171673,0.1430030330518645,0.17083417116509797,0.17856561235996943,0.06330612978488986,0.00046114859429096966,0.3448275862068966,4,1.334716459197787,0.5561318579990779,6,0.6200464534572092,0.013334330075182248,0.0,0.026171196129510688,0.01000698021400736,0.018864566947613626,0.02534242528377397,0.025712973861329,0.026171196129510688,7.642789401855253e-05,0.0,0,0,0.0,0.0,11.818985721159908,1.3793103448275863,0.0,SONOLENTO,uta,data\raw\uta\drowsiness\drowsy_022_72eec9dd.mov,group_022,17,4650,4930,29.968911917098445,2.9968911917098446,10.0
0.15285201474199572,0.13656299089484172,0.16794617335147832,0.008000907410696628,0.1414496140087243,0.14617316524168864,0.15875126415908603,0.16191638333883002,0.0313831824566366,3.082068588165392e-05,0.3448275862068966,6,2.0020746887966805,0.8341977869986168,4,0.41336430230480614,0.013268478274771055,0.0,0.026189140043946207,0.009986083768965315,0.018518518518518517,0.02570872483645304,0.02599428029777215,0.026189140043946207,-0.0002664946000350982,0.0,0,0,0.0,0.0,11.519067409953085,2.0689655172413794,0.0,SONOLENTO,uta,data\raw\uta\drowsiness\drowsy_022_72eec9dd.mov,group_022,18,4940,5220,29.968911917098445,2.9968911917098446,10.0
0.16261814787061507,0.13447967708413497,0.19246367762865163,0.013664242717925856,0.14255818380298796,0.15424323315602506,0.1702671595221428,0.1779916935874603,0.05798400054451666,0.0007139815838285978,0.20689655172413793,2,0.6673582295988935,0.5005186721991701,4,0.41336430230480614,0.012235333153770293,0.0,0.03626784788941068,0.011781828503579894,0.018864566947613626,0.02628342576937666,0.030602325735141742,0.03626784788941068,-0.0005508998581086241,0.0,0,0,0.0,0.0,13.2897777321884,0.41379310344827586,0.0,SONOLENTO,uta,data\raw\uta\drowsiness\drowsy_022_72eec9dd.mov,group_022,19,5230,5510,29.968911917098445,2.9968911917098446,10.0
0.16347164122882465,0.12801354774336474,0.18884143899031522,0.014305267205602863,0.14320802652062867,0.15399541466713348,0.1733529403557567,0.18146534892440783,0.06082789124695048,-0.00010598793563544573,0.13793103448275862,2,0.6673582295988935,0.6673582295988935,2,0.20668215115240307,0.013376065855042543,0.0,0.026678526425610413,0.010013744410794818,0.018864566947613626,0.02489632025703441,0.02581500947188983,0.026678526425610413,0.00023392174886788497,0.0,0,0,0.0,0.0,12.220291280632615,0.27586206896551724,0.0,SONOLENTO,uta,data\raw\uta\drowsiness\drowsy_022_72eec9dd.mov,group_022,20,5520,5800,29.968911917098445,2.9968911917098446,10.0
0.16354858416856863,0.14096625761142495,0.18649106603548077,0.012910986752661276,0.14452426571314458,0.1536220520024011,0.17552511428039136,0.17947095573732708,0.04552480842405582,0.0002236140949934234,0.13793103448275862,2,0.6686358666444284,0.44575724442961895,3,0.30943083080848655,0.011841320586523048,0.0,0.02880756009578387,0.011774486206264121,0.020370021093167764,0.028202054299321013,0.02855288722883252,0.02880756009578387,5.532645946956056e-05,0.0,0,0,0.0,0.0,13.81051821504413,0.27586206896551724,0.0,SONOLENTO,uta,data\raw\uta\drowsiness\drowsy_023_434363b9.mp4,group_023,1,10,290,29.911646978153705,2.9911646978153703,10.0
0.17400220248302992,0.15699321870141827,0.1967084368851162,0.008602917320658978,0.16419397003748193,0.1680279092957654,0.17942005498933744,0.1845064167736091,0.039715218183697915,-0.0002639378796618042,0.0,0,0.0,0.0,0,0.0,0.015531500083654245,0.0,0.029405406092748727,0.009956069206477815,0.02039118475715464,0.026815039347030178,0.027644779897112608,0.029405406092748727,1.9370675149162474e-05,0.0,0,0,0.0,0.0,11.202459458934275,0.0,0.0,SONOLENTO,uta,data\raw\uta\drowsiness\drowsy_023_434363b9.mp4,group_023,2,300,580,29.911646978153705,2.9911646978153703,10.0
0.16330970120416455,0.14217215082121304,0.17671763692414771,0.009090876324714944,0.14818213058374982,0.15801496135861975,0.16892995742487596,0.17313500629076056,0.034545486102934675,0.0006163295130089619,0.13793103448275862,2,0.6686358666444284,0.44575724442961895,3,0.30943083080848655,0.010215454153839997,0.0,0.029361010975735177,0.010782132189930212,0.0199363055707225,0.020340502363726694,0.024723068883758227,0.029361010975735177,-0.000352055415609328,0.0,0,0,0.0,0.0,15.984968830186777,0.27586206896551724,0.0,SONOLENTO,uta,data\raw\uta\drowsiness\drowsy_023_434363b9.mp4,group_023,3,590,870,29.911646978153705,2.9911646978153703,10.0
0.15316777041420687,0.12648688806168895,0.17667222679045794,0.014157006797348812,0.13872767378728112,0.142129483687358,0.1648683471515951,0.17246762984237704,0.050185338728768986,-0.001290061909361136,0.5172413793103449,7,2.3402255332554995,1.2536922499583032,4,0.4125744410779821,0.015760266547881648,0.0,0.028143901789211678,0.00921936988347154,0.01990074380419978,0.02176166332875193,0.027625814431485197,0.028143901789211678,-3.7376130865536285e-05,0.0,0,0,0.0,0.0,9.717986175089017,3.620689655172414,0.0,SONOLENTO,uta,data\raw\uta\drowsiness\drowsy_023_434363b9.mp4,group_023,4,880,1160,29.911646978153705,2.9911646978153703,10.0
0.158096040611417,0.14127906754940583,0.17284898766940604,0.008231632807956154,0.14803936665011938,0.15272775083374185,0.1645938764583269,0.16886849709082558,0.031569920120000206,0.00015652767643068298,0.13793103448275862,2,0.6686358666444284,0.44575724442961895,3,0.30943083080848655,0.017837934519227466,0.0,0.028712406871010714,0.00876563155740714,0.01996409690931557,0.02755127017386289,0.027925287566744637,0.028712406871010714,-0.0003619763809595055,0.0,0,0,0.0,0.0,8.86241498566045,0.27586206896551724,0.0,SONOLENTO,uta,data\raw\uta\drowsiness\drowsy_023_434363b9.mp4,group_023,5,1170,1450,29.911646978153705,2.9911646978153703,10.0
0.15959142234404872,0.09496701896098465,0.18971581212391145,0.016415990926599514,0.1443817510990955,0.15302958196595365,0.16892995742487596,0.17574298031736096,0.0947487931629268,-0.0012181295552810439,0.1724137931034483,2,0.6686358666444284,0.5571965555370237,3,0.30943083080848655,0.013367478159171256,0.0,0.02880756009578387,0.009838658480140098,0.020340502363726694,0.02037425382596514,0.020613295880922852,0.02880756009578387,4.893237899741997e-05,0.0,0,0,0.0,0.0,11.937890045813724,0.3448275862068966,0.0,SONOLENTO,uta,data\raw\uta\drowsiness\drowsy_023_434363b9.mp4,group_023,6,1460,1740,29.911646978153705,2.9911646978153703,10.0
0.15101473098985685,0.09192272251888078,0.17869859874640548,0.020629460140183013,0.13433428973240485,0.13952142401985052,0.16522718828681002,0.1706761243463512,0.0867758762275247,-1.5321114583292417e-05,0.3793103448275862,5,1.671589666611071,0.612916211090726,6,0.6188616616169731,0.01926640365549071,0.0,0.02930422590081847,0.008497243423539675,0.026607604209509573,0.027644779897112608,0.027644779897112608,0.02930422590081847,-3.8449906785428704e-05,0.0,0,0,0.0,0.0,7.837835013479959,1.896551724137931,0.0,SONOLENTO,uta,data\raw\uta\drowsiness\drowsy_023_434363b9.mp4,group_023,7,1750,2030,29.911646978153705,2.9911646978153703,10.0
0.1654568824011338,0.1491190972952238,0.17741618397434988,0.008013590500198274,0.15301226686537137,0.16030201222601465,0.16991847577461244,0.17498132114524692,0.028297086679126088,-0.00021287910971664508,0.06896551724137931,2,0.6686358666444284,0.6686358666444284,1,0.10314361026949552,0.014349784783248339,0.0,0.028194193721730047,0.009935883471084542,0.01990074380419978,0.022340080077510736,0.027387042424920696,0.028194193721730047,-0.0004166955829886144,0.0,0,0,0.0,0.0,11.529465802753275,0.13793103448275862,0.0,SONOLENTO,uta,data\raw\uta\drowsiness\drowsy_023_434363b9.mp4,group_023,8,2040,2320,29.911646978153705,2.9911646978153703,10.0
0.17196537454537922,0.14688406839466822,0.21594571198267082,0.01687380646313804,0.15329839537945783,0.15970210279453206,0.17588680773412385,0.1990246528485244,0.0690616435880026,-0.0007349146350556432,0.06896551724137931,1,0.3343179333222142,0.3343179333222142,2,0.20628722053899104,0.01976272668930163,0.0,0.05758167996310984,0.015002189587584692,0.026798000943691624,0.03710377865005103,0.04538516323747906,0.05758167996310984,-0.001099180965150529,0.0,0,0,0.0,0.0,8.701060141580806,0.06896551724137931,0.0,SONOLENTO,uta,data\raw\uta\drowsiness\drowsy_023_434363b9.mp4,group_023,9,2330,2610,29.911646978153705,2.9911646978153703,10.0
0.16555915067608354,0.11069700487379305,0.198474683783885,0.016081063145978743,0.1525880331468659,0.1579291127733377,0.17346689323447195,0.17914090827466006,0.08777767891009194,0.00046005296870991216,0.10344827586206896,1,0.3343179333222142,0.3343179333222142,3,0.30943083080848655,0.02340268282474125,0.0,0.043710234944455556,0.013569654108279705,0.02876581430826429,0.04304176401739288,0.043710234944455556,0.043710234944455556,0.0005376673943915837,0.0,0,0,0.0,0.0,7.074064022994806,0.10344827586206896,0.0,SONOLENTO,uta,data\raw\uta\drowsiness\drowsy_023_434363b9.mp4,group_023,10,2620,2900,29.911646978153705,2.9911646978153703,10.0
0.15502895159792549,0.12773091897012673,0.17607680652421714,0.012316178060451134,0.1398252645005311,0.14932775159762995,0.16260541808023923,0.17192653280513195,0.048345887554090416,3.1867252222351605e-05,0.3793103448275862,3,1.0029537999666427,0.612916211090726,6,0.6188616616169731,0.017484058316762724,0.0,0.041522739926869986,0.010905632066457099,0.020761369963434993,0.028308517839036894,0.02912293230874682,0.041522739926869986,-0.0007090287555695359,0.0,0,0,0.0,0.0,8.866367431517286,1.1379310344827585,0.0,SONOLENTO,uta,data\raw\uta\drowsiness\drowsy_023_434363b9.mp4,group_023,11,2910,3190,29.911646978153705,2.9911646978153703,10.0
0.1597736607909636,0.1330721612277674,0.1752791695724218,0.011517486935311492,0.14145379501987318,0.1557821031828004,0.1692647724128708,0.1720191636023341,0.04220700834465438,-0.000275205252146596,0.1724137931034483,3,1.0029537999666427,0.8357948333055355,2,0.20628722053899104,0.013968322423185865,0.0,0.03980148760839956,0.01171980200343024,0.020370021093167764,0.027754662662036095,0.028466197481181534,0.03980148760839956,3.9315104105557934e-05,0.0,0,0,0.0,0.0,11.437466753990591,0.5172413793103449,0.0,SONOLENTO,uta,data\raw\uta\drowsiness\drowsy_023_434363b9.mp4,group_023,12,3200,3480,29.911646978153705,2.9911646978153703,10.0
0.1621108782213263,0.13283587159338536,0.2392961175137508,0.021897022285274483,0.14039899428527958,0.15042039626176867,0.16580681000713138,0.18973564863676376,0.10646024592036543,0.0004663198328305013,0.2413793103448276,4,1.3372717332888568,0.7800751777518332,3,0.30943083080848655,0.027427051313925227,0.0,0.12403473458920844,0.032075614342901806,0.027151267026469438,0.07904092297806954,0.09624298398474726,0.12403473458920844,0.00016061229109411027,0.034482758620689655,1,1,0.3343179333222142,0.3343179333222142,5.910404511275745,0.9655172413793104,0.0042770598134209805,SONOLENTO,uta,data\raw\uta\drowsiness\drowsy_023_434363b9.mp4,group_023,13,3490,3780,29.911646978153705,2.9911646978153703,10.0
0.1584219944264282,0.1259107406709325,0.1928814887543873,0.01701611566273641,0.13999015602070572,0.14497452617343276,0.16799951769703242,0.18253153551573142,0.0669707480834548,0.0006550253048321348,0.3793103448275862,4,1.3372717332888568,0.919374316636089,4,0.4125744410779821,0.012795111275411697,0.0,0.03962144258751637,0.010722559944710981,0.019473541261232866,0.01991341442522294,0.023603014952586824,0.03962144258751637,0.00029179092935570296,0.0,0,0,0.0,0.0,12.380479586078874,1.5172413793103448,0.0,SONOLENTO,uta,data\raw\uta\drowsiness\drowsy_023_434363b9.mp4,group_023,14,3790,4070,29.911646978153705,2.9911646978153703,10.0
0.16267542674760152,0.13490794469122808,0.19042416328638748,0.014920558874806358,0.14111312843467055,0.1532250487200275,0.1729796574177452,0.17992019227990516,0.0555162185951594,0.0001265225079243907,0.2413793103448276,2,0.6686358666444284,0.5850563833138749,4,0.4125744410779821,0.014517938647885628,0.0,0.036810508691615514,0.012016525855483158,0.02602896031476768,0.02769445254945257,0.028421639118524123,0.036810508691615514,-0.0003790291920804255,0.0,0,0,0.0,0.0,11.20436077958713,0.4827586206896552,0.0,SONOLENTO,uta,data\raw\uta\drowsiness\drowsy_023_434363b9.mp4,group_023,15,4080,4360,29.911646978153705,2.9911646978153703,10.0
0.16459444352451763,0.12630309986260746,0.19273413622799018,0.016323266599264544,0.14027976514571744,0.15108226256763208,0.17633629032620557,0.18002941725518165,0.06643103636538272,-0.0006094204845365521,0.20689655172413793,3,1.0029537999666427,0.6686358666444284,3,0.30943083080848655,0.01608108136127068,0.0,0.02930422590081847,0.012074238647728554,0.02707155671273562,0.027754662662036095,0.028505121611298447,0.02930422590081847,0.0001705402156958159,0.0,0,0,0.0,0.0,10.2346481047471,0.6206896551724138,0.0,SONOLENTO,uta,data\raw\uta\drowsiness\drowsy_023_434363b9.mp4,group_023,16,4370,4650,29.911646978153705,2.9911646978153703,10.0
0.16373269198866588,0.049270013787798474,0.2107832071917728,0.026026428499885308,0.1399427503628477,0.16206687448816307,0.17561012777023832,0.1819161442694984,0.16151319340397433,-0.0010804992005590292,0.13793103448275862,2,0.6686358666444284,0.44575724442961895,3,0.30943083080848655,0.020039542058985695,0.0,0.08157416139785563,0.019165687060774435,0.027151267026469438,0.0465096704720074,0.05486678165840074,0.08157416139785563,0.000723012911495573,0.0,0,0,0.0,0.0,8.170073020317936,0.27586206896551724,0.0,SONOLENTO,uta,data\raw\uta\drowsiness\drowsy_023_434363b9.mp4,group_023,17,4660,4940,29.911646978153705,2.9911646978153703,10.0
0.15384250439256666,0.13390109773646486,0.17153774671805658,0.011856773497263487,0.13809955506352706,0.14151279705896286,0.1636934682026795,0.16694495192381892,0.03763664898159172,0.00039995286682273357,0.3793103448275862,5,1.671589666611071,0.7354994533088713,5,0.5157180513474776,0.012950764409228615,0.0,0.02876581430826429,0.010473415418501159,0.01957400731715678,0.021771146061565633,0.028317400543803616,0.02876581430826429,-5.672746908359686e-05,0.0,0,0,0.0,0.0,11.878111702135978,1.896551724137931,0.0,SONOLENTO,uta,data\raw\uta\drowsiness\drowsy_023_434363b9.mp4,group_023,18,4950,5230,29.911646978153705,2.9911646978153703,10.0
0.154908933795133,0.12907212232074544,0.17967739850541273,0.012594329572888955,0.1411553925534103,0.1463774670659195,0.16475803284182436,0.1696638309071999,0.050605276184667286,0.0003746825300991081,0.41379310344827586,4,1.3372717332888568,0.802363039973314,5,0.5157180513474776,0.02040355545568417,0.0,0.04363526735912024,0.008619379990080734,0.026077591960304673,0.0277066733442776,0.028485004838291098,0.04363526735912024,7.172700411595352e-05,0.0,0,0,0.0,0.0,7.59187986876624,1.6551724137931034,0.0,SONOLENTO,uta,data\raw\uta\drowsiness\drowsy_023_434363b9.mp4,group_023,19,5240,5520,29.911646978153705,2.9911646978153703,10.0
0.1513830181128287,0.10660352827696891,0.18345486443620168,0.017760072794984406,0.1340470696613588,0.143444644680766,0.16014200588688354,0.17859770073532638,0.07685133615923277,0.00016791873523412128,0.5172413793103449,10,3.343179333222142,1.2536922499583032,4,0.4125744410779821,0.014987362762711558,0.0,0.028712406871010714,0.011334102635434296,0.0211999576001272,0.028143901789211678,0.028143901789211678,0.028712406871010714,0.0004184815640655376,0.0,0,0,0.0,0.0,10.100036975982684,5.172413793103448,0.0,SONOLENTO,uta,data\raw\uta\drowsiness\drowsy_023_434363b9.mp4,group_023,20,5530,5810,29.911646978153705,2.9911646978153703,10.0
0.1857039052518863,0.12617189191796827,0.22298397988137816,0.027476907763681117,0.14416027205811374,0.1661265452841536,0.20420481080194988,0.2178548824705409,0.0968120879634099,-0.0011700454181616153,0.13793103448275862,1,0.3356929828768766,0.3356929828768766,4,0.4108844733681791,0.052623593458450066,0.0,0.18569533817705183,0.04270370687349467,0.0642529405317179,0.1114652861732118,0.14890047460347255,0.18569533817705183,-0.002067123736366978,0.10344827586206896,3,1,0.3356929828768766,0.3356929828768766,3.528842562907578,0.13793103448275862,0.019209862570039843,SONOLENTO,uta,data\raw\uta\drowsiness\drowsy_024_d7fc114f.mp4,group_024,1,10,330,29.78912431919299,2.9789124319192988,10.0
0.18296792293821884,0.08178444617142559,0.23014406114710215,0.03427175126213483,0.14446893704296498,0.16531040102953576,0.20627192539963496,0.2240792800795653,0.14835961497567657,-0.0014259371385394021,0.1724137931034483,5,1.678464914384383,1.678464914384383,1,0.10272111834204478,0.06411058353910074,0.020974918506045256,0.26650782045359883,0.05424616383090392,0.0942285694863091,0.12235240936159307,0.1405878715324653,0.24553290194755356,0.0034898354305637866,0.13793103448275862,2,3,1.0070789486306297,0.6713859657537532,2.85389804522032,0.8620689655172414,0.03675969937291018,SONOLENTO,uta,data\raw\uta\drowsiness\drowsy_024_d7fc114f.mp4,group_024,2,340,660,29.78912431919299,2.9789124319192988,10.0
0.14078024687963922,0.08230008828687638,0.252928289821982,0.0384060944532169,0.10111858055582001,0.11614249644629754,0.15397073916477302,0.1931146215059265,0.17062820153510563,0.0020952083647899473,0.6896551724137931,8,2.685543863015013,1.3427719315075064,5,0.5136055917102239,0.19711370743524223,0.022530295452966646,0.51043171976332,0.14157890895710004,0.2973579578360427,0.41360257200839984,0.4509672512217228,0.4879014243103534,-0.002950296711082028,0.5862068965517241,5,10,3.356929828768766,1.1413561417813805,0.7142046816871315,5.517241379310345,0.29921859434401515,SONOLENTO,uta,data\raw\uta\drowsiness\drowsy_024_d7fc114f.mp4,group_024,3,670,1010,29.78912431919299,2.9789124319192988,10.0
0.19713952054659542,0.14919970083341352,0.3039412773271081,0.03424417822782582,0.15877581686718356,0.17031842877559683,0.21250936812860077,0.23714145082557803,0.15474157649369455,0.0014470535413993292,0.034482758620689655,1,0.3356929828768766,0.3356929828768766,1,0.10272111834204478,0.06848571876142374,0.020974918506045256,0.22654084558194165,0.04752201639654866,0.08244562503592884,0.12149495427381153,0.16084315455760134,0.20556592707589638,1.1018470272513363e-05,0.13793103448275862,3,2,0.6713859657537532,0.44759064383583547,2.878507309327213,0.034482758620689655,0.031247013183716088,SONOLENTO,uta,data\raw\uta\drowsiness\drowsy_024_d7fc114f.mp4,group_024,4,1020,1350,29.78912431919299,2.9789124319192988,10.0
0.17608355453207886,0.08270917926665669,0.2350640525020243,0.041255425152681,0.12420732382304553,0.1521819834270709,0.2127672524366112,0.2170966883582632,0.15235487323536762,-0.001958136281319228,0.2413793103448276,3,1.0070789486306297,0.7832836267127121,3,0.30816335502613434,0.05072420478100208,0.0,0.16812065978477164,0.041722125277185614,0.07008274649012562,0.09585252788590524,0.1422845912442879,0.16812065978477164,-0.0024819528442106783,0.10344827586206896,3,1,0.3356929828768766,0.3356929828768766,3.471322694354637,0.7241379310344828,0.0173917923915281,SONOLENTO,uta,data\raw\uta\drowsiness\drowsy_024_d7fc114f.mp4,group_024,5,1360,1690,29.78912431919299,2.9789124319192988,10.0
0.17687840558965165,0.13491703682012662,0.22953149408144863,0.02247032432778249,0.15401705690155762,0.1634855598971535,0.1885670299148844,0.20150131727916817,0.094614457261322,0.0012270887024870582,0.10344827586206896,1,0.3356929828768766,0.3356929828768766,3,0.30816335502613434,0.0363668841673608,0.0,0.09439201899247569,0.019254867557545415,0.04488323107698186,0.06383751295189519,0.068514495048779,0.09439201899247569,0.0006939172538004692,0.0,0,0,0.0,0.0,4.863588015615032,0.10344827586206896,0.0,SONOLENTO,uta,data\raw\uta\drowsiness\drowsy_024_d7fc114f.mp4,group_024,6,1700,2010,29.78912431919299,2.9789124319192988,10.0
0.1729511577976512,0.1003416046630701,0.23366225159104215,0.02622130514153796,0.1456799055637688,0.16006742130539955,0.19314818225441416,0.20006275502200452,0.13332064692797205,-0.0010282068043418588,0.13793103448275862,3,1.0070789486306297,0.6713859657537532,2,0.20544223668408956,0.0360724286456334,0.0,0.10196000031058584,0.023929071449509495,0.04578685464956301,0.0677445538442009,0.08329894142544746,0.10196000031058584,5.4091977466495413e-05,0.0,0,0,0.0,0.0,4.794419723631857,0.41379310344827586,0.0,SONOLENTO,uta,data\raw\uta\drowsiness\drowsy_024_d7fc114f.mp4,group_024,7,2020,2340,29.78912431919299,2.9789124319192988,10.0
0.16174373149355536,0.11166768009758427,0.1957896471850047,0.020512279003211124,0.13441289553114644,0.15545167877343238,0.17415514265074417,0.18420979596532785,0.08412196708742042,-0.0006891644152548333,0.20689655172413793,4,1.3427719315075064,1.0070789486306297,2,0.20544223668408956,0.029995936958726478,0.0,0.07748388442260597,0.015991148515045364,0.03219113899898252,0.04441804087380147,0.0648406471914473,0.07748388442260597,0.001042924783217613,0.0,0,0,0.0,0.0,5.392008247912196,0.8275862068965517,0.0,SONOLENTO,uta,data\raw\uta\drowsiness\drowsy_024_d7fc114f.mp4,group_024,8,2350,2650,29.78912431919299,2.9789124319192988,10.0
0.17209293747616905,0.10914522043239214,0.23622822233949203,0.026744897391469725,0.14932892868915876,0.16091547181008906,0.18785448953049524,0.20223058267919813,0.1270830019070999,0.0002057540226078705,0.10344827586206896,1,0.3356929828768766,0.3356929828768766,3,0.30816335502613434,0.0514328066436117,0.02014148736276902,0.15299353615964298,0.03810025888412917,0.07402332101976053,0.10076671264225397,0.12941076030296825,0.13285204879687396,0.001001569581829395,0.06896551724137931,2,1,0.3356929828768766,0.3356929828768766,3.3459109621928738,0.10344827586206896,0.010551278355837447,SONOLENTO,uta,data\raw\uta\drowsiness\drowsy_024_d7fc114f.mp4,group_024,9,2660,3010,29.78912431919299,2.9789124319192988,10.0
0.15176228010383522,0.08087255087536671,0.30175051716089996,0.0541179722917575,0.08792937100423225,0.10241655896117015,0.18273226477816137,0.2258154345316508,0.22087796628553324,0.0017586600304952912,0.4827586206896552,5,1.678464914384383,0.9399403520552544,5,0.5136055917102239,0.08045060107944567,0.0,0.30257571427391416,0.08435873820849799,0.09328293270628192,0.21979446590536406,0.29244301167574516,0.30257571427391416,0.00589334801534982,0.20689655172413793,3,4,1.3427719315075064,0.6713859657537532,1.8863798615265657,2.413793103448276,0.06260187191874086,SONOLENTO,uta,data\raw\uta\drowsiness\drowsy_024_d7fc114f.mp4,group_024,10,3020,3360,29.78912431919299,2.9789124319192988,10.0
0.17151839292873924,0.11037123974696134,0.22811659060413642,0.0336806229756645,0.11991430570995386,0.1409992975704908,0.19571033846036612,0.21124418379875004,0.11774535085717508,0.001382166659227081,0.27586206896551724,2,0.6713859657537532,0.5371087726030026,5,0.5136055917102239,0.12087716117328354,0.020974918506045256,0.5564023206263562,0.1352452731552102,0.185305258739314,0.27817102077663775,0.4052340381600109,0.5354274021203109,-0.011971228816995897,0.27586206896551724,1,8,2.685543863015013,2.685543863015013,1.418936152435848,0.5517241379310345,0.1534902953452017,SONOLENTO,uta,data\raw\uta\drowsiness\drowsy_024_d7fc114f.mp4,group_024,11,3380,3710,29.78912431919299,2.9789124319192988,10.0
0.19065891283298955,0.17100992581551205,0.22979259420525439,0.012562902944254169,0.1754038800551448,0.18097325966877253,0.198136517327932,0.2022776412983007,0.05878266838974233,0.00027032423993221885,0.0,0,0.0,0.0,0,0.0,0.03999531404767513,0.020615270438818365,0.20191391920625673,0.03602614587162747,0.04391628750910588,0.054075075506918646,0.09675059082322703,0.18129864876743837,-0.000944189878063515,0.034482758620689655,1,1,0.3356929828768766,0.3356929828768766,4.766912086091893,0.0,0.006962548938146784,SONOLENTO,uta,data\raw\uta\drowsiness\drowsy_024_d7fc114f.mp4,group_024,12,3720,4010,29.78912431919299,2.9789124319192988,10.0
0.20288390131658077,0.18224596482518796,0.2325015131574652,0.011306054073628072,0.188890873796047,0.19571033846036612,0.2077624752816677,0.2140477506882703,0.050255548332277244,-0.0001278440252900077,0.0,0,0.0,0.0,0,0.0,0.03054195595739809,0.0210444718698259,0.05,0.009213355260562802,0.032461373658059775,0.045355350492208145,0.0485105083111824,0.028955528130174102,-0.00017482899859952227,0.0,0,0,0.0,0.0,6.642575839731006,0.0,0.0,SONOLENTO,uta,data\raw\uta\drowsiness\drowsy_024_d7fc114f.mp4,group_024,13,4020,4300,29.78912431919299,2.9789124319192988,10.0
0.18369052588484786,0.15733163100002587,0.2087994283475051,0.0144096863155667,0.1621123937053536,0.17352421442330887,0.19436957743745956,0.2016316061328734,0.05146779734747922,-0.0002511263032577925,0.0,0,0.0,0.0,0,0.0,0.028911646442299235,0.0,0.04892330434459896,0.011040762314617137,0.033213611069662655,0.04477139334669746,0.04652491340920694,0.04892330434459896,0.00016736214826706177,0.0,0,0,0.0,0.0,6.353293402298463,0.0,0.0,SONOLENTO,uta,data\raw\uta\drowsiness\drowsy_024_d7fc114f.mp4,group_024,14,4310,4590,29.78912431919299,2.9789124319192988,10.0
0.17522153661501216,0.12833748420881513,0.20174228284869217,0.018441094099891055,0.14997049495679407,0.16548616956319384,0.19145226669961168,0.19719771245642884,0.07340479863987703,0.0009536791485558544,0.10344827586206896,3,1.0070789486306297,1.0070789486306297,1,0.10272111834204478,0.03178904730841604,0.0,0.05481612620668933,0.012126634192261863,0.03466876226407682,0.05116464109452658,0.051325938368630364,0.05481612620668933,1.9388130799701888e-05,0.0,0,0,0.0,0.0,5.511836296280828,0.3103448275862069,0.0,SONOLENTO,uta,data\raw\uta\drowsiness\drowsy_024_d7fc114f.mp4,group_024,15,4600,4880,29.78912431919299,2.9789124319192988,10.0
0.14220820944740106,0.06374137312653949,0.209096569475596,0.0388182224397009,0.08423049620240783,0.11618313262557502,0.16982222201869038,0.19230820335678317,0.1453551963490565,-1.386966601939237e-05,0.5862068965517241,7,2.349850880138136,0.8152543869867003,7,0.7190478283943135,0.14662660732983276,0.019806834933486603,0.5260345319150856,0.1320701344940213,0.18864189803360892,0.3407006565136733,0.4278760207144059,0.5062276969815991,0.0014847774683610802,0.3793103448275862,5,6,2.0141578972612595,0.7385245623291286,0.9698597149410585,4.1034482758620685,0.19953033969192902,SONOLENTO,uta,data\raw\uta\drowsiness\drowsy_024_d7fc114f.mp4,group_024,16,4890,5230,29.78912431919299,2.9789124319192988,10.0
0.19268225831877087,0.1493082341657857,0.2286414190838147,0.019829471611341912,0.16495760698126055,0.18214509816124477,0.20468793211017774,0.2175189357808272,0.07933318491802899,0.0005953591924971781,0.034482758620689655,1,0.3356929828768766,0.3356929828768766,1,0.10272111834204478,0.05797150192217729,0.0,0.1374104316446316,0.03390970008136083,0.08084520834544433,0.10324897095875239,0.11164283213083102,0.1374104316446316,-0.0009605168905949287,0.034482758620689655,1,1,0.3356929828768766,0.3356929828768766,3.3236836763993547,0.034482758620689655,0.004738290746366607,SONOLENTO,uta,data\raw\uta\drowsiness\drowsy_024_d7fc114f.mp4,group_024,17,5240,5580,29.78912431919299,2.9789124319192988,10.0
0.19495742916416933,0.15594244537349147,0.2581101696474316,0.019268508519406445,0.1738863811834757,0.18360164634804804,0.20130041982292002,0.21584737602847995,0.10216772427394014,-0.0005425714676263584,0.0,0,0.0,0.0,0,0.0,0.06921572080262563,0.018949048189527844,0.19497170131437347,0.04845464617126305,0.10674602031568248,0.13190900263977554,0.14074034094947233,0.17602265312484563,0.0011182232950731048,0.1724137931034483,4,2,0.6713859657537532,0.41961622859609576,2.816623308695865,0.0,0.0336158105714437,SONOLENTO,uta,data\raw\uta\drowsiness\drowsy_024_d7fc114f.mp4,group_024,18,5590,5930,29.78912431919299,2.9789124319192988,10.0
0.1976979874981633,0.17227283126390733,0.24914582727986778,0.016347650978642617,0.18058383405183712,0.1878834417320795,0.2051955343581201,0.21047499066745198,0.07687299601596045,0.0004168464686226016,0.0,0,0.0,0.0,0,0.0,0.03189494290753626,0.0,0.09496613943536555,0.02105357194840912,0.02864753332081586,0.059552921887239124,0.07774521989905678,0.09496613943536555,-0.0003001925196070963,0.0,0,0,0.0,0.0,6.198217374268372,0.0,0.0,SONOLENTO,uta,data\raw\uta\drowsiness\drowsy_024_d7fc114f.mp4,group_024,19,5940,6250,29.78912431919299,2.9789124319192988,10.0
0.1873030337813939,0.13993133647982403,0.24207595736209037,0.020033788768177196,0.16746608921906211,0.17762044921928688,0.19758074372746068,0.2019465708643301,0.10214462088226633,-0.0006601288557067687,0.034482758620689655,1,0.3356929828768766,0.3356929828768766,1,0.10272111834204478,0.08125964447267141,0.019104017997521754,0.3504460073289598,0.09655878776141413,0.0642529405317179,0.2334115845268401,0.3196811370804582,0.33134198933143805,0.004159512964398429,0.20689655172413793,2,4,1.3427719315075064,1.0070789486306297,2.3049661370134147,0.034482758620689655,0.07250607048185376,SONOLENTO,uta,data\raw\uta\drowsiness\drowsy_024_d7fc114f.mp4,group_024,20,6260,6560,29.78912431919299,2.9789124319192988,10.0
0.13860506887676488,0.11130040926970339,0.15687880543036076,0.010407833132258322,0.12627984412010143,0.129613763994746,0.1458418792049092,0.1511575004873861,0.04557839616065737,0.0005557600447086191,0.8666666666666667,15,4.995906479354891,4.329785615440905,2,0.2001638749909361,0.014328488915952247,0.0,0.03458158688722026,0.006600493885867857,0.016004609991611997,0.017726540655839937,0.023623282566675865,0.03458158688722026,9.377443219038031e-05,0.0,0,0,0.0,0.0,9.672715453407648,13.0,0.0,SONOLENTO,uta,data\raw\uta\drowsiness\drowsy_025_3c05e67b.mov,group_025,1,10,300,30.024581248640416,3.0024581248640416,10.0
0.12748421621749115,0.10137745510203373,0.1395797685313629,0.00870987857502354,0.11589145736960871,0.12415869439750943,0.13468961354558628,0.1369607140539916,0.03820231342932916,-0.0003312674673090262,1.0,30,9.991812958709781,9.991812958709781,1,0.10008193749546805,0.019182660842791122,0.010923255186885403,0.04508887288217814,0.008814684027401699,0.024928131126722493,0.03129579914659238,0.03479083779592434,0.034165617695292735,-0.00035038773772079777,0.0,0,0,0.0,0.0,6.645458198110161,30.0,0.0,SONOLENTO,uta,data\raw\uta\drowsiness\drowsy_025_3c05e67b.mov,group_025,2,310,600,30.024581248640416,3.0024581248640416,10.0
0.12608311057349383,0.09576104633743855,0.14217169448080133,0.010503273984515563,0.11112329044944111,0.12076988758509327,0.13379742744854536,0.13793512207217312,0.04641064814336278,9.006296002753093e-05,1.0,30,9.991812958709781,9.991812958709781,1,0.10008193749546805,0.024123011247631495,0.011316968255314816,0.03981665296905977,0.007903091039110839,0.03126193958544003,0.03223514629990957,0.037460873232231975,0.028499684713744956,0.0002884866254042246,0.0,0,0,0.0,0.0,5.226457129341321,30.0,0.0,SONOLENTO,uta,data\raw\uta\drowsiness\drowsy_025_3c05e67b.mov,group_025,3,610,900,30.024581248640416,3.0024581248640416,10.0
0.12703476558386825,0.09274129177566148,0.14447993782519353,0.010223149098625083,0.11916821181820389,0.12098195072422785,0.134868407592409,0.14127033648686413,0.051738646049532044,0.0001898270732264365,1.0,30,9.991812958709781,9.991812958709781,1,0.10008193749546805,0.022337141509807434,0.01093565796666284,0.039862862336619224,0.007737077305724997,0.02529863447813783,0.03199203409309306,0.03756931038089721,0.028927204369956383,-0.0005668837705656602,0.0,0,0,0.0,0.0,5.686899491083193,30.0,0.0,SONOLENTO,uta,data\raw\uta\drowsiness\drowsy_025_3c05e67b.mov,group_025,4,910,1200,30.024581248640416,3.0024581248640416,10.0
0.1428383033246602,0.12295416064060868,0.17292641001965053,0.010013032494452418,0.13225783260366192,0.1357835515943594,0.14667330219687516,0.15470587450834233,0.04997224937904185,0.00046069935954028943,0.8333333333333334,14,4.662846047397898,2.7755035996416058,3,0.30024581248640414,0.021161040172621045,0.0,0.05547001962252291,0.013406478465112108,0.029833560617310587,0.04254550103161293,0.044076388807358306,0.05547001962252291,0.00032920484544175994,0.0,0,0,0.0,0.0,6.749741620350058,11.666666666666668,0.0,SONOLENTO,uta,data\raw\uta\drowsiness\drowsy_025_3c05e67b.mov,group_025,5,1210,1500,30.024581248640416,3.0024581248640416,10.0
0.13953129732526576,0.122856490477803,0.15861671257037518,0.008473712375649211,0.13026590834821775,0.13316447660635414,0.14692151545422386,0.14823418126975543,0.03576022209257218,-0.0003768085283054484,0.9,15,4.995906479354891,4.496315831419401,2,0.2001638749909361,0.048340162025956576,0.010289612477339826,0.08553186902564927,0.02053189466825684,0.06162384649963032,0.07521216072790338,0.08469463414834222,0.07524225654830945,-0.0014083741756955972,0.0,0,0,0.0,0.0,2.8863869108141222,13.5,0.0,SONOLENTO,uta,data\raw\uta\drowsiness\drowsy_025_3c05e67b.mov,group_025,6,1510,1800,30.024581248640416,3.0024581248640416,10.0
0.13705686265008443,0.1287319145634083,0.14900025296456676,0.004590249836904777,0.13086530827054685,0.13387274702633126,0.13908354537798462,0.14217502207845759,0.020268338401158464,-7.589600857768712e-05,1.0,30,9.991812958709781,9.991812958709781,1,0.10008193749546805,0.02078089416652255,0.010380684981717497,0.05365189833163754,0.012423250126605235,0.023897023668926952,0.042464781041078196,0.048679983550571876,0.04327121334992004,-0.0002819950875816222,0.0,0,0,0.0,0.0,6.595013022002039,30.0,0.0,SONOLENTO,uta,data\raw\uta\drowsiness\drowsy_025_3c05e67b.mov,group_025,7,1810,2100,30.024581248640416,3.0024581248640416,10.0
0.13771164597196664,0.1003219191371767,0.153241747246677,0.008807847912037786,0.13202657142850446,0.13540340484300098,0.14177911864646203,0.14707178749775524,0.0529198281095003,1.778857894135849e-05,0.9666666666666667,22,7.327329503053839,4.829376263376394,2,0.2001638749909361,0.025466605184779344,0.0,0.1065442051070627,0.020521105607594146,0.032976348667161176,0.04483018085562691,0.0577783336004099,0.1065442051070627,-8.672155568074043e-05,0.0,0,0,0.0,0.0,5.407326090254834,21.266666666666666,0.0,SONOLENTO,uta,data\raw\uta\drowsiness\drowsy_025_3c05e67b.mov,group_025,8,2110,2400,30.024581248640416,3.0024581248640416,10.0
0.13619211730236105,0.1263014480832818,0.15039845928812384,0.005699439263674704,0.129150704673537,0.1327794066476824,0.14051702215090034,0.14249941800058769,0.024097011204842034,0.00012828140850268714,0.9666666666666667,24,7.993450366967824,4.829376263376394,2,0.2001638749909361,0.019066581882995808,0.0105999788000636,0.04826639337239525,0.010003256847870534,0.015854053478143122,0.035453195474157734,0.041092425843757004,0.03766641457233165,0.00024526328219628914,0.0,0,0,0.0,0.0,7.142600364224223,23.2,0.0,SONOLENTO,uta,data\raw\uta\drowsiness\drowsy_025_3c05e67b.mov,group_025,9,2410,2700,30.024581248640416,3.0024581248640416,10.0
0.1337668694516846,0.12316707380566758,0.1478535929264608,0.006353372990890432,0.12604569520014658,0.13055926922260808,0.13770057028683166,0.14473189112372822,0.024686519120793227,-9.278518577704429e-06,1.0,30,9.991812958709781,9.991812958709781,1,0.10008193749546805,0.038199057727363366,0.0105999788000636,0.07557252739290729,0.017352429367730546,0.05177969304101998,0.05989710316626986,0.06905298543457908,0.0649725485928437,-0.0006914576186180648,0.0,0,0,0.0,0.0,3.5017452174127226,30.0,0.0,SONOLENTO,uta,data\raw\uta\drowsiness\drowsy_025_3c05e67b.mov,group_025,10,2710,3000,30.024581248640416,3.0024581248640416,10.0
0.13455468059711786,0.12139156563601738,0.14902104240803693,0.006912515205002112,0.12656347098436968,0.12859475266527542,0.13994965887294908,0.144882956115864,0.027629476772019546,0.0005219023727488669,1.0,30,9.991812958709781,9.991812958709781,1,0.10008193749546805,0.038954297302667834,0.014846210376062518,0.07636245515406771,0.017413875912161904,0.04729972728625076,0.06413827412780092,0.07242051266060073,0.06151624477800519,-0.0002894123146232073,0.0,0,0,0.0,0.0,3.4540791603175096,30.0,0.0,SONOLENTO,uta,data\raw\uta\drowsiness\drowsy_025_3c05e67b.mov,group_025,11,3010,3300,30.024581248640416,3.0024581248640416,10.0
0.13688509437922972,0.12202290358277404,0.1502817642896015,0.007207152544642657,0.12766061350535676,0.13357138359382956,0.14071373526558908,0.14763300425849982,0.028258860706827454,0.0002702799104196195,0.9333333333333333,14,4.662846047397898,3.1085640315985987,3,0.30024581248640414,0.0297188179530909,0.010608922673515347,0.05594693345657847,0.01170225150728798,0.036282433101897084,0.0453657527359539,0.04798513030968801,0.04533801078306312,0.0002819248610794829,0.0,0,0,0.0,0.0,4.605852384267162,13.066666666666666,0.0,SONOLENTO,uta,data\raw\uta\drowsiness\drowsy_025_3c05e67b.mov,group_025,12,3310,3600,30.024581248640416,3.0024581248640416,10.0
0.13688033517657464,0.12495475778528636,0.14821796139784155,0.0059356735548195625,0.12916455852018233,0.13369722645189963,0.14074144219245868,0.14653566209585883,0.023263203612555183,1.1288585176243229e-06,1.0,30,9.991812958709781,9.991812958709781,1,0.10008193749546805,0.03086789353527378,0.0,0.06775574714858536,0.013264001167181549,0.037140843504280145,0.04695862961093562,0.051059270151155724,0.06775574714858536,-3.312032069212343e-05,0.0,0,0,0.0,0.0,4.434248186452227,30.0,0.0,SONOLENTO,uta,data\raw\uta\drowsiness\drowsy_025_3c05e67b.mov,group_025,13,3610,3900,30.024581248640416,3.0024581248640416,10.0
0.13527431600493683,0.12221950994491218,0.14743750824110913,0.007520262463275611,0.12463209112929917,0.1282775479756509,0.14162864823640953,0.14494536993393875,0.025217998296196947,0.00043217768303339775,1.0,30,9.991812958709781,9.991812958709781,1,0.10008193749546805,0.053254632016664534,0.01499063377991723,0.2023191766289207,0.04204101099200329,0.06645542808468966,0.10336441439547597,0.129258889670986,0.1873285428490035,0.0030474826770588437,0.06666666666666667,2,1,0.3330604319569927,0.3330604319569927,2.540094087374784,30.0,0.013487945108594714,SONOLENTO,uta,data\raw\uta\drowsiness\drowsy_025_3c05e67b.mov,group_025,14,3910,4200,30.024581248640416,3.0024581248640416,10.0
0.14003703310633311,0.13093058127579849,0.1532758427276969,0.004922352486947407,0.1331198682707538,0.13782383736029477,0.14300293787470708,0.14481386940478427,0.022345261451898413,0.0001297419418645651,0.9666666666666667,21,6.994269071096847,4.829376263376394,2,0.2001638749909361,0.09837568830700824,0.043704832221970163,0.24077819239091083,0.03843605391984477,0.11472799690293131,0.12838160619816094,0.16064207059922891,0.19707336016894067,0.0005050115193716362,0.13333333333333333,4,1,0.3330604319569927,0.3330604319569927,1.4234778128464103,20.3,0.032103758985454776,SONOLENTO,uta,data\raw\uta\drowsiness\drowsy_025_3c05e67b.mov,group_025,15,4210,4500,30.024581248640416,3.0024581248640416,10.0
0.1469460951371617,0.1332514180405834,0.15754496698419984,0.007028336802483034,0.13668632866539646,0.1395878422162573,0.15231980266303585,0.15479418908653597,0.024293548943616433,0.00041806932506287465,0.6,10,3.330604319569927,1.1990175550451738,5,0.5004096874773403,0.07951516724221823,0.05293131528623707,0.13534757300092742,0.017078889095254207,0.09114388882877898,0.09668782416497491,0.10428165174818978,0.08241625771469036,8.337789134538408e-05,0.03333333333333333,1,1,0.3330604319569927,0.3330604319569927,1.8480027425057064,6.0,0.004511585766697581,SONOLENTO,uta,data\raw\uta\drowsiness\drowsy_025_3c05e67b.mov,group_025,16,4510,4800,30.024581248640416,3.0024581248640416,10.0
0.14375844281348119,0.12113432674174932,0.15510724594658093,0.006973330883377472,0.13674994499859255,0.13880313924450532,0.14745172436320267,0.15276171569218003,0.033972919204831614,-0.0002896182696501414,0.8,11,3.6636647515269196,1.998362591741956,4,0.4003277499818722,0.07383153776102214,0.033169730908166696,0.15605591394068366,0.026268488506563263,0.07580219678469177,0.10562961715615955,0.12340001669943107,0.12288618303251697,-0.00020932459546439873,0.06666666666666667,2,1,0.3330604319569927,0.3330604319569927,1.9470879259059481,8.8,0.010403727596045577,SONOLENTO,uta,data\raw\uta\drowsiness\drowsy_025_3c05e67b.mov,group_025,17,4810,5100,30.024581248640416,3.0024581248640416,10.0
0.13554143063882373,0.12143089751351807,0.15802272208277635,0.006883443352427056,0.1284802705938656,0.13186052911986793,0.13884003823613075,0.14063028545949535,0.036591824569258274,-6.546116527487732e-05,0.9666666666666667,19,6.328148207182861,4.829376263376394,2,0.2001638749909361,0.04767965566667598,0.0,0.10725274964382416,0.027280078361928077,0.060586254474814,0.09073849519376377,0.09908451521069704,0.10725274964382416,-0.00033035275849842304,0.0,0,0,0.0,0.0,2.8426922562970054,18.366666666666667,0.0,SONOLENTO,uta,data\raw\uta\drowsiness\drowsy_025_3c05e67b.mov,group_025,18,5110,5400,30.024581248640416,3.0024581248640416,10.0
0.13442700403543462,0.12416015091333688,0.1433658815220616,0.005442218066379481,0.12731654426796396,0.1301332089657987,0.13804683817502347,0.14221694621048248,0.019205730608724714,-0.0003140474282120064,1.0,30,9.991812958709781,9.991812958709781,1,0.10008193749546805,0.040631062432352164,0.014692384523247174,0.11338270376548515,0.023783847992236685,0.052706465545197784,0.06705401485698519,0.0862563004551659,0.09869031924223798,0.0005415377497110991,0.0,0,0,0.0,0.0,3.3083972603960365,30.0,0.0,SONOLENTO,uta,data\raw\uta\drowsiness\drowsy_025_3c05e67b.mov,group_025,19,5410,5700,30.024581248640416,3.0024581248640416,10.0
0.1303667731054683,0.10274136952292248,0.1482856254545271,0.007873018308792128,0.12446599329910356,0.12738405360663832,0.13449576433200378,0.1370488967065233,0.045544255931604605,-3.0841720929528596e-06,1.0,30,9.991812958709781,9.991812958709781,1,0.10008193749546805,0.042789314822985786,0.015314097295792223,0.0975299233286594,0.018503186932611815,0.051725216518003554,0.06885601654427574,0.07910151287829705,0.08221582603286717,-0.0005839269518682075,0.0,0,0,0.0,0.0,3.0466420647935695,30.0,0.0,SONOLENTO,uta,data\raw\uta\drowsiness\drowsy_025_3c05e67b.mov,group_025,20,5710,6000,30.024581248640416,3.0024581248640416,10.0
0.17763830639512715,0.09395164009605572,0.2035969934750614,0.02155233381691973,0.1632294632903964,0.1747669756781577,0.18736869830860808,0.1946688308697993,0.10964535337900569,0.001299808644584947,0.08333333333333333,1,0.41655509439014593,0.41655509439014593,2,0.20005356903709656,0.01085266860608169,0.0,0.0262953111423425,0.006895115099374986,0.013200569832504148,0.016909086803247392,0.018570222385473924,0.0262953111423425,9.728020106848341e-05,0.0,0,0,0.0,0.0,16.36666023648356,0.08333333333333333,0.0,SONOLENTO,uta,data\raw\uta\drowsiness\drowsy_026_549e4728.mov,group_026,1,10,240,24.006428284451587,2.4006428284451586,10.0
0.18296455447851792,0.16174296853326842,0.20057999703420853,0.010711928121390404,0.16558630481855585,0.17674271308815886,0.190977439278393,0.1933689400921915,0.03883702850094012,2.7725846281644432e-05,0.0,0,0.0,0.0,0,0.0,0.016986611621080866,0.0,0.06373276499212657,0.014622017416914252,0.01891944796061463,0.028287038545695455,0.049340879192327144,0.06373276499212657,2.9855271028599115e-05,0.0,0,0,0.0,0.0,10.77046959629493,0.0,0.0,SONOLENTO,uta,data\raw\uta\drowsiness\drowsy_026_549e4728.mov,group_026,2,250,480,24.006428284451587,2.4006428284451586,10.0
0.1765817481699119,0.14541035364818666,0.20797714784782417,0.014561675192424349,0.15886217004576733,0.16930029158459542,0.18735819570392948,0.19440890652276552,0.06256679419963751,-0.0005613600058394271,0.041666666666666664,1,0.41655509439014593,0.41655509439014593,1,0.10002678451854828,0.015951094142314198,0.0,0.03998578535847083,0.012930068784936305,0.020531794833541128,0.038652288142477294,0.03895627614300336,0.03998578535847083,0.0006087619943616071,0.0,0,0,0.0,0.0,11.069502636742518,0.041666666666666664,0.0,SONOLENTO,uta,data\raw\uta\drowsiness\drowsy_026_549e4728.mov,group_026,3,490,720,24.006428284451587,2.4006428284451586,10.0
0.17221925791206974,0.15268558128349569,0.19731014301740418,0.010391379974470163,0.15908884487422095,0.16482101191400544,0.1790733263415424,0.18452589871704428,0.0446245617339085,-0.0004437017028515152,0.0,0,0.0,0.0,0,0.0,0.026714242700156297,0.0,0.12341917379408775,0.025628750130190687,0.03111348135802995,0.04764188152173087,0.06452298581159353,0.12341917379408775,0.0005071150041106611,0.041666666666666664,1,1,0.41655509439014593,0.41655509439014593,6.446479256992196,0.0,0.005142465574753656,SONOLENTO,uta,data\raw\uta\drowsiness\drowsy_026_549e4728.mov,group_026,4,730,960,24.006428284451587,2.4006428284451586,10.0
0.1688796624355595,0.14670029457629408,0.1835194136575199,0.008107963869842779,0.15908822030143355,0.16402236280585658,0.1753619885514801,0.17706060736747573,0.036819119081225815,0.0002553619259181602,0.041666666666666664,1,0.41655509439014593,0.41655509439014593,1,0.10002678451854828,0.030494578771433457,0.0,0.08622612271184538,0.02267554220146813,0.05079110087925426,0.0640925582321435,0.06479079051572405,0.08622612271184538,0.00057009557366091,0.0,0,0,0.0,0.0,5.537840868714925,0.041666666666666664,0.0,SONOLENTO,uta,data\raw\uta\drowsiness\drowsy_026_549e4728.mov,group_026,5,970,1200,24.006428284451587,2.4006428284451586,10.0
0.1603139554799499,0.1321444574470409,0.18364454193733074,0.013347284382906815,0.1403106321921625,0.15242692889368853,0.1699371981463016,0.17450476782225574,0.05150008449028984,-0.00042854260131683375,0.20833333333333334,2,0.8331101887802919,0.5206938679876825,4,0.4001071380741931,0.013473781952376545,0.0,0.07226817892536018,0.01516808380446397,0.013332148306149432,0.023927523493766478,0.036222922082145795,0.07226817892536018,-0.0004664376748535314,0.0,0,0,0.0,0.0,11.89733207160917,0.4166666666666667,0.0,SONOLENTO,uta,data\raw\uta\drowsiness\drowsy_026_549e4728.mov,group_026,6,1210,1440,24.006428284451587,2.4006428284451586,10.0
0.15439004517119104,0.13664681503554882,0.17738385766585002,0.01038946281028153,0.14213191981380588,0.14819166101085315,0.16148327463477805,0.16789528568133247,0.0407370426303012,-0.00040294690299064607,0.375,3,1.2496652831704378,0.7497991699022627,5,0.5001339225927414,0.01321353814577831,0.0,0.027948666314477455,0.006074311368779057,0.01789677852285601,0.018289648061147187,0.018360217584555836,0.027948666314477455,-0.00020689490703688197,0.0,0,0,0.0,0.0,11.683347799825643,1.125,0.0,SONOLENTO,uta,data\raw\uta\drowsiness\drowsy_026_549e4728.mov,group_026,7,1450,1680,24.006428284451587,2.4006428284451586,10.0
0.15659480765365066,0.13668749890333481,0.1705644962793475,0.008045556418921008,0.14702985244073885,0.15349416891168352,0.16118998970259812,0.16582077487842936,0.033876997376012685,0.00040581325476464665,0.16666666666666666,1,0.41655509439014593,0.41655509439014593,4,0.4001071380741931,0.016972260833136178,0.012496095580101535,0.02866518248564077,0.005497732818747352,0.018187144325987715,0.027838693289222418,0.0282425708619737,0.016169086905539237,0.0002720172282974507,0.0,0,0,0.0,0.0,9.225970730853158,0.16666666666666666,0.0,SONOLENTO,uta,data\raw\uta\drowsiness\drowsy_026_549e4728.mov,group_026,8,1690,1920,24.006428284451587,2.4006428284451586,10.0
0.16551725479574683,0.12460677366218989,0.18289226932010544,0.012157367211031127,0.1531827012556398,0.16086268872420476,0.17303214212308826,0.1792238999439081,0.05828549565791555,-0.00029802452868984156,0.041666666666666664,1,0.41655509439014593,0.41655509439014593,1,0.10002678451854828,0.021753090773569267,0.012496095580101535,0.064081501981377,0.014485229826545338,0.020281933602813024,0.03756487034223738,0.06062748087428348,0.05158540640127547,1.8604020535267117e-05,0.0,0,0,0.0,0.0,7.608557696966429,0.041666666666666664,0.0,SONOLENTO,uta,data\raw\uta\drowsiness\drowsy_026_549e4728.mov,group_026,9,1930,2160,24.006428284451587,2.4006428284451586,10.0
0.160372019266264,0.1437219290949253,0.18162691915669799,0.008189288932866594,0.15217455461081655,0.15545736658639714,0.1643142621696383,0.16743193272821486,0.0379049900617727,2.9751464030454026e-05,0.041666666666666664,1,0.41655509439014593,0.41655509439014593,1,0.10002678451854828,0.014783961133622731,0.0,0.02829559174871464,0.0064968164988870045,0.018187144325987715,0.023300589380487027,0.027553530522724672,0.02829559174871464,0.00018359866565263952,0.0,0,0,0.0,0.0,10.846969282966816,0.041666666666666664,0.0,SONOLENTO,uta,data\raw\uta\drowsiness\drowsy_026_549e4728.mov,group_026,10,2170,2400,24.006428284451587,2.4006428284451586,10.0
0.15644133848346328,0.13664945706231804,0.17022734310813148,0.008388456004018979,0.14490447533866754,0.15123196103993233,0.1617897001574513,0.16723638612095165,0.03357788604581344,-0.00018745124434774458,0.16666666666666666,1,0.41655509439014593,0.41655509439014593,4,0.4001071380741931,0.01470083192807394,0.0,0.02865811890612929,0.005095725933857028,0.01756271616273565,0.018290988281128587,0.024266127286344107,0.02865811890612929,-0.00015414692512068885,0.0,0,0,0.0,0.0,10.640941839685306,0.16666666666666666,0.0,SONOLENTO,uta,data\raw\uta\drowsiness\drowsy_026_549e4728.mov,group_026,11,2410,2640,24.006428284451587,2.4006428284451586,10.0
0.15798291714858578,0.13243103386622257,0.18526873390809032,0.011724971610041353,0.1444992118890098,0.15196626432129828,0.16398496221464032,0.17234857979415955,0.05283770004186775,-0.0002612340697217706,0.25,2,0.8331101887802919,0.6248326415852189,4,0.4001071380741931,0.0251111108727316,0.0,0.07314897736412561,0.017516130040155824,0.02866518248564077,0.05137925268126065,0.06263554809035767,0.07314897736412561,-0.0005205934338672931,0.0,0,0,0.0,0.0,6.291104636692813,0.5,0.0,SONOLENTO,uta,data\raw\uta\drowsiness\drowsy_026_549e4728.mov,group_026,12,2650,2880,24.006428284451587,2.4006428284451586,10.0
0.16820793178673119,0.14742848587592172,0.17967298453754588,0.008874615485012071,0.1557714354990449,0.16235106364515967,0.17501985139858783,0.17801115774586015,0.032244498661624155,-0.0002401617799596072,0.041666666666666664,1,0.41655509439014593,0.41655509439014593,1,0.10002678451854828,0.02340368533922074,0.0,0.09084017106443881,0.01782761532291721,0.028219012973792035,0.03647402401441055,0.04894929528360272,0.09084017106443881,-0.0008009311584632828,0.0,0,0,0.0,0.0,7.1869341265979045,0.041666666666666664,0.0,SONOLENTO,uta,data\raw\uta\drowsiness\drowsy_026_549e4728.mov,group_026,13,2890,3120,24.006428284451587,2.4006428284451586,10.0
0.15784270760914998,0.13731458329345206,0.17636526718055634,0.009966484147108271,0.14531366448890481,0.15150047980788584,0.16558810820609968,0.16986132424705838,0.03905068388710428,0.0005374477386720796,0.25,4,1.6662203775605837,0.8331101887802919,3,0.30008035355564483,0.014573067966843586,0.0,0.029419400489327837,0.006391832332392597,0.018126102689844843,0.018533982182358227,0.02715037045849832,0.029419400489327837,0.0005062547746653204,0.0,0,0,0.0,0.0,10.830380918234125,1.0,0.0,SONOLENTO,uta,data\raw\uta\drowsiness\drowsy_026_549e4728.mov,group_026,14,3130,3360,24.006428284451587,2.4006428284451586,10.0
0.1658762098079472,0.15222150129399245,0.18012269037858758,0.006698275704497867,0.1565651258224955,0.16260168932396463,0.1706008065152611,0.1730394966206767,0.02790118908459513,0.00015971704641608747,0.0,0,0.0,0.0,0,0.0,0.0228757140321597,0.0,0.12104770159412995,0.02352857705421606,0.020199272761381854,0.03637678395204258,0.05839394513992098,0.12104770159412995,-0.00023108917964829686,0.041666666666666664,1,1,0.41655509439014593,0.41655509439014593,7.250875697216008,0.0,0.005043654233088748,SONOLENTO,uta,data\raw\uta\drowsiness\drowsy_026_549e4728.mov,group_026,15,3370,3600,24.006428284451587,2.4006428284451586,10.0
0.15912383742979905,0.14331259552589282,0.18214413683242092,0.009117781931469884,0.1472442418369816,0.1534071674099026,0.16626363921602194,0.16882611065217573,0.038831541306528106,-4.646232567295558e-05,0.16666666666666666,1,0.41655509439014593,0.41655509439014593,4,0.4001071380741931,0.012981147355775805,0.0,0.02499804710385204,0.006816076902523687,0.017512989608828314,0.01902514678770744,0.02359576856851779,0.02499804710385204,0.00010583782100958299,0.0,0,0,0.0,0.0,12.257127659162201,0.16666666666666666,0.0,SONOLENTO,uta,data\raw\uta\drowsiness\drowsy_026_549e4728.mov,group_026,16,3610,3840,24.006428284451587,2.4006428284451586,10.0
0.1645373893995776,0.12050983595324499,0.18681499832427545,0.014513978817016358,0.1458509538359028,0.15943301561004108,0.17426079793817015,0.17768712778022666,0.06630516237103046,-0.0011828207247394308,0.125,3,1.2496652831704378,1.2496652831704378,1,0.10002678451854828,0.021747637396305808,0.0,0.08641316797168573,0.02146604817527318,0.02515439978040871,0.0537900177129809,0.06926192477795293,0.08641316797168573,-0.00018084045142531896,0.0,0,0,0.0,0.0,7.565411404924415,0.375,0.0,SONOLENTO,uta,data\raw\uta\drowsiness\drowsy_026_549e4728.mov,group_026,17,3850,4080,24.006428284451587,2.4006428284451586,10.0
0.16080172612310314,0.14744318326953854,0.17714866167257398,0.007547424921997897,0.1533927670960756,0.15580688592216305,0.16429909129786796,0.17300070895048156,0.029705478403035446,-0.00015988330096550275,0.041666666666666664,1,0.41655509439014593,0.41655509439014593,1,0.10002678451854828,0.02000001291858743,0.0,0.040028831141371894,0.011029513150912237,0.025649453818453207,0.03768148961922529,0.038471648204620935,0.040028831141371894,-0.0004955700193307974,0.0,0,0,0.0,0.0,8.039679129133814,0.041666666666666664,0.0,SONOLENTO,uta,data\raw\uta\drowsiness\drowsy_026_549e4728.mov,group_026,18,4090,4320,24.006428284451587,2.4006428284451586,10.0
0.16652438124240823,0.13133451334534507,0.1828168024148883,0.012152722173319074,0.1524147834299069,0.15783743443048637,0.17506907726620008,0.17743611439969958,0.05148228906954322,0.0007706060314981723,0.08333333333333333,2,0.8331101887802919,0.8331101887802919,1,0.10002678451854828,0.020460002287964674,0.0,0.06172369140834696,0.01256357871282257,0.02698005925785478,0.03376600418071222,0.03756964663122292,0.06172369140834696,0.00010837783458912065,0.0,0,0,0.0,0.0,8.138622873834446,0.16666666666666666,0.0,SONOLENTO,uta,data\raw\uta\drowsiness\drowsy_026_549e4728.mov,group_026,19,4330,4560,24.006428284451587,2.4006428284451586,10.0
0.17170097186635266,0.15941650245776345,0.18307118807931877,0.006681738345494252,0.1623722545240424,0.1664849472670178,0.1762111957709342,0.18062533603583966,0.023654685621555316,-2.365171248114067e-06,0.0,0,0.0,0.0,0,0.0,0.03642028192256259,0.0,0.10972346604618842,0.027388457676700013,0.03800183396490452,0.08331878833952695,0.08916858706104172,0.10972346604618842,-0.0006957327986164433,0.0,0,0,0.0,0.0,4.7143033633856195,0.0,0.0,SONOLENTO,uta,data\raw\uta\drowsiness\drowsy_026_549e4728.mov,group_026,20,4570,4800,24.006428284451587,2.4006428284451586,10.0
0.17581958565043174,0.026225306345446262,0.2791804797726597,0.07420588521985476,0.08511050291555078,0.12845082706221156,0.24211618406540525,0.26331999050706234,0.2529551734272134,-0.0013698127082764563,0.4375,3,1.8001139630390144,1.0500664784394251,4,0.41664028800366854,0.003617869140311978,0.0,0.029361010975735173,0.009573123124719226,0.0,0.014262447634628236,0.02873392419587615,0.029361010975735173,0.0006822402436270764,0.0,0,0,0.0,0.0,48.584123612514645,1.3125,0.0,SONOLENTO,uta,data\raw\uta\drowsiness\drowsy_027_893cbb7f.mp4,group_027,1,10,160,16.66561152014674,1.666561152014674,10.0
0.13890197385035702,0.05410130430664295,0.2180348895652894,0.048010578186295096,0.079160042631683,0.0967669802393396,0.16380517223978505,0.20648227280374454,0.16393358525864646,-0.003993526181975234,0.5,5,3.0001899383983575,2.4001519507186857,2,0.20832014400183427,0.005756263073400849,0.0,0.062017367294604234,0.016242263905849697,0.0,0.015041420939904671,0.038066473233508064,0.062017367294604234,-0.0018492182397455807,0.0,0,0,0.0,0.0,24.126389932066594,2.5,0.0,SONOLENTO,uta,data\raw\uta\drowsiness\drowsy_027_893cbb7f.mp4,group_027,2,170,320,16.66561152014674,1.666561152014674,10.0
0.12970420768192711,0.05787324832919482,0.23362946110408456,0.05108395728894632,0.08004680534355764,0.09130821972192772,0.16220469135041712,0.2066862854339423,0.17575621277488973,0.005736899009485468,0.6875,6,3.6002279260780288,1.6501044661190964,4,0.41664028800366854,0.0019493214423493917,0.0,0.031189143077590267,0.007549689482624215,0.0,0.0,0.007797285769397567,0.031189143077590267,-0.00013759916063642758,0.0,0,0,0.0,0.0,66.50401562815365,4.125,0.0,SONOLENTO,uta,data\raw\uta\drowsiness\drowsy_027_893cbb7f.mp4,group_027,3,330,480,16.66561152014674,1.666561152014674,10.0
0.14935539506823856,0.05203594825225144,0.34024235068844355,0.09409468271396798,0.0596770831489209,0.0739223543192669,0.15550817034300318,0.32673752209843543,0.2882064024361921,0.011174052451428808,0.75,12,7.2004558521560575,7.2004558521560575,1,0.10416007200091713,0.0058631934261974585,0.0,0.03225806451612903,0.012210104108444966,0.0,0.030776515151515152,0.03150201612903226,0.03225806451612903,0.0002385842533494336,0.0,0,0,0.0,0.0,25.469043091418907,9.0,0.0,SONOLENTO,uta,data\raw\uta\drowsiness\drowsy_027_893cbb7f.mp4,group_027,4,490,640,16.66561152014674,1.666561152014674,10.0
0.262454274927552,0.07954998459042567,0.3352688447660044,0.060976279859125695,0.19393300552432047,0.2507563208102605,0.2994744819869567,0.308108949419255,0.2557188601755787,-0.002748490133623258,0.0625,1,0.6000379876796714,0.6000379876796714,1,0.10416007200091713,0.003847064393939394,0.0,0.03125,0.010179752189789889,0.0,0.015151515151515152,0.030539772727272728,0.03125,-0.00019635695187165763,0.0,0,0,0.0,0.0,68.20423154584185,0.0625,0.0,SONOLENTO,uta,data\raw\uta\drowsiness\drowsy_027_893cbb7f.mp4,group_027,5,650,800,16.66561152014674,1.666561152014674,10.0
0.28897592770353975,0.24211709905575113,0.317147932173289,0.016860041489358775,0.2767080000888036,0.2839634784727262,0.29577199658849535,0.3100904765869523,0.07503083311753789,-0.0014930024189799987,0.0,0,0.0,0.0,0,0.0,0.001893939393939394,0.0,0.030303030303030304,0.007335195731453441,0.0,0.0,0.007575757575757576,0.030303030303030304,-0.00022281639928698756,0.0,0,0,0.0,0.0,152.4987704766573,0.0,0.0,SONOLENTO,uta,data\raw\uta\drowsiness\drowsy_027_893cbb7f.mp4,group_027,6,810,960,16.66561152014674,1.666561152014674,10.0
0.30277437024837006,0.280774936215203,0.33521628109710355,0.01228581893499239,0.2898309729082451,0.2941249063065199,0.3087011480035906,0.31068520863454707,0.054441344881900555,0.0010313165805278855,0.0,0,0.0,0.0,0,0.0,0.003905297023607576,0.0,0.03125,0.01033244507188397,0.0,0.015617376188860606,0.031238564283290908,0.03125,0.0012864732072211406,0.0,0,0,0.0,0.0,77.50930572318573,0.0,0.0,SONOLENTO,uta,data\raw\uta\drowsiness\drowsy_027_893cbb7f.mp4,group_027,7,970,1120,16.66561152014674,1.666561152014674,10.0
0.2674522006244649,0.1226888654903751,0.3256047501481563,0.0614520213726892,0.1692502390205173,0.2585677830095508,0.3091256977864918,0.3192759623846393,0.2029158846577812,-0.003907588952327491,0.125,1,0.6000379876796714,0.6000379876796714,2,0.20832014400183427,0.013259393715923943,0.0,0.03125,0.01503830143856567,0.030303030303030304,0.030303030303030304,0.030539772727272728,0.03125,-0.0011190220682564163,0.0,0,0,0.0,0.0,20.169250352143838,0.125,0.0,SONOLENTO,uta,data\raw\uta\drowsiness\drowsy_027_893cbb7f.mp4,group_027,8,1130,1280,16.66561152014674,1.666561152014674,10.0
0.21482416567569365,0.07466510247893939,0.2712389746826601,0.05515264729914179,0.14238963972466986,0.21215055579239595,0.24260778194831495,0.2584910777846182,0.19657387220372075,-0.0009775064551519894,0.125,1,0.6000379876796714,0.6000379876796714,2,0.20832014400183427,0.011604584996593238,0.0,0.09657341699694758,0.024772149071892843,0.007349762900473184,0.029850445673325746,0.04686019922981374,0.09657341699694758,0.0027879482958099258,0.0,0,0,0.0,0.0,18.51041250731904,0.125,0.0,SONOLENTO,uta,data\raw\uta\drowsiness\drowsy_027_893cbb7f.mp4,group_027,9,1290,1440,16.66561152014674,1.666561152014674,10.0
0.1577901700671021,0.11477589931214087,0.2338766347084767,0.03311815354697046,0.12122567122653527,0.1270398834907642,0.16513495356983737,0.20394148468935214,0.11910073539633582,-0.0022596187561880524,0.375,2,1.2000759753593429,1.2000759753593429,3,0.3124802160027514,0.00471296017547874,0.0,0.04417261042993862,0.012677335510770554,0.0,0.015617376188860606,0.03446921689077556,0.04417261042993862,-0.001143719939228512,0.0,0,0,0.0,0.0,33.47295356628194,0.75,0.0,SONOLENTO,uta,data\raw\uta\drowsiness\drowsy_027_893cbb7f.mp4,group_027,10,1450,1600,16.66561152014674,1.666561152014674,10.0
0.1830911028804806,0.13211933023663935,0.22574470228053783,0.026483465986154402,0.1405554085386459,0.1740175756004636,0.2077371296003706,0.20989801927786367,0.09362537204389848,0.003903471925190819,0.1875,3,1.8001139630390144,1.8001139630390144,1,0.10416007200091713,0.0,0.0,0.0,0.0,0.0,0.0,0.0,0.0,0.0,0.0,0,0,0.0,0.0,183091.1028804806,0.5625,0.0,SONOLENTO,uta,data\raw\uta\drowsiness\drowsy_027_893cbb7f.mp4,group_027,11,1610,1760,16.66561152014674,1.666561152014674,10.0
0.16743214531046266,0.060550154053325436,0.24075763924068283,0.057458688953018186,0.10944092421222947,0.12456590534584634,0.22513263924068283,0.23948984502061738,0.1802074851873574,-0.005374620430191838,0.5,4,2.4001519507186857,2.4001519507186857,2,0.20832014400183427,0.003786140830096142,0.0,0.030289126640769135,0.010017187065102046,0.0,0.015144563320384568,0.030289126640769135,0.030289126640769135,-0.0005345139995429845,0.0,0,0,0.0,0.0,44.210699528227515,2.0,0.0,SONOLENTO,uta,data\raw\uta\drowsiness\drowsy_027_893cbb7f.mp4,group_027,12,1770,1920,16.66561152014674,1.666561152014674,10.0
0.16448864403986624,0.058174534210023915,0.20558183970225968,0.03964218929628757,0.11840608471378915,0.142841436638007,0.1924093752040681,0.19826622889167134,0.14740730549223577,0.005869265809113795,0.375,6,3.6002279260780288,3.6002279260780288,1,0.10416007200091713,0.005625319512997084,0.0,0.030303030303030304,0.0117114901171099,0.0,0.02985104095246152,0.030303030303030304,0.030303030303030304,0.00040505766004512566,0.0,0,0,0.0,0.0,29.235567525073737,2.25,0.0,SONOLENTO,uta,data\raw\uta\drowsiness\drowsy_027_893cbb7f.mp4,group_027,13,1930,2080,16.66561152014674,1.666561152014674,10.0
0.2132622723498919,0.16762272996570837,0.24014557620082783,0.018788160519355737,0.19633948824356204,0.20067376384158975,0.22756954026948695,0.23510192635857335,0.07252284623511945,-0.0008297254196832771,0.0,0,0.0,0.0,0,0.0,0.001893070415048071,0.0,0.030289126640769135,0.007331830190679141,0.0,0.0,0.007572281660192284,0.030289126640769135,0.00013362849988574616,0.0,0,0,0.0,0.0,112.59469059627298,0.0,0.0,SONOLENTO,uta,data\raw\uta\drowsiness\drowsy_027_893cbb7f.mp4,group_027,14,2090,2240,16.66561152014674,1.666561152014674,10.0
0.20832230096563797,0.15265297019853155,0.2592764665767465,0.03106591974543313,0.17307532337427028,0.18178122668224328,0.2322870279583556,0.25163413046531025,0.10662349637821497,0.006136231448858903,0.0,0,0.0,0.0,0,0.0,0.006259128742499258,0.0,0.06984302957695783,0.017974800666821198,0.0,0.015151515151515152,0.04018803012151219,0.06984302957695783,-0.0018254304674026245,0.0,0,0,0.0,0.0,33.27763845356135,0.0,0.0,SONOLENTO,uta,data\raw\uta\drowsiness\drowsy_027_893cbb7f.mp4,group_027,15,2250,2400,16.66561152014674,1.666561152014674,10.0
0.23697209224580235,0.20993219365382176,0.25667803686920565,0.012643446133353213,0.2187039874242163,0.22982221620372023,0.24337805809539642,0.24969387381185387,0.04674584321538389,-0.001073190652503101,0.0,0,0.0,0.0,0,0.0,0.007634943181818182,0.0,0.03125,0.0132256987490398,0.007575757575757576,0.030303030303030304,0.030539772727272728,0.03125,-0.00036346925133689845,0.0,0,0,0.0,0.0,31.03376840336537,0.0,0.0,SONOLENTO,uta,data\raw\uta\drowsiness\drowsy_027_893cbb7f.mp4,group_027,16,2410,2560,16.66561152014674,1.666561152014674,10.0
0.1508756083398297,0.08147230876992954,0.2555234025964357,0.05920182863062626,0.0866391161951234,0.10153312970915468,0.18692941087712556,0.23992883105764057,0.17405109382650613,-0.010557974150125169,0.5,3,1.8001139630390144,1.6001013004791238,3,0.3124802160027514,0.003905297023607576,0.0,0.03125,0.010332445071883972,0.0,0.015617376188860606,0.031238564283290908,0.03125,0.0002755334873521925,0.0,0,0,0.0,0.0,38.623690781325124,1.5,0.0,SONOLENTO,uta,data\raw\uta\drowsiness\drowsy_027_893cbb7f.mp4,group_027,17,2570,2720,16.66561152014674,1.666561152014674,10.0
0.11181371234354931,0.014314958357846706,0.23048307071186916,0.059979000345696705,0.043052399232738285,0.06447966219900782,0.14210273091756578,0.19380747828522749,0.21616811235402245,-0.00394148519347823,0.75,6,3.6002279260780288,3.6002279260780288,2,0.20832014400183427,0.00844627781852896,0.0,0.1028991510855053,0.025600662332513853,0.0,0.016120647005479025,0.04990575827959486,0.1028991510855053,0.0019197759854420752,0.0,0,0,0.0,0.0,13.236656204000754,4.5,0.0,SONOLENTO,uta,data\raw\uta\drowsiness\drowsy_027_893cbb7f.mp4,group_027,18,2730,2880,16.66561152014674,1.666561152014674,10.0
0.2623518301576365,0.08830645454325539,0.3044235266640925,0.05384831113565497,0.21184889665754872,0.2603454716496361,0.2905788150993873,0.2990240095992471,0.2161170721208371,0.0010986926671333152,0.0625,1,0.6000379876796714,0.6000379876796714,1,0.10416007200091713,0.0018350631859834483,0.0,0.029361010975735173,0.007107169158552219,0.0,0.0,0.007340252743933793,0.029361010975735173,4.317795731725756e-05,0.0,0,0,0.0,0.0,142.88823617860044,0.0625,0.0,SONOLENTO,uta,data\raw\uta\drowsiness\drowsy_027_893cbb7f.mp4,group_027,19,2890,3040,16.66561152014674,1.666561152014674,10.0
0.17371678415179487,0.07252255889160064,0.27728076945359614,0.05999258082419426,0.0901112214078591,0.12719090703397443,0.21991113819559116,0.24137465811866549,0.2047582105619955,0.0021043757638221205,0.3125,3,1.8001139630390144,1.5000949691991787,2,0.20832014400183427,0.005638302038482337,0.0,0.03224129401095805,0.011756823629640938,0.0,0.02898576930237967,0.030119147032151277,0.03224129401095805,-0.00033896489099978283,0.0,0,0,0.0,0.0,30.80466039349543,0.9375,0.0,SONOLENTO,uta,data\raw\uta\drowsiness\drowsy_027_893cbb7f.mp4,group_027,20,3050,3200,16.66561152014674,1.666561152014674,10.0
0.15037387745303712,0.1234922248063813,0.1777471888888416,0.014972906730559952,0.12623032685225916,0.1380032257610217,0.16171539150144382,0.16733478565187762,0.054254964082460305,-0.0007335895721053994,0.4482758620689655,3,1.001583730571841,0.43401961658113103,10,1.0328470072392903,0.03458009543711187,0.0,0.12549511369188543,0.03802231534222868,0.05792844463634922,0.08610521965331595,0.11341659590322486,0.12549511369188543,0.0003030140494386411,0.034482758620689655,1,1,0.3338612435239469,0.3338612435239469,4.348441700654118,1.3448275862068966,0.00432741771351329,SONOLENTO,uta,data\raw\uta\drowsiness\drowsy_028_7f10e531.mp4,group_028,1,10,460,29.952563209939424,2.9952563209939425,10.0
0.1610215812664017,0.1000210145888582,0.1921374467989872,0.018874024063860385,0.14400860867727955,0.15252074863340018,0.17335904688950698,0.17905907746721825,0.092116432210129,0.0007859390276186358,0.2413793103448276,3,1.001583730571841,0.46740574093352566,5,0.5164235036196452,0.04292785123397925,0.0,0.18799943536090555,0.044365343836565256,0.06540226790715169,0.10278068855401234,0.11749267002892702,0.18799943536090555,0.0011730516816874893,0.06896551724137931,2,1,0.3338612435239469,0.3338612435239469,3.7508942503206124,0.7241379310344828,0.012965478300752106,SONOLENTO,uta,data\raw\uta\drowsiness\drowsy_028_7f10e531.mp4,group_028,2,470,910,29.952563209939424,2.9952563209939425,10.0
0.1475934214761592,0.10577722880559293,0.1768075635144496,0.01803952931054749,0.12414999248669235,0.1349236670941942,0.15952600906779985,0.1708507358508299,0.07103033470885667,0.000152070858557434,0.4482758620689655,6,2.003167461143682,0.8680392331622621,5,0.5164235036196452,0.030122054829523272,0.0,0.11104943410879493,0.027399020529584043,0.04631533666178663,0.06804810148998525,0.07510241945260651,0.11104943410879493,-1.7299938134548833e-05,0.0,0,0,0.0,0.0,4.899683060414726,2.689655172413793,0.0,SONOLENTO,uta,data\raw\uta\drowsiness\drowsy_028_7f10e531.mp4,group_028,3,930,1410,29.952563209939424,2.9952563209939425,10.0
0.15042411558160731,0.11433290328813006,0.18861017912987596,0.018534221515809562,0.1276909062549699,0.1365267693226208,0.16462640123073657,0.17208869594699255,0.0742772758417459,0.0008889769472929585,0.4482758620689655,5,1.6693062176197346,0.7233660276352183,6,0.6197082043435743,0.027349693772632643,0.0,0.1162090289540766,0.035220367011907894,0.04005179272755486,0.08492472757563878,0.11139619453183792,0.1162090289540766,0.0002573452508026388,0.0,0,0,0.0,0.0,5.499828151786156,2.2413793103448274,0.0,SONOLENTO,uta,data\raw\uta\drowsiness\drowsy_028_7f10e531.mp4,group_028,4,1430,1930,29.952563209939424,2.9952563209939425,10.0
0.15031271939859042,0.08451190393256228,0.18383397861195125,0.024235926846148063,0.1258132734809997,0.13866299744074956,0.1662482983096804,0.17729592567939575,0.09932207467938897,0.0009390032246076155,0.4482758620689655,6,2.003167461143682,0.7233660276352183,6,0.6197082043435743,0.02845075971597176,0.0,0.1301961226640301,0.0337943039933402,0.034716781409194084,0.07714138308734947,0.09100825342073283,0.1301961226640301,0.0014235278834840675,0.034482758620689655,1,1,0.3338612435239469,0.3338612435239469,5.2830728538105305,2.689655172413793,0.004489521471173452,SONOLENTO,uta,data\raw\uta\drowsiness\drowsy_028_7f10e531.mp4,group_028,5,1950,2480,29.952563209939424,2.9952563209939425,10.0
0.15599487085931824,0.09656625902623271,0.1816539590375817,0.01961454738690653,0.13314846797395324,0.15084391617826662,0.17011172121169588,0.17398215117225,0.08508770001134898,0.0005210213855423878,0.2413793103448276,3,1.001583730571841,0.46740574093352566,5,0.5164235036196452,0.02616939566279969,0.0,0.12972118642263702,0.03529144933320169,0.025099022738377084,0.08498515274075648,0.11301216209319624,0.12972118642263702,-0.001027962523518084,0.034482758620689655,1,1,0.3338612435239469,0.3338612435239469,5.960737960147065,0.7241379310344828,0.004473144359401277,SONOLENTO,uta,data\raw\uta\drowsiness\drowsy_028_7f10e531.mp4,group_028,6,2490,3020,29.952563209939424,2.9952563209939425,10.0
0.1631733808025669,0.13649512006567022,0.1973343873016244,0.012184457945523561,0.14787037423915764,0.15384524161138685,0.1699568133683465,0.17494427791493644,0.060839267235954175,-0.0002233831085774677,0.13793103448275862,1,0.3338612435239469,0.3338612435239469,4,0.4131388028957162,0.015895889375452017,0.0,0.06754873368077988,0.012771775961024549,0.022934030538459382,0.02538267278432591,0.026307728788289627,0.06754873368077988,6.08953976139219e-05,0.0,0,0,0.0,0.0,10.264484890644034,0.13793103448275862,0.0,SONOLENTO,uta,data\raw\uta\drowsiness\drowsy_028_7f10e531.mp4,group_028,7,3040,3570,29.952563209939424,2.9952563209939425,10.0
0.16915432201540279,0.08376603287408395,0.1915541257322907,0.019755105732444427,0.15607153585010208,0.16296680630745966,0.1801959714769084,0.1893541022741698,0.10778809285820674,5.970652857307125e-05,0.06896551724137931,1,0.3338612435239469,0.3338612435239469,2,0.2065694014478581,0.026237677189545474,0.0,0.09156337374931368,0.025119914379844926,0.03630966210657986,0.06201134249562737,0.07553835975735114,0.09156337374931368,-0.0007350298914993829,0.0,0,0,0.0,0.0,6.446754948561224,0.06896551724137931,0.0,SONOLENTO,uta,data\raw\uta\drowsiness\drowsy_028_7f10e531.mp4,group_028,8,3580,4060,29.952563209939424,2.9952563209939425,10.0
0.16172636172298174,0.1314549816740041,0.18402600109673367,0.015713503267190863,0.13952798822521867,0.15172372247413918,0.17454821077770827,0.1819746170871276,0.05257101942272957,0.00059499060188478,0.2413793103448276,2,0.6677224870478938,0.38950478411127143,6,0.6197082043435743,0.031794371887632414,0.0,0.12955702449200784,0.038703390031502555,0.04682627040620232,0.09389175050549574,0.10439611583046228,0.12955702449200784,0.0012931597473247285,0.034482758620689655,1,1,0.3338612435239469,0.3338612435239469,5.086474921398518,0.4827586206896552,0.004467483603172684,SONOLENTO,uta,data\raw\uta\drowsiness\drowsy_028_7f10e531.mp4,group_028,9,4080,4560,29.952563209939424,2.9952563209939425,10.0
0.16571280647462505,0.09645818629235164,0.20391589732918247,0.022691654622495065,0.13702305773773363,0.16233793628235837,0.17713088526178206,0.18698585832810802,0.10745771103683083,4.5232378218031983e-05,0.1724137931034483,1,0.3338612435239469,0.3338612435239469,5,0.5164235036196452,0.03316791125333016,0.0,0.10965633362565128,0.03350161939026819,0.04580945707209208,0.09700980569700143,0.10563660079528928,0.10965633362565128,0.0004841613057855363,0.0,0,0,0.0,0.0,4.9960279132763965,0.1724137931034483,0.0,SONOLENTO,uta,data\raw\uta\drowsiness\drowsy_028_7f10e531.mp4,group_028,10,4580,5050,29.952563209939424,2.9952563209939425,10.0
0.17355251447664233,0.15689574258229994,0.19589960132152962,0.00953557245245524,0.16181450690762564,0.16709194233510574,0.17674957420700096,0.1864968720610429,0.03900385873922968,-1.5521627826105414e-05,0.0,0,0.0,0.0,0,0.0,0.05816973011961863,0.0,0.14946670888720268,0.049609968880702696,0.10173947849519192,0.1330150405930087,0.14253843285292167,0.14946670888720268,0.0009672219567640293,0.20689655172413793,6,1,0.3338612435239469,0.3338612435239469,2.983502426731792,0.0,0.030924146666317796,SONOLENTO,uta,data\raw\uta\drowsiness\drowsy_028_7f10e531.mp4,group_028,11,5070,5550,29.952563209939424,2.9952563209939425,10.0
0.16559734451440447,0.13721100495970068,0.18945967339332487,0.014681203870194367,0.1433425444019652,0.15997992675270664,0.17763539552572505,0.18276578595182738,0.05224866843362419,-0.0003910273677873574,0.20689655172413793,2,0.6677224870478938,0.4006334922287363,5,0.5164235036196452,0.04964914986861713,0.0,0.14824071182362594,0.045459429444274564,0.09477777665930365,0.12367319546192782,0.12881881715488347,0.14824071182362594,0.0003800673076166981,0.13793103448275862,4,1,0.3338612435239469,0.3338612435239469,3.3352838803629723,0.41379310344827586,0.020446994734293233,SONOLENTO,uta,data\raw\uta\drowsiness\drowsy_028_7f10e531.mp4,group_028,12,5570,6130,29.952563209939424,2.9952563209939425,10.0
0.1507195958930462,0.09168859282934645,0.17974630372075004,0.020987562520435814,0.12251140401191743,0.13838741678239144,0.16554234504465107,0.17403713324986292,0.08805771089140359,-0.00037840088875277584,0.3448275862068966,3,1.001583730571841,0.5564354058732449,6,0.6197082043435743,0.026684104712435937,0.0,0.13256957585691465,0.02881495952411668,0.03673096130811793,0.06834133261061122,0.06918568299201942,0.13256957585691465,-0.0010148815599872111,0.034482758620689655,1,1,0.3338612435239469,0.3338612435239469,5.64807961284885,1.0344827586206897,0.004571364684721194,SONOLENTO,uta,data\raw\uta\drowsiness\drowsy_028_7f10e531.mp4,group_028,13,6140,6630,29.952563209939424,2.9952563209939425,10.0
0.15041539726629266,0.11227634824034725,0.17199884924199596,0.014382679196692297,0.13074986757600332,0.14601903673335626,0.1611479654163533,0.16654782090627765,0.059722501001648706,0.0007493880041144713,0.4827586206896552,4,1.3354449740957877,0.5193397121483619,9,0.9295623065153614,0.01705574464428196,0.0,0.05859393913103856,0.014130413192322331,0.023199420949679552,0.025859761990115783,0.04521556890611256,0.05859393913103856,0.0005180513006609748,0.0,0,0,0.0,0.0,8.818528998540021,1.9310344827586208,0.0,SONOLENTO,uta,data\raw\uta\drowsiness\drowsy_028_7f10e531.mp4,group_028,14,6650,7110,29.952563209939424,2.9952563209939425,10.0
0.1542229169482364,0.10964115245040672,0.18197708121092446,0.015558454960133415,0.13475919736348926,0.14567959479658776,0.16188950875506142,0.17669217632563206,0.07233592876051774,0.00019314766113121532,0.41379310344827586,4,1.3354449740957877,0.6677224870478938,6,0.6197082043435743,0.015308696234139826,0.0,0.05664178847266418,0.012245365865112854,0.02398522964640641,0.025801588364280696,0.026846555949863102,0.05664178847266418,0.00027637022550931355,0.0,0,0,0.0,0.0,10.073545195777779,1.6551724137931034,0.0,SONOLENTO,uta,data\raw\uta\drowsiness\drowsy_028_7f10e531.mp4,group_028,15,7130,7650,29.952563209939424,2.9952563209939425,10.0
0.15128961748818534,0.10164907699554032,0.18353411292572072,0.01958081390797379,0.13074826957288577,0.14176494880622742,0.16650796888500774,0.1757558764066435,0.0818850359301804,0.00015871110368199023,0.4482758620689655,4,1.3354449740957877,0.62002802368733,7,0.7229929050675034,0.02307806371088958,0.0,0.09161656532157442,0.022423762951956132,0.026527905453864555,0.05353679236300358,0.06636072047246205,0.09161656532157442,0.0004278635360525283,0.0,0,0,0.0,0.0,6.555275351867985,1.793103448275862,0.0,SONOLENTO,uta,data\raw\uta\drowsiness\drowsy_028_7f10e531.mp4,group_028,16,7670,8190,29.952563209939424,2.9952563209939425,10.0
0.14687157611121157,0.11048279783555776,0.18052140916282955,0.016212517405729116,0.12361670880003899,0.14006016505766877,0.15654145886643198,0.1625488872888925,0.0700386113272718,0.0009953260883418713,0.4482758620689655,7,2.3370287046676284,0.8680392331622621,5,0.5164235036196452,0.037173883583106526,0.0,0.18978395593185693,0.04229938590954772,0.06817741637296361,0.09005089459008345,0.09497405279816674,0.18978395593185693,0.0009869767572158214,0.034482758620689655,1,1,0.3338612435239469,0.3338612435239469,3.9508281386509783,3.137931034482759,0.006544274342477825,SONOLENTO,uta,data\raw\uta\drowsiness\drowsy_028_7f10e531.mp4,group_028,17,8210,8700,29.952563209939424,2.9952563209939425,10.0
0.15397161690690633,0.11092891411246422,0.18613174126653756,0.021625689816940394,0.12275615708389331,0.13692129501713488,0.17330865759386216,0.17657834290396343,0.07520282715407334,-0.0017064916255466016,0.4482758620689655,7,2.3370287046676284,1.4467320552704366,3,0.30985410217178716,0.031659628256256345,0.0,0.17196302216388132,0.03996933250630502,0.0371801166312344,0.08326759098365658,0.10969422748598205,0.17196302216388132,-0.0013750947770358104,0.06896551724137931,2,1,0.3338612435239469,0.3338612435239469,4.86318893171302,3.137931034482759,0.011859518769922849,SONOLENTO,uta,data\raw\uta\drowsiness\drowsy_028_7f10e531.mp4,group_028,18,8720,9190,29.952563209939424,2.9952563209939425,10.0
0.1498169441970297,0.1051527016028333,0.18000287284612093,0.016591899563862617,0.13624499495197687,0.13910652522728734,0.16230868048236985,0.1704922343088972,0.07485017124328763,-5.607620914355911e-05,0.5862068965517241,4,1.3354449740957877,0.9459401899845163,6,0.6197082043435743,0.019377494464593855,0.0,0.0409695284268964,0.00848354821848322,0.024790171554530404,0.026436823279116672,0.03268328458636408,0.0409695284268964,7.49524949807607e-05,0.0,0,0,0.0,0.0,7.731093066634144,2.3448275862068964,0.0,SONOLENTO,uta,data\raw\uta\drowsiness\drowsy_028_7f10e531.mp4,group_028,19,9210,9850,29.952563209939424,2.9952563209939425,10.0
0.1461000903299174,0.12014003964475439,0.18822181907047789,0.01903203142308958,0.1264361035189115,0.12942120030081733,0.15696558132012262,0.17616476292420302,0.0680817794257235,-0.0004083620081433027,0.6551724137931034,6,2.003167461143682,1.2686727253909984,5,0.5164235036196452,0.01332663970071811,0.0,0.06872892814876451,0.014850160722073963,0.016609095970747993,0.024670670489537343,0.040188828744266214,0.06872892814876451,0.0003536144311967684,0.0,0,0,0.0,0.0,10.962187875025263,3.9310344827586206,0.0,SONOLENTO,uta,data\raw\uta\drowsiness\drowsy_028_7f10e531.mp4,group_028,20,9870,10420,29.952563209939424,2.9952563209939425,10.0
